3, 3
3, 
3, 2
3, 3
3, 3
3, 0
3, 0
3, 0
4, 1
4, 
4, 36
4, 4
4, 4
4, 11
4, 2
4, 0
5, 1
5, 
5, 70
5, 8
5, 23
5, 1
5, 1
5, 0
6, 1
6, 
6, 20
6, 11
6, 37
6, 10
6, 2
6, 0
7, 1
7, 
7, 1
7, 12
7, 63
7, 9
7, 3
7, 0
8, 1
8, 
8, 5
8, 13
8, 88
8, 1
8, 1
8, 0
13, 1
13, 4, 
13, 1
13, 21
13, 170
13, 7
13, 1
13, 0
14, 1
14, 
14, 1
14, 22
14, 208
14, 9
14, 1
14, 0
15, 1
15, 
15, 23
15, 27
15, 242
15, 1
15, 1
15, 0
16, 1
16, 
16, 18
16, 31
16, 284
16, 6
16, 1
16, 0
17, 1
17, 
17, 17
17, 36
17, 405
17, 10
17, 2
17, 0
18, 1
18, 
18, 2
18, 36
18, 474
18, 2
18, 1
18, 0
19, 1
19, 
19, 3
19, 38
19, 494
19, 2
19, 1
19, 0
21, 2
21, 
21, 2
21, 42
21, 549
21, 1
21, 1
21, 0
22, 1
22, 
22, 69
22, 58
22, 654
22, 4
22, 1
22, 0
24, 2
24, 
24, 2
24, 63
24, 717
24, 6
24, 1
24, 0
28, 1
28, 3, 
28, 2
28, 69
28, 893
28, 11
28, 3
28, 0
29, 1
29, 
29, 2
29, 70
29, 972
29, 7
29, 1
29, 0
30, 1
30, 
30, 62
30, 91
30, 1126
30, 13
30, 4
30, 0
31, 1
31, 
31, 1
31, 85
31, 1105
31, 8
31, 2
31, 0
32, 1
32, 
32, 5
32, 87
32, 1255
32, 1
32, 1
32, 0
35, 3
35, 
35, 1
35, 94
35, 1367
35, 1
35, 1
35, 0
36, 1
36, 
36, 6
36, 98
36, 1526
36, 10
36, 2
36, 0
37, 1
37, 
37, 10
37, 103
37, 1696
37, 3
37, 1
37, 0
41, 1
41, 3, 
41, 2
41, 110
41, 1937
41, 15
41, 2
41, 0
42, 1
42, 
42, 6
42, 114
42, 2051
42, 24
42, 3
42, 0
43, 1
43, 
43, 1
43, 116
43, 2137
43, 12
43, 4
43, 0
44, 1
44, 
44, 2
44, 119
44, 2216
44, 1
44, 1
44, 0
55, 1
55, 5, 5, 
55, 6
55, 150
55, 2904
55, 6
55, 1
55, 0
56, 1
56, 
56, 19
56, 159
56, 3128
56, 1
56, 1
56, 0
59, 1
59, 2, 
59, 4
59, 167
59, 3366
59, 19
59, 2
59, 0
60, 1
60, 
60, 1
60, 168
60, 3482
60, 12
60, 3
60, 0
61, 1
61, 
61, 1
61, 169
61, 3608
61, 16
61, 3
61, 0
62, 1
62, 
62, 1
62, 166
62, 3502
62, 3
62, 1
62, 0
75, 1
75, 5, 5, 2, 
75, 8
75, 164
75, 4184
75, 12
75, 2
75, 0
76, 1
76, 
76, 12
76, 138
76, 4423
76, 27
76, 6
76, 0
77, 1
77, 
77, 3
77, 140
77, 4538
77, 10
77, 2
77, 0
78, 1
78, 
78, 1
78, 142
78, 4717
78, 21
78, 4
78, 0
79, 1
79, 
79, 5
79, 146
79, 4833
79, 16
79, 4
79, 0
80, 1
80, 
80, 2
80, 148
80, 4972
80, 21
80, 3
80, 0
81, 1
81, 
81, 2
81, 148
81, 5076
81, 21
81, 4
81, 0
82, 1
82, 
82, 13
82, 154
82, 5261
82, 31
82, 6
82, 0
83, 1
83, 
83, 27
83, 166
83, 5552
83, 9
83, 2
83, 0
84, 1
84, 
84, 3
84, 165
84, 5557
84, 20
84, 4
84, 0
123, 2
123, 5, 5, 5, 5, 5, 5, 5, 2, 
123, 5
123, 224
123, 7648
123, 17
123, 2
123, 0
124, 1
124, 
124, 21
124, 229
124, 7518
124, 27
124, 4
124, 0
132, 1
132, 5, 2, 
132, 4
132, 228
132, 7624
132, 13
132, 4
132, 0
140, 1
140, 5, 2, 
140, 3
140, 242
140, 8075
140, 12
140, 2
140, 0
141, 1
141, 
141, 3
141, 243
141, 8102
141, 11
141, 2
141, 0
142, 1
142, 
142, 11
142, 234
142, 8047
142, 6
142, 2
142, 0
143, 1
143, 
143, 4
143, 236
143, 8059
143, 18
143, 4
143, 0
146, 1
146, 2, 
146, 1
146, 239
146, 7793
146, 20
146, 4
146, 0
163, 7
163, 5, 5, 
163, 2
163, 264
163, 8494
163, 8
163, 1
163, 0
164, 1
164, 
164, 1
164, 265
164, 8542
164, 13
164, 4
164, 0
165, 1
165, 
165, 4
165, 266
165, 8458
165, 12
165, 2
165, 0
171, 1
171, 5, 
171, 6
171, 276
171, 8977
171, 11
171, 3
171, 0
172, 1
172, 
172, 1
172, 277
172, 8992
172, 8
172, 2
172, 0
173, 1
173, 
173, 5
173, 279
173, 8932
173, 8
173, 2
173, 0
181, 1
181, 1, 5, 1, 
181, 2
181, 272
181, 8562
181, 32
181, 7
181, 0
182, 1
182, 
182, 5
182, 265
182, 8513
182, 42
182, 8
182, 0
183, 1
183, 
183, 1
183, 266
183, 8565
183, 5
183, 2
183, 0
191, 1
191, 7, 
191, 2
191, 276
191, 9158
191, 11
191, 2
191, 0
192, 1
192, 
192, 2
192, 273
192, 9129
192, 55
192, 6
192, 0
200, 4
200, 4, 
200, 1
200, 277
200, 9408
200, 1
200, 1
200, 0
201, 1
201, 
201, 15
201, 292
201, 9682
201, 59
201, 11
201, 0
202, 1
202, 
202, 1
202, 294
202, 9652
202, 57
202, 20
202, 0
203, 1
203, 
203, 1
203, 293
203, 9782
203, 63
203, 12
203, 0
208, 1
208, 4, 
208, 6
208, 294
208, 9552
208, 11
208, 2
208, 0
217, 5
217, 4, 
217, 2
217, 303
217, 9976
217, 48
217, 16
217, 0
228, 1
228, 5, 5, 
228, 4
228, 321
228, 10764
228, 35
228, 7
228, 0
229, 1
229, 
229, 17
229, 326
229, 11222
229, 27
229, 8
229, 0
251, 3
251, 5, 5, 5, 4, 
251, 2
251, 323
251, 11503
251, 40
251, 14
251, 0
252, 1
252, 
252, 8
252, 333
252, 11986
252, 13
252, 2
252, 0
253, 1
253, 
253, 2
253, 333
253, 12434
253, 33
253, 6
253, 0
254, 1
254, 
254, 1
254, 334
254, 12319
254, 17
254, 3
254, 0
255, 1
255, 
255, 1
255, 335
255, 12584
255, 35
255, 5
255, 0
256, 1
256, 
256, 2
256, 328
256, 12808
256, 15
256, 4
256, 0
257, 1
257, 
257, 8
257, 321
257, 12438
257, 16
257, 3
257, 0
258, 1
258, 
258, 4
258, 315
258, 12319
258, 20
258, 5
258, 0
275, 1
275, 1, 5, 5, 5, 
275, 1
275, 326
275, 10707
275, 15
275, 2
275, 0
295, 1
295, 1, 3, 5, 1, 5, 4, 
295, 17
295, 357
295, 11233
295, 7
295, 2
295, 0
296, 1
296, 
296, 3
296, 362
296, 11618
296, 16
296, 4
296, 0
328, 1
328, 5, 5, 5, 10, 5, 1, 
328, 3
328, 358
328, 12279
328, 18
328, 3
328, 0
382, 3
382, 5, 5, 5, 5, 5, 5, 1, 5, 5, 5, 5, 
382, 2
382, 391
382, 14270
382, 20
382, 5
382, 0
389, 2
389, 5, 
389, 1
389, 398
389, 14450
389, 34
389, 7
389, 0
390, 1
390, 
390, 4
390, 401
390, 14467
390, 14
390, 3
390, 0
391, 1
391, 
391, 7
391, 397
391, 14429
391, 22
391, 5
391, 0
392, 1
392, 
392, 1
392, 398
392, 14382
392, 18
392, 3
392, 0
407, 1
407, 5, 5, 4, 
407, 1
407, 390
407, 14518
407, 12
407, 4
407, 0
408, 1
408, 
408, 1
408, 392
408, 14345
408, 35
408, 7
408, 0
409, 1
409, 
409, 8
409, 394
409, 14292
409, 69
409, 16
409, 0
410, 1
410, 
410, 1
410, 395
410, 14263
410, 25
410, 7
410, 0
411, 1
411, 
411, 6
411, 398
411, 14124
411, 17
411, 4
411, 0
412, 1
412, 
412, 1
412, 399
412, 14010
412, 52
412, 12
412, 0
413, 1
413, 
413, 1
413, 400
413, 13757
413, 26
413, 6
413, 0
414, 1
414, 
414, 3
414, 404
414, 14689
414, 76
414, 18
414, 0
415, 1
415, 
415, 2
415, 403
415, 15106
415, 30
415, 11
415, 0
427, 4
427, 5, 3, 
427, 1
427, 406
427, 14976
427, 49
427, 10
427, 0
428, 1
428, 
428, 3
428, 398
428, 14654
428, 66
428, 14
428, 0
429, 1
429, 
429, 7
429, 403
429, 14754
429, 30
429, 8
429, 0
439, 1
439, 5, 3, 1, 
439, 10
439, 411
439, 14978
439, 52
439, 19
439, 0
469, 1
469, 5, 5, 5, 5, 5, 4, 
469, 1
469, 423
469, 15435
469, 15
469, 5
469, 0
470, 1
470, 
470, 7
470, 423
470, 15395
470, 52
470, 12
470, 0
471, 1
471, 
471, 1
471, 414
471, 15162
471, 37
471, 12
471, 0
472, 1
472, 
472, 4
472, 417
472, 15071
472, 36
472, 12
472, 0
473, 1
473, 
473, 1
473, 419
473, 14942
473, 11
473, 2
473, 0
523, 1
523, 5, 5, 5, 5, 5, 5, 5, 5, 5, 4, 
523, 2
523, 442
523, 15620
523, 41
523, 8
523, 0
524, 1
524, 
524, 8
524, 447
524, 15571
524, 11
524, 2
524, 0
533, 3
533, 5, 1, 
533, 1
533, 451
533, 15291
533, 21
533, 3
533, 0
539, 1
539, 5, 
539, 9
539, 474
539, 15960
539, 1
539, 1
539, 0
540, 1
540, 
540, 1
540, 475
540, 15958
540, 30
540, 6
540, 0
547, 2
547, 2, 3, 
547, 2
547, 453
547, 16312
547, 76
547, 9
547, 0
562, 2
562, 3, 5, 5, 
562, 1
562, 459
562, 16395
562, 34
562, 9
562, 0
563, 1
563, 
563, 4
563, 469
563, 16892
563, 57
563, 12
563, 0
564, 1
564, 
564, 1
564, 469
564, 16886
564, 97
564, 17
564, 0
630, 2
630, 5, 5, 5, 5, 5, 5, 5, 5, 5, 5, 5, 5, 4, 
630, 1
630, 441
630, 16081
630, 52
630, 18
630, 0
631, 1
631, 
631, 4
631, 453
631, 16309
631, 14
631, 4
631, 0
632, 1
632, 
632, 7
632, 465
632, 16952
632, 41
632, 7
632, 0
681, 1
681, 5, 5, 5, 5, 5, 5, 5, 5, 8, 
681, 5
681, 501
681, 18383
681, 93
681, 12
681, 0
709, 3
709, 5, 5, 5, 5, 5, 
709, 3
709, 489
709, 17665
709, 31
709, 4
709, 0
710, 1
710, 
710, 1
710, 490
710, 17622
710, 61
710, 12
710, 0
716, 1
716, 5, 
716, 2
716, 498
716, 18312
716, 58
716, 18
716, 0
763, 3
763, 5, 5, 5, 5, 5, 10, 5, 4, 
763, 1
763, 511
763, 17241
763, 39
763, 5
763, 0
789, 1
789, 5, 5, 5, 2, 5, 3, 
789, 1
789, 510
789, 16584
789, 52
789, 11
789, 0
796, 3
796, 4, 
796, 1
796, 512
796, 16055
796, 76
796, 18
796, 0
797, 1
797, 
797, 9
797, 517
797, 16021
797, 78
797, 21
797, 0
798, 1
798, 
798, 1
798, 518
798, 16585
798, 60
798, 15
798, 0
799, 1
799, 
799, 16
799, 545
799, 16257
799, 23
799, 6
799, 0
800, 1
800, 
800, 1
800, 543
800, 16874
800, 33
800, 7
800, 0
816, 1
816, 5, 5, 5, 
816, 5
816, 549
816, 17169
816, 32
816, 7
816, 0
817, 1
817, 
817, 2
817, 552
817, 17131
817, 92
817, 24
817, 0
834, 5
834, 5, 5, 2, 
834, 3
834, 556
834, 16599
834, 11
834, 2
834, 0
835, 1
835, 
835, 2
835, 562
835, 17103
835, 74
835, 11
835, 0
836, 1
836, 
836, 3
836, 565
836, 17014
836, 84
836, 26
836, 0
837, 1
837, 
837, 13
837, 578
837, 17029
837, 86
837, 10
837, 0
838, 1
838, 
838, 2
838, 563
838, 16923
838, 57
838, 12
838, 0
839, 1
839, 
839, 6
839, 550
839, 16893
839, 108
839, 20
839, 0
840, 1
840, 
840, 2
840, 557
840, 17041
840, 6
840, 1
840, 0
841, 1
841, 
841, 1
841, 558
841, 17011
841, 155
841, 31
841, 0
842, 1
842, 
842, 1
842, 561
842, 16954
842, 15
842, 4
842, 0
843, 1
843, 
843, 7
843, 558
843, 16933
843, 30
843, 7
843, 0
844, 1
844, 
844, 1
844, 559
844, 16983
844, 25
844, 7
844, 0
845, 1
845, 
845, 5
845, 562
845, 16902
845, 55
845, 18
845, 0
846, 1
846, 
846, 1
846, 565
846, 16852
846, 46
846, 7
846, 0
856, 1
856, 5, 4, 
856, 3
856, 573
856, 16423
856, 57
856, 14
856, 0
857, 1
857, 
857, 52
857, 611
857, 16409
857, 52
857, 7
857, 0
858, 1
858, 
858, 7
858, 631
858, 16384
858, 92
858, 21
858, 0
859, 1
859, 
859, 2
859, 634
859, 16056
859, 94
859, 12
859, 0
860, 1
860, 
860, 1
860, 634
860, 15997
860, 48
860, 14
860, 0
861, 1
861, 
861, 2
861, 638
861, 15907
861, 26
861, 4
861, 0
872, 2
872, 5, 4, 
872, 2
872, 644
872, 15972
872, 19
872, 6
872, 0
873, 1
873, 
873, 16
873, 696
873, 16008
873, 21
873, 3
873, 0
874, 1
874, 
874, 1
874, 698
874, 16008
874, 96
874, 25
874, 0
875, 1
875, 
875, 4
875, 701
875, 15968
875, 106
875, 16
875, 0
883, 1
883, 5, 2, 
883, 1
883, 701
883, 16075
883, 42
883, 11
883, 0
884, 1
884, 
884, 2
884, 700
884, 16043
884, 41
884, 7
884, 0
907, 2
907, 5, 5, 3, 5, 3, 
907, 1
907, 683
907, 16338
907, 85
907, 22
907, 0
908, 1
908, 
908, 28
908, 789
908, 16596
908, 140
908, 29
908, 0
909, 1
909, 
909, 4
909, 795
909, 16562
909, 34
909, 11
909, 0
915, 1
915, 5, 
915, 1
915, 800
915, 16406
915, 36
915, 4
915, 0
916, 1
916, 
916, 3
916, 810
916, 16382
916, 16
916, 3
916, 0
969, 1
969, 5, 2, 2, 5, 5, 5, 5, 5, 3, 5, 4, 5, 1, 
969, 3
969, 715
969, 16534
969, 59
969, 7
969, 0
970, 1
970, 
970, 1
970, 714
970, 16549
970, 124
970, 17
970, 0
981, 1
981, 5, 3, 2, 
981, 1
981, 721
981, 15837
981, 80
981, 23
981, 0
996, 2
996, 5, 5, 3, 
996, 1
996, 722
996, 15923
996, 56
996, 16
996, 0
997, 1
997, 
997, 1
997, 724
997, 16748
997, 45
997, 13
997, 0
998, 1
998, 
998, 2
998, 729
998, 16959
998, 108
998, 13
998, 0
1002, 2
1002, 2, 
1002, 2
1002, 710
1002, 16968
1002, 78
1002, 14
1002, 0
1089, 4
1089, 5, 5, 5, 5, 5, 5, 5, 10, 5, 5, 4, 3, 2, 5, 5, 5, 4, 
1089, 3
1089, 718
1089, 18071
1089, 36
1089, 7
1089, 0
1092, 1
1092, 2, 
1092, 1
1092, 721
1092, 17723
1092, 54
1092, 13
1092, 0
1114, 3
1114, 1, 5, 5, 5, 3, 
1114, 3
1114, 730
1114, 18060
1114, 57
1114, 17
1114, 0
1145, 1
1145, 5, 5, 5, 5, 5, 5, 
1145, 2
1145, 730
1145, 18295
1145, 127
1145, 41
1145, 0
1146, 1
1146, 
1146, 1
1146, 731
1146, 18304
1146, 101
1146, 20
1146, 0
1147, 1
1147, 
1147, 1
1147, 734
1147, 18068
1147, 109
1147, 38
1147, 0
1171, 4
1171, 5, 5, 5, 5, 
1171, 3
1171, 738
1171, 18242
1171, 79
1171, 31
1171, 0
1172, 1
1172, 
1172, 1
1172, 740
1172, 18192
1172, 51
1172, 10
1172, 0
1173, 1
1173, 
1173, 4
1173, 756
1173, 18517
1173, 53
1173, 16
1173, 0
1174, 1
1174, 
1174, 2
1174, 759
1174, 18464
1174, 115
1174, 27
1174, 0
1175, 1
1175, 
1175, 1
1175, 762
1175, 18404
1175, 78
1175, 13
1175, 0
1176, 1
1176, 
1176, 2
1176, 760
1176, 18383
1176, 106
1176, 16
1176, 0
1177, 1
1177, 
1177, 1
1177, 760
1177, 19416
1177, 16
1177, 3
1177, 0
1198, 1
1198, 5, 5, 5, 5, 
1198, 1
1198, 767
1198, 18709
1198, 81
1198, 9
1198, 0
1221, 4
1221, 4, 5, 5, 5, 
1221, 5
1221, 774
1221, 18931
1221, 111
1221, 29
1221, 0
1222, 1
1222, 
1222, 1
1222, 777
1222, 18806
1222, 83
1222, 15
1222, 0
1223, 1
1223, 
1223, 2
1223, 780
1223, 18736
1223, 85
1223, 19
1223, 0
1244, 4
1244, 5, 5, 5, 2, 
1244, 1
1244, 772
1244, 18388
1244, 57
1244, 17
1244, 0
1282, 5
1282, 5, 5, 5, 5, 5, 8, 
1282, 2
1282, 730
1282, 18899
1282, 96
1282, 22
1282, 0
1283, 1
1283, 
1283, 3
1283, 733
1283, 18869
1283, 50
1283, 11
1283, 0
1300, 2
1300, 5, 5, 5, 
1300, 6
1300, 744
1300, 19067
1300, 25
1300, 6
1300, 0
1304, 2
1304, 2, 
1304, 2
1304, 746
1304, 19293
1304, 96
1304, 16
1304, 0
1305, 1
1305, 
1305, 5
1305, 751
1305, 19258
1305, 17
1305, 4
1305, 0
1306, 1
1306, 
1306, 1
1306, 754
1306, 18520
1306, 109
1306, 19
1306, 0
1307, 1
1307, 
1307, 2
1307, 757
1307, 18413
1307, 83
1307, 19
1307, 0
1373, 1
1373, 2, 5, 3, 5, 5, 5, 5, 5, 5, 4, 5, 5, 5, 5, 1, 
1373, 4
1373, 771
1373, 18735
1373, 46
1373, 6
1373, 0
1374, 1
1374, 
1374, 1
1374, 774
1374, 19197
1374, 326
1374, 55
1374, 19498
1407, 2
1407, 5, 5, 5, 5, 3, 5, 3, 
1407, 2
1407, 769
1407, 18934
1407, 59
1407, 12
1407, 19653
1408, 1
1408, 
1408, 13
1408, 834
1408, 19367
1408, 29
1408, 6
1408, 19718
1490, 1
1490, 5, 5, 3, 5, 5, 5, 5, 5, 5, 5, 5, 5, 5, 10, 5, 3, 
1490, 1
1490, 863
1490, 20093
1490, 46
1490, 10
1490, 19907
1491, 1
1491, 
1491, 1
1491, 866
1491, 20535
1491, 61
1491, 16
1491, 20077
1492, 1
1492, 
1492, 1
1492, 869
1492, 22122
1492, 182
1492, 35
1492, 20429
1526, 2
1526, 5, 5, 5, 5, 5, 5, 2, 
1526, 1
1526, 878
1526, 22565
1526, 140
1526, 32
1526, 20791
1592, 4
1592, 5, 5, 5, 5, 5, 5, 5, 5, 5, 5, 5, 5, 2, 
1592, 18
1592, 903
1592, 23009
1592, 59
1592, 23
1592, 21095
1593, 1
1593, 
1593, 2
1593, 908
1593, 23009
1593, 89
1593, 21
1593, 21314
1594, 1
1594, 
1594, 7
1594, 881
1594, 23004
1594, 161
1594, 36
1594, 21681
1595, 1
1595, 
1595, 1
1595, 885
1595, 22943
1595, 34
1595, 9
1595, 21775
1596, 1
1596, 
1596, 2
1596, 838
1596, 23385
1596, 41
1596, 7
1596, 21848
1597, 1
1597, 
1597, 5
1597, 863
1597, 23761
1597, 95
1597, 20
1597, 22056
1598, 1
1598, 
1598, 1
1598, 867
1598, 23740
1598, 98
1598, 17
1598, 22230
1609, 1
1609, 5, 5, 
1609, 2
1609, 864
1609, 23811
1609, 35
1609, 9
1609, 22336
1618, 4
1618, 5, 
1618, 1
1618, 872
1618, 23818
1618, 108
1618, 31
1618, 22660
1650, 2
1650, 5, 5, 5, 1, 5, 5, 4, 
1650, 1
1650, 876
1650, 24654
1650, 66
1650, 17
1650, 22863
1651, 1
1651, 
1651, 19
1651, 909
1651, 24576
1651, 44
1651, 16
1651, 23026
1652, 1
1652, 
1652, 6
1652, 920
1652, 25108
1652, 131
1652, 23
1652, 23264
1653, 1
1653, 
1653, 3
1653, 924
1653, 25061
1653, 111
1653, 21
1653, 23482
1654, 1
1654, 
1654, 2
1654, 929
1654, 24948
1654, 74
1654, 37
1654, 23861
1655, 1
1655, 
1655, 1
1655, 932
1655, 24887
1655, 72
1655, 18
1655, 24043
1656, 1
1656, 
1656, 2
1656, 936
1656, 24833
1656, 237
1656, 41
1656, 24461
1681, 4
1681, 5, 5, 5, 1, 5, 
1681, 1
1681, 948
1681, 22954
1681, 91
1681, 14
1681, 24631
1682, 1
1682, 
1682, 1
1682, 950
1682, 23711
1682, 128
1682, 28
1682, 24919
1700, 1
1700, 5, 5, 5, 2, 
1700, 1
1700, 952
1700, 23771
1700, 33
1700, 4
1700, 24980
1701, 1
1701, 
1701, 1
1701, 943
1701, 24178
1701, 91
1701, 35
1701, 25339
1789, 3
1789, 5, 5, 5, 2, 5, 5, 5, 5, 5, 5, 5, 5, 5, 5, 5, 5, 5, 3, 
1789, 1
1789, 932
1789, 23898
1789, 54
1789, 19
1789, 25624
1807, 1
1807, 5, 5, 5, 2, 
1807, 3
1807, 922
1807, 24008
1807, 71
1807, 17
1807, 25815
1808, 1
1808, 
1808, 2
1808, 923
1808, 23778
1808, 164
1808, 28
1808, 26099
1809, 1
1809, 
1809, 6
1809, 938
1809, 22998
1809, 199
1809, 66
1809, 26762
1810, 1
1810, 
1810, 2
1810, 930
1810, 22535
1810, 119
1810, 36
1810, 27124
1811, 1
1811, 
1811, 3
1811, 937
1811, 23132
1811, 171
1811, 36
1811, 27489
1817, 1
1817, 5, 
1817, 1
1817, 938
1817, 23200
1817, 158
1817, 22
1817, 27720
1823, 1
1823, 5, 
1823, 1
1823, 943
1823, 23229
1823, 74
1823, 24
1823, 27966
1850, 2
1850, 5, 5, 5, 5, 5, 
1850, 3
1850, 945
1850, 23662
1850, 87
1850, 27
1850, 28268
1858, 3
1858, 5, 
1858, 1
1858, 953
1858, 23669
1858, 151
1858, 19
1858, 28471
1859, 1
1859, 
1859, 1
1859, 956
1859, 23618
1859, 91
1859, 17
1859, 28648
1860, 1
1860, 
1860, 5
1860, 965
1860, 23878
1860, 90
1860, 18
1860, 28831
1861, 1
1861, 
1861, 3
1861, 967
1861, 23779
1861, 91
1861, 23
1861, 29065
1862, 1
1862, 
1862, 4
1862, 986
1862, 24383
1862, 84
1862, 22
1862, 29295
1961, 3
1961, 5, 5, 1, 5, 5, 10, 5, 5, 5, 5, 5, 5, 5, 5, 10, 5, 5, 5, 
1961, 2
1961, 996
1961, 23842
1961, 27
1961, 10
1961, 29499
1963, 2
1963, 
1963, 6
1963, 1008
1963, 24026
1963, 68
1963, 15
1963, 29652
1964, 1
1964, 
1964, 3
1964, 1012
1964, 24063
1964, 51
1964, 17
1964, 29827
1965, 1
1965, 
1965, 2
1965, 1016
1965, 23987
1965, 72
1965, 21
1965, 30047
2012, 3
2012, 5, 5, 5, 5, 5, 5, 5, 5, 4, 
2012, 1
2012, 1012
2012, 23146
2012, 66
2012, 14
2012, 30240
2013, 1
2013, 
2013, 6
2013, 1006
2013, 23154
2013, 52
2013, 11
2013, 30360
2064, 3
2064, 5, 5, 3, 5, 5, 5, 5, 5, 5, 5, 
2064, 3
2064, 990
2064, 23179
2064, 63
2064, 16
2064, 30571
2390, 1
2390, 1, 5, 5, 5, 5, 5, 5, 5, 5, 2, 5, 5, 5, 5, 5, 5, 5, 5, 10, 5, 5, 5, 5, 5, 5, 5, 5, 5, 5, 5, 5, 5, 5, 5, 5, 7, 5, 5, 5, 12, 5, 5, 5, 5, 5, 5, 5, 5, 5, 10, 5, 10, 5, 5, 5, 5, 5, 5, 1, 5, 5, 5, 2, 
2390, 1
2390, 959
2390, 25266
2390, 181
2390, 36
2390, 31260
2406, 1
2406, 5, 5, 5, 
2406, 2
2406, 969
2406, 25282
2406, 171
2406, 48
2406, 31756
2418, 1
2418, 5, 5, 1, 
2418, 3
2418, 970
2418, 25374
2418, 151
2418, 28
2418, 32057
2419, 1
2419, 
2419, 1
2419, 975
2419, 25333
2419, 136
2419, 17
2419, 32235
2456, 1
2456, 5, 5, 1, 5, 5, 5, 5, 5, 
2456, 4
2456, 957
2456, 25495
2456, 39
2456, 13
2456, 32402
2590, 1
2590, 5, 5, 5, 5, 5, 5, 5, 5, 5, 5, 5, 5, 5, 5, 5, 5, 5, 5, 5, 5, 5, 5, 5, 4, 5, 5, 4, 
2590, 1
2590, 969
2590, 22560
2590, 96
2590, 14
2590, 32677
2771, 1
2771, 5, 5, 5, 5, 5, 5, 5, 5, 5, 5, 5, 5, 5, 5, 5, 5, 5, 5, 5, 5, 5, 5, 15, 5, 5, 5, 5, 5, 5, 5, 5, 5, 5, 5, 
2771, 2
2771, 869
2771, 22712
2771, 240
2771, 43
2771, 33293
2772, 1
2772, 
2772, 14
2772, 932
2772, 22588
2772, 58
2772, 16
2772, 33455
2773, 1
2773, 
2773, 1
2773, 938
2773, 22506
2773, 39
2773, 17
2773, 33629
2774, 1
2774, 
2774, 1
2774, 944
2774, 22465
2774, 177
2774, 22
2774, 33854
3208, 2
3208, 5, 5, 5, 10, 5, 5, 5, 5, 5, 5, 10, 5, 5, 5, 1, 5, 5, 5, 5, 5, 5, 5, 5, 5, 5, 5, 5, 5, 5, 5, 5, 1, 5, 5, 1, 5, 5, 5, 1, 5, 5, 5, 15, 10, 10, 15, 5, 5, 5, 5, 10, 5, 10, 5, 5, 7, 5, 5, 5, 5, 5, 5, 5, 3, 10, 15, 5, 5, 5, 5, 5, 5, 5, 10, 8, 
3208, 2
3208, 879
3208, 23711
3208, 254
3208, 95
3208, 35245
3226, 1
3226, 5, 5, 5, 2, 
3226, 2
3226, 890
3226, 23803
3226, 71
3226, 17
3226, 35436
3227, 1
3227, 
3227, 1
3227, 892
3227, 23879
3227, 196
3227, 38
3227, 35821
3300, 3
3300, 5, 5, 5, 5, 5, 5, 5, 5, 5, 5, 5, 5, 5, 5, 
3300, 8
3300, 900
3300, 24441
3300, 157
3300, 35
3300, 36244
3301, 1
3301, 
3301, 1
3301, 907
3301, 25609
3301, 31
3301, 7
3301, 36321
3302, 1
3302, 
3302, 5
3302, 917
3302, 25575
3302, 204
3302, 67
3302, 37000
3305, 3
3305, 
3305, 1
3305, 925
3305, 25517
3305, 69
3305, 23
3305, 37233
3331, 1
3331, 5, 5, 5, 5, 5, 
3331, 1
3331, 939
3331, 25618
3331, 270
3331, 67
3331, 37934
3471, 4
3471, 5, 5, 5, 5, 5, 5, 5, 5, 5, 5, 5, 5, 10, 5, 5, 5, 5, 2, 5, 5, 5, 5, 5, 5, 5, 5, 4, 
3471, 2
3471, 929
3471, 24199
3471, 89
3471, 45
3471, 38525
3472, 1
3472, 
3472, 1
3472, 937
3472, 24152
3472, 225
3472, 40
3472, 38933
3526, 1
3526, 5, 5, 5, 5, 5, 5, 5, 5, 5, 8, 
3526, 1
3526, 946
3526, 23064
3526, 241
3526, 35
3526, 39344
3527, 1
3527, 
3527, 1
3527, 954
3527, 23009
3527, 142
3527, 38
3527, 39734
3528, 1
3528, 
3528, 1
3528, 962
3528, 22882
3528, 29
3528, 4
3528, 39783
3624, 2
3624, 5, 5, 5, 5, 5, 5, 5, 5, 5, 5, 5, 5, 5, 5, 5, 5, 5, 5, 4, 
3624, 1
3624, 959
3624, 23138
3624, 164
3624, 54
3624, 40425
3625, 1
3625, 
3625, 1
3625, 962
3625, 22553
3625, 115
3625, 29
3625, 40717
3626, 1
3626, 
3626, 19
3626, 968
3626, 22547
3626, 135
3626, 21
3626, 40931
3821, 1
3821, 5, 5, 5, 5, 5, 5, 5, 5, 5, 5, 5, 5, 5, 5, 5, 15, 1, 5, 5, 5, 5, 10, 5, 5, 5, 5, 5, 5, 5, 5, 5, 5, 5, 5, 5, 5, 3, 
3821, 1
3821, 994
3821, 21882
3821, 66
3821, 15
3821, 41278
3822, 1
3822, 
3822, 3
3822, 1003
3822, 21830
3822, 82
3822, 20
3822, 41481
3824, 2
3824, 
3824, 1
3824, 1012
3824, 21788
3824, 72
3824, 21
3824, 41698
3825, 1
3825, 
3825, 3
3825, 1022
3825, 21770
3825, 47
3825, 10
3825, 41801
3915, 4
3915, 5, 5, 5, 5, 5, 5, 5, 5, 5, 5, 5, 5, 5, 5, 5, 5, 5, 1, 
3915, 1
3915, 1013
3915, 22134
3915, 219
3915, 35
3915, 42245
3916, 1
3916, 
3916, 5
3916, 1029
3916, 22179
3916, 121
3916, 25
3916, 42504
4055, 2
4055, 5, 5, 5, 5, 5, 5, 5, 5, 5, 5, 5, 5, 5, 5, 5, 5, 5, 5, 5, 5, 1, 4, 5, 5, 5, 5, 5, 5, 2, 
4055, 1
4055, 1020
4055, 22519
4055, 46
4055, 12
4055, 42766
4128, 1
4128, 5, 5, 5, 5, 5, 5, 5, 5, 5, 5, 5, 5, 5, 5, 2, 
4128, 1
4128, 1023
4128, 22500
4128, 213
4128, 66
4128, 21753
4129, 1
4129, 
4129, 3
4129, 1027
4129, 22478
4129, 158
4129, 39
4129, 21952
4130, 1
4130, 
4130, 1
4130, 1035
4130, 22420
4130, 221
4130, 54
4130, 22223
4148, 3
4148, 5, 5, 5, 
4148, 1
4148, 1035
4148, 21536
4148, 151
4148, 32
4148, 22392
4172, 7
4172, 5, 5, 5, 2, 
4172, 11
4172, 1041
4172, 21498
4172, 161
4172, 31
4172, 22561
4173, 1
4173, 
4173, 1
4173, 1050
4173, 21785
4173, 255
4173, 57
4173, 22851
4174, 1
4174, 
4174, 2
4174, 1058
4174, 21750
4174, 33
4174, 6
4174, 22883
4191, 1
4191, 5, 1, 5, 5, 
4191, 1
4191, 1063
4191, 21207
4191, 211
4191, 30
4191, 23042
4192, 1
4192, 
4192, 1
4192, 1072
4192, 21173
4192, 191
4192, 40
4192, 23247
4193, 1
4193, 
4193, 11
4193, 1086
4193, 21157
4193, 104
4193, 27
4193, 23387
4210, 5
4210, 5, 5, 2, 
4210, 3
4210, 1097
4210, 20987
4210, 53
4210, 21
4210, 23504
4211, 1
4211, 
4211, 3
4211, 1107
4211, 20949
4211, 257
4211, 28
4211, 23646
4212, 1
4212, 
4212, 3
4212, 1119
4212, 20919
4212, 235
4212, 55
4212, 23922
4213, 1
4213, 
4213, 3
4213, 1132
4213, 20859
4213, 152
4213, 56
4213, 24203
4214, 1
4214, 
4214, 1
4214, 1141
4214, 20814
4214, 162
4214, 30
4214, 24356
4334, 3
4334, 5, 10, 5, 1, 5, 5, 5, 5, 2, 5, 5, 5, 5, 5, 5, 5, 5, 8, 5, 5, 5, 5, 5, 1, 
4334, 1
4334, 1116
4334, 21044
4334, 79
4334, 26
4334, 24548
4370, 2
4370, 5, 3, 5, 5, 5, 5, 5, 1, 
4370, 3
4370, 1077
4370, 20434
4370, 91
4370, 29
4370, 24715
4371, 1
4371, 
4371, 1
4371, 1087
4371, 20154
4371, 167
4371, 23
4371, 24832
4401, 3
4401, 5, 4, 5, 5, 5, 3, 
4401, 1
4401, 1084
4401, 20148
4401, 177
4401, 35
4401, 25023
4403, 2
4403, 
4403, 1
4403, 1087
4403, 20091
4403, 159
4403, 31
4403, 25179
4404, 1
4404, 
4404, 1
4404, 1096
4404, 20213
4404, 406
4404, 60
4404, 25484
4405, 1
4405, 
4405, 1
4405, 1106
4405, 20176
4405, 86
4405, 17
4405, 25573
4406, 1
4406, 
4406, 2
4406, 1117
4406, 20223
4406, 162
4406, 56
4406, 25855
4407, 1
4407, 
4407, 1
4407, 1127
4407, 20193
4407, 196
4407, 31
4407, 26012
4408, 1
4408, 
4408, 1
4408, 1135
4408, 21614
4408, 70
4408, 15
4408, 26089
4409, 1
4409, 
4409, 4
4409, 1150
4409, 21590
4409, 178
4409, 38
4409, 26282
4439, 4
4439, 5, 5, 5, 5, 5, 1, 
4439, 1
4439, 1155
4439, 21570
4439, 96
4439, 21
4439, 26404
4440, 1
4440, 
4440, 1
4440, 1157
4440, 21644
4440, 199
4440, 33
4440, 26570
4441, 1
4441, 
4441, 1
4441, 1168
4441, 21453
4441, 147
4441, 40
4441, 26775
4585, 2
4585, 5, 5, 5, 5, 5, 5, 5, 5, 5, 10, 5, 5, 5, 5, 5, 5, 5, 5, 5, 5, 5, 1, 1, 5, 5, 5, 5, 5, 5, 
4585, 1
4585, 1113
4585, 22169
4585, 108
4585, 22
4585, 26957
4853, 5
4853, 5, 5, 5, 5, 5, 5, 1, 5, 5, 2, 5, 3, 5, 5, 5, 5, 5, 5, 5, 5, 1, 5, 5, 5, 5, 5, 5, 10, 5, 10, 5, 5, 5, 5, 5, 5, 5, 5, 5, 5, 5, 5, 5, 5, 1, 5, 5, 10, 10, 5, 5, 5, 
4853, 2
4853, 1102
4853, 22612
4853, 93
4853, 13
4853, 27156
4854, 1
4854, 
4854, 3
4854, 1114
4854, 22601
4854, 131
4854, 27
4854, 27293
4855, 1
4855, 
4855, 1
4855, 1125
4855, 22564
4855, 165
4855, 23
4855, 27410
4998, 3
4998, 5, 5, 5, 5, 5, 5, 5, 10, 5, 5, 5, 5, 5, 5, 5, 5, 5, 5, 5, 5, 5, 5, 5, 5, 5, 10, 
4998, 4
4998, 1149
4998, 22834
4998, 211
4998, 31
4998, 27639
4999, 1
4999, 
4999, 1
4999, 1159
4999, 22814
4999, 68
4999, 14
4999, 27711
5000, 1
5000, 
5000, 2
5000, 1171
5000, 22780
5000, 267
5000, 53
5000, 27981
5001, 1
5001, 
5001, 1
5001, 1183
5001, 22761
5001, 193
5001, 23
5001, 28098
5002, 1
5002, 
5002, 5
5002, 1221
5002, 22929
5002, 154
5002, 40
5002, 28300
5013, 1
5013, 5, 5, 
5013, 2
5013, 1235
5013, 22651
5013, 223
5013, 45
5013, 28533
5014, 1
5014, 
5014, 4
5014, 1255
5014, 22818
5014, 62
5014, 16
5014, 28614
5015, 1
5015, 
5015, 1
5015, 1265
5015, 23534
5015, 146
5015, 20
5015, 28719
5016, 1
5016, 
5016, 1
5016, 1275
5016, 23493
5016, 117
5016, 22
5016, 28833
5017, 1
5017, 
5017, 1
5017, 1285
5017, 23484
5017, 286
5017, 63
5017, 29150
5018, 1
5018, 
5018, 19
5018, 1414
5018, 22688
5018, 211
5018, 73
5018, 29517
5049, 1
5049, 5, 5, 5, 5, 5, 5, 
5049, 1
5049, 1431
5049, 22632
5049, 222
5049, 40
5049, 29735
5050, 1
5050, 
5050, 4
5050, 1444
5050, 22599
5050, 103
5050, 26
5050, 29869
5053, 1
5053, 2, 
5053, 12
5053, 1495
5053, 22569
5053, 363
5053, 93
5053, 30339
5054, 1
5054, 
5054, 1
5054, 1504
5054, 22525
5054, 156
5054, 48
5054, 30584
5112, 2
5112, 5, 5, 5, 5, 5, 5, 5, 5, 5, 5, 5, 1, 
5112, 4
5112, 1483
5112, 22345
5112, 34
5112, 6
5112, 30645
5124, 3
5124, 5, 4, 
5124, 1
5124, 1495
5124, 22274
5124, 167
5124, 26
5124, 30784
5125, 1
5125, 
5125, 1
5125, 1477
5125, 21706
5125, 368
5125, 69
5125, 31130
5126, 1
5126, 
5126, 1
5126, 1485
5126, 21688
5126, 261
5126, 51
5126, 31387
5127, 1
5127, 
5127, 1
5127, 1495
5127, 21700
5127, 168
5127, 41
5127, 31596
5157, 1
5157, 5, 5, 5, 10, 4, 
5157, 1
5157, 1494
5157, 18058
5157, 104
5157, 29
5157, 31759
5277, 1
5277, 5, 2, 5, 5, 5, 5, 5, 10, 5, 3, 5, 5, 5, 5, 5, 5, 5, 10, 5, 5, 5, 5, 4, 
5277, 3
5277, 1463
5277, 17388
5277, 254
5277, 66
5277, 32152
5348, 1
5348, 5, 5, 5, 5, 5, 5, 5, 5, 5, 5, 10, 5, 5, 
5348, 2
5348, 1387
5348, 16167
5348, 135
5348, 41
5348, 32393
5349, 1
5349, 
5349, 1
5349, 1396
5349, 16354
5349, 260
5349, 103
5349, 32909
5350, 1
5350, 
5350, 3
5350, 1431
5350, 16748
5350, 307
5350, 56
5350, 33191
5351, 1
5351, 
5351, 3
5351, 1442
5351, 16756
5351, 392
5351, 69
5351, 33537
5357, 1
5357, 5, 
5357, 1
5357, 1453
5357, 16755
5357, 237
5357, 52
5357, 33800
5661, 5
5661, 5, 5, 5, 5, 5, 5, 5, 5, 5, 5, 5, 5, 5, 5, 5, 5, 5, 5, 5, 5, 5, 5, 5, 4, 5, 10, 5, 5, 5, 5, 5, 5, 5, 5, 5, 2, 5, 10, 5, 5, 10, 5, 10, 5, 5, 5, 5, 5, 5, 5, 5, 10, 5, 5, 5, 3, 
5661, 1
5661, 1347
5661, 16307
5661, 563
5661, 115
5661, 23020
5680, 4
5680, 5, 5, 5, 
5680, 1
5680, 1337
5680, 16331
5680, 225
5680, 43
5680, 23170
5690, 5
5690, 5, 
5690, 1
5690, 1349
5690, 16397
5690, 149
5690, 26
5690, 23260
5691, 1
5691, 
5691, 2
5691, 1361
5691, 16380
5691, 327
5691, 66
5691, 23483
5728, 2
5728, 5, 5, 5, 5, 1, 5, 5, 4, 
5728, 1
5728, 1378
5728, 16071
5728, 238
5728, 67
5728, 23721
5729, 1
5729, 
5729, 1
5729, 1388
5729, 16749
5729, 204
5729, 60
5729, 23923
5730, 1
5730, 
5730, 1
5730, 1399
5730, 16728
5730, 352
5730, 83
5730, 24203
5731, 1
5731, 
5731, 1
5731, 1410
5731, 16700
5731, 180
5731, 46
5731, 24357
5732, 1
5732, 
5732, 6
5732, 1491
5732, 16857
5732, 439
5732, 99
5732, 24688
5998, 1
5998, 5, 5, 5, 5, 5, 1, 10, 2, 5, 5, 5, 5, 5, 5, 5, 5, 10, 5, 5, 5, 5, 5, 5, 1, 5, 5, 5, 5, 5, 5, 5, 5, 5, 5, 5, 5, 5, 5, 5, 5, 5, 5, 5, 5, 5, 5, 5, 5, 5, 5, 5, 5, 2, 4, 
5998, 1
5998, 1418
5998, 17054
5998, 225
5998, 68
5998, 25005
5999, 1
5999, 
5999, 1
5999, 1430
5999, 17396
5999, 293
5999, 96
5999, 25326
6000, 1
6000, 
6000, 1
6000, 1440
6000, 17181
6000, 190
6000, 47
6000, 25485
6001, 1
6001, 
6001, 1
6001, 1452
6001, 17159
6001, 371
6001, 109
6001, 25849
6002, 1
6002, 
6002, 2
6002, 1470
6002, 16889
6002, 391
6002, 65
6002, 26068
6061, 1
6061, 5, 5, 5, 5, 5, 5, 2, 5, 5, 5, 1, 5, 5, 
6061, 1
6061, 1461
6061, 16960
6061, 206
6061, 52
6061, 26263
6062, 1
6062, 
6062, 4
6062, 1476
6062, 17027
6062, 293
6062, 62
6062, 26472
6063, 1
6063, 
6063, 2
6063, 1488
6063, 17007
6063, 215
6063, 71
6063, 26710
6064, 1
6064, 
6064, 1
6064, 1497
6064, 16990
6064, 51
6064, 21
6064, 26783
6065, 1
6065, 
6065, 2
6065, 1522
6065, 17501
6065, 325
6065, 89
6065, 27082
6066, 1
6066, 
6066, 1
6066, 1533
6066, 17482
6066, 171
6066, 42
6066, 27224
6295, 1
6295, 5, 5, 5, 5, 5, 5, 5, 5, 5, 5, 5, 5, 5, 5, 5, 5, 5, 5, 5, 5, 5, 4, 5, 5, 5, 5, 5, 5, 10, 5, 5, 5, 4, 3, 5, 3, 5, 5, 10, 10, 5, 3, 5, 5, 1, 
6295, 1
6295, 1520
6295, 17886
6295, 379
6295, 89
6295, 27600
6328, 3
6328, 5, 5, 5, 5, 5, 5, 
6328, 3
6328, 1512
6328, 17418
6328, 514
6328, 127
6328, 28036
6516, 6
6516, 5, 5, 5, 5, 5, 5, 5, 5, 5, 5, 5, 5, 5, 5, 5, 5, 5, 5, 5, 5, 5, 5, 5, 5, 5, 5, 5, 5, 5, 5, 5, 5, 10, 5, 5, 2, 
6516, 2
6516, 1491
6516, 15177
6516, 336
6516, 53
6516, 28278
6517, 1
6517, 
6517, 1
6517, 1502
6517, 15203
6517, 428
6517, 101
6517, 28616
6610, 1
6610, 5, 5, 5, 5, 5, 5, 5, 5, 5, 5, 5, 5, 5, 5, 5, 5, 5, 2, 5, 
6610, 7
6610, 1374
6610, 14575
6610, 64
6610, 15
6610, 28697
6611, 1
6611, 
6611, 1
6611, 1385
6611, 14575
6611, 223
6611, 76
6611, 28953
6612, 1
6612, 
6612, 1
6612, 1398
6612, 14635
6612, 185
6612, 66
6612, 29174
6693, 1
6693, 5, 5, 5, 5, 5, 5, 10, 5, 5, 5, 5, 5, 5, 5, 5, 
6693, 1
6693, 1408
6693, 14979
6693, 274
6693, 40
6693, 29335
6694, 1
6694, 
6694, 1
6694, 1421
6694, 14972
6694, 238
6694, 74
6694, 29584
6864, 2
6864, 5, 5, 5, 5, 5, 5, 5, 5, 5, 5, 5, 5, 5, 5, 5, 5, 5, 5, 5, 5, 5, 5, 5, 5, 5, 5, 5, 5, 1, 5, 5, 5, 5, 5, 2, 
6864, 2
6864, 1381
6864, 13241
6864, 331
6864, 72
6864, 29882
6873, 1
6873, 5, 1, 2, 
6873, 5
6873, 1458
6873, 13562
6873, 228
6873, 54
6873, 30067
6874, 1
6874, 
6874, 1
6874, 1470
6874, 13546
6874, 320
6874, 92
6874, 30377
6875, 1
6875, 
6875, 1
6875, 1483
6875, 13833
6875, 92
6875, 25
6875, 30462
7255, 8
7255, 5, 5, 5, 5, 5, 5, 5, 4, 5, 5, 5, 5, 5, 5, 5, 10, 5, 5, 5, 5, 5, 5, 5, 7, 5, 5, 3, 5, 5, 5, 5, 5, 5, 1, 5, 5, 5, 5, 5, 5, 1, 5, 5, 5, 5, 5, 10, 5, 5, 5, 10, 8, 5, 5, 10, 5, 5, 10, 15, 5, 5, 5, 5, 5, 5, 5, 10, 3, 
7255, 4
7255, 1375
7255, 15120
7255, 141
7255, 27
7255, 30679
7353, 1
7353, 5, 5, 5, 5, 5, 5, 5, 5, 5, 5, 5, 5, 5, 5, 5, 5, 5, 5, 3, 4, 
7353, 1
7353, 1373
7353, 15241
7353, 462
7353, 189
7353, 31344
7396, 3
7396, 5, 5, 5, 5, 5, 5, 5, 5, 
7396, 3
7396, 1364
7396, 14732
7396, 327
7396, 79
7396, 31623
7397, 1
7397, 
7397, 1
7397, 1378
7397, 14722
7397, 276
7397, 37
7397, 31749
7478, 3
7478, 5, 5, 5, 5, 5, 5, 5, 5, 5, 5, 5, 5, 5, 5, 3, 5, 
7478, 4
7478, 1375
7478, 14732
7478, 519
7478, 105
7478, 32126
7479, 1
7479, 
7479, 1
7479, 1389
7479, 14956
7479, 376
7479, 130
7479, 32563
7480, 1
7480, 
7480, 1
7480, 1403
7480, 14949
7480, 608
7480, 134
7480, 24759
7481, 1
7481, 
7481, 6
7481, 1420
7481, 14953
7481, 216
7481, 33
7481, 24844
7482, 1
7482, 
7482, 1
7482, 1434
7482, 15548
7482, 118
7482, 29
7482, 24918
7835, 1
7835, 5, 5, 5, 5, 5, 5, 5, 5, 5, 5, 5, 5, 4, 5, 5, 5, 5, 5, 5, 5, 5, 5, 5, 5, 5, 10, 5, 5, 5, 1, 5, 5, 5, 5, 5, 5, 5, 5, 5, 5, 5, 5, 5, 5, 5, 6, 5, 5, 5, 5, 5, 5, 5, 5, 5, 5, 5, 5, 5, 5, 5, 5, 5, 5, 5, 5, 5, 5, 5, 5, 1, 
7835, 1
7835, 1375
7835, 15891
7835, 666
7835, 100
7835, 25258
7836, 1
7836, 
7836, 1
7836, 1390
7836, 15880
7836, 121
7836, 15
7836, 25298
7837, 1
7837, 
7837, 1
7837, 1405
7837, 15866
7837, 158
7837, 39
7837, 25397
7838, 1
7838, 
7838, 1
7838, 1420
7838, 16008
7838, 421
7838, 65
7838, 25562
7841, 3
7841, 
7841, 2
7841, 1427
7841, 15703
7841, 226
7841, 57
7841, 25707
7847, 1
7847, 5, 
7847, 2
7847, 1446
7847, 15761
7847, 311
7847, 74
7847, 25895
7848, 1
7848, 
7848, 1
7848, 1461
7848, 15743
7848, 55
7848, 11
7848, 25925
7849, 1
7849, 
7849, 19
7849, 1487
7849, 15750
7849, 287
7849, 40
7849, 26026
7850, 1
7850, 
7850, 3
7850, 1497
7850, 15824
7850, 281
7850, 39
7850, 26125
7851, 1
7851, 
7851, 2
7851, 1513
7851, 15814
7851, 416
7851, 102
7851, 26382
7852, 1
7852, 
7852, 4
7852, 1536
7852, 15914
7852, 93
7852, 31
7852, 26460
7896, 3
7896, 5, 5, 5, 5, 5, 5, 5, 2, 4, 
7896, 1
7896, 1557
7896, 15927
7896, 294
7896, 53
7896, 26605
7897, 1
7897, 
7897, 2
7897, 1572
7897, 15922
7897, 575
7897, 143
7897, 26964
7898, 1
7898, 
7898, 1
7898, 1585
7898, 15921
7898, 423
7898, 79
7898, 27162
7899, 1
7899, 
7899, 2
7899, 1601
7899, 15911
7899, 318
7899, 86
7899, 27378
7998, 4
7998, 5, 5, 5, 5, 5, 5, 5, 5, 5, 5, 5, 5, 3, 1, 5, 5, 5, 5, 5, 5, 1, 
7998, 1
7998, 1561
7998, 15887
7998, 406
7998, 119
7998, 27701
7999, 1
7999, 
7999, 3
7999, 1577
7999, 15888
7999, 336
7999, 67
7999, 27870
8383, 1
8383, 5, 5, 5, 5, 5, 5, 5, 5, 5, 5, 5, 5, 5, 5, 5, 5, 5, 4, 5, 5, 5, 5, 5, 5, 5, 5, 5, 5, 10, 5, 5, 5, 5, 5, 5, 15, 5, 1, 5, 5, 5, 5, 5, 5, 5, 5, 5, 5, 5, 5, 10, 5, 5, 5, 5, 5, 5, 5, 5, 5, 5, 5, 5, 5, 5, 5, 5, 10, 3, 5, 5, 10, 
8383, 1
8383, 1512
8383, 14321
8383, 29
8383, 5
8383, 27980
8384, 1
8384, 
8384, 1
8384, 1524
8384, 14272
8384, 605
8384, 125
8384, 28295
8426, 2
8426, 5, 5, 5, 5, 5, 5, 5, 5, 
8426, 3
8426, 1544
8426, 14377
8426, 1947
8426, 287
8426, 29023
8427, 1
8427, 
8427, 1
8427, 1558
8427, 14388
8427, 524
8427, 167
8427, 29441
8430, 2
8430, 1, 
8430, 1
8430, 1573
8430, 14392
8430, 349
8430, 77
8430, 29636
8913, 1
8913, 5, 5, 5, 5, 5, 5, 5, 5, 5, 5, 5, 5, 5, 5, 5, 5, 4, 5, 5, 5, 5, 5, 5, 5, 10, 6, 5, 5, 5, 5, 5, 5, 5, 5, 5, 10, 5, 5, 5, 5, 5, 5, 5, 5, 5, 5, 5, 5, 5, 5, 1, 5, 1, 5, 3, 5, 5, 5, 5, 5, 5, 5, 5, 5, 5, 5, 5, 5, 5, 5, 1, 5, 5, 10, 5, 9, 5, 6, 3, 5, 5, 5, 5, 5, 5, 5, 5, 10, 5, 5, 5, 5, 5, 8, 
8913, 1
8913, 1467
8913, 14952
8913, 474
8913, 118
8913, 30053
8940, 1
8940, 1, 5, 5, 5, 5, 5, 
8940, 1
8940, 1486
8940, 14891
8940, 187
8940, 58
8940, 30206
8942, 2
8942, 
8942, 1
8942, 1492
8942, 15112
8942, 665
8942, 142
8942, 30563
9435, 1
9435, 1, 5, 5, 5, 5, 5, 5, 5, 5, 5, 5, 5, 1, 5, 5, 5, 5, 5, 1, 5, 5, 5, 5, 5, 5, 5, 5, 5, 5, 5, 5, 5, 5, 5, 5, 5, 5, 5, 5, 5, 10, 10, 5, 5, 5, 5, 5, 5, 4, 5, 10, 5, 5, 5, 5, 5, 10, 5, 5, 5, 10, 5, 5, 5, 3, 5, 5, 5, 5, 10, 5, 5, 10, 5, 5, 5, 5, 5, 5, 5, 5, 5, 5, 5, 5, 10, 5, 5, 5, 5, 5, 5, 5, 2, 
9435, 1
9435, 1472
9435, 13166
9435, 192
9435, 38
9435, 30782
9436, 1
9436, 
9436, 1
9436, 1488
9436, 13162
9436, 489
9436, 150
9436, 31159
9437, 1
9437, 
9437, 1
9437, 1493
9437, 13838
9437, 389
9437, 135
9437, 31498
9605, 4
9605, 5, 5, 5, 5, 5, 5, 5, 5, 2, 5, 5, 2, 5, 5, 5, 5, 5, 5, 2, 5, 5, 5, 5, 5, 5, 5, 5, 5, 2, 5, 10, 5, 1, 5, 5, 
9605, 1
9605, 1475
9605, 13738
9605, 564
9605, 73
9605, 31723
9906, 2
9906, 5, 5, 5, 5, 5, 5, 10, 5, 5, 5, 5, 10, 5, 5, 5, 1, 5, 5, 5, 5, 2, 5, 3, 1, 5, 5, 5, 5, 5, 1, 5, 5, 5, 5, 5, 5, 5, 5, 5, 5, 5, 5, 5, 7, 5, 10, 5, 1, 5, 5, 5, 5, 5, 5, 5, 5, 8, 5, 5, 5, 
9906, 1
9906, 1448
9906, 12554
9906, 685
9906, 125
9906, 25688
9907, 1
9907, 
9907, 7
9907, 1470
9907, 12562
9907, 375
9907, 63
9907, 25816
10145, 5
10145, 5, 5, 5, 5, 5, 5, 5, 5, 5, 5, 5, 5, 5, 5, 5, 5, 5, 5, 5, 5, 5, 5, 5, 5, 5, 5, 5, 10, 5, 2, 5, 5, 5, 5, 5, 5, 10, 5, 5, 2, 5, 1, 5, 3, 5, 10, 
10145, 2
10145, 1496
10145, 12239
10145, 252
10145, 39
10145, 25943
10302, 2
10302, 5, 5, 5, 2, 5, 5, 5, 5, 5, 3, 5, 5, 5, 5, 5, 5, 5, 5, 5, 5, 5, 11, 5, 5, 5, 1, 10, 5, 5, 5, 3, 
10302, 1
10302, 1485
10302, 11736
10302, 820
10302, 154
10302, 26284
10303, 1
10303, 
10303, 1
10303, 1502
10303, 11730
10303, 865
10303, 214
10303, 26712
10304, 1
10304, 
10304, 1
10304, 1521
10304, 11729
10304, 412
10304, 189
10304, 27091
10369, 1
10369, 5, 5, 2, 5, 5, 2, 5, 5, 5, 5, 5, 5, 5, 5, 
10369, 1
10369, 1543
10369, 11634
10369, 545
10369, 98
10369, 27301
10370, 1
10370, 
10370, 4
10370, 1567
10370, 11661
10370, 358
10370, 76
10370, 27454
10371, 1
10371, 
10371, 1
10371, 1586
10371, 11943
10371, 857
10371, 221
10371, 27897
10384, 2
10384, 5, 5, 1, 
10384, 1
10384, 1605
10384, 11955
10384, 321
10384, 53
10384, 28008
10385, 1
10385, 
10385, 1
10385, 1624
10385, 11958
10385, 651
10385, 124
10385, 28257
10386, 1
10386, 
10386, 1
10386, 1643
10386, 11902
10386, 197
10386, 37
10386, 28332
10387, 1
10387, 
10387, 1
10387, 1662
10387, 11903
10387, 597
10387, 122
10387, 28577
10968, 3
10968, 5, 4, 5, 5, 5, 5, 5, 5, 10, 5, 1, 3, 5, 5, 5, 5, 5, 5, 5, 5, 5, 2, 5, 5, 5, 5, 5, 5, 5, 5, 5, 5, 5, 3, 5, 5, 5, 5, 5, 5, 5, 5, 10, 5, 5, 5, 5, 10, 5, 5, 5, 5, 5, 5, 5, 5, 5, 5, 5, 5, 5, 5, 5, 5, 6, 5, 5, 5, 10, 5, 7, 5, 5, 5, 5, 5, 5, 10, 5, 5, 10, 5, 5, 5, 2, 5, 10, 5, 10, 5, 5, 10, 5, 10, 2, 5, 5, 5, 5, 5, 5, 10, 5, 10, 3, 10, 
10968, 1
10968, 1597
10968, 12022
10968, 506
10968, 81
10968, 28855
10969, 1
10969, 
10969, 1
10969, 1617
10969, 12023
10969, 396
10969, 73
10969, 29002
10970, 1
10970, 
10970, 1
10970, 1636
10970, 12022
10970, 648
10970, 185
10970, 29373
11050, 5
11050, 5, 5, 5, 5, 5, 1, 5, 5, 5, 5, 5, 5, 5, 3, 5, 5, 1, 
11050, 1
11050, 1623
11050, 11986
11050, 290
11050, 79
11050, 29548
11134, 1
11134, 5, 5, 5, 4, 5, 5, 5, 5, 5, 5, 5, 5, 5, 5, 5, 5, 4, 
11134, 1
11134, 1593
11134, 11536
11134, 111
11134, 19
11134, 29603
11135, 1
11135, 
11135, 1
11135, 1613
11135, 11538
11135, 71
11135, 15
11135, 29635
11626, 1
11626, 5, 5, 5, 5, 5, 6, 5, 5, 5, 5, 5, 5, 5, 5, 5, 5, 5, 5, 5, 5, 5, 5, 5, 5, 5, 5, 5, 5, 5, 5, 5, 5, 5, 5, 3, 5, 5, 5, 5, 5, 5, 5, 5, 5, 5, 5, 5, 5, 5, 5, 7, 5, 10, 5, 2, 1, 5, 5, 5, 5, 5, 5, 5, 5, 5, 3, 5, 1, 5, 5, 5, 5, 7, 5, 5, 5, 5, 5, 5, 5, 5, 4, 10, 5, 5, 5, 5, 5, 5, 5, 5, 5, 10, 5, 5, 10, 1, 
11626, 1
11626, 1448
11626, 11700
11626, 666
11626, 81
11626, 29897
11721, 1
11721, 5, 4, 5, 5, 5, 5, 5, 5, 5, 5, 5, 5, 10, 5, 5, 5, 5, 5, 
11721, 1
11721, 1433
11721, 11694
11721, 608
11721, 94
11721, 30104
11849, 1
11849, 2, 5, 5, 5, 5, 5, 5, 5, 4, 5, 5, 5, 5, 5, 5, 5, 5, 5, 10, 5, 5, 5, 5, 5, 6, 
11849, 1
11849, 1442
11849, 11415
11849, 373
11849, 93
11849, 30317
11850, 1
11850, 
11850, 1
11850, 1464
11850, 11417
11850, 239
11850, 94
11850, 30507
11851, 1
11851, 
11851, 1
11851, 1485
11851, 11429
11851, 307
11851, 106
11851, 30720
11865, 1
11865, 5, 5, 3, 
11865, 1
11865, 1507
11865, 11440
11865, 710
11865, 158
11865, 31039
12109, 1
12109, 5, 5, 5, 5, 5, 5, 5, 5, 5, 5, 5, 10, 5, 5, 5, 5, 5, 5, 5, 5, 5, 5, 2, 5, 1, 5, 5, 10, 5, 5, 5, 5, 5, 5, 3, 10, 5, 10, 5, 5, 5, 5, 5, 5, 5, 5, 2, 
12109, 1
12109, 1371
12109, 11466
12109, 1177
12109, 170
12109, 31429
12136, 2
12136, 5, 5, 5, 5, 1, 4, 
12136, 1
12136, 1392
12136, 11369
12136, 509
12136, 109
12136, 26378
12137, 1
12137, 
12137, 1
12137, 1414
12137, 11373
12137, 605
12137, 192
12137, 26698
12138, 1
12138, 
12138, 1
12138, 1430
12138, 11840
12138, 400
12138, 82
12138, 26835
12139, 1
12139, 
12139, 1
12139, 1452
12139, 11851
12139, 348
12139, 86
12139, 26979
12181, 3
12181, 5, 5, 5, 5, 5, 5, 5, 4, 
12181, 1
12181, 1477
12181, 11853
12181, 221
12181, 73
12181, 27109
12400, 1
12400, 5, 5, 5, 5, 5, 5, 4, 3, 5, 5, 5, 5, 5, 2, 9, 5, 1, 5, 5, 5, 5, 5, 1, 10, 5, 5, 5, 5, 5, 5, 5, 5, 5, 5, 5, 10, 5, 5, 1, 5, 1, 10, 5, 5, 1, 
12400, 3
12400, 1380
12400, 12125
12400, 111
12400, 23
12400, 27184
12401, 1
12401, 
12401, 5
12401, 1402
12401, 12161
12401, 307
12401, 77
12401, 27314
12402, 1
12402, 
12402, 1
12402, 1425
12402, 12161
12402, 821
12402, 98
12402, 27478
12403, 1
12403, 
12403, 5
12403, 1451
12403, 12203
12403, 1111
12403, 284
12403, 27952
12408, 1
12408, 4, 
12408, 1
12408, 1474
12408, 12222
12408, 782
12408, 119
12408, 28151
12777, 2
12777, 7, 5, 5, 5, 5, 5, 5, 5, 5, 5, 5, 5, 5, 1, 5, 5, 5, 5, 5, 5, 5, 10, 5, 5, 5, 5, 6, 5, 5, 5, 5, 1, 5, 5, 5, 5, 5, 5, 5, 5, 5, 10, 5, 5, 5, 5, 5, 10, 5, 10, 5, 10, 5, 5, 5, 5, 5, 10, 5, 5, 5, 10, 5, 5, 5, 5, 7, 
12777, 1
12777, 1432
12777, 11926
12777, 483
12777, 107
12777, 28391
12964, 3
12964, 1, 5, 2, 5, 5, 5, 5, 5, 5, 5, 5, 5, 10, 5, 2, 5, 5, 5, 5, 10, 5, 5, 5, 5, 10, 5, 5, 5, 5, 5, 5, 5, 5, 10, 4, 
12964, 1
12964, 1460
12964, 11872
12964, 511
12964, 200
12964, 28757
12965, 1
12965, 
12965, 1
12965, 1483
12965, 11869
12965, 764
12965, 126
12965, 28968
12966, 1
12966, 
12966, 1
12966, 1506
12966, 11885
12966, 585
12966, 109
12966, 29151
12967, 1
12967, 
12967, 1
12967, 1529
12967, 11892
12967, 386
12967, 94
12967, 29308
12968, 1
12968, 
12968, 2
12968, 1576
12968, 11921
12968, 1461
12968, 366
12968, 29918
13049, 1
13049, 2, 5, 5, 5, 5, 5, 5, 5, 5, 1, 5, 5, 5, 5, 5, 10, 2, 
13049, 1
13049, 1515
13049, 12551
13049, 336
13049, 81
13049, 30067
13050, 1
13050, 
13050, 3
13050, 1539
13050, 12582
13050, 304
13050, 58
13050, 30165
13118, 2
13118, 5, 2, 5, 5, 5, 5, 5, 5, 5, 5, 5, 5, 5, 4, 
13118, 3
13118, 1567
13118, 12654
13118, 1136
13118, 295
13118, 30668
13985, 5
13985, 5, 5, 5, 5, 5, 1, 5, 5, 10, 5, 5, 5, 5, 5, 5, 5, 5, 5, 5, 5, 5, 5, 5, 5, 5, 10, 5, 5, 5, 2, 5, 1, 5, 5, 5, 5, 5, 5, 5, 5, 5, 5, 5, 3, 5, 4, 5, 5, 5, 5, 5, 5, 10, 5, 5, 5, 5, 3, 5, 5, 10, 7, 5, 5, 10, 1, 5, 5, 5, 5, 10, 5, 10, 5, 5, 5, 5, 5, 5, 5, 5, 10, 5, 5, 5, 8, 5, 3, 5, 5, 5, 5, 5, 5, 5, 5, 5, 5, 5, 10, 5, 5, 5, 5, 10, 5, 10, 10, 10, 5, 5, 10, 10, 5, 5, 4, 5, 5, 15, 5, 5, 10, 10, 5, 5, 5, 5, 5, 5, 2, 5, 5, 5, 5, 5, 1, 10, 5, 5, 5, 5, 5, 5, 15, 5, 5, 5, 5, 1, 5, 5, 5, 3, 5, 5, 5, 3, 
13985, 1
13985, 1337
13985, 11971
13985, 1490
13985, 383
13985, 31451
13986, 1
13986, 
13986, 3
13986, 1364
13986, 11979
13986, 811
13986, 164
13986, 31725
14154, 1
14154, 5, 1, 5, 5, 5, 5, 5, 5, 5, 5, 5, 5, 5, 1, 5, 5, 5, 5, 5, 5, 5, 5, 5, 5, 5, 5, 5, 5, 5, 5, 5, 10, 5, 5, 
14154, 1
14154, 1336
14154, 11270
14154, 541
14154, 199
14154, 27501
14263, 10
14263, 5, 5, 5, 5, 5, 5, 5, 5, 5, 5, 5, 5, 5, 5, 5, 5, 5, 5, 9, 
14263, 2
14263, 1339
14263, 11276
14263, 410
14263, 130
14263, 27703
14264, 1
14264, 
14264, 1
14264, 1365
14264, 11282
14264, 994
14264, 170
14264, 27947
14374, 1
14374, 5, 5, 5, 5, 5, 5, 5, 5, 5, 5, 10, 5, 5, 5, 5, 5, 5, 5, 5, 5, 4, 
14374, 1
14374, 1372
14374, 10854
14374, 737
14374, 188
14374, 28231
14375, 1
14375, 
14375, 1
14375, 1397
14375, 10863
14375, 166
14375, 56
14375, 28312
14376, 1
14376, 
14376, 7
14376, 1424
14376, 10874
14376, 459
14376, 133
14376, 28504
14377, 1
14377, 
14377, 1
14377, 1449
14377, 10926
14377, 390
14377, 136
14377, 28699
14378, 1
14378, 
14378, 1
14378, 1473
14378, 10979
14378, 850
14378, 210
14378, 29000
14631, 8
14631, 5, 5, 5, 5, 5, 5, 5, 5, 5, 5, 5, 5, 5, 5, 5, 5, 5, 5, 5, 5, 5, 5, 5, 5, 5, 5, 5, 5, 5, 10, 5, 5, 5, 2, 5, 5, 5, 5, 5, 5, 5, 1, 5, 5, 5, 5, 5, 5, 5, 2, 
14631, 2
14631, 1370
14631, 10513
14631, 356
14631, 79
14631, 29150
14632, 1
14632, 
14632, 1
14632, 1395
14632, 10524
14632, 1421
14632, 248
14632, 29505
14633, 1
14633, 
14633, 1
14633, 1421
14633, 10528
14633, 231
14633, 55
14633, 29584
16169, 3
16169, 5, 5, 5, 5, 5, 5, 1, 10, 5, 5, 5, 5, 5, 5, 5, 5, 5, 5, 5, 5, 1, 5, 5, 5, 1, 5, 7, 10, 5, 5, 2, 5, 5, 10, 5, 5, 5, 5, 5, 5, 5, 5, 5, 5, 5, 1, 5, 10, 5, 5, 10, 10, 5, 5, 5, 5, 5, 10, 5, 5, 5, 5, 6, 5, 2, 5, 5, 5, 5, 5, 5, 5, 5, 5, 5, 15, 5, 5, 5, 5, 5, 1, 8, 5, 5, 5, 5, 5, 5, 6, 5, 5, 10, 10, 5, 5, 6, 15, 5, 5, 5, 10, 5, 5, 5, 5, 10, 5, 5, 5, 5, 5, 5, 10, 5, 4, 5, 5, 5, 5, 10, 5, 10, 5, 5, 5, 10, 5, 5, 5, 4, 9, 5, 5, 10, 15, 10, 10, 5, 10, 5, 5, 10, 5, 5, 3, 10, 5, 8, 5, 5, 10, 5, 4, 5, 5, 10, 5, 5, 15, 5, 5, 5, 5, 10, 10, 10, 5, 5, 10, 10, 5, 10, 10, 10, 10, 5, 1, 5, 5, 5, 5, 20, 5, 5, 10, 10, 5, 10, 5, 5, 15, 5, 5, 5, 5, 5, 5, 5, 5, 5, 10, 5, 5, 5, 5, 5, 10, 5, 15, 5, 5, 5, 10, 5, 5, 10, 5, 10, 5, 15, 5, 15, 5, 5, 10, 5, 5, 15, 5, 5, 10, 10, 5, 10, 5, 5, 8, 10, 5, 5, 5, 10, 
16169, 3
16169, 1132
16169, 8655
16169, 287
16169, 70
16169, 29904
16170, 1
16170, 
16170, 1
16170, 1158
16170, 8675
16170, 451
16170, 222
16170, 30223
16377, 8
16377, 5, 5, 5, 5, 5, 5, 5, 5, 5, 5, 5, 5, 5, 5, 5, 5, 5, 5, 5, 5, 5, 5, 5, 5, 5, 5, 10, 5, 5, 10, 5, 4, 5, 5, 5, 5, 5, 5, 
16377, 1
16377, 1191
16377, 8578
16377, 1258
16377, 203
16377, 30543
16378, 1
16378, 
16378, 8
16378, 1226
16378, 8618
16378, 661
16378, 193
16378, 30820
16379, 1
16379, 
16379, 1
16379, 1255
16379, 8641
16379, 805
16379, 263
16379, 31197
16380, 1
16380, 
16380, 2
16380, 1289
16380, 8792
16380, 1184
16380, 414
16380, 31789
16450, 1
16450, 5, 5, 5, 5, 5, 5, 1, 5, 2, 5, 5, 5, 1, 5, 5, 5, 
16450, 2
16450, 1292
16450, 8938
16450, 1126
16450, 131
16450, 31986
17890, 2
17890, 5, 5, 5, 5, 2, 5, 5, 5, 5, 5, 5, 5, 5, 5, 5, 5, 5, 5, 10, 5, 5, 5, 5, 5, 5, 5, 7, 2, 5, 5, 5, 5, 5, 5, 5, 5, 5, 5, 5, 5, 10, 5, 5, 10, 5, 5, 5, 15, 5, 7, 5, 5, 5, 5, 5, 5, 15, 10, 5, 5, 5, 5, 1, 5, 10, 5, 5, 5, 5, 5, 5, 5, 5, 15, 5, 10, 5, 10, 3, 5, 5, 10, 10, 4, 5, 5, 5, 4, 2, 5, 5, 5, 10, 5, 5, 5, 5, 5, 5, 5, 5, 5, 1, 10, 10, 10, 5, 10, 5, 15, 5, 5, 5, 6, 5, 3, 5, 3, 15, 5, 6, 10, 5, 5, 5, 10, 5, 5, 5, 5, 10, 5, 5, 10, 5, 2, 3, 5, 5, 10, 15, 5, 5, 5, 13, 5, 5, 8, 5, 5, 10, 10, 5, 5, 5, 5, 5, 10, 10, 5, 5, 5, 5, 5, 5, 5, 5, 5, 2, 15, 2, 10, 5, 5, 5, 10, 5, 10, 5, 5, 5, 16, 5, 10, 5, 10, 10, 5, 5, 10, 5, 10, 15, 5, 5, 15, 3, 5, 10, 15, 10, 10, 10, 5, 5, 5, 5, 10, 5, 15, 5, 5, 5, 5, 5, 5, 2, 5, 5, 10, 10, 5, 1, 10, 15, 5, 1, 5, 4, 
17890, 1
17890, 1070
17890, 7586
17890, 529
17890, 132
17890, 28333
18319, 3
18319, 5, 5, 5, 5, 5, 5, 4, 5, 5, 5, 1, 5, 4, 5, 5, 5, 5, 5, 5, 5, 5, 5, 5, 5, 5, 10, 5, 5, 5, 5, 5, 5, 10, 5, 5, 5, 5, 5, 5, 10, 5, 5, 5, 5, 5, 5, 5, 5, 5, 5, 5, 5, 5, 5, 5, 5, 5, 5, 5, 5, 5, 5, 10, 10, 9, 2, 5, 5, 10, 5, 5, 5, 5, 1, 5, 5, 10, 5, 5, 5, 
18319, 1
18319, 1042
18319, 7625
18319, 794
18319, 203
18319, 28641
19150, 9
19150, 5, 5, 5, 5, 5, 2, 5, 5, 5, 5, 5, 5, 5, 5, 5, 3, 5, 5, 10, 5, 5, 4, 5, 5, 5, 5, 5, 5, 5, 5, 5, 5, 5, 5, 10, 10, 5, 5, 5, 5, 5, 5, 5, 5, 10, 5, 2, 5, 5, 10, 5, 5, 5, 5, 5, 5, 5, 3, 5, 5, 5, 5, 5, 10, 5, 20, 1, 5, 5, 5, 5, 5, 5, 5, 5, 5, 5, 5, 5, 5, 5, 5, 9, 10, 5, 10, 5, 10, 5, 5, 5, 5, 10, 5, 15, 5, 5, 5, 8, 5, 5, 5, 5, 8, 5, 1, 5, 4, 5, 5, 5, 5, 5, 5, 5, 5, 5, 5, 5, 5, 5, 2, 5, 5, 10, 10, 5, 5, 5, 5, 10, 15, 5, 5, 5, 5, 5, 5, 5, 5, 5, 5, 5, 10, 5, 5, 
19150, 1
19150, 994
19150, 7507
19150, 1299
19150, 251
19150, 29058
19246, 3
19246, 5, 5, 5, 5, 5, 5, 5, 5, 5, 5, 5, 5, 5, 5, 5, 5, 5, 5, 3, 
19246, 1
19246, 1025
19246, 7492
19246, 784
19246, 168
19246, 29280
19248, 2
19248, 
19248, 1
19248, 1060
19248, 7490
19248, 923
19248, 239
19248, 29580
19249, 1
19249, 
19249, 1
19249, 1093
19249, 7557
19249, 1206
19249, 179
19249, 29804
19250, 1
19250, 
19250, 2
19250, 1131
19250, 7589
19250, 321
19250, 70
19250, 29892
19278, 1
19278, 5, 5, 5, 5, 5, 2, 
19278, 1
19278, 1161
19278, 7632
19278, 1087
19278, 287
19278, 30255
19295, 1
19295, 5, 5, 5, 1, 
19295, 1
19295, 1196
19295, 7666
19295, 1373
19295, 227
19295, 30541
19296, 1
19296, 
19296, 1
19296, 1230
19296, 7688
19296, 830
19296, 203
19296, 30796
19553, 7
19553, 5, 5, 5, 5, 5, 5, 10, 5, 5, 5, 5, 5, 5, 5, 5, 5, 5, 5, 5, 5, 5, 5, 5, 5, 5, 10, 5, 5, 5, 5, 5, 5, 5, 5, 5, 5, 5, 5, 5, 5, 5, 5, 5, 5, 5, 5, 10, 
19553, 1
19553, 1239
19553, 7728
19553, 311
19553, 44
19553, 30883
19559, 3
19559, 3, 
19559, 4
19559, 1276
19559, 7754
19559, 876
19559, 170
19559, 31097
19964, 1
19964, 5, 5, 5, 5, 5, 5, 3, 5, 5, 5, 5, 10, 5, 5, 5, 5, 5, 5, 5, 10, 3, 5, 5, 5, 5, 5, 5, 5, 5, 5, 5, 5, 5, 5, 5, 5, 10, 5, 5, 5, 5, 5, 5, 5, 5, 5, 5, 10, 5, 5, 5, 5, 5, 5, 3, 5, 5, 5, 5, 3, 5, 5, 5, 5, 5, 10, 5, 5, 5, 10, 5, 5, 5, 5, 5, 5, 2, 
19964, 1
19964, 1152
19964, 7585
19964, 926
19964, 164
19964, 31353
19965, 1
19965, 
19965, 2
19965, 1188
19965, 7616
19965, 153
19965, 34
19965, 31396
19966, 1
19966, 
19966, 3
19966, 1224
19966, 7640
19966, 231
19966, 42
19966, 31450
19967, 1
19967, 
19967, 1
19967, 1259
19967, 7667
19967, 1071
19967, 242
19967, 31753
19968, 1
19968, 
19968, 1
19968, 1294
19968, 7739
19968, 1257
19968, 333
19968, 32170
19969, 1
19969, 
19969, 1
19969, 1328
19969, 7785
19969, 1322
19969, 230
19969, 32459
19970, 1
19970, 
19970, 1
19970, 1362
19970, 7808
19970, 542
19970, 81
19970, 28943
20034, 4
20034, 5, 5, 5, 5, 5, 1, 5, 5, 5, 5, 10, 4, 
20034, 1
20034, 1398
20034, 7844
20034, 534
20034, 144
20034, 29110
20145, 2
20145, 5, 5, 5, 5, 5, 10, 5, 2, 5, 5, 5, 5, 5, 5, 5, 5, 4, 5, 5, 1, 5, 5, 2, 
20145, 1
20145, 1398
20145, 7802
20145, 626
20145, 125
20145, 29262
20568, 1
20568, 5, 5, 5, 5, 1, 5, 5, 5, 5, 5, 5, 5, 2, 5, 5, 5, 10, 5, 5, 5, 5, 5, 5, 5, 5, 10, 5, 5, 5, 10, 5, 5, 5, 5, 5, 5, 5, 5, 5, 5, 5, 5, 5, 5, 5, 5, 5, 5, 5, 5, 5, 5, 5, 5, 3, 5, 5, 5, 5, 5, 5, 5, 5, 5, 5, 5, 5, 5, 10, 5, 5, 5, 5, 5, 5, 2, 10, 5, 5, 5, 5, 4, 
20568, 1
20568, 1351
20568, 8025
20568, 981
20568, 295
20568, 29637
20569, 1
20569, 
20569, 1
20569, 1385
20569, 8052
20569, 640
20569, 101
20569, 29749
20570, 1
20570, 
20570, 2
20570, 1420
20570, 8081
20570, 472
20570, 84
20570, 29843
20571, 1
20571, 
20571, 2
20571, 1455
20571, 8110
20571, 735
20571, 148
20571, 30009
20572, 1
20572, 
20572, 1
20572, 1490
20572, 8196
20572, 700
20572, 157
20572, 30183
20573, 1
20573, 
20573, 1
20573, 1523
20573, 8225
20573, 1615
20573, 265
20573, 30479
21650, 1
21650, 5, 5, 5, 5, 5, 5, 5, 5, 5, 5, 5, 5, 5, 5, 5, 5, 5, 10, 1, 5, 5, 5, 5, 5, 5, 5, 5, 9, 5, 5, 5, 5, 5, 5, 5, 5, 5, 5, 5, 5, 5, 5, 5, 5, 7, 10, 5, 5, 5, 5, 5, 5, 5, 5, 5, 5, 5, 5, 5, 5, 5, 5, 5, 5, 10, 5, 5, 5, 5, 5, 5, 10, 5, 10, 5, 5, 5, 10, 5, 5, 5, 5, 5, 5, 5, 5, 5, 5, 5, 5, 5, 5, 5, 10, 5, 5, 5, 5, 3, 5, 15, 5, 5, 10, 5, 10, 5, 5, 5, 5, 10, 10, 7, 5, 5, 5, 3, 5, 5, 10, 5, 5, 10, 10, 5, 5, 5, 5, 5, 5, 5, 5, 5, 5, 5, 5, 5, 5, 5, 5, 5, 5, 5, 5, 5, 10, 5, 11, 5, 5, 15, 5, 5, 5, 5, 5, 9, 5, 5, 5, 5, 5, 5, 5, 5, 5, 5, 10, 10, 5, 5, 5, 5, 5, 5, 10, 15, 5, 5, 5, 10, 5, 6, 10, 5, 10, 
21650, 1
21650, 1346
21650, 7991
21650, 942
21650, 345
21650, 30982
22037, 6
22037, 5, 3, 5, 5, 10, 5, 5, 5, 5, 10, 5, 2, 5, 5, 10, 5, 5, 5, 5, 5, 5, 5, 5, 5, 5, 5, 5, 5, 5, 5, 5, 5, 5, 5, 9, 10, 5, 5, 5, 5, 5, 5, 5, 10, 5, 5, 5, 5, 5, 5, 5, 5, 5, 10, 5, 10, 5, 5, 5, 5, 5, 5, 5, 5, 5, 5, 5, 2, 5, 5, 
22037, 1
22037, 1388
22037, 8058
22037, 1080
22037, 205
22037, 31253
22038, 1
22038, 
22038, 1
22038, 1425
22038, 8084
22038, 1009
22038, 319
22038, 31608
22039, 1
22039, 
22039, 1
22039, 1454
22039, 8937
22039, 640
22039, 218
22039, 31851
22040, 1
22040, 
22040, 1
22040, 1490
22040, 9748
22040, 1207
22040, 250
22040, 32129
22366, 2
22366, 5, 5, 5, 5, 5, 5, 5, 5, 5, 5, 5, 10, 5, 10, 5, 4, 5, 5, 5, 5, 5, 5, 2, 5, 5, 5, 5, 5, 5, 5, 5, 5, 5, 5, 5, 5, 5, 5, 10, 5, 5, 5, 5, 2, 1, 1, 5, 5, 5, 5, 5, 5, 5, 5, 10, 5, 5, 5, 1, 3, 5, 5, 5, 5, 2, 3, 
22366, 1
22366, 1382
22366, 10221
22366, 620
22366, 190
22366, 32378
22380, 4
22380, 5, 5, 
22380, 4
22380, 1420
22380, 10254
22380, 1309
22380, 151
22380, 29292
22381, 1
22381, 
22381, 1
22381, 1457
22381, 10152
22381, 943
22381, 185
22381, 29477
22382, 1
22382, 
22382, 1
22382, 1493
22382, 10173
22382, 2814
22382, 664
22382, 30142
23235, 5
23235, 5, 5, 5, 5, 5, 5, 5, 5, 5, 1, 5, 5, 5, 5, 5, 5, 5, 5, 5, 5, 5, 5, 5, 5, 5, 5, 3, 5, 5, 5, 5, 5, 5, 5, 5, 3, 5, 5, 5, 5, 5, 1, 5, 5, 5, 10, 5, 5, 5, 5, 5, 5, 5, 5, 5, 5, 5, 5, 5, 5, 5, 5, 5, 5, 5, 5, 5, 5, 5, 5, 5, 5, 5, 5, 5, 5, 5, 5, 5, 5, 5, 5, 5, 5, 15, 5, 5, 10, 5, 5, 5, 5, 5, 7, 5, 10, 3, 5, 5, 5, 5, 5, 10, 5, 5, 2, 8, 5, 5, 5, 5, 5, 5, 5, 5, 5, 5, 5, 10, 5, 10, 15, 5, 5, 5, 3, 1, 5, 5, 5, 5, 8, 10, 10, 5, 5, 5, 10, 2, 5, 2, 1, 5, 5, 5, 10, 3, 5, 5, 5, 5, 5, 5, 5, 10, 5, 5, 5, 5, 5, 
23235, 3
23235, 1402
23235, 7705
23235, 412
23235, 99
23235, 30327
23236, 1
23236, 
23236, 2
23236, 1444
23236, 7807
23236, 1358
23236, 158
23236, 30485
23485, 8
23485, 5, 5, 5, 5, 5, 5, 5, 5, 5, 5, 5, 5, 5, 10, 5, 5, 5, 4, 5, 5, 5, 5, 5, 5, 5, 5, 5, 5, 5, 5, 5, 5, 5, 5, 5, 5, 3, 5, 5, 5, 5, 5, 5, 3, 1, 5, 5, 5, 5, 
23485, 1
23485, 1383
23485, 7718
23485, 584
23485, 140
23485, 30650
23787, 1
23787, 5, 5, 5, 5, 5, 5, 5, 2, 5, 3, 5, 3, 5, 4, 5, 2, 5, 5, 5, 5, 5, 5, 5, 10, 5, 5, 10, 5, 5, 5, 5, 5, 5, 5, 5, 5, 5, 5, 5, 2, 5, 5, 5, 5, 5, 2, 5, 5, 5, 5, 5, 5, 5, 10, 5, 5, 5, 5, 5, 5, 3, 
23787, 2
23787, 1318
23787, 7523
23787, 533
23787, 150
23787, 30830
24334, 3
24334, 5, 5, 5, 5, 5, 5, 5, 5, 5, 5, 5, 5, 5, 5, 5, 5, 5, 5, 5, 5, 5, 5, 5, 5, 5, 5, 5, 5, 5, 5, 5, 4, 5, 1, 5, 5, 5, 10, 5, 5, 5, 3, 5, 5, 5, 5, 10, 5, 5, 5, 5, 5, 5, 5, 5, 5, 5, 10, 5, 5, 5, 5, 5, 5, 5, 5, 10, 5, 10, 5, 5, 5, 5, 5, 5, 5, 10, 10, 5, 5, 5, 5, 5, 5, 5, 5, 5, 5, 5, 5, 5, 10, 5, 10, 5, 10, 10, 5, 5, 1, 
24334, 1
24334, 1340
24334, 7617
24334, 73
24334, 20
24334, 30905
26114, 11
26114, 4, 5, 5, 5, 5, 1, 1, 5, 5, 5, 5, 5, 5, 5, 5, 5, 5, 5, 5, 4, 5, 5, 5, 5, 5, 5, 5, 5, 10, 5, 5, 5, 5, 5, 5, 10, 5, 5, 5, 5, 5, 5, 5, 5, 5, 5, 5, 5, 10, 5, 5, 5, 5, 10, 5, 5, 5, 15, 5, 5, 5, 5, 10, 10, 5, 5, 9, 5, 5, 5, 5, 5, 5, 8, 5, 10, 5, 5, 5, 5, 5, 5, 5, 5, 5, 5, 5, 5, 5, 5, 5, 15, 4, 10, 5, 5, 5, 10, 5, 6, 5, 5, 5, 5, 5, 5, 10, 5, 5, 15, 5, 5, 7, 5, 5, 10, 5, 5, 5, 5, 15, 5, 10, 5, 10, 5, 10, 5, 10, 5, 5, 10, 5, 5, 5, 5, 5, 10, 10, 5, 10, 5, 5, 5, 4, 15, 10, 4, 5, 5, 10, 10, 5, 5, 5, 5, 5, 5, 4, 5, 5, 5, 5, 5, 5, 5, 10, 5, 5, 15, 5, 10, 10, 5, 5, 5, 10, 1, 3, 5, 5, 10, 7, 5, 2, 5, 5, 5, 5, 5, 5, 5, 5, 6, 5, 5, 10, 5, 5, 10, 10, 10, 5, 6, 10, 15, 15, 10, 10, 5, 5, 5, 15, 5, 5, 5, 5, 5, 5, 5, 6, 5, 5, 5, 1, 15, 5, 5, 10, 10, 5, 10, 5, 5, 5, 10, 10, 20, 5, 15, 10, 5, 5, 5, 5, 5, 15, 5, 5, 5, 5, 5, 5, 10, 5, 10, 5, 5, 10, 4, 8, 5, 20, 11, 11, 5, 10, 2, 15, 10, 10, 15, 10, 
26114, 1
26114, 1074
26114, 7602
26114, 906
26114, 269
26114, 31353
26126, 3
26126, 5, 4, 
26126, 2
26126, 1119
26126, 7641
26126, 1050
26126, 183
26126, 31538
26226, 1
26226, 5, 5, 5, 5, 5, 5, 5, 5, 3, 1, 5, 5, 5, 5, 5, 5, 10, 5, 5, 5, 
26226, 1
26226, 1124
26226, 7659
26226, 968
26226, 205
26226, 31753
26551, 5
26551, 5, 5, 5, 5, 5, 5, 5, 5, 5, 5, 5, 5, 5, 5, 5, 3, 5, 5, 1, 5, 5, 5, 10, 5, 5, 2, 5, 1, 2, 5, 5, 5, 5, 5, 5, 5, 5, 5, 5, 10, 5, 5, 5, 5, 10, 5, 5, 1, 10, 5, 5, 5, 5, 5, 5, 5, 5, 5, 5, 5, 5, 5, 5, 5, 
26551, 3
26551, 1177
26551, 7760
26551, 686
26551, 148
26551, 31934
26552, 1
26552, 
26552, 1
26552, 1221
26552, 7796
26552, 848
26552, 106
26552, 32040
26553, 1
26553, 
26553, 2
26553, 1266
26553, 7830
26553, 1505
26553, 431
26553, 32472
27668, 1
27668, 5, 5, 5, 5, 5, 1, 5, 5, 5, 5, 10, 5, 5, 4, 5, 5, 2, 5, 5, 5, 5, 5, 5, 5, 5, 5, 5, 5, 5, 5, 5, 15, 5, 5, 5, 5, 5, 5, 5, 5, 5, 5, 5, 5, 10, 5, 5, 10, 5, 5, 5, 5, 5, 5, 5, 5, 5, 5, 5, 5, 5, 3, 10, 5, 5, 5, 5, 5, 10, 5, 10, 5, 5, 10, 5, 5, 5, 5, 5, 5, 5, 5, 5, 5, 5, 5, 5, 5, 5, 5, 5, 5, 5, 5, 11, 2, 4, 5, 5, 5, 5, 5, 10, 5, 5, 10, 5, 5, 5, 1, 10, 10, 1, 5, 5, 10, 5, 5, 5, 5, 10, 10, 5, 5, 5, 5, 5, 5, 5, 5, 1, 5, 5, 5, 5, 5, 10, 5, 5, 5, 5, 5, 5, 5, 15, 10, 10, 5, 5, 15, 5, 10, 10, 5, 5, 5, 5, 5, 10, 10, 5, 10, 5, 5, 10, 10, 5, 5, 5, 15, 5, 5, 10, 5, 5, 5, 5, 5, 5, 15, 5, 10, 5, 5, 5, 10, 5, 5, 5, 4, 
27668, 1
27668, 1152
27668, 8134
27668, 1368
27668, 182
27668, 29787
27886, 2
27886, 5, 5, 2, 5, 5, 5, 5, 5, 5, 5, 5, 5, 5, 5, 5, 5, 5, 5, 5, 5, 5, 5, 5, 5, 5, 5, 5, 5, 5, 5, 5, 5, 1, 5, 5, 5, 5, 5, 5, 5, 5, 5, 5, 1, 5, 2, 
27886, 1
27886, 1191
27886, 7459
27886, 689
27886, 133
27886, 29928
27887, 1
27887, 
27887, 3
27887, 1238
27887, 7504
27887, 1096
27887, 240
27887, 30147
27888, 1
27888, 
27888, 4
27888, 1288
27888, 7571
27888, 2189
27888, 219
27888, 30347
27889, 1
27889, 
27889, 1
27889, 1334
27889, 7606
27889, 949
27889, 219
27889, 30547
27890, 1
27890, 
27890, 2
27890, 1382
27890, 7600
27890, 1697
27890, 312
27890, 30831
28267, 1
28267, 5, 5, 5, 5, 5, 5, 5, 5, 5, 5, 5, 5, 5, 5, 1, 5, 5, 5, 5, 5, 5, 5, 5, 3, 5, 2, 5, 5, 5, 5, 5, 5, 5, 3, 5, 5, 5, 5, 5, 5, 5, 4, 5, 1, 5, 2, 5, 5, 5, 5, 1, 5, 4, 5, 5, 5, 5, 5, 2, 5, 5, 5, 5, 5, 5, 5, 5, 5, 5, 5, 10, 10, 5, 5, 5, 3, 5, 5, 5, 
28267, 1
28267, 1393
28267, 7408
28267, 629
28267, 125
28267, 30979
28470, 3
28470, 5, 5, 5, 5, 5, 5, 5, 5, 5, 5, 5, 5, 5, 5, 5, 5, 5, 5, 5, 5, 5, 5, 5, 5, 5, 5, 5, 5, 5, 5, 5, 5, 5, 10, 5, 5, 5, 10, 
28470, 1
28470, 1441
28470, 7580
28470, 1458
28470, 522
28470, 31473
28695, 1
28695, 5, 5, 5, 5, 5, 5, 5, 5, 5, 5, 5, 5, 5, 5, 5, 5, 5, 5, 5, 5, 5, 5, 5, 5, 5, 5, 10, 1, 5, 5, 5, 5, 5, 10, 5, 5, 5, 5, 5, 5, 5, 5, 5, 3, 
28695, 8
28695, 1410
28695, 7600
28695, 1682
28695, 301
28695, 31767
29059, 1
29059, 5, 5, 5, 1, 5, 5, 5, 5, 5, 5, 5, 2, 5, 5, 5, 5, 5, 10, 5, 5, 10, 5, 5, 5, 5, 10, 5, 5, 5, 5, 5, 5, 5, 5, 5, 5, 5, 5, 5, 5, 5, 5, 5, 5, 5, 5, 5, 5, 15, 10, 5, 5, 5, 5, 5, 5, 5, 6, 5, 5, 5, 5, 3, 5, 5, 10, 5, 1, 
29059, 2
29059, 1378
29059, 7423
29059, 746
29059, 184
29059, 31968
29060, 1
29060, 
29060, 1
29060, 1424
29060, 7464
29060, 399
29060, 122
29060, 32080
29061, 1
29061, 
29061, 4
29061, 1479
29061, 7535
29061, 705
29061, 199
29061, 32261
29228, 3
29228, 5, 5, 5, 5, 5, 5, 5, 5, 5, 5, 5, 5, 5, 5, 5, 5, 5, 5, 5, 5, 5, 5, 5, 1, 5, 5, 1, 5, 5, 5, 5, 10, 5, 2, 
29228, 5
29228, 1525
29228, 7533
29228, 954
29228, 259
29228, 32513
29229, 1
29229, 
29229, 2
29229, 1573
29229, 7572
29229, 1308
29229, 414
29229, 30149
29230, 1
29230, 
29230, 1
29230, 1620
29230, 7617
29230, 579
29230, 109
29230, 30240
29231, 1
29231, 
29231, 1
29231, 1667
29231, 7672
29231, 1055
29231, 286
29231, 30479
29476, 1
29476, 5, 5, 5, 5, 5, 5, 5, 5, 5, 5, 5, 5, 5, 5, 2, 5, 1, 5, 5, 5, 5, 5, 5, 5, 5, 5, 5, 5, 5, 5, 5, 5, 5, 5, 5, 5, 5, 1, 5, 10, 5, 1, 5, 5, 5, 4, 5, 8, 5, 5, 2, 
29476, 2
29476, 1616
29476, 6632
29476, 1404
29476, 378
29476, 30815
29636, 1
29636, 5, 5, 5, 5, 5, 5, 5, 5, 5, 5, 5, 5, 5, 10, 5, 3, 5, 5, 1, 5, 5, 10, 5, 5, 5, 5, 5, 5, 5, 5, 5, 
29636, 1
29636, 1663
29636, 6670
29636, 594
29636, 168
29636, 30968
30819, 6
30819, 5, 5, 5, 5, 5, 5, 5, 5, 5, 5, 5, 5, 5, 5, 5, 5, 5, 5, 5, 5, 1, 5, 5, 5, 5, 5, 5, 5, 5, 5, 5, 10, 5, 5, 5, 5, 5, 5, 5, 5, 5, 5, 5, 10, 5, 5, 5, 5, 5, 5, 5, 5, 5, 5, 10, 5, 5, 5, 15, 5, 5, 5, 5, 5, 5, 5, 5, 3, 5, 5, 5, 10, 5, 5, 5, 5, 5, 5, 5, 5, 5, 5, 10, 20, 5, 5, 5, 5, 2, 5, 10, 5, 5, 5, 5, 5, 5, 5, 5, 5, 10, 5, 5, 10, 5, 1, 5, 5, 5, 10, 5, 5, 5, 5, 10, 10, 10, 5, 10, 15, 1, 10, 5, 3, 10, 10, 5, 2, 5, 5, 5, 10, 10, 16, 5, 10, 5, 5, 5, 10, 10, 10, 15, 5, 5, 5, 5, 8, 11, 5, 5, 3, 5, 5, 10, 5, 10, 5, 5, 5, 5, 10, 5, 10, 5, 5, 10, 5, 5, 5, 5, 5, 5, 10, 5, 10, 5, 5, 10, 7, 10, 5, 5, 10, 5, 5, 10, 10, 10, 5, 5, 4, 
30819, 1
30819, 1632
30819, 6636
30819, 1556
30819, 378
30819, 31382
30820, 1
30820, 
30820, 1
30820, 1682
30820, 6687
30820, 519
30820, 132
30820, 31492
30821, 1
30821, 
30821, 1
30821, 1731
30821, 6701
30821, 887
30821, 264
30821, 31713
30822, 1
30822, 
30822, 2
30822, 1781
30822, 6768
30822, 1937
30822, 504
30822, 32133
31015, 2
31015, 5, 5, 5, 5, 5, 5, 5, 5, 5, 5, 5, 5, 5, 1, 5, 5, 5, 5, 5, 5, 5, 5, 1, 5, 5, 5, 5, 5, 5, 5, 5, 5, 5, 10, 5, 5, 1, 5, 5, 3, 
31015, 1
31015, 1832
31015, 6817
31015, 187
31015, 53
31015, 32194
31016, 1
31016, 
31016, 1
31016, 1880
31016, 6859
31016, 1289
31016, 284
31016, 32431
31146, 2
31146, 1, 2, 5, 5, 5, 5, 5, 5, 5, 5, 5, 5, 5, 5, 5, 5, 5, 1, 5, 5, 5, 5, 2, 5, 3, 5, 5, 5, 4, 
31146, 1
31146, 1932
31146, 6863
31146, 961
31146, 236
31146, 32639
31147, 1
31147, 
31147, 1
31147, 1981
31147, 7582
31147, 441
31147, 80
31147, 32707
31148, 1
31148, 
31148, 1
31148, 2030
31148, 7625
31148, 2975
31148, 488
31148, 30566
31149, 1
31149, 
31149, 1
31149, 2078
31149, 7679
31149, 1061
31149, 375
31149, 30855
31150, 1
31150, 
31150, 4
31150, 2129
31150, 7720
31150, 1566
31150, 402
31150, 31165
31151, 1
31151, 
31151, 2
31151, 2229
31151, 8071
31151, 2357
31151, 457
31151, 31517
31152, 1
31152, 
31152, 1
31152, 2278
31152, 8107
31152, 398
31152, 131
31152, 31618
31153, 1
31153, 
31153, 1
31153, 2326
31153, 8150
31153, 2029
31153, 308
31153, 31855
31154, 1
31154, 
31154, 1
31154, 2374
31154, 8194
31154, 4255
31154, 686
31154, 32384
31155, 1
31155, 
31155, 1
31155, 2422
31155, 8234
31155, 1635
31155, 382
31155, 32678
31769, 2
31769, 5, 5, 5, 1, 5, 5, 5, 5, 5, 1, 5, 5, 5, 5, 5, 5, 2, 5, 5, 5, 5, 5, 5, 5, 10, 5, 5, 5, 10, 5, 5, 5, 5, 5, 5, 5, 5, 5, 5, 10, 5, 5, 1, 5, 1, 5, 1, 5, 5, 5, 5, 5, 5, 5, 5, 5, 5, 5, 5, 10, 5, 5, 5, 5, 5, 5, 5, 10, 5, 5, 5, 5, 5, 10, 5, 2, 5, 5, 5, 5, 5, 5, 10, 5, 5, 5, 5, 5, 5, 5, 5, 5, 10, 5, 5, 5, 5, 10, 1, 10, 5, 5, 5, 5, 5, 5, 5, 5, 10, 2, 5, 5, 10, 5, 5, 5, 5, 
31769, 3
31769, 2121
31769, 8270
31769, 1031
31769, 245
31769, 32914
31770, 1
31770, 
31770, 3
31770, 2174
31770, 8340
31770, 711
31770, 142
31770, 33023
31771, 1
31771, 
31771, 1
31771, 2222
31771, 8384
31771, 1273
31771, 318
31771, 30892
33094, 2
33094, 1, 5, 5, 5, 5, 5, 5, 4, 5, 5, 5, 5, 5, 5, 5, 5, 5, 5, 5, 5, 5, 5, 5, 5, 5, 5, 5, 10, 10, 5, 5, 2, 5, 5, 5, 5, 10, 5, 5, 5, 5, 10, 5, 5, 5, 5, 10, 10, 5, 5, 10, 5, 5, 10, 7, 5, 10, 5, 5, 5, 5, 10, 5, 5, 5, 5, 5, 8, 5, 10, 10, 5, 5, 5, 10, 5, 5, 5, 3, 5, 5, 4, 5, 5, 5, 5, 5, 5, 5, 5, 5, 5, 10, 5, 5, 5, 5, 5, 5, 5, 5, 5, 5, 5, 5, 5, 5, 5, 2, 10, 10, 5, 5, 5, 5, 9, 5, 1, 10, 5, 5, 10, 5, 5, 5, 10, 5, 1, 1, 5, 10, 15, 6, 5, 10, 5, 2, 15, 4, 5, 5, 5, 10, 5, 5, 2, 5, 10, 5, 1, 5, 10, 5, 5, 5, 10, 5, 5, 10, 5, 5, 10, 5, 5, 5, 5, 5, 5, 5, 5, 5, 5, 5, 5, 5, 10, 5, 5, 4, 15, 5, 12, 1, 5, 5, 5, 5, 5, 9, 10, 5, 10, 4, 5, 10, 5, 5, 5, 5, 5, 10, 5, 5, 5, 5, 3, 10, 10, 5, 20, 10, 5, 5, 5, 5, 5, 7, 15, 10, 5, 8, 
33094, 4
33094, 1784
33094, 8088
33094, 2315
33094, 524
33094, 31361
33095, 1
33095, 
33095, 1
33095, 1834
33095, 8128
33095, 1688
33095, 299
33095, 31575
33439, 2
33439, 5, 2, 5, 5, 5, 5, 5, 5, 5, 5, 5, 5, 5, 5, 10, 5, 5, 5, 5, 5, 5, 5, 3, 5, 5, 5, 5, 5, 5, 5, 5, 5, 4, 5, 5, 5, 5, 5, 5, 5, 5, 5, 5, 5, 5, 1, 5, 5, 5, 5, 5, 5, 5, 5, 5, 5, 5, 5, 5, 5, 5, 5, 5, 5, 5, 5, 5, 2, 5, 5, 
33439, 3
33439, 1886
33439, 8031
33439, 1876
33439, 344
33439, 31845
37188, 9
37188, 5, 5, 5, 5, 5, 5, 5, 5, 5, 5, 5, 5, 5, 5, 5, 5, 5, 5, 5, 5, 5, 1, 5, 5, 5, 5, 5, 10, 5, 5, 5, 5, 5, 5, 10, 6, 5, 5, 5, 5, 10, 5, 2, 10, 5, 5, 5, 10, 5, 10, 5, 5, 10, 10, 5, 6, 15, 5, 5, 1, 1, 5, 5, 5, 10, 6, 5, 5, 5, 5, 5, 10, 5, 10, 10, 10, 10, 5, 3, 5, 5, 5, 15, 5, 25, 3, 10, 5, 10, 5, 5, 5, 5, 20, 5, 5, 5, 5, 7, 10, 5, 5, 3, 15, 10, 5, 5, 5, 5, 8, 5, 5, 5, 6, 1, 9, 5, 5, 4, 5, 5, 5, 9, 1, 5, 5, 10, 5, 11, 5, 5, 5, 10, 10, 5, 5, 10, 10, 10, 15, 5, 5, 5, 10, 5, 10, 5, 20, 10, 13, 10, 5, 10, 8, 10, 5, 10, 5, 10, 10, 5, 10, 5, 5, 5, 15, 10, 6, 5, 6, 5, 5, 10, 10, 15, 10, 5, 5, 5, 10, 5, 10, 15, 5, 5, 10, 5, 5, 15, 10, 15, 5, 15, 10, 10, 5, 15, 5, 5, 10, 5, 15, 10, 10, 10, 5, 23, 10, 10, 5, 5, 15, 10, 5, 5, 5, 15, 8, 5, 15, 5, 10, 5, 2, 5, 20, 15, 10, 5, 5, 5, 5, 10, 10, 5, 5, 9, 10, 10, 10, 5, 10, 5, 5, 30, 5, 5, 15, 10, 5, 5, 5, 10, 5, 5, 6, 20, 5, 15, 10, 15, 15, 5, 12, 5, 5, 10, 10, 5, 10, 15, 5, 25, 10, 15, 10, 10, 5, 10, 5, 10, 5, 5, 10, 10, 11, 5, 5, 13, 10, 20, 1, 5, 5, 5, 10, 5, 5, 5, 20, 5, 17, 15, 5, 10, 5, 5, 5, 10, 5, 20, 5, 15, 10, 5, 10, 10, 7, 7, 10, 20, 10, 15, 15, 10, 10, 9, 16, 5, 15, 10, 5, 15, 5, 7, 10, 10, 15, 8, 20, 10, 5, 15, 25, 25, 20, 5, 17, 15, 23, 5, 5, 10, 15, 5, 5, 1, 10, 10, 11, 5, 5, 10, 15, 5, 5, 20, 5, 4, 25, 5, 5, 9, 15, 10, 5, 10, 20, 25, 7, 5, 10, 10, 5, 15, 5, 20, 15, 11, 5, 10, 5, 5, 5, 5, 10, 25, 15, 5, 5, 15, 15, 5, 15, 5, 20, 10, 15, 15, 9, 5, 5, 15, 15, 5, 13, 15, 10, 5, 5, 5, 5, 5, 10, 15, 15, 10, 5, 7, 7, 5, 15, 5, 5, 10, 10, 10, 20, 5, 10, 4, 
37188, 1
37188, 1030
37188, 6740
37188, 1177
37188, 319
37188, 32341
37685, 4
37685, 5, 5, 5, 5, 5, 5, 5, 5, 5, 5, 5, 5, 5, 2, 5, 5, 5, 5, 5, 5, 5, 5, 5, 5, 5, 5, 5, 5, 5, 5, 5, 5, 5, 5, 5, 5, 5, 5, 5, 5, 5, 5, 5, 5, 5, 5, 5, 5, 1, 5, 5, 5, 1, 5, 5, 10, 10, 5, 5, 5, 5, 1, 3, 10, 5, 5, 10, 5, 5, 5, 5, 10, 15, 5, 5, 5, 5, 5, 5, 10, 5, 5, 5, 5, 5, 5, 5, 5, 5, 10, 10, 5, 
37685, 2
37685, 1050
37685, 6727
37685, 1106
37685, 343
37685, 32621
38475, 1
38475, 5, 5, 5, 5, 5, 5, 5, 5, 5, 5, 5, 5, 5, 5, 5, 5, 5, 5, 5, 5, 5, 5, 5, 5, 5, 5, 5, 5, 5, 1, 5, 5, 5, 5, 5, 5, 5, 5, 5, 5, 5, 5, 5, 5, 5, 5, 5, 5, 5, 5, 5, 1, 5, 5, 5, 5, 10, 5, 5, 5, 5, 5, 5, 5, 5, 5, 5, 5, 10, 5, 5, 5, 5, 5, 12, 5, 5, 5, 5, 5, 5, 5, 5, 5, 5, 5, 5, 5, 5, 5, 5, 15, 5, 5, 5, 5, 5, 5, 5, 5, 10, 10, 5, 5, 10, 5, 5, 5, 5, 5, 10, 10, 5, 10, 5, 5, 5, 2, 2, 5, 5, 5, 1, 5, 5, 5, 5, 10, 5, 5, 10, 5, 5, 5, 5, 7, 10, 7, 15, 5, 5, 10, 5, 1, 
38475, 1
38475, 1104
38475, 6638
38475, 869
38475, 177
38475, 32805
39815, 3
39815, 5, 5, 5, 5, 5, 5, 5, 5, 5, 5, 1, 1, 5, 5, 5, 10, 5, 5, 5, 10, 5, 5, 5, 5, 5, 5, 10, 5, 5, 5, 5, 5, 5, 5, 4, 5, 5, 5, 5, 5, 5, 5, 5, 5, 5, 5, 5, 5, 5, 5, 5, 5, 5, 5, 5, 10, 5, 5, 5, 2, 5, 5, 5, 5, 5, 5, 10, 5, 5, 5, 5, 5, 5, 5, 5, 5, 5, 10, 5, 10, 5, 5, 5, 5, 5, 5, 5, 5, 10, 10, 5, 5, 10, 5, 5, 1, 5, 15, 5, 5, 10, 1, 5, 5, 3, 10, 10, 5, 5, 15, 5, 5, 10, 10, 3, 5, 5, 5, 5, 5, 5, 5, 5, 5, 10, 10, 5, 5, 10, 5, 5, 5, 7, 5, 5, 5, 10, 5, 2, 5, 5, 10, 5, 5, 5, 5, 5, 5, 10, 3, 5, 5, 8, 5, 5, 5, 5, 10, 5, 5, 5, 10, 1, 15, 5, 5, 5, 5, 10, 5, 10, 10, 5, 5, 10, 5, 5, 5, 5, 5, 5, 15, 5, 5, 5, 3, 5, 5, 5, 10, 10, 10, 10, 5, 15, 5, 5, 5, 5, 7, 5, 5, 5, 10, 5, 10, 5, 5, 15, 5, 5, 5, 5, 5, 5, 5, 10, 5, 5, 5, 10, 15, 10, 
39815, 4
39815, 1104
39815, 6833
39815, 2053
39815, 482
39815, 33245
40105, 2
40105, 5, 5, 5, 5, 5, 5, 5, 5, 5, 5, 5, 5, 5, 5, 5, 5, 5, 5, 6, 5, 5, 5, 5, 5, 5, 5, 3, 5, 5, 10, 5, 5, 5, 5, 5, 5, 5, 5, 10, 5, 5, 5, 5, 10, 5, 5, 5, 3, 5, 5, 5, 5, 5, 5, 5, 1, 
40105, 1
40105, 1107
40105, 6860
40105, 1005
40105, 300
40105, 31248
40106, 1
40106, 
40106, 1
40106, 1170
40106, 6933
40106, 802
40106, 144
40106, 31345
40890, 1
40890, 5, 5, 5, 5, 5, 5, 5, 5, 5, 5, 5, 3, 1, 5, 5, 1, 5, 5, 5, 5, 5, 5, 5, 5, 5, 5, 5, 5, 5, 5, 1, 5, 5, 5, 5, 10, 5, 5, 5, 5, 5, 5, 4, 5, 10, 5, 5, 5, 5, 2, 5, 5, 5, 5, 5, 5, 5, 5, 5, 5, 5, 5, 5, 10, 5, 5, 5, 10, 5, 5, 5, 5, 5, 5, 5, 5, 5, 5, 5, 5, 5, 5, 5, 5, 5, 15, 5, 3, 5, 1, 5, 5, 5, 5, 5, 5, 5, 2, 5, 5, 5, 5, 5, 5, 5, 5, 10, 10, 5, 7, 5, 5, 5, 5, 5, 10, 5, 5, 5, 5, 5, 5, 10, 5, 5, 5, 5, 5, 5, 5, 5, 5, 5, 5, 5, 5, 15, 5, 5, 5, 5, 5, 5, 5, 5, 5, 5, 5, 5, 3, 
40890, 5
40890, 1217
40890, 6809
40890, 2129
40890, 476
40890, 31715
40891, 1
40891, 
40891, 2
40891, 1281
40891, 6862
40891, 1117
40891, 295
40891, 31912
41460, 2
41460, 5, 5, 5, 5, 5, 5, 2, 5, 5, 5, 5, 1, 5, 5, 5, 3, 5, 5, 5, 5, 5, 5, 5, 5, 5, 5, 5, 4, 5, 5, 5, 5, 5, 5, 5, 10, 5, 5, 5, 5, 5, 5, 5, 5, 5, 5, 5, 5, 15, 10, 5, 5, 5, 5, 5, 5, 5, 5, 5, 1, 5, 3, 5, 5, 5, 5, 5, 5, 5, 5, 3, 5, 10, 5, 5, 5, 9, 5, 1, 5, 5, 5, 5, 10, 5, 5, 5, 5, 5, 5, 5, 5, 10, 5, 5, 5, 5, 5, 5, 5, 10, 5, 5, 5, 5, 5, 10, 5, 
41460, 1
41460, 1322
41460, 6032
41460, 1136
41460, 204
41460, 32086
41461, 1
41461, 
41461, 1
41461, 1387
41461, 6093
41461, 479
41461, 104
41461, 32156
41462, 1
41462, 
41462, 4
41462, 1455
41462, 6157
41462, 2059
41462, 448
41462, 32455
42038, 1
42038, 5, 5, 5, 5, 5, 5, 5, 1, 5, 2, 5, 5, 5, 5, 5, 5, 5, 5, 5, 5, 5, 5, 5, 5, 5, 5, 5, 5, 5, 5, 5, 5, 5, 1, 5, 5, 5, 5, 10, 5, 5, 5, 2, 5, 3, 5, 5, 10, 5, 3, 5, 5, 5, 5, 5, 2, 5, 5, 5, 5, 5, 5, 5, 3, 5, 5, 5, 5, 4, 5, 5, 5, 5, 2, 5, 5, 10, 5, 1, 10, 5, 5, 5, 5, 5, 5, 5, 5, 5, 5, 5, 5, 5, 5, 5, 5, 6, 5, 5, 5, 5, 10, 10, 5, 5, 5, 5, 5, 5, 5, 5, 5, 5, 5, 5, 
42038, 1
42038, 1401
42038, 5912
42038, 492
42038, 144
42038, 32590
42039, 1
42039, 
42039, 1
42039, 1466
42039, 5981
42039, 1460
42039, 299
42039, 32789
42040, 1
42040, 
42040, 1
42040, 1531
42040, 6040
42040, 1686
42040, 392
42040, 33051
42041, 1
42041, 
42041, 1
42041, 1596
42041, 6106
42041, 981
42041, 407
42041, 33323
42717, 6
42717, 2, 5, 5, 5, 5, 2, 5, 5, 5, 5, 5, 3, 5, 5, 10, 5, 5, 5, 5, 5, 5, 5, 5, 5, 5, 5, 5, 5, 5, 5, 5, 5, 5, 5, 5, 5, 5, 5, 5, 5, 5, 5, 5, 5, 5, 5, 5, 5, 5, 5, 5, 5, 3, 5, 5, 5, 5, 5, 5, 5, 5, 5, 5, 5, 5, 2, 5, 5, 5, 1, 5, 5, 10, 5, 5, 5, 5, 10, 5, 5, 5, 5, 5, 10, 10, 5, 10, 5, 5, 6, 5, 15, 5, 1, 5, 10, 5, 5, 10, 5, 10, 5, 5, 5, 10, 5, 5, 5, 5, 5, 5, 5, 5, 5, 5, 5, 5, 10, 1, 2, 5, 10, 5, 11, 1, 
42717, 1
42717, 1393
42717, 6842
42717, 384
42717, 79
42717, 33421
42731, 4
42731, 5, 5, 
42731, 4
42731, 1459
42731, 6956
42731, 1343
42731, 223
42731, 33571
42732, 1
42732, 
42732, 1
42732, 1525
42732, 7021
42732, 1853
42732, 607
42732, 31853
42733, 1
42733, 
42733, 1
42733, 1591
42733, 7079
42733, 917
42733, 204
42733, 31981
44357, 7
44357, 5, 5, 5, 5, 5, 5, 5, 5, 5, 1, 5, 5, 5, 5, 5, 5, 5, 5, 5, 5, 5, 5, 5, 10, 5, 5, 5, 5, 1, 5, 5, 5, 5, 10, 5, 5, 5, 10, 5, 5, 4, 10, 5, 5, 5, 5, 5, 5, 10, 5, 5, 5, 10, 5, 5, 10, 5, 5, 2, 1, 5, 5, 5, 10, 5, 5, 5, 5, 5, 5, 5, 5, 5, 5, 5, 5, 5, 5, 5, 5, 5, 5, 5, 5, 5, 5, 5, 5, 5, 5, 5, 5, 5, 5, 5, 5, 5, 5, 5, 10, 5, 5, 5, 5, 5, 5, 10, 5, 5, 10, 5, 5, 5, 5, 10, 5, 5, 5, 5, 10, 5, 5, 5, 15, 5, 5, 5, 10, 5, 6, 5, 5, 10, 5, 10, 5, 10, 10, 5, 5, 5, 5, 5, 8, 5, 5, 5, 5, 5, 5, 10, 7, 15, 5, 1, 5, 5, 5, 10, 1, 10, 7, 10, 10, 10, 10, 5, 5, 10, 5, 5, 7, 5, 2, 5, 5, 5, 5, 4, 5, 5, 5, 10, 5, 5, 6, 15, 5, 5, 10, 5, 5, 10, 5, 10, 10, 5, 5, 5, 8, 5, 1, 1, 10, 15, 5, 5, 5, 5, 5, 5, 5, 5, 5, 10, 5, 5, 15, 5, 5, 10, 5, 5, 5, 5, 5, 6, 5, 4, 5, 15, 10, 11, 10, 10, 5, 1, 10, 10, 5, 5, 10, 5, 5, 5, 5, 5, 5, 10, 5, 5, 10, 11, 11, 5, 5, 15, 10, 10, 5, 5, 5, 10, 15, 
44357, 1
44357, 1450
44357, 6862
44357, 1551
44357, 331
44357, 32290
46748, 2
46748, 5, 5, 3, 5, 5, 5, 5, 5, 5, 5, 5, 5, 5, 5, 5, 5, 4, 5, 5, 5, 5, 5, 5, 5, 5, 5, 5, 5, 5, 5, 5, 5, 10, 4, 10, 5, 5, 5, 5, 5, 5, 5, 5, 5, 5, 4, 5, 5, 10, 5, 5, 5, 5, 5, 5, 10, 10, 5, 5, 5, 5, 5, 5, 10, 5, 10, 5, 5, 10, 5, 5, 5, 10, 5, 5, 10, 15, 5, 10, 5, 5, 10, 5, 9, 5, 5, 5, 10, 10, 5, 1, 10, 5, 5, 5, 5, 5, 5, 5, 5, 5, 5, 5, 5, 5, 5, 10, 5, 9, 10, 10, 5, 5, 5, 10, 5, 5, 5, 5, 10, 10, 15, 10, 10, 5, 5, 5, 5, 5, 5, 5, 5, 1, 10, 2, 5, 10, 15, 15, 13, 5, 5, 5, 5, 15, 5, 5, 5, 10, 5, 5, 10, 5, 6, 5, 5, 10, 15, 10, 5, 5, 10, 5, 5, 5, 15, 10, 5, 15, 5, 5, 5, 2, 5, 5, 10, 10, 5, 5, 8, 5, 5, 15, 5, 5, 5, 5, 2, 5, 10, 5, 10, 5, 9, 10, 5, 5, 20, 5, 7, 5, 5, 10, 5, 10, 3, 5, 5, 15, 1, 5, 10, 5, 5, 10, 5, 5, 5, 5, 5, 10, 1, 5, 5, 10, 10, 10, 10, 10, 10, 15, 5, 5, 17, 3, 10, 5, 5, 10, 5, 5, 5, 20, 5, 5, 10, 5, 5, 5, 10, 5, 10, 10, 5, 10, 10, 10, 5, 5, 10, 5, 5, 5, 5, 15, 5, 5, 6, 5, 5, 18, 15, 5, 5, 5, 5, 10, 10, 5, 10, 15, 15, 12, 10, 5, 10, 15, 5, 5, 5, 5, 10, 5, 5, 10, 1, 5, 5, 10, 15, 10, 10, 5, 10, 5, 7, 5, 5, 7, 15, 10, 5, 5, 5, 5, 5, 5, 5, 5, 15, 15, 15, 5, 5, 10, 20, 15, 5, 5, 5, 5, 15, 5, 10, 10, 15, 10, 10, 19, 
46748, 1
46748, 1126
46748, 5566
46748, 426
46748, 57
46748, 32475
46749, 1
46749, 
46749, 1
46749, 1199
46749, 5635
46749, 1566
46749, 594
46749, 32847
46750, 1
46750, 
46750, 1
46750, 1272
46750, 5709
46750, 629
46750, 255
46750, 33006
46751, 1
46751, 
46751, 1
46751, 1345
46751, 5775
46751, 1351
46751, 428
46751, 33274
47626, 5
47626, 5, 2, 5, 5, 5, 5, 5, 5, 5, 5, 5, 5, 5, 5, 5, 5, 5, 5, 5, 5, 5, 5, 5, 5, 10, 5, 5, 2, 5, 5, 5, 5, 5, 5, 5, 5, 5, 5, 5, 5, 1, 5, 5, 5, 5, 5, 5, 10, 5, 5, 5, 10, 5, 5, 5, 10, 5, 10, 5, 5, 5, 5, 5, 5, 5, 5, 5, 5, 5, 5, 5, 5, 6, 5, 5, 5, 1, 5, 5, 5, 5, 10, 5, 5, 5, 5, 5, 10, 5, 5, 5, 8, 5, 5, 2, 5, 5, 5, 5, 1, 5, 5, 3, 5, 5, 5, 10, 5, 5, 5, 10, 4, 5, 5, 10, 5, 5, 10, 10, 8, 6, 5, 5, 5, 5, 5, 5, 5, 10, 10, 10, 5, 5, 10, 5, 5, 5, 10, 5, 5, 5, 5, 5, 20, 10, 12, 5, 15, 5, 5, 10, 4, 
47626, 1
47626, 1354
47626, 5842
47626, 866
47626, 153
47626, 33425
47627, 1
47627, 
47627, 1
47627, 1428
47627, 5911
47627, 3293
47627, 645
47627, 31838
47628, 1
47628, 
47628, 1
47628, 1501
47628, 5979
47628, 2879
47628, 404
47628, 32076
47629, 1
47629, 
47629, 1
47629, 1574
47629, 6050
47629, 1264
47629, 261
47629, 32230
47911, 1
47911, 5, 5, 5, 5, 5, 5, 5, 5, 5, 5, 5, 5, 5, 5, 5, 5, 5, 5, 5, 5, 5, 5, 1, 3, 5, 5, 5, 5, 5, 5, 10, 5, 5, 5, 5, 5, 5, 5, 5, 5, 5, 5, 5, 5, 2, 5, 5, 5, 5, 5, 5, 5, 5, 5, 5, 5, 5, 
47911, 1
47911, 1509
47911, 6042
47911, 608
47911, 158
47911, 32340
47912, 1
47912, 
47912, 3
47912, 1585
47912, 6114
47912, 1101
47912, 214
47912, 32466
47913, 1
47913, 
47913, 1
47913, 1658
47913, 6183
47913, 922
47913, 328
47913, 32660
48115, 1
48115, 5, 5, 5, 5, 5, 5, 4, 5, 5, 10, 5, 5, 2, 5, 5, 5, 5, 1, 5, 5, 5, 5, 5, 5, 5, 5, 5, 5, 5, 10, 5, 5, 5, 5, 5, 3, 5, 3, 5, 8, 
48115, 1
48115, 1732
48115, 6262
48115, 658
48115, 92
48115, 32726
49604, 7
49604, 5, 5, 3, 5, 5, 5, 5, 5, 5, 5, 5, 5, 5, 5, 5, 5, 5, 5, 5, 5, 5, 5, 2, 5, 5, 5, 3, 5, 5, 5, 5, 5, 5, 5, 5, 5, 10, 5, 5, 5, 5, 5, 10, 5, 5, 3, 5, 5, 5, 5, 5, 5, 5, 5, 5, 5, 5, 5, 5, 10, 5, 3, 5, 5, 10, 5, 5, 5, 5, 5, 5, 2, 5, 15, 10, 5, 5, 5, 5, 5, 10, 5, 5, 5, 5, 5, 5, 2, 5, 5, 10, 5, 5, 5, 5, 5, 5, 10, 5, 5, 5, 5, 5, 5, 10, 5, 10, 10, 5, 5, 5, 5, 10, 5, 5, 5, 5, 10, 5, 5, 10, 5, 5, 5, 5, 15, 5, 5, 5, 5, 15, 10, 5, 5, 1, 5, 5, 10, 10, 5, 5, 5, 5, 15, 5, 10, 5, 10, 5, 5, 5, 5, 5, 15, 5, 5, 2, 5, 5, 5, 5, 5, 5, 5, 3, 5, 5, 5, 5, 5, 5, 10, 5, 10, 10, 5, 10, 9, 5, 10, 5, 8, 5, 9, 5, 10, 5, 5, 10, 5, 5, 15, 15, 2, 5, 10, 5, 5, 5, 5, 10, 20, 5, 5, 5, 10, 10, 5, 15, 10, 10, 5, 5, 15, 5, 5, 20, 10, 5, 8, 5, 5, 5, 5, 5, 5, 13, 7, 10, 15, 5, 5, 5, 5, 10, 5, 2, 
49604, 1
49604, 1397
49604, 5911
49604, 649
49604, 113
49604, 32880
50230, 3
50230, 5, 5, 5, 5, 5, 5, 1, 5, 5, 5, 2, 2, 1, 5, 5, 5, 5, 5, 5, 5, 5, 5, 3, 1, 5, 5, 5, 5, 5, 5, 1, 5, 5, 10, 5, 5, 5, 5, 5, 5, 5, 5, 5, 5, 5, 10, 5, 5, 5, 5, 5, 5, 5, 5, 5, 5, 5, 2, 5, 5, 5, 5, 5, 5, 10, 5, 10, 5, 5, 5, 5, 5, 5, 5, 5, 5, 5, 10, 10, 5, 1, 10, 5, 5, 5, 5, 5, 5, 5, 7, 5, 15, 5, 5, 5, 1, 5, 5, 5, 5, 1, 5, 10, 5, 5, 10, 5, 5, 5, 5, 10, 5, 5, 5, 5, 10, 5, 10, 
50230, 8
50230, 1527
50230, 6032
50230, 1497
50230, 307
50230, 33097
50231, 1
50231, 
50231, 3
50231, 1606
50231, 6103
50231, 2005
50231, 447
50231, 33361
50232, 1
50232, 
50232, 1
50232, 1683
50232, 6175
50232, 1548
50232, 398
50232, 33595
50233, 1
50233, 
50233, 2
50233, 1774
50233, 6311
50233, 1007
50233, 298
50233, 31895
50877, 2
50877, 5, 5, 5, 2, 5, 5, 5, 5, 5, 5, 5, 5, 5, 5, 5, 5, 5, 5, 5, 5, 5, 5, 3, 3, 5, 5, 5, 5, 5, 5, 5, 3, 5, 5, 5, 5, 10, 5, 5, 5, 5, 5, 5, 5, 5, 10, 5, 5, 1, 5, 5, 5, 2, 5, 1, 10, 5, 5, 5, 5, 4, 5, 5, 7, 5, 5, 5, 5, 5, 5, 5, 5, 10, 2, 5, 5, 5, 10, 5, 5, 5, 10, 10, 5, 10, 5, 5, 3, 5, 5, 5, 5, 5, 5, 5, 1, 5, 5, 5, 5, 5, 5, 10, 5, 10, 5, 5, 5, 1, 10, 10, 10, 5, 5, 5, 5, 5, 5, 5, 5, 5, 4, 
50877, 4
50877, 1830
50877, 6267
50877, 2383
50877, 314
50877, 32105
50878, 1
50878, 
50878, 1
50878, 1907
50878, 6337
50878, 837
50878, 214
50878, 32224
50879, 1
50879, 
50879, 3
50879, 1997
50879, 6472
50879, 1574
50879, 320
50879, 32402
50892, 3
50892, 5, 5, 
50892, 3
50892, 2075
50892, 6548
50892, 1421
50892, 267
50892, 32551
50893, 1
50893, 
50893, 2
50893, 2155
50893, 6655
50893, 1212
50893, 200
50893, 32663
50894, 1
50894, 
50894, 2
50894, 2232
50894, 6737
50894, 1702
50894, 326
50894, 32844
50895, 1
50895, 
50895, 1
50895, 2307
50895, 6807
50895, 561
50895, 242
50895, 32979
50896, 1
50896, 
50896, 1
50896, 2382
50896, 6877
50896, 384
50896, 72
50896, 33020
50897, 1
50897, 
50897, 1
50897, 2467
50897, 6973
50897, 1131
50897, 345
50897, 33212
51885, 1
51885, 5, 5, 5, 5, 5, 5, 5, 5, 5, 5, 5, 5, 5, 5, 5, 5, 5, 5, 5, 5, 5, 5, 5, 5, 5, 5, 5, 5, 1, 5, 5, 5, 5, 5, 5, 5, 10, 5, 5, 5, 5, 5, 5, 5, 5, 5, 5, 10, 5, 5, 5, 5, 5, 5, 5, 5, 5, 5, 1, 5, 5, 5, 5, 5, 5, 10, 5, 5, 5, 5, 5, 5, 5, 5, 5, 5, 10, 5, 5, 5, 5, 5, 5, 5, 5, 5, 5, 10, 5, 5, 5, 5, 5, 5, 5, 10, 10, 5, 5, 5, 5, 5, 5, 1, 5, 5, 5, 5, 5, 10, 5, 5, 5, 5, 10, 5, 5, 5, 10, 5, 6, 15, 10, 4, 5, 5, 5, 5, 7, 5, 10, 5, 5, 5, 5, 10, 5, 10, 5, 5, 5, 5, 3, 10, 5, 5, 5, 4, 5, 5, 10, 5, 7, 5, 5, 5, 10, 5, 5, 10, 11, 10, 2, 10, 5, 5, 5, 10, 5, 5, 10, 10, 5, 5, 
51885, 4
51885, 2047
51885, 6722
51885, 692
51885, 156
51885, 33354
52568, 4
52568, 5, 5, 5, 5, 5, 5, 10, 5, 2, 5, 5, 5, 1, 5, 5, 5, 5, 5, 5, 5, 5, 5, 5, 5, 5, 5, 5, 5, 5, 5, 5, 5, 5, 5, 5, 5, 5, 5, 5, 5, 10, 5, 5, 5, 5, 5, 2, 5, 5, 6, 10, 5, 5, 5, 5, 5, 5, 5, 5, 5, 5, 5, 1, 10, 2, 5, 3, 5, 5, 10, 5, 10, 5, 5, 5, 5, 5, 10, 5, 5, 5, 5, 10, 5, 5, 5, 5, 5, 10, 5, 5, 5, 5, 5, 5, 5, 5, 5, 5, 5, 5, 5, 5, 10, 5, 5, 5, 5, 5, 5, 5, 5, 5, 1, 5, 5, 7, 10, 5, 5, 5, 5, 5, 1, 5, 6, 5, 5, 5, 2, 
52568, 1
52568, 1871
52568, 6688
52568, 1533
52568, 546
52568, 33695
52571, 3
52571, 
52571, 1
52571, 1950
52571, 6762
52571, 1953
52571, 557
52571, 32215
53399, 8
53399, 5, 5, 5, 5, 5, 5, 5, 5, 5, 5, 5, 5, 5, 5, 5, 5, 5, 10, 5, 5, 5, 5, 4, 5, 5, 5, 5, 5, 5, 5, 5, 5, 15, 5, 1, 5, 5, 5, 5, 5, 5, 5, 10, 5, 5, 5, 5, 5, 5, 5, 5, 5, 5, 5, 5, 5, 5, 5, 5, 5, 5, 5, 5, 5, 5, 5, 5, 5, 5, 5, 5, 5, 5, 10, 5, 5, 5, 5, 5, 5, 10, 5, 5, 5, 5, 5, 5, 5, 5, 5, 10, 5, 5, 5, 5, 5, 5, 5, 5, 5, 5, 5, 5, 10, 5, 5, 5, 10, 5, 11, 5, 5, 5, 5, 5, 3, 5, 5, 5, 5, 5, 5, 5, 10, 5, 5, 5, 5, 6, 5, 5, 5, 5, 2, 10, 10, 10, 5, 5, 5, 5, 5, 6, 5, 5, 5, 5, 5, 5, 2, 5, 5, 
53399, 1
53399, 1799
53399, 6420
53399, 4213
53399, 697
53399, 32626
53400, 1
53400, 
53400, 1
53400, 1879
53400, 6497
53400, 1024
53400, 187
53400, 32725
53401, 1
53401, 
53401, 1
53401, 1958
53401, 6650
53401, 2762
53401, 445
53401, 32959
54476, 2
54476, 5, 5, 5, 5, 5, 5, 5, 5, 5, 5, 5, 5, 5, 5, 5, 5, 5, 2, 5, 3, 5, 5, 5, 10, 5, 5, 5, 5, 5, 10, 5, 5, 5, 5, 5, 5, 10, 5, 1, 5, 5, 5, 5, 5, 5, 5, 10, 5, 5, 5, 5, 5, 5, 3, 5, 5, 5, 5, 5, 5, 5, 5, 5, 5, 5, 5, 5, 5, 5, 5, 5, 5, 5, 5, 5, 5, 11, 5, 1, 5, 5, 10, 5, 5, 5, 5, 5, 5, 5, 10, 2, 5, 8, 5, 5, 5, 5, 1, 5, 5, 5, 5, 10, 5, 5, 10, 2, 5, 5, 5, 4, 5, 10, 10, 2, 5, 5, 5, 5, 5, 10, 5, 10, 5, 5, 5, 10, 5, 5, 5, 5, 5, 5, 5, 5, 5, 5, 5, 5, 5, 5, 5, 15, 5, 5, 15, 10, 10, 5, 3, 5, 10, 5, 5, 5, 5, 5, 5, 10, 15, 5, 10, 10, 5, 5, 5, 10, 15, 10, 5, 5, 5, 5, 5, 5, 10, 5, 5, 5, 10, 5, 5, 5, 10, 15, 
54476, 1
54476, 1798
54476, 6600
54476, 2183
54476, 225
54476, 33135
56115, 8
56115, 5, 5, 5, 5, 5, 5, 5, 5, 5, 5, 5, 5, 5, 1, 5, 5, 5, 5, 5, 5, 5, 5, 5, 5, 5, 5, 1, 5, 5, 5, 10, 5, 5, 5, 5, 5, 5, 5, 5, 3, 1, 5, 5, 5, 5, 5, 5, 5, 5, 5, 5, 10, 10, 5, 5, 5, 5, 5, 5, 5, 2, 5, 10, 10, 5, 10, 5, 5, 5, 5, 5, 5, 5, 5, 5, 5, 5, 10, 10, 5, 5, 5, 5, 5, 7, 5, 5, 5, 5, 5, 5, 5, 5, 5, 5, 3, 5, 5, 10, 5, 5, 5, 5, 5, 5, 8, 5, 5, 10, 5, 5, 15, 5, 10, 5, 15, 6, 5, 5, 3, 10, 5, 5, 5, 10, 10, 5, 5, 5, 5, 5, 15, 5, 10, 5, 10, 5, 5, 5, 10, 10, 5, 5, 5, 5, 5, 5, 5, 5, 5, 20, 15, 5, 5, 5, 3, 5, 5, 5, 10, 5, 5, 5, 5, 5, 10, 5, 5, 10, 5, 5, 5, 10, 10, 8, 10, 5, 5, 5, 5, 5, 10, 10, 5, 5, 5, 5, 5, 5, 5, 5, 5, 5, 10, 5, 3, 10, 5, 5, 5, 5, 5, 10, 5, 5, 5, 5, 10, 3, 10, 5, 5, 5, 5, 1, 10, 5, 5, 5, 5, 8, 10, 10, 10, 5, 5, 5, 5, 10, 5, 5, 5, 7, 5, 5, 5, 5, 5, 5, 5, 5, 5, 5, 5, 5, 5, 10, 5, 5, 15, 5, 5, 5, 2, 5, 10, 5, 5, 5, 10, 10, 15, 6, 5, 5, 5, 5, 5, 5, 5, 5, 10, 5, 5, 
56115, 1
56115, 1645
56115, 6502
56115, 1827
56115, 314
56115, 33386
56116, 1
56116, 
56116, 2
56116, 1729
56116, 6593
56116, 1001
56116, 171
56116, 33476
57577, 10
57577, 5, 5, 5, 5, 2, 5, 5, 5, 5, 5, 5, 5, 5, 5, 3, 5, 5, 5, 5, 3, 5, 5, 5, 5, 5, 5, 5, 3, 5, 5, 5, 5, 5, 5, 9, 15, 5, 5, 5, 5, 5, 5, 5, 5, 5, 5, 5, 5, 5, 10, 10, 5, 5, 5, 5, 5, 5, 2, 5, 5, 5, 5, 10, 5, 5, 5, 5, 5, 5, 5, 5, 5, 1, 3, 5, 5, 5, 5, 5, 5, 5, 10, 5, 5, 10, 10, 5, 10, 15, 5, 5, 5, 5, 5, 2, 5, 5, 5, 5, 5, 15, 5, 5, 10, 10, 5, 5, 5, 5, 7, 5, 5, 5, 5, 5, 5, 5, 5, 5, 5, 5, 5, 2, 5, 5, 5, 10, 10, 5, 5, 5, 5, 5, 10, 5, 5, 5, 5, 10, 5, 5, 5, 10, 5, 5, 5, 5, 5, 5, 5, 1, 3, 5, 5, 7, 5, 5, 6, 5, 5, 5, 5, 5, 5, 5, 5, 5, 10, 5, 10, 10, 15, 5, 15, 5, 5, 10, 10, 15, 5, 5, 10, 5, 6, 10, 5, 3, 10, 15, 5, 5, 5, 5, 10, 2, 5, 5, 5, 10, 1, 5, 10, 5, 5, 5, 5, 5, 5, 10, 5, 5, 5, 5, 5, 10, 5, 10, 10, 5, 5, 5, 15, 5, 5, 15, 10, 5, 5, 10, 5, 5, 5, 1, 5, 5, 5, 5, 20, 5, 5, 5, 5, 10, 4, 
57577, 1
57577, 1604
57577, 6289
57577, 1438
57577, 419
57577, 32085
57578, 1
57578, 
57578, 1
57578, 1689
57578, 6368
57578, 320
57578, 71
57578, 32121
57579, 1
57579, 
57579, 1
57579, 1773
57579, 6456
57579, 1247
57579, 446
57579, 32344
58855, 6
58855, 5, 5, 2, 5, 5, 5, 5, 5, 5, 5, 5, 3, 5, 5, 5, 5, 5, 5, 1, 5, 5, 5, 5, 5, 10, 5, 1, 5, 5, 5, 5, 5, 5, 5, 5, 5, 5, 5, 5, 5, 2, 1, 5, 5, 10, 5, 10, 1, 5, 5, 5, 5, 5, 10, 5, 5, 5, 5, 12, 5, 5, 5, 5, 10, 5, 5, 5, 5, 5, 5, 5, 10, 5, 5, 5, 5, 5, 5, 5, 5, 5, 5, 5, 6, 5, 10, 5, 10, 10, 10, 5, 11, 5, 5, 5, 10, 5, 5, 2, 5, 5, 5, 5, 10, 5, 15, 10, 5, 5, 5, 10, 5, 10, 5, 6, 10, 5, 10, 5, 5, 5, 5, 10, 5, 1, 5, 5, 2, 5, 5, 5, 2, 5, 5, 5, 5, 5, 3, 5, 5, 10, 5, 5, 5, 5, 5, 3, 5, 5, 5, 5, 10, 5, 5, 5, 5, 10, 5, 5, 15, 5, 5, 10, 10, 5, 5, 5, 5, 5, 10, 10, 5, 10, 5, 5, 5, 5, 5, 5, 5, 5, 5, 5, 5, 5, 5, 15, 5, 10, 10, 6, 5, 5, 5, 6, 5, 5, 5, 5, 5, 5, 5, 5, 5, 5, 5, 5, 5, 10, 5, 10, 5, 5, 5, 5, 5, 5, 5, 5, 5, 14, 
58855, 3
58855, 1604
58855, 6392
58855, 958
58855, 281
58855, 32549
58856, 1
58856, 
58856, 1
58856, 1691
58856, 6489
58856, 2617
58856, 476
58856, 32787
60736, 1
60736, 5, 5, 5, 5, 5, 5, 5, 5, 5, 5, 5, 5, 5, 5, 5, 5, 5, 10, 4, 5, 5, 10, 5, 5, 5, 5, 5, 5, 3, 5, 5, 5, 5, 5, 5, 5, 5, 5, 5, 5, 5, 5, 7, 5, 5, 5, 5, 5, 5, 5, 5, 1, 5, 5, 5, 5, 10, 3, 5, 5, 5, 5, 5, 5, 5, 5, 5, 1, 5, 5, 5, 10, 5, 3, 5, 10, 5, 5, 5, 5, 5, 10, 5, 5, 5, 5, 5, 5, 5, 5, 6, 10, 5, 6, 4, 15, 5, 10, 7, 5, 5, 10, 1, 5, 5, 10, 5, 6, 10, 5, 5, 5, 5, 5, 5, 5, 5, 5, 5, 10, 5, 5, 5, 5, 5, 5, 5, 5, 5, 10, 5, 5, 5, 15, 5, 5, 5, 10, 5, 5, 5, 5, 5, 5, 5, 5, 10, 1, 10, 5, 5, 5, 5, 5, 5, 5, 5, 5, 5, 5, 5, 5, 10, 20, 15, 1, 10, 10, 5, 10, 10, 1, 5, 5, 5, 5, 10, 3, 10, 10, 5, 5, 5, 2, 5, 5, 12, 5, 15, 5, 5, 5, 5, 5, 10, 10, 5, 5, 5, 10, 5, 10, 10, 5, 5, 5, 5, 10, 5, 6, 13, 5, 5, 5, 10, 10, 5, 5, 10, 10, 5, 5, 5, 13, 5, 10, 15, 10, 5, 5, 10, 15, 5, 1, 5, 5, 18, 5, 5, 5, 5, 5, 10, 6, 5, 5, 5, 5, 5, 10, 10, 15, 15, 5, 5, 5, 10, 10, 5, 5, 5, 5, 1, 5, 5, 5, 10, 10, 5, 5, 10, 10, 11, 5, 5, 5, 10, 5, 2, 5, 5, 5, 10, 15, 5, 10, 5, 5, 2, 9, 15, 5, 7, 5, 5, 10, 5, 5, 10, 5, 3, 
60736, 17
60736, 1420
60736, 8190
60736, 1223
60736, 416
60736, 33089
61068, 1
61068, 5, 5, 5, 5, 5, 5, 5, 5, 5, 5, 5, 5, 5, 5, 5, 5, 5, 5, 5, 5, 5, 5, 5, 5, 5, 5, 5, 5, 5, 5, 5, 5, 5, 5, 5, 5, 10, 5, 5, 5, 5, 5, 5, 5, 5, 5, 5, 5, 5, 5, 5, 5, 2, 5, 5, 5, 5, 5, 5, 5, 5, 5, 5, 10, 4, 
61068, 1
61068, 1424
61068, 8326
61068, 1193
61068, 243
61068, 33227
61393, 1
61393, 5, 5, 5, 5, 5, 5, 5, 5, 5, 5, 5, 5, 5, 5, 5, 5, 5, 3, 5, 5, 5, 5, 5, 5, 5, 5, 5, 5, 10, 5, 5, 5, 5, 5, 5, 5, 5, 5, 5, 5, 5, 5, 5, 5, 5, 10, 5, 5, 5, 5, 10, 5, 5, 5, 5, 5, 5, 5, 1, 5, 5, 5, 5, 
61393, 2
61393, 1505
61393, 8340
61393, 921
61393, 220
61393, 33354
61837, 2
61837, 5, 5, 5, 5, 5, 5, 5, 5, 5, 5, 5, 5, 5, 5, 1, 5, 5, 5, 5, 5, 5, 5, 5, 5, 1, 5, 5, 5, 5, 5, 5, 5, 5, 5, 5, 5, 5, 5, 10, 5, 5, 5, 5, 5, 5, 5, 5, 5, 5, 5, 5, 5, 10, 5, 5, 5, 5, 5, 5, 5, 5, 5, 5, 5, 5, 5, 5, 3, 5, 5, 5, 5, 10, 5, 10, 5, 8, 5, 5, 5, 5, 5, 5, 5, 5, 4, 
61837, 1
61837, 1580
61837, 8263
61837, 3016
61837, 612
61837, 32078
61902, 4
61902, 5, 5, 5, 5, 5, 5, 5, 5, 5, 5, 1, 5, 5, 
61902, 1
61902, 1670
61902, 8340
61902, 3397
61902, 716
61902, 32423
61903, 1
61903, 
61903, 5
61903, 1765
61903, 8439
61903, 381
61903, 95
61903, 32468
61904, 1
61904, 
61904, 1
61904, 1855
61904, 8525
61904, 1867
61904, 344
61904, 32632
61905, 1
61905, 
61905, 1
61905, 1946
61905, 8610
61905, 782
61905, 131
61905, 32695
61906, 1
61906, 
61906, 2
61906, 2036
61906, 8694
61906, 6460
61906, 802
61906, 33077
61907, 1
61907, 
61907, 3
61907, 2130
61907, 8788
61907, 410
61907, 103
61907, 33126
61908, 1
61908, 
61908, 11
61908, 2240
61908, 8889
61908, 2448
61908, 647
61908, 33435
63864, 9
63864, 5, 5, 5, 5, 5, 5, 5, 5, 5, 5, 5, 5, 5, 5, 5, 5, 1, 5, 5, 10, 5, 5, 1, 5, 5, 5, 5, 5, 5, 5, 5, 5, 5, 5, 5, 5, 5, 5, 5, 10, 5, 5, 5, 5, 5, 5, 5, 5, 5, 5, 5, 5, 10, 5, 10, 5, 5, 5, 5, 5, 5, 5, 5, 5, 5, 5, 5, 10, 5, 5, 5, 5, 5, 10, 2, 5, 5, 5, 5, 5, 2, 5, 5, 5, 5, 5, 5, 10, 6, 10, 5, 5, 15, 10, 5, 5, 10, 5, 5, 10, 5, 5, 5, 10, 10, 5, 5, 5, 5, 5, 5, 5, 15, 10, 5, 10, 5, 5, 5, 5, 5, 5, 5, 5, 5, 5, 5, 5, 5, 5, 5, 5, 5, 7, 5, 5, 3, 10, 10, 5, 5, 10, 5, 5, 5, 5, 5, 5, 3, 5, 5, 5, 5, 10, 5, 5, 5, 15, 5, 5, 5, 5, 5, 5, 10, 5, 5, 5, 5, 5, 5, 5, 5, 5, 10, 5, 2, 10, 5, 5, 10, 5, 5, 5, 10, 5, 10, 5, 5, 15, 10, 5, 7, 8, 10, 5, 5, 10, 5, 5, 5, 10, 10, 5, 10, 10, 5, 10, 10, 10, 10, 5, 5, 15, 5, 5, 5, 5, 5, 5, 10, 5, 10, 10, 5, 10, 11, 5, 10, 10, 10, 5, 10, 5, 5, 9, 5, 5, 10, 5, 5, 5, 10, 5, 5, 10, 10, 5, 12, 5, 10, 12, 6, 7, 5, 5, 15, 10, 5, 5, 5, 6, 5, 10, 10, 10, 5, 5, 5, 5, 5, 15, 5, 5, 5, 5, 20, 5, 5, 15, 10, 5, 5, 10, 10, 14, 25, 5, 5, 10, 5, 5, 10, 5, 5, 5, 5, 5, 10, 5, 10, 3, 
63864, 1
63864, 1570
63864, 7981
63864, 3242
63864, 463
63864, 32215
64541, 2
64541, 5, 5, 5, 5, 5, 5, 5, 5, 5, 3, 5, 5, 5, 5, 5, 5, 5, 5, 5, 5, 5, 5, 5, 5, 5, 10, 5, 5, 5, 5, 6, 5, 5, 5, 5, 5, 5, 5, 5, 5, 5, 10, 5, 5, 5, 5, 5, 5, 5, 5, 10, 5, 5, 5, 5, 5, 5, 5, 5, 6, 5, 5, 5, 5, 5, 10, 5, 5, 5, 5, 5, 5, 5, 5, 5, 10, 5, 5, 10, 5, 5, 5, 5, 5, 5, 5, 5, 5, 5, 5, 5, 5, 10, 5, 5, 5, 5, 10, 5, 5, 5, 5, 5, 5, 5, 10, 5, 5, 5, 10, 5, 5, 5, 5, 5, 5, 5, 5, 5, 5, 5, 5, 5, 5, 5, 
64541, 1
64541, 1491
64541, 8016
64541, 1181
64541, 278
64541, 32372
64919, 2
64919, 5, 5, 5, 5, 2, 5, 5, 5, 5, 5, 5, 5, 5, 5, 5, 5, 5, 5, 5, 5, 5, 5, 5, 5, 5, 5, 5, 5, 5, 5, 5, 5, 5, 10, 2, 5, 5, 5, 5, 5, 5, 5, 5, 5, 5, 5, 5, 5, 5, 5, 5, 5, 5, 5, 5, 5, 2, 5, 5, 2, 5, 5, 5, 5, 3, 5, 5, 5, 5, 5, 5, 5, 5, 5, 10, 5, 
64919, 1
64919, 1402
64919, 5847
64919, 1750
64919, 334
64919, 32541
64920, 1
64920, 
64920, 1
64920, 1494
64920, 5947
64920, 2245
64920, 417
64920, 32731
64921, 1
64921, 
64921, 1
64921, 1589
64921, 6035
64921, 3693
64921, 572
64921, 32991
65533, 7
65533, 5, 5, 5, 5, 5, 5, 5, 5, 5, 5, 5, 4, 5, 5, 5, 5, 5, 5, 5, 5, 5, 5, 5, 1, 5, 5, 5, 5, 5, 5, 5, 5, 5, 5, 5, 5, 5, 5, 5, 5, 5, 5, 5, 5, 5, 5, 5, 1, 5, 5, 5, 5, 5, 5, 5, 5, 3, 1, 10, 1, 5, 10, 5, 5, 10, 5, 5, 15, 5, 5, 1, 5, 5, 5, 5, 5, 5, 10, 10, 5, 5, 5, 5, 5, 5, 10, 5, 5, 5, 5, 5, 5, 5, 5, 10, 10, 5, 5, 5, 5, 5, 2, 10, 5, 5, 5, 5, 10, 5, 5, 5, 5, 5, 5, 1, 
65533, 1
65533, 1670
65533, 6257
65533, 1114
65533, 237
65533, 33127
65534, 1
65534, 
65534, 1
65534, 1765
65534, 6347
65534, 3176
65534, 570
65534, 33387
65541, 2
65541, 5, 
65541, 1
65541, 1860
65541, 6443
65541, 866
65541, 242
65541, 33497
65542, 1
65542, 
65542, 3
65542, 1958
65542, 6550
65542, 4409
65542, 706
65542, 32348
68039, 6
68039, 5, 5, 5, 5, 5, 5, 5, 5, 5, 5, 5, 5, 5, 5, 5, 5, 5, 5, 5, 5, 5, 5, 5, 5, 5, 5, 5, 5, 5, 1, 5, 5, 5, 5, 10, 5, 5, 5, 5, 5, 10, 5, 5, 5, 1, 5, 5, 5, 10, 5, 10, 5, 5, 5, 5, 5, 5, 5, 5, 10, 5, 5, 5, 5, 5, 5, 10, 5, 5, 5, 7, 12, 5, 5, 5, 10, 5, 5, 5, 10, 5, 5, 5, 5, 5, 5, 5, 5, 5, 5, 5, 5, 5, 5, 5, 5, 5, 5, 5, 6, 15, 5, 5, 10, 5, 5, 10, 5, 15, 5, 5, 5, 10, 5, 5, 5, 15, 5, 5, 5, 5, 5, 5, 5, 5, 5, 5, 10, 5, 5, 5, 5, 10, 5, 5, 15, 15, 5, 5, 5, 5, 5, 10, 5, 5, 5, 10, 5, 5, 5, 10, 5, 15, 5, 5, 5, 15, 5, 10, 5, 5, 5, 5, 2, 5, 10, 20, 5, 5, 5, 5, 5, 5, 5, 10, 13, 10, 5, 5, 5, 10, 5, 10, 10, 5, 10, 5, 10, 8, 5, 5, 5, 10, 5, 5, 5, 5, 5, 10, 15, 15, 5, 10, 15, 5, 15, 6, 5, 5, 5, 5, 5, 10, 5, 5, 10, 10, 15, 5, 10, 5, 5, 9, 15, 5, 2, 12, 5, 10, 5, 5, 5, 5, 5, 10, 1, 10, 5, 10, 5, 5, 10, 10, 5, 5, 1, 5, 5, 10, 5, 15, 5, 5, 10, 5, 6, 10, 5, 10, 11, 5, 15, 10, 5, 5, 5, 15, 10, 15, 5, 5, 10, 5, 10, 15, 15, 5, 12, 5, 10, 10, 5, 19, 10, 5, 5, 5, 3, 10, 5, 5, 3, 6, 5, 5, 10, 5, 10, 5, 5, 10, 5, 10, 10, 5, 5, 10, 6, 5, 10, 5, 5, 10, 5, 5, 6, 5, 5, 5, 5, 10, 5, 5, 10, 2, 5, 15, 10, 5, 10, 15, 18, 5, 15, 5, 10, 5, 5, 5, 5, 5, 10, 10, 14, 5, 5, 20, 10, 5, 10, 5, 5, 5, 5, 10, 5, 5, 5, 10, 10, 10, 10, 14, 
68039, 1
68039, 1581
68039, 6295
68039, 1981
68039, 507
68039, 32677
68040, 1
68040, 
68040, 1
68040, 1680
68040, 6394
68040, 635
68040, 102
68040, 32722
69624, 2
69624, 5, 5, 5, 5, 5, 5, 5, 5, 5, 5, 5, 5, 5, 5, 5, 5, 5, 5, 5, 5, 5, 5, 5, 5, 5, 5, 5, 5, 5, 5, 5, 5, 10, 5, 5, 5, 5, 5, 5, 5, 5, 5, 5, 5, 5, 5, 5, 5, 5, 1, 5, 1, 5, 5, 5, 5, 5, 5, 5, 5, 5, 5, 10, 5, 5, 10, 5, 10, 5, 5, 5, 5, 5, 5, 1, 5, 5, 5, 5, 5, 5, 5, 5, 5, 5, 5, 5, 5, 5, 1, 5, 5, 5, 5, 5, 5, 5, 5, 5, 5, 5, 5, 5, 4, 5, 2, 5, 5, 10, 10, 5, 5, 5, 5, 5, 5, 5, 10, 5, 5, 5, 5, 10, 10, 2, 5, 5, 5, 5, 5, 5, 5, 1, 5, 5, 5, 5, 5, 5, 5, 5, 10, 1, 5, 10, 5, 5, 5, 5, 5, 5, 10, 5, 5, 5, 5, 5, 5, 10, 10, 5, 5, 10, 5, 5, 5, 2, 5, 10, 5, 5, 6, 14, 5, 5, 5, 10, 10, 5, 10, 5, 5, 5, 5, 10, 10, 5, 5, 5, 20, 10, 5, 10, 5, 2, 5, 10, 5, 15, 2, 5, 10, 5, 5, 5, 10, 5, 5, 5, 5, 2, 5, 5, 10, 5, 5, 5, 5, 15, 5, 5, 5, 5, 5, 5, 5, 5, 5, 10, 10, 5, 5, 5, 5, 3, 5, 5, 5, 10, 5, 10, 5, 5, 8, 10, 5, 5, 5, 10, 10, 5, 5, 5, 5, 10, 10, 3, 5, 10, 5, 10, 10, 5, 5, 15, 15, 5, 5, 5, 5, 15, 1, 
69624, 1
69624, 1381
69624, 5988
69624, 1941
69624, 388
69624, 32959
69625, 1
69625, 
69625, 1
69625, 1482
69625, 6083
69625, 1432
69625, 330
69625, 33103
70080, 10
70080, 5, 3, 5, 5, 1, 5, 5, 4, 5, 5, 5, 5, 5, 5, 5, 10, 5, 5, 5, 5, 5, 5, 5, 5, 5, 5, 10, 2, 5, 5, 5, 5, 5, 5, 10, 5, 5, 5, 9, 5, 5, 5, 5, 5, 5, 5, 5, 5, 5, 5, 5, 10, 5, 5, 5, 5, 5, 5, 5, 5, 5, 5, 5, 5, 5, 5, 5, 1, 5, 5, 5, 5, 5, 5, 5, 5, 5, 5, 5, 10, 5, 5, 10, 1, 5, 4, 
70080, 1
70080, 1483
70080, 6071
70080, 1393
70080, 259
70080, 33236
70081, 1
70081, 
70081, 1
70081, 1583
70081, 6167
70081, 2061
70081, 827
70081, 33596
70279, 10
70279, 5, 5, 5, 5, 5, 5, 5, 5, 5, 5, 5, 5, 1, 5, 5, 5, 5, 5, 10, 1, 5, 5, 5, 5, 5, 3, 5, 5, 2, 5, 5, 5, 5, 1, 5, 5, 5, 5, 5, 5, 
70279, 3
70279, 1671
70279, 6281
70279, 5288
70279, 946
70279, 32598
70280, 1
70280, 
70280, 3
70280, 1773
70280, 6383
70280, 1966
70280, 709
70280, 32894
70774, 2
70774, 5, 5, 2, 5, 5, 5, 2, 5, 5, 5, 5, 5, 5, 5, 5, 5, 5, 5, 1, 5, 5, 5, 10, 1, 5, 10, 10, 5, 2, 5, 5, 5, 5, 5, 5, 5, 5, 5, 5, 5, 5, 3, 5, 4, 5, 5, 5, 5, 5, 5, 5, 5, 5, 5, 5, 10, 5, 5, 5, 5, 5, 5, 5, 5, 5, 5, 5, 10, 1, 5, 5, 2, 5, 5, 5, 10, 4, 5, 5, 5, 5, 5, 5, 5, 5, 10, 5, 5, 5, 5, 5, 5, 10, 5, 5, 5, 
70774, 1
70774, 1608
70774, 6239
70774, 1943
70774, 462
70774, 33107
70849, 2
70849, 5, 5, 5, 5, 5, 5, 5, 5, 1, 5, 5, 5, 5, 5, 5, 2, 
70849, 1
70849, 1708
70849, 6337
70849, 1526
70849, 242
70849, 33211
70850, 1
70850, 
70850, 1
70850, 1810
70850, 6472
70850, 1490
70850, 652
70850, 33483
70851, 1
70851, 
70851, 2
70851, 1921
70851, 6649
70851, 2066
70851, 559
70851, 33716
71190, 2
71190, 5, 5, 5, 5, 5, 5, 5, 5, 5, 5, 5, 5, 5, 5, 5, 5, 5, 5, 5, 5, 5, 5, 5, 5, 5, 5, 5, 5, 5, 4, 5, 5, 5, 2, 5, 5, 5, 5, 5, 5, 5, 5, 5, 5, 5, 5, 5, 10, 5, 5, 5, 5, 5, 5, 5, 5, 5, 5, 5, 5, 1, 5, 5, 5, 5, 5, 5, 5, 
71190, 1
71190, 1922
71190, 6776
71190, 491
71190, 53
71190, 33753
71191, 1
71191, 
71191, 1
71191, 2022
71191, 6870
71191, 1102
71191, 253
71191, 33858
71192, 1
71192, 
71192, 1
71192, 2123
71192, 6972
71192, 1123
71192, 132
71192, 33914
71966, 1
71966, 5, 5, 5, 5, 5, 5, 1, 5, 5, 5, 5, 5, 5, 5, 5, 5, 10, 5, 5, 5, 5, 5, 5, 5, 1, 5, 5, 5, 5, 5, 2, 5, 5, 5, 5, 5, 5, 5, 5, 1, 5, 5, 5, 5, 5, 5, 5, 5, 5, 5, 5, 5, 5, 5, 5, 5, 1, 5, 5, 5, 5, 6, 5, 5, 5, 5, 5, 5, 5, 1, 5, 5, 5, 5, 5, 2, 5, 5, 5, 15, 5, 5, 5, 5, 1, 10, 5, 5, 5, 5, 5, 2, 5, 5, 5, 5, 5, 10, 5, 10, 5, 5, 5, 10, 5, 5, 5, 10, 5, 10, 3, 5, 5, 5, 10, 5, 5, 5, 5, 10, 1, 5, 5, 5, 5, 5, 2, 5, 6, 5, 5, 5, 5, 5, 5, 5, 10, 5, 5, 5, 5, 10, 10, 5, 5, 5, 1, 5, 5, 2, 
71966, 1
71966, 2042
71966, 6669
71966, 2759
71966, 430
71966, 32760
71967, 1
71967, 
71967, 1
71967, 2143
71967, 6785
71967, 1885
71967, 536
71967, 32975
71968, 1
71968, 
71968, 3
71968, 2247
71968, 6886
71968, 712
71968, 174
71968, 33045
71969, 1
71969, 
71969, 1
71969, 2349
71969, 6985
71969, 2438
71969, 486
71969, 33239
71970, 1
71970, 
71970, 1
71970, 2449
71970, 7082
71970, 4771
71970, 988
71970, 33635
72103, 6
72103, 5, 5, 5, 5, 5, 5, 5, 5, 5, 5, 5, 5, 5, 5, 5, 5, 5, 5, 5, 5, 2, 5, 5, 5, 5, 5, 
72103, 2
72103, 2553
72103, 7182
72103, 4095
72103, 896
72103, 33999
72104, 1
72104, 
72104, 3
72104, 2655
72104, 7281
72104, 2460
72104, 442
72104, 32861
74792, 1
74792, 5, 5, 5, 5, 5, 1, 5, 2, 5, 5, 5, 5, 5, 5, 5, 5, 5, 5, 5, 5, 5, 5, 5, 5, 1, 10, 5, 5, 5, 10, 5, 5, 10, 5, 5, 5, 5, 5, 5, 5, 5, 5, 5, 5, 5, 1, 5, 5, 5, 10, 5, 5, 5, 15, 5, 5, 5, 5, 5, 5, 10, 5, 5, 5, 5, 5, 5, 5, 5, 5, 5, 5, 6, 5, 2, 5, 10, 5, 5, 5, 5, 10, 1, 5, 5, 10, 3, 5, 8, 5, 5, 5, 5, 5, 5, 10, 10, 5, 5, 3, 10, 10, 3, 10, 5, 8, 5, 5, 5, 5, 5, 5, 7, 5, 5, 5, 5, 5, 5, 5, 5, 5, 5, 5, 10, 4, 5, 5, 5, 10, 10, 5, 5, 10, 10, 5, 6, 5, 5, 5, 10, 5, 5, 5, 5, 9, 10, 5, 2, 5, 5, 10, 5, 10, 5, 5, 5, 10, 15, 5, 15, 5, 5, 5, 5, 5, 10, 10, 10, 10, 5, 5, 15, 5, 5, 6, 15, 10, 5, 5, 5, 10, 5, 5, 5, 10, 5, 9, 10, 5, 5, 5, 5, 5, 3, 10, 5, 5, 5, 10, 12, 5, 10, 5, 5, 5, 10, 5, 15, 5, 5, 10, 10, 5, 5, 5, 18, 10, 10, 5, 5, 5, 10, 11, 5, 5, 5, 10, 5, 5, 10, 5, 7, 5, 5, 10, 10, 5, 5, 5, 5, 5, 5, 15, 6, 15, 5, 5, 10, 15, 5, 5, 5, 2, 5, 5, 10, 5, 10, 5, 15, 5, 5, 3, 5, 10, 5, 15, 5, 10, 10, 5, 5, 5, 10, 5, 5, 5, 5, 25, 5, 5, 5, 5, 10, 15, 15, 10, 5, 5, 5, 5, 10, 10, 5, 10, 5, 10, 5, 15, 10, 10, 5, 10, 10, 10, 5, 5, 5, 10, 5, 5, 5, 5, 10, 5, 10, 5, 14, 5, 10, 5, 10, 5, 10, 5, 10, 5, 5, 10, 22, 10, 15, 15, 10, 5, 5, 25, 5, 5, 5, 5, 5, 5, 7, 5, 5, 5, 10, 10, 10, 5, 5, 5, 5, 5, 5, 5, 10, 5, 15, 11, 10, 15, 5, 10, 5, 5, 5, 15, 5, 5, 10, 1, 10, 10, 10, 15, 5, 5, 5, 1, 5, 15, 5, 5, 6, 5, 15, 10, 8, 15, 3, 
74792, 3
74792, 1773
74792, 6375
74792, 1633
74792, 527
74792, 33167
74793, 1
74793, 
74793, 1
74793, 1878
74793, 6474
74793, 2949
74793, 749
74793, 33456
74794, 1
74794, 
74794, 1
74794, 1983
74794, 6573
74794, 941
74794, 183
74794, 33526
74795, 1
74795, 
74795, 2
74795, 2095
74795, 6740
74795, 4715
74795, 648
74795, 33776
75100, 1
75100, 5, 5, 5, 5, 5, 5, 5, 5, 5, 5, 5, 5, 5, 5, 2, 5, 5, 5, 5, 5, 5, 5, 5, 5, 5, 5, 5, 5, 5, 5, 5, 5, 5, 5, 5, 5, 5, 5, 5, 5, 5, 5, 5, 5, 5, 5, 5, 5, 5, 5, 10, 5, 5, 5, 5, 5, 5, 5, 5, 5, 2, 
75100, 1
75100, 2002
75100, 6504
75100, 1847
75100, 438
75100, 33956
75101, 1
75101, 
75101, 1
75101, 2106
75101, 6604
75101, 1160
75101, 333
75101, 34084
75102, 1
75102, 
75102, 4
75102, 2215
75102, 6711
75102, 3001
75102, 800
75102, 33119
75103, 1
75103, 
75103, 2
75103, 2319
75103, 6814
75103, 1030
75103, 406
75103, 33269
75104, 1
75104, 
75104, 1
75104, 2423
75104, 6913
75104, 2025
75104, 559
75104, 33477
75105, 1
75105, 
75105, 7
75105, 2557
75105, 7092
75105, 3563
75105, 382
75105, 33618
75106, 1
75106, 
75106, 2
75106, 2662
75106, 7197
75106, 2225
75106, 672
75106, 33867
75107, 1
75107, 
75107, 2
75107, 2764
75107, 7299
75107, 3423
75107, 660
75107, 34112
75108, 1
75108, 
75108, 2
75108, 2869
75108, 7418
75108, 2515
75108, 700
75108, 34372
75109, 1
75109, 
75109, 8
75109, 3005
75109, 7547
75109, 1830
75109, 489
75109, 33319
78335, 9
78335, 5, 5, 1, 5, 5, 5, 5, 5, 5, 1, 5, 5, 5, 5, 5, 5, 5, 5, 5, 5, 5, 5, 5, 5, 5, 5, 5, 5, 5, 5, 5, 5, 5, 5, 5, 5, 10, 10, 5, 5, 5, 5, 10, 3, 5, 5, 5, 5, 5, 1, 5, 5, 5, 5, 10, 10, 5, 5, 5, 5, 5, 5, 5, 5, 5, 5, 5, 10, 5, 5, 5, 5, 5, 10, 10, 5, 5, 5, 5, 5, 5, 10, 5, 5, 5, 5, 5, 5, 5, 1, 3, 15, 5, 5, 5, 5, 5, 5, 5, 5, 5, 5, 5, 5, 5, 5, 5, 5, 15, 5, 5, 5, 5, 5, 10, 10, 5, 5, 10, 5, 5, 10, 5, 5, 5, 10, 6, 5, 6, 5, 5, 5, 5, 5, 5, 5, 5, 5, 2, 5, 3, 5, 15, 10, 10, 5, 5, 10, 5, 5, 6, 5, 5, 5, 5, 5, 5, 5, 5, 1, 5, 10, 5, 3, 5, 5, 5, 5, 5, 5, 5, 10, 5, 3, 5, 5, 5, 5, 5, 5, 10, 5, 5, 10, 5, 5, 5, 10, 5, 10, 5, 20, 10, 5, 5, 6, 10, 5, 5, 5, 15, 5, 5, 10, 5, 15, 5, 5, 5, 5, 5, 5, 10, 7, 5, 10, 15, 15, 5, 5, 5, 10, 10, 5, 10, 5, 10, 10, 10, 2, 5, 5, 10, 10, 5, 10, 5, 5, 5, 5, 10, 10, 10, 5, 10, 12, 7, 5, 5, 5, 10, 10, 10, 10, 10, 10, 10, 15, 10, 15, 5, 2, 5, 5, 10, 5, 10, 5, 10, 5, 10, 5, 5, 10, 5, 10, 5, 5, 10, 5, 5, 10, 5, 5, 5, 10, 7, 5, 5, 7, 10, 10, 10, 5, 5, 5, 5, 5, 5, 5, 5, 5, 5, 5, 5, 5, 5, 5, 10, 10, 10, 5, 5, 10, 5, 15, 11, 5, 5, 10, 5, 16, 15, 3, 10, 25, 5, 10, 10, 5, 15, 5, 10, 10, 5, 12, 5, 15, 5, 10, 5, 5, 15, 10, 10, 5, 5, 5, 10, 10, 5, 15, 5, 5, 10, 3, 5, 10, 5, 5, 5, 10, 5, 10, 15, 10, 5, 10, 5, 14, 5, 5, 15, 5, 5, 12, 5, 11, 5, 5, 10, 15, 5, 14, 10, 5, 10, 10, 3, 5, 15, 5, 5, 5, 6, 17, 20, 5, 5, 10, 10, 15, 10, 5, 10, 10, 5, 5, 10, 5, 5, 10, 5, 10, 20, 5, 5, 5, 10, 5, 10, 15, 10, 10, 15, 5, 20, 10, 5, 10, 15, 10, 14, 6, 30, 14, 10, 5, 5, 15, 5, 10, 5, 13, 5, 10, 5, 10, 10, 10, 10, 5, 3, 
78335, 1
78335, 2079
78335, 6764
78335, 1094
78335, 242
78335, 33521
78336, 1
78336, 
78336, 1
78336, 2184
78336, 6847
78336, 1879
78336, 440
78336, 33678
80525, 1
80525, 5, 5, 5, 5, 5, 5, 5, 5, 5, 5, 5, 5, 5, 5, 5, 1, 5, 5, 2, 5, 5, 5, 5, 5, 5, 5, 10, 5, 5, 5, 4, 5, 5, 5, 5, 5, 5, 5, 2, 5, 5, 5, 5, 5, 5, 15, 5, 5, 5, 10, 5, 5, 5, 5, 5, 5, 6, 5, 5, 5, 10, 1, 10, 5, 5, 5, 5, 5, 5, 10, 10, 5, 5, 5, 5, 5, 5, 10, 10, 5, 5, 5, 5, 10, 10, 5, 5, 10, 7, 5, 10, 5, 5, 10, 5, 6, 5, 5, 5, 17, 5, 5, 10, 5, 10, 15, 5, 3, 1, 5, 4, 5, 5, 5, 10, 5, 5, 5, 10, 5, 5, 10, 10, 5, 5, 6, 10, 5, 5, 5, 5, 5, 15, 10, 15, 5, 5, 10, 10, 10, 5, 5, 5, 10, 6, 5, 10, 10, 10, 5, 10, 5, 5, 5, 5, 4, 10, 5, 5, 5, 10, 5, 5, 5, 10, 5, 5, 11, 1, 5, 5, 5, 1, 5, 5, 12, 10, 5, 5, 10, 10, 10, 10, 8, 5, 5, 5, 5, 5, 5, 5, 5, 5, 15, 15, 10, 5, 5, 8, 5, 15, 5, 5, 10, 10, 5, 5, 5, 5, 5, 10, 5, 10, 5, 10, 10, 5, 5, 5, 5, 5, 10, 5, 5, 5, 15, 18, 5, 10, 5, 5, 5, 5, 5, 6, 25, 5, 5, 5, 1, 5, 10, 15, 2, 15, 5, 5, 10, 5, 5, 5, 10, 5, 5, 10, 5, 15, 2, 10, 5, 10, 10, 8, 5, 5, 5, 10, 5, 10, 5, 5, 5, 5, 10, 15, 10, 10, 10, 10, 5, 5, 10, 5, 5, 5, 10, 10, 10, 5, 15, 10, 5, 5, 5, 5, 4, 5, 20, 5, 5, 5, 5, 4, 10, 10, 10, 5, 5, 15, 5, 5, 10, 2, 5, 5, 5, 5, 5, 5, 5, 10, 5, 5, 15, 5, 5, 5, 5, 5, 
80525, 4
80525, 1907
80525, 6443
80525, 5015
80525, 873
80525, 34068
80526, 1
80526, 
80526, 1
80526, 2018
80526, 6550
80526, 1913
80526, 475
80526, 34238
81315, 1
81315, 5, 5, 5, 5, 5, 5, 5, 5, 5, 5, 5, 5, 5, 5, 5, 5, 5, 5, 5, 1, 5, 5, 10, 5, 5, 5, 5, 10, 5, 5, 5, 5, 5, 5, 5, 5, 5, 5, 5, 5, 5, 5, 5, 5, 5, 5, 5, 5, 5, 5, 5, 5, 5, 5, 5, 5, 5, 5, 5, 5, 5, 5, 5, 10, 5, 5, 5, 5, 5, 5, 5, 5, 5, 5, 10, 5, 5, 5, 5, 5, 5, 10, 5, 10, 5, 5, 5, 3, 5, 5, 5, 5, 5, 5, 5, 5, 5, 5, 5, 5, 5, 5, 5, 5, 5, 5, 5, 5, 5, 5, 5, 5, 5, 5, 5, 5, 5, 5, 1, 5, 5, 5, 5, 5, 10, 5, 6, 5, 2, 1, 5, 5, 5, 5, 5, 10, 5, 5, 5, 5, 5, 5, 5, 5, 10, 10, 5, 5, 5, 5, 4, 
81315, 1
81315, 2022
81315, 6520
81315, 1693
81315, 502
81315, 34445
81316, 1
81316, 
81316, 3
81316, 2136
81316, 6636
81316, 2682
81316, 683
81316, 33493
82544, 1
82544, 5, 5, 5, 5, 5, 5, 5, 5, 5, 5, 5, 5, 5, 5, 5, 5, 5, 1, 5, 5, 5, 5, 5, 5, 5, 5, 5, 5, 5, 5, 5, 5, 5, 5, 5, 5, 5, 5, 5, 5, 5, 5, 1, 5, 5, 1, 10, 5, 5, 5, 5, 5, 5, 1, 5, 5, 5, 5, 5, 5, 5, 10, 15, 5, 10, 2, 5, 5, 5, 10, 5, 5, 5, 5, 5, 5, 5, 5, 4, 5, 5, 5, 5, 5, 5, 5, 5, 5, 5, 5, 5, 5, 5, 10, 5, 5, 5, 5, 10, 5, 5, 5, 5, 5, 5, 5, 5, 5, 1, 5, 5, 10, 5, 5, 10, 5, 5, 5, 5, 5, 5, 5, 5, 5, 15, 5, 5, 5, 5, 5, 10, 10, 10, 5, 5, 5, 5, 5, 5, 5, 10, 5, 5, 5, 5, 5, 5, 5, 10, 5, 5, 11, 10, 5, 1, 5, 10, 10, 5, 5, 5, 5, 5, 5, 5, 5, 5, 5, 5, 10, 5, 5, 5, 5, 2, 10, 5, 5, 5, 5, 5, 1, 5, 5, 10, 5, 8, 5, 5, 5, 5, 5, 2, 10, 5, 5, 5, 5, 5, 5, 5, 10, 10, 5, 5, 5, 5, 5, 5, 5, 5, 5, 5, 5, 5, 5, 10, 5, 10, 5, 1, 5, 5, 5, 
82544, 2
82544, 1921
82544, 6325
82544, 468
82544, 122
82544, 33578
85488, 1
85488, 5, 10, 5, 5, 5, 1, 5, 5, 5, 1, 5, 5, 5, 5, 5, 5, 5, 5, 5, 5, 5, 5, 5, 5, 5, 5, 5, 5, 5, 2, 5, 5, 5, 1, 5, 5, 5, 5, 5, 5, 5, 5, 5, 5, 5, 5, 5, 5, 10, 5, 5, 5, 15, 5, 5, 5, 10, 5, 5, 5, 5, 5, 4, 5, 10, 10, 5, 10, 5, 5, 5, 15, 5, 5, 5, 5, 5, 5, 5, 5, 5, 5, 10, 5, 5, 5, 5, 15, 3, 10, 5, 5, 5, 5, 5, 4, 10, 10, 7, 10, 5, 5, 5, 5, 5, 5, 5, 5, 1, 5, 5, 5, 10, 10, 10, 10, 5, 5, 5, 5, 5, 20, 5, 5, 5, 10, 10, 10, 5, 15, 10, 5, 5, 10, 15, 10, 5, 10, 5, 5, 5, 10, 5, 5, 10, 5, 10, 10, 5, 5, 5, 10, 5, 5, 10, 10, 2, 1, 1, 5, 5, 10, 10, 20, 10, 20, 5, 5, 5, 5, 7, 5, 10, 5, 5, 5, 10, 5, 5, 5, 10, 5, 5, 1, 10, 10, 5, 5, 5, 10, 5, 5, 5, 5, 10, 10, 10, 10, 9, 5, 5, 10, 10, 10, 5, 10, 2, 5, 10, 15, 5, 5, 5, 10, 10, 15, 10, 5, 5, 10, 5, 5, 5, 5, 15, 15, 5, 5, 5, 5, 5, 5, 5, 5, 5, 5, 10, 5, 10, 10, 21, 5, 15, 5, 1, 5, 5, 10, 10, 10, 5, 15, 5, 10, 8, 10, 10, 2, 10, 10, 2, 5, 10, 10, 5, 5, 21, 5, 3, 5, 5, 10, 10, 5, 1, 5, 5, 10, 5, 10, 10, 5, 5, 5, 5, 10, 11, 12, 10, 10, 10, 10, 10, 10, 5, 5, 5, 5, 4, 5, 10, 15, 5, 10, 15, 5, 10, 5, 10, 5, 10, 5, 10, 5, 5, 5, 5, 5, 5, 10, 20, 10, 10, 6, 8, 5, 5, 5, 15, 10, 10, 15, 10, 5, 5, 20, 15, 5, 5, 5, 5, 10, 20, 10, 5, 5, 5, 15, 10, 5, 5, 5, 5, 10, 15, 10, 6, 5, 10, 10, 10, 5, 5, 5, 5, 15, 5, 5, 10, 5, 5, 5, 5, 5, 11, 20, 10, 5, 10, 4, 15, 5, 5, 5, 14, 5, 10, 10, 15, 5, 15, 15, 1, 10, 10, 10, 10, 15, 10, 20, 12, 5, 5, 5, 2, 11, 
85488, 4
85488, 2251
85488, 6978
85488, 1911
85488, 309
85488, 33786
85908, 1
85908, 5, 5, 5, 5, 5, 5, 5, 5, 5, 5, 5, 5, 5, 5, 5, 5, 5, 5, 5, 5, 5, 5, 5, 5, 5, 5, 5, 10, 5, 5, 5, 5, 5, 5, 5, 5, 5, 5, 5, 5, 5, 5, 5, 5, 5, 5, 4, 5, 5, 5, 5, 5, 5, 5, 5, 5, 5, 5, 5, 5, 5, 5, 5, 5, 5, 5, 5, 10, 5, 5, 5, 15, 5, 5, 5, 5, 10, 5, 5, 
85908, 1
85908, 2259
85908, 7810
85908, 6732
85908, 763
85908, 34063
86140, 2
86140, 5, 5, 5, 1, 5, 5, 5, 5, 5, 5, 5, 5, 1, 5, 5, 5, 5, 5, 5, 5, 5, 5, 5, 5, 5, 5, 5, 5, 5, 5, 5, 5, 5, 5, 5, 5, 5, 5, 5, 5, 5, 5, 5, 5, 5, 5, 5, 3, 
86140, 1
86140, 2297
86140, 8379
86140, 1002
86140, 295
86140, 34173
86635, 3
86635, 5, 5, 5, 5, 5, 5, 3, 5, 5, 5, 5, 5, 5, 5, 5, 5, 5, 4, 5, 5, 5, 5, 5, 5, 5, 5, 5, 5, 5, 5, 5, 5, 5, 5, 5, 5, 5, 5, 5, 5, 5, 5, 5, 5, 5, 5, 5, 5, 1, 5, 5, 10, 5, 5, 5, 5, 5, 5, 5, 5, 5, 5, 5, 5, 5, 5, 5, 5, 5, 5, 5, 5, 5, 5, 5, 5, 5, 5, 5, 5, 10, 5, 5, 15, 5, 5, 10, 10, 5, 5, 5, 5, 5, 4, 
86635, 1
86635, 2328
86635, 8467
86635, 1879
86635, 400
86635, 34328
86636, 1
86636, 
86636, 1
86636, 2447
86636, 10277
86636, 4695
86636, 1046
86636, 33533
87072, 3
87072, 5, 5, 5, 5, 5, 5, 5, 5, 5, 5, 1, 5, 5, 5, 5, 5, 5, 5, 5, 5, 5, 5, 5, 5, 5, 5, 1, 5, 5, 5, 5, 5, 5, 5, 5, 5, 5, 5, 5, 5, 5, 10, 5, 5, 5, 5, 5, 5, 5, 10, 5, 5, 5, 5, 5, 5, 5, 10, 5, 4, 5, 5, 5, 5, 5, 5, 5, 10, 5, 5, 5, 10, 5, 5, 5, 5, 5, 5, 5, 5, 2, 5, 5, 5, 
87072, 1
87072, 2570
87072, 10408
87072, 1601
87072, 265
87072, 33636
87148, 1
87148, 5, 5, 5, 5, 5, 5, 5, 5, 5, 5, 5, 5, 5, 5, 5, 
87148, 1
87148, 2199
87148, 8486
87148, 3665
87148, 522
87148, 33813
87999, 3
87999, 5, 5, 5, 5, 5, 5, 5, 5, 5, 5, 5, 5, 5, 5, 5, 5, 5, 5, 5, 5, 5, 5, 5, 5, 5, 10, 5, 5, 5, 5, 5, 5, 5, 5, 5, 5, 5, 5, 1, 5, 5, 5, 1, 5, 5, 5, 5, 5, 5, 2, 5, 5, 3, 5, 5, 5, 5, 5, 10, 5, 5, 5, 10, 5, 5, 5, 1, 5, 5, 5, 5, 5, 5, 5, 5, 5, 5, 5, 5, 5, 5, 5, 5, 5, 5, 5, 5, 5, 5, 5, 13, 5, 5, 5, 5, 1, 5, 5, 5, 5, 5, 5, 10, 5, 10, 5, 5, 5, 5, 5, 10, 5, 5, 5, 5, 5, 10, 5, 10, 5, 5, 10, 10, 5, 5, 5, 5, 5, 5, 5, 5, 10, 5, 5, 5, 1, 10, 5, 5, 5, 5, 5, 5, 5, 10, 5, 1, 10, 5, 7, 5, 15, 5, 5, 5, 10, 2, 
87999, 1
87999, 2098
87999, 7640
87999, 3487
87999, 1007
87999, 34177
89532, 1
89532, 1, 5, 5, 5, 5, 5, 5, 1, 5, 5, 5, 5, 5, 5, 5, 5, 5, 10, 5, 5, 5, 5, 5, 5, 5, 5, 5, 1, 5, 5, 5, 5, 5, 5, 5, 5, 5, 5, 5, 5, 5, 5, 5, 10, 10, 5, 5, 5, 5, 5, 3, 5, 5, 5, 5, 5, 5, 5, 5, 10, 5, 5, 5, 5, 5, 5, 5, 5, 10, 5, 5, 5, 5, 5, 5, 5, 5, 5, 5, 10, 5, 5, 10, 5, 5, 5, 5, 5, 5, 5, 5, 5, 5, 5, 5, 5, 5, 5, 8, 10, 5, 5, 5, 5, 5, 5, 5, 10, 5, 5, 5, 5, 5, 5, 10, 5, 5, 10, 5, 5, 5, 5, 9, 5, 5, 5, 5, 5, 5, 10, 5, 10, 5, 5, 5, 10, 5, 5, 5, 5, 15, 10, 5, 10, 4, 10, 5, 5, 10, 5, 5, 5, 5, 5, 5, 5, 5, 10, 5, 5, 5, 5, 10, 7, 10, 10, 5, 5, 5, 5, 5, 20, 5, 5, 5, 5, 8, 5, 5, 5, 5, 5, 5, 5, 5, 5, 5, 10, 10, 5, 10, 10, 10, 6, 5, 2, 10, 5, 1, 2, 5, 10, 5, 10, 5, 15, 5, 1, 5, 5, 5, 5, 5, 5, 5, 5, 10, 5, 5, 15, 5, 5, 10, 10, 10, 5, 10, 5, 10, 5, 10, 5, 5, 5, 10, 5, 5, 5, 5, 10, 5, 5, 10, 10, 2, 5, 10, 5, 5, 5, 5, 10, 10, 5, 5, 10, 1, 
89532, 2
89532, 1755
89532, 7315
89532, 778
89532, 198
89532, 34294
89533, 1
89533, 
89533, 1
89533, 1888
89533, 7442
89533, 1209
89533, 235
89533, 34373
89534, 1
89534, 
89534, 2
89534, 2010
89534, 7557
89534, 3016
89534, 883
89534, 33549
89535, 1
89535, 
89535, 2
89535, 2133
89535, 7675
89535, 1574
89535, 364
89535, 33667
89536, 1
89536, 
89536, 1
89536, 2255
89536, 7789
89536, 1222
89536, 267
89536, 33753
91404, 2
91404, 2, 5, 5, 5, 5, 5, 5, 5, 5, 5, 5, 5, 5, 5, 5, 5, 5, 5, 5, 5, 5, 5, 5, 5, 3, 1, 5, 5, 5, 5, 5, 5, 5, 10, 5, 5, 5, 5, 2, 5, 5, 5, 5, 5, 5, 5, 5, 5, 5, 5, 5, 5, 5, 5, 5, 5, 5, 5, 5, 5, 5, 5, 5, 5, 5, 10, 5, 5, 10, 5, 5, 10, 5, 5, 5, 5, 5, 5, 3, 5, 10, 4, 5, 10, 10, 5, 5, 10, 5, 5, 10, 5, 5, 5, 4, 10, 5, 5, 10, 5, 10, 5, 5, 5, 10, 5, 10, 5, 5, 7, 10, 5, 2, 5, 10, 5, 10, 10, 5, 5, 5, 5, 5, 5, 3, 4, 15, 5, 5, 10, 5, 5, 5, 5, 5, 5, 5, 5, 5, 5, 4, 5, 5, 5, 5, 15, 15, 5, 5, 5, 5, 5, 5, 7, 10, 10, 10, 5, 10, 5, 5, 5, 5, 5, 10, 10, 5, 5, 5, 5, 10, 5, 5, 5, 5, 5, 15, 10, 10, 5, 5, 5, 5, 10, 10, 5, 5, 10, 5, 15, 10, 5, 5, 10, 10, 5, 15, 5, 10, 5, 5, 5, 10, 10, 5, 5, 5, 5, 5, 5, 5, 3, 10, 5, 5, 5, 5, 5, 2, 5, 10, 10, 5, 15, 10, 5, 5, 8, 10, 9, 5, 5, 5, 10, 5, 10, 5, 5, 5, 5, 5, 5, 5, 10, 5, 5, 5, 10, 5, 5, 10, 5, 5, 5, 10, 5, 5, 3, 10, 5, 5, 5, 15, 10, 10, 5, 5, 15, 5, 5, 10, 10, 15, 5, 5, 5, 10, 5, 5, 5, 7, 5, 10, 10, 5, 5, 10, 10, 25, 10, 15, 3, 
91404, 4
91404, 2241
91404, 7238
91404, 1906
91404, 346
91404, 33925
91405, 1
91405, 
91405, 2
91405, 2364
91405, 7360
91405, 4117
91405, 463
91405, 34074
92937, 1
92937, 5, 5, 5, 5, 5, 5, 5, 5, 5, 5, 5, 5, 5, 5, 5, 5, 5, 5, 5, 5, 5, 2, 5, 5, 5, 5, 5, 5, 5, 5, 5, 5, 5, 5, 5, 5, 5, 5, 5, 5, 5, 5, 5, 5, 5, 5, 5, 5, 5, 5, 5, 5, 5, 5, 5, 5, 5, 5, 5, 5, 5, 2, 5, 5, 5, 5, 2, 5, 5, 5, 5, 10, 5, 5, 10, 2, 5, 5, 5, 5, 8, 5, 5, 6, 5, 5, 5, 1, 5, 5, 5, 5, 10, 5, 10, 5, 5, 10, 5, 5, 1, 5, 5, 5, 5, 5, 10, 5, 5, 1, 5, 3, 10, 5, 5, 5, 5, 5, 5, 5, 5, 10, 5, 5, 3, 5, 5, 5, 5, 5, 5, 5, 5, 5, 5, 5, 10, 7, 15, 10, 10, 5, 5, 10, 5, 10, 5, 10, 10, 5, 5, 5, 5, 5, 5, 5, 5, 5, 10, 10, 5, 5, 5, 6, 1, 5, 10, 5, 5, 5, 5, 5, 5, 5, 10, 5, 5, 5, 5, 5, 5, 1, 1, 10, 5, 10, 3, 10, 5, 5, 5, 10, 5, 5, 5, 5, 5, 10, 5, 10, 5, 5, 10, 5, 5, 5, 5, 5, 5, 5, 15, 5, 5, 5, 5, 5, 5, 5, 5, 10, 5, 5, 5, 5, 5, 5, 10, 5, 5, 15, 5, 2, 5, 5, 5, 10, 5, 5, 10, 10, 15, 5, 10, 5, 10, 5, 5, 15, 5, 10, 15, 5, 10, 5, 5, 15, 9, 5, 5, 10, 5, 10, 
92937, 1
92937, 1864
92937, 6278
92937, 1519
92937, 358
92937, 34239
93388, 1
93388, 5, 5, 5, 5, 5, 5, 5, 5, 5, 5, 5, 5, 5, 5, 5, 5, 2, 5, 10, 5, 5, 5, 5, 5, 5, 5, 5, 5, 5, 5, 5, 5, 5, 2, 5, 5, 5, 5, 5, 5, 5, 5, 5, 5, 5, 5, 5, 5, 5, 5, 5, 5, 1, 5, 10, 10, 5, 2, 5, 5, 5, 5, 5, 5, 5, 5, 5, 5, 5, 5, 5, 5, 5, 5, 10, 10, 1, 1, 5, 5, 5, 5, 2, 5, 5, 5, 5, 7, 7, 
93388, 1
93388, 1979
93388, 6343
93388, 1532
93388, 511
93388, 34419
93389, 1
93389, 
93389, 1
93389, 2107
93389, 6465
93389, 2138
93389, 429
93389, 34558
93390, 1
93390, 
93390, 1
93390, 2233
93390, 6587
93390, 1295
93390, 364
93390, 33592
93391, 1
93391, 
93391, 1
93391, 2359
93391, 6729
93391, 1203
93391, 332
93391, 33696
93777, 3
93777, 5, 5, 5, 5, 5, 5, 5, 5, 5, 5, 5, 5, 5, 5, 5, 5, 5, 5, 5, 5, 5, 3, 5, 5, 5, 5, 5, 1, 5, 5, 3, 5, 5, 5, 9, 5, 5, 5, 5, 5, 5, 5, 5, 5, 5, 2, 5, 5, 5, 5, 5, 5, 5, 5, 5, 5, 5, 4, 5, 5, 5, 5, 5, 1, 5, 5, 5, 5, 5, 5, 5, 5, 5, 5, 5, 1, 10, 5, 4, 
93777, 1
93777, 2260
93777, 6647
93777, 758
93777, 189
93777, 33767
93947, 4
93947, 5, 5, 5, 5, 5, 5, 5, 5, 5, 5, 5, 5, 5, 5, 5, 5, 5, 5, 5, 4, 5, 5, 5, 5, 5, 5, 5, 2, 5, 5, 5, 5, 5, 5, 
93947, 3
93947, 2386
93947, 6774
93947, 6841
93947, 899
93947, 34053
93948, 1
93948, 
93948, 1
93948, 2512
93948, 6914
93948, 3695
93948, 787
93948, 34299
93949, 1
93949, 
93949, 1
93949, 2638
93949, 7035
93949, 1924
93949, 479
93949, 34449
96152, 5
96152, 5, 5, 5, 5, 5, 5, 5, 5, 5, 5, 5, 10, 5, 5, 1, 5, 10, 5, 5, 5, 5, 5, 5, 5, 5, 5, 5, 10, 5, 5, 5, 5, 5, 10, 5, 5, 5, 5, 5, 5, 10, 5, 5, 5, 5, 5, 5, 5, 5, 5, 10, 5, 5, 10, 5, 5, 10, 5, 5, 5, 5, 5, 5, 5, 5, 5, 5, 5, 10, 5, 10, 5, 5, 5, 5, 10, 5, 15, 5, 5, 5, 5, 10, 5, 5, 5, 10, 5, 10, 10, 5, 15, 10, 5, 5, 5, 10, 5, 5, 5, 10, 5, 5, 10, 5, 7, 10, 5, 5, 5, 10, 5, 5, 5, 15, 5, 5, 5, 5, 5, 5, 5, 5, 5, 5, 5, 5, 10, 10, 5, 5, 5, 5, 5, 5, 10, 2, 6, 5, 5, 5, 5, 5, 5, 10, 8, 5, 5, 5, 10, 5, 5, 5, 5, 5, 5, 10, 5, 5, 5, 10, 5, 15, 10, 5, 5, 10, 5, 5, 5, 10, 5, 5, 5, 5, 10, 1, 5, 5, 10, 5, 10, 5, 10, 10, 10, 5, 5, 15, 10, 5, 10, 5, 5, 5, 5, 5, 5, 5, 5, 5, 2, 5, 5, 10, 10, 5, 10, 15, 5, 20, 5, 5, 5, 15, 10, 10, 6, 5, 5, 5, 5, 5, 5, 5, 10, 5, 5, 10, 1, 10, 15, 10, 5, 7, 10, 10, 5, 20, 10, 10, 5, 5, 10, 5, 5, 10, 5, 5, 5, 5, 5, 5, 6, 5, 5, 10, 5, 5, 5, 5, 10, 5, 15, 10, 5, 5, 5, 5, 5, 5, 10, 5, 10, 15, 10, 10, 2, 15, 5, 15, 5, 5, 5, 15, 5, 5, 5, 9, 10, 5, 15, 5, 5, 5, 5, 5, 5, 5, 5, 5, 5, 10, 5, 5, 10, 10, 5, 5, 10, 10, 5, 5, 5, 10, 5, 5, 5, 5, 5, 5, 5, 10, 10, 10, 5, 5, 5, 10, 5, 10, 15, 
96152, 1
96152, 2283
96152, 6435
96152, 3052
96152, 395
96152, 34642
96502, 1
96502, 5, 5, 5, 5, 5, 5, 5, 5, 5, 5, 5, 5, 5, 5, 5, 10, 5, 5, 5, 5, 5, 5, 5, 5, 5, 5, 5, 5, 5, 5, 5, 5, 5, 5, 5, 5, 5, 5, 5, 5, 5, 2, 5, 4, 5, 5, 5, 5, 5, 5, 6, 5, 5, 10, 5, 5, 5, 5, 5, 5, 5, 5, 5, 5, 5, 5, 5, 5, 2, 
96502, 3
96502, 2422
96502, 6512
96502, 2046
96502, 358
96502, 33711
96512, 3
96512, 2, 5, 
96512, 1
96512, 2550
96512, 6639
96512, 960
96512, 225
96512, 33780
96513, 1
96513, 
96513, 1
96513, 2679
96513, 6769
96513, 3321
96513, 769
96513, 34013
96826, 5
96826, 5, 5, 5, 5, 5, 5, 3, 5, 5, 5, 5, 5, 5, 5, 5, 5, 5, 5, 5, 5, 5, 5, 5, 5, 5, 5, 5, 5, 10, 5, 3, 5, 5, 5, 5, 5, 5, 5, 5, 5, 5, 5, 5, 5, 5, 5, 1, 5, 5, 5, 3, 5, 5, 5, 5, 5, 5, 5, 5, 5, 5, 5, 3, 
96826, 1
96826, 2690
96826, 6781
96826, 2539
96826, 588
96826, 34201
96827, 1
96827, 
96827, 1
96827, 2818
96827, 6904
96827, 3896
96827, 910
96827, 34477
99880, 3
99880, 5, 5, 5, 5, 5, 5, 5, 5, 5, 5, 3, 5, 5, 5, 5, 5, 5, 5, 5, 5, 5, 5, 5, 5, 5, 5, 5, 5, 5, 5, 5, 5, 5, 5, 5, 10, 10, 5, 5, 5, 5, 5, 5, 5, 10, 5, 5, 5, 5, 5, 5, 5, 5, 5, 5, 10, 5, 5, 1, 10, 4, 10, 10, 5, 5, 5, 5, 5, 5, 5, 5, 5, 5, 10, 5, 5, 5, 5, 5, 5, 10, 5, 5, 5, 5, 5, 5, 5, 5, 10, 5, 5, 15, 10, 5, 5, 5, 5, 7, 5, 10, 10, 5, 5, 5, 5, 10, 5, 6, 5, 10, 5, 4, 5, 5, 5, 5, 5, 5, 5, 5, 10, 14, 5, 5, 5, 5, 10, 10, 5, 5, 5, 5, 5, 5, 5, 5, 5, 5, 10, 5, 15, 5, 5, 5, 5, 5, 10, 3, 10, 5, 15, 5, 10, 5, 5, 5, 5, 10, 10, 6, 5, 5, 5, 5, 5, 5, 5, 5, 5, 5, 5, 5, 5, 5, 1, 5, 10, 5, 5, 15, 5, 5, 10, 15, 5, 5, 5, 5, 9, 10, 5, 4, 5, 2, 5, 5, 5, 5, 5, 5, 5, 2, 5, 4, 10, 15, 5, 10, 5, 15, 10, 10, 11, 15, 1, 5, 5, 5, 5, 10, 10, 10, 10, 10, 5, 10, 5, 10, 5, 10, 5, 10, 5, 5, 10, 15, 10, 5, 5, 5, 10, 10, 10, 10, 10, 5, 10, 5, 7, 5, 5, 10, 5, 5, 10, 10, 5, 1, 20, 5, 17, 2, 15, 10, 10, 5, 5, 5, 10, 15, 7, 10, 20, 5, 5, 10, 10, 10, 15, 5, 10, 10, 5, 23, 20, 5, 5, 10, 5, 10, 5, 15, 15, 10, 5, 10, 10, 5, 10, 5, 5, 2, 5, 5, 5, 10, 10, 5, 15, 5, 5, 10, 5, 10, 15, 14, 5, 10, 5, 10, 10, 6, 10, 5, 5, 10, 15, 10, 5, 10, 10, 10, 5, 10, 15, 10, 5, 5, 5, 10, 5, 5, 10, 15, 5, 5, 10, 5, 15, 5, 5, 10, 5, 10, 5, 5, 5, 1, 20, 5, 5, 5, 5, 10, 20, 5, 20, 5, 5, 5, 5, 5, 8, 5, 5, 5, 10, 10, 10, 6, 5, 5, 5, 10, 5, 5, 15, 5, 15, 15, 5, 3, 5, 5, 4, 10, 5, 20, 15, 10, 5, 15, 10, 10, 5, 15, 10, 5, 10, 5, 5, 5, 5, 5, 15, 10, 20, 5, 2, 5, 5, 10, 10, 5, 5, 5, 
99880, 1
99880, 2176
99880, 5553
99880, 3664
99880, 627
99880, 34759
99881, 1
99881, 
99881, 1
99881, 2307
99881, 5686
99881, 7111
99881, 1495
99881, 34177
101074, 1
101074, 5, 5, 5, 5, 5, 5, 5, 5, 5, 5, 5, 5, 5, 5, 5, 5, 5, 5, 5, 5, 5, 5, 5, 2, 5, 5, 5, 5, 5, 5, 5, 5, 5, 5, 5, 5, 5, 5, 5, 5, 5, 5, 5, 5, 5, 5, 5, 5, 10, 5, 5, 5, 5, 5, 5, 5, 5, 4, 5, 5, 5, 5, 5, 5, 5, 1, 5, 5, 10, 5, 5, 5, 2, 5, 5, 5, 5, 5, 5, 10, 5, 5, 10, 10, 5, 5, 5, 5, 5, 10, 5, 5, 5, 5, 5, 5, 2, 5, 5, 10, 6, 1, 5, 6, 5, 5, 5, 10, 5, 10, 2, 5, 5, 5, 5, 5, 5, 10, 10, 5, 10, 5, 5, 5, 5, 5, 10, 5, 10, 5, 5, 5, 10, 5, 5, 5, 5, 5, 5, 5, 10, 20, 5, 5, 10, 3, 5, 6, 5, 5, 5, 5, 5, 5, 5, 5, 5, 5, 10, 10, 5, 5, 2, 5, 5, 5, 5, 5, 5, 5, 5, 5, 5, 5, 5, 5, 10, 5, 5, 5, 10, 15, 5, 5, 15, 5, 5, 5, 5, 5, 3, 15, 10, 10, 15, 5, 10, 5, 5, 5, 5, 5, 15, 5, 5, 5, 2, 
101074, 1
101074, 2294
101074, 5970
101074, 719
101074, 164
101074, 34261
101075, 1
101075, 
101075, 1
101075, 2429
101075, 6117
101075, 3246
101075, 563
101075, 34426
101076, 1
101076, 
101076, 6
101076, 2568
101076, 6274
101076, 2791
101076, 649
101076, 34617
103678, 2
103678, 5, 5, 5, 5, 5, 5, 5, 10, 5, 5, 5, 5, 5, 5, 10, 5, 5, 5, 5, 5, 5, 5, 5, 5, 5, 5, 5, 5, 5, 5, 5, 5, 5, 5, 5, 5, 5, 5, 5, 5, 5, 5, 1, 5, 5, 5, 5, 15, 5, 5, 10, 5, 5, 5, 2, 10, 5, 10, 5, 5, 5, 5, 10, 5, 5, 5, 5, 5, 5, 5, 10, 5, 5, 5, 5, 5, 5, 5, 5, 10, 5, 10, 5, 4, 5, 5, 5, 10, 5, 5, 5, 5, 5, 5, 3, 5, 5, 5, 5, 5, 5, 5, 5, 5, 10, 5, 5, 5, 5, 10, 5, 5, 10, 5, 5, 5, 5, 5, 7, 10, 5, 10, 5, 5, 7, 5, 5, 5, 5, 5, 10, 5, 5, 5, 5, 5, 5, 5, 5, 10, 5, 5, 10, 10, 5, 5, 10, 5, 5, 5, 5, 10, 5, 5, 5, 5, 6, 5, 5, 10, 5, 5, 5, 5, 5, 5, 5, 10, 5, 5, 5, 5, 5, 10, 5, 5, 5, 5, 5, 5, 5, 5, 5, 5, 8, 5, 5, 5, 5, 5, 5, 5, 15, 10, 5, 5, 1, 3, 5, 5, 1, 15, 5, 5, 10, 5, 5, 5, 10, 10, 5, 5, 5, 5, 5, 5, 10, 10, 10, 5, 10, 5, 5, 5, 5, 10, 5, 5, 5, 5, 5, 15, 18, 5, 1, 5, 5, 5, 10, 10, 5, 5, 10, 15, 10, 10, 10, 5, 5, 10, 5, 7, 10, 5, 5, 15, 5, 20, 5, 5, 10, 5, 5, 15, 5, 10, 25, 7, 10, 5, 10, 5, 5, 10, 5, 5, 10, 5, 5, 5, 5, 5, 5, 5, 10, 10, 5, 5, 10, 10, 10, 5, 11, 5, 5, 5, 5, 5, 5, 5, 10, 5, 5, 5, 10, 5, 10, 5, 5, 5, 5, 5, 10, 5, 5, 5, 5, 10, 10, 5, 10, 10, 10, 5, 10, 5, 5, 5, 5, 5, 10, 10, 5, 5, 5, 10, 15, 5, 10, 10, 5, 5, 5, 15, 10, 10, 5, 10, 5, 5, 5, 15, 5, 15, 5, 5, 5, 14, 10, 6, 10, 7, 5, 5, 10, 5, 10, 5, 5, 8, 5, 5, 5, 5, 5, 16, 10, 5, 15, 5, 10, 15, 10, 10, 10, 5, 5, 11, 15, 20, 15, 5, 5, 1, 
103678, 1
103678, 2185
103678, 5779
103678, 5043
103678, 713
103678, 34904
107214, 16
107214, 5, 5, 10, 5, 5, 5, 8, 5, 5, 5, 5, 5, 5, 5, 2, 5, 5, 5, 5, 5, 5, 10, 5, 5, 5, 5, 5, 5, 1, 5, 5, 5, 5, 5, 5, 5, 5, 5, 5, 5, 5, 8, 5, 5, 5, 9, 5, 5, 5, 5, 5, 10, 5, 10, 5, 5, 10, 5, 10, 10, 10, 5, 5, 13, 5, 5, 5, 10, 5, 5, 5, 10, 5, 5, 5, 5, 2, 5, 5, 5, 10, 5, 5, 5, 5, 5, 1, 5, 5, 5, 5, 5, 1, 5, 2, 6, 1, 15, 5, 15, 5, 5, 5, 5, 5, 5, 5, 5, 5, 10, 5, 5, 5, 5, 5, 5, 15, 5, 5, 5, 5, 5, 15, 5, 7, 5, 5, 5, 5, 10, 5, 2, 5, 5, 5, 8, 5, 5, 10, 15, 5, 5, 10, 5, 10, 5, 5, 10, 5, 5, 5, 5, 5, 5, 5, 5, 5, 7, 1, 8, 15, 5, 5, 11, 5, 10, 6, 5, 5, 5, 5, 5, 5, 10, 10, 5, 5, 5, 15, 20, 12, 10, 10, 10, 5, 5, 5, 5, 5, 5, 5, 5, 5, 5, 5, 10, 5, 10, 5, 5, 10, 5, 5, 5, 5, 10, 5, 10, 10, 5, 10, 10, 5, 15, 5, 5, 5, 15, 4, 10, 10, 5, 5, 5, 5, 10, 5, 5, 5, 5, 5, 10, 5, 5, 5, 10, 10, 5, 10, 5, 10, 5, 5, 5, 15, 5, 8, 10, 10, 10, 15, 15, 5, 15, 5, 5, 10, 13, 5, 5, 5, 5, 5, 15, 10, 10, 10, 10, 5, 10, 5, 5, 5, 5, 15, 10, 10, 10, 10, 5, 10, 5, 10, 2, 5, 10, 5, 5, 10, 5, 5, 5, 10, 5, 5, 5, 10, 5, 5, 15, 15, 5, 5, 10, 15, 15, 5, 5, 5, 5, 10, 10, 6, 15, 15, 4, 15, 5, 5, 15, 5, 5, 15, 5, 5, 5, 15, 5, 5, 15, 10, 5, 5, 11, 15, 6, 10, 10, 10, 5, 10, 15, 10, 10, 15, 5, 7, 10, 10, 15, 5, 5, 5, 5, 5, 5, 1, 10, 5, 10, 20, 10, 15, 5, 10, 5, 10, 10, 5, 5, 20, 5, 6, 5, 10, 5, 5, 15, 5, 10, 10, 5, 5, 5, 5, 10, 5, 5, 5, 2, 5, 5, 5, 10, 5, 5, 5, 5, 20, 10, 15, 5, 10, 20, 10, 10, 15, 10, 5, 20, 14, 5, 3, 5, 15, 15, 20, 1, 10, 5, 20, 5, 5, 15, 4, 10, 5, 5, 5, 15, 15, 8, 20, 20, 5, 15, 5, 15, 5, 5, 5, 15, 5, 10, 6, 5, 5, 10, 5, 5, 15, 10, 5, 10, 5, 10, 15, 10, 5, 18, 5, 10, 5, 10, 10, 5, 10, 6, 5, 15, 15, 20, 4, 
107214, 1
107214, 1789
107214, 5401
107214, 5068
107214, 1273
107214, 34371
107311, 1
107311, 5, 5, 5, 5, 5, 5, 5, 1, 5, 5, 5, 5, 5, 5, 5, 5, 5, 5, 5, 5, 
107311, 2
107311, 1935
107311, 5548
107311, 6296
107311, 866
107311, 34622
108550, 5
108550, 5, 5, 5, 5, 5, 5, 5, 5, 5, 5, 5, 5, 5, 5, 5, 5, 5, 5, 5, 5, 5, 5, 10, 5, 5, 5, 5, 5, 5, 5, 5, 5, 5, 5, 5, 5, 10, 5, 5, 5, 5, 5, 5, 5, 5, 5, 5, 5, 1, 5, 5, 5, 1, 5, 5, 5, 5, 5, 5, 5, 5, 5, 5, 5, 5, 5, 5, 5, 5, 5, 5, 5, 5, 5, 5, 5, 5, 5, 5, 5, 5, 5, 10, 4, 5, 5, 5, 5, 5, 5, 5, 5, 5, 5, 5, 5, 5, 15, 5, 3, 5, 5, 5, 5, 5, 5, 5, 10, 15, 10, 10, 5, 5, 5, 5, 5, 5, 5, 10, 1, 5, 5, 5, 5, 5, 10, 5, 1, 5, 5, 5, 5, 10, 5, 5, 5, 1, 10, 5, 5, 10, 5, 5, 5, 5, 5, 10, 15, 10, 5, 10, 5, 5, 5, 10, 5, 5, 5, 10, 5, 10, 5, 5, 10, 5, 5, 5, 10, 5, 5, 5, 5, 5, 5, 5, 10, 10, 5, 10, 5, 5, 5, 5, 10, 5, 10, 10, 5, 10, 5, 5, 7, 5, 10, 10, 10, 5, 5, 5, 10, 5, 5, 5, 5, 5, 10, 10, 5, 2, 10, 5, 5, 3, 
108550, 1
108550, 1950
108550, 5562
108550, 3810
108550, 855
108550, 34902
108551, 1
108551, 
108551, 2
108551, 2097
108551, 5710
108551, 2910
108551, 697
108551, 34126
111827, 12
111827, 5, 5, 5, 5, 5, 5, 5, 5, 5, 5, 5, 5, 5, 5, 5, 5, 2, 5, 5, 10, 5, 5, 5, 5, 5, 5, 5, 5, 5, 5, 5, 5, 5, 5, 10, 5, 5, 5, 5, 5, 5, 5, 5, 5, 5, 5, 5, 5, 5, 5, 5, 5, 5, 10, 5, 5, 5, 5, 10, 5, 5, 5, 5, 5, 5, 5, 5, 5, 5, 5, 5, 10, 5, 5, 5, 5, 5, 5, 5, 5, 5, 5, 5, 5, 5, 5, 5, 5, 10, 10, 5, 5, 5, 5, 5, 5, 10, 5, 10, 5, 5, 5, 5, 10, 5, 5, 5, 5, 10, 5, 5, 4, 5, 5, 5, 5, 5, 10, 5, 5, 10, 5, 10, 5, 2, 5, 5, 10, 5, 5, 5, 5, 10, 14, 5, 5, 10, 5, 15, 5, 5, 5, 5, 5, 5, 5, 5, 5, 10, 10, 5, 5, 5, 10, 10, 5, 5, 5, 5, 6, 5, 5, 5, 5, 5, 5, 5, 5, 5, 5, 5, 5, 5, 5, 5, 5, 10, 5, 15, 5, 5, 10, 5, 5, 8, 5, 5, 10, 10, 10, 3, 10, 5, 10, 5, 5, 5, 5, 5, 10, 5, 10, 10, 10, 5, 10, 10, 10, 5, 5, 5, 10, 5, 12, 5, 5, 5, 5, 10, 5, 10, 10, 5, 5, 5, 5, 5, 5, 5, 5, 5, 5, 5, 5, 10, 10, 5, 5, 5, 5, 10, 6, 10, 5, 5, 5, 5, 5, 10, 15, 10, 15, 5, 10, 5, 10, 5, 4, 5, 10, 5, 10, 10, 5, 5, 5, 5, 15, 10, 10, 10, 5, 5, 10, 10, 10, 15, 1, 5, 5, 10, 5, 5, 10, 15, 10, 5, 10, 5, 5, 1, 5, 10, 5, 10, 5, 5, 6, 7, 10, 5, 5, 10, 5, 5, 15, 5, 10, 5, 10, 5, 10, 10, 5, 10, 5, 10, 5, 5, 5, 5, 5, 10, 10, 10, 10, 5, 10, 15, 20, 5, 5, 5, 7, 5, 5, 5, 5, 5, 5, 10, 6, 10, 10, 5, 10, 15, 5, 5, 15, 15, 25, 15, 10, 5, 5, 10, 15, 2, 10, 15, 5, 5, 5, 10, 5, 10, 20, 10, 5, 10, 15, 5, 5, 5, 5, 10, 5, 10, 15, 10, 5, 5, 10, 5, 5, 10, 5, 10, 10, 6, 5, 5, 10, 5, 5, 10, 5, 10, 15, 7, 5, 10, 10, 10, 10, 11, 20, 5, 5, 10, 15, 10, 15, 15, 10, 5, 10, 5, 5, 20, 20, 10, 10, 5, 5, 5, 10, 5, 5, 5, 5, 5, 10, 10, 5, 10, 5, 5, 2, 5, 16, 10, 10, 10, 5, 5, 15, 5, 15, 5, 15, 5, 10, 27, 20, 5, 5, 9, 
111827, 2
111827, 2051
111827, 5586
111827, 3456
111827, 798
111827, 34439
112129, 3
112129, 5, 5, 5, 5, 5, 5, 5, 5, 5, 5, 5, 5, 5, 5, 5, 5, 5, 5, 5, 5, 5, 5, 5, 5, 5, 5, 5, 10, 5, 10, 5, 5, 5, 5, 5, 5, 5, 5, 5, 5, 5, 5, 5, 5, 1, 5, 5, 5, 5, 5, 2, 4, 5, 5, 10, 5, 5, 5, 2, 
112129, 3
112129, 2202
112129, 5785
112129, 1961
112129, 315
112129, 34535
112130, 1
112130, 
112130, 1
112130, 2352
112130, 5931
112130, 1207
112130, 287
112130, 34615
112131, 1
112131, 
112131, 1
112131, 2501
112131, 6076
112131, 6850
112131, 1329
112131, 34984
113135, 1
113135, 5, 5, 5, 5, 5, 5, 5, 5, 5, 2, 5, 5, 5, 5, 5, 5, 5, 5, 5, 5, 5, 5, 5, 5, 5, 5, 5, 5, 5, 5, 5, 10, 5, 5, 5, 5, 10, 5, 5, 5, 5, 5, 5, 5, 5, 5, 5, 5, 5, 5, 10, 5, 5, 5, 4, 5, 5, 5, 5, 5, 5, 5, 5, 5, 5, 5, 5, 5, 5, 5, 6, 10, 5, 5, 5, 5, 5, 5, 5, 5, 5, 5, 5, 5, 5, 10, 10, 5, 5, 5, 5, 5, 5, 5, 5, 5, 5, 5, 2, 5, 5, 5, 5, 5, 5, 1, 10, 5, 5, 5, 5, 5, 1, 5, 5, 9, 5, 5, 10, 15, 5, 5, 10, 5, 5, 10, 5, 5, 5, 5, 5, 5, 5, 10, 5, 5, 5, 5, 5, 5, 5, 5, 5, 6, 5, 5, 5, 5, 5, 5, 5, 12, 5, 5, 5, 5, 5, 5, 10, 5, 5, 5, 5, 5, 10, 10, 5, 2, 5, 5, 5, 5, 4, 5, 5, 5, 5, 10, 5, 10, 5, 5, 5, 4, 
113135, 6
113135, 2070
113135, 5386
113135, 3747
113135, 988
113135, 34333
113136, 1
113136, 
113136, 2
113136, 2221
113136, 5535
113136, 7606
113136, 1264
113136, 34675
113786, 2
113786, 5, 5, 5, 5, 5, 5, 5, 5, 5, 5, 5, 5, 5, 5, 5, 5, 5, 10, 10, 5, 5, 5, 1, 5, 5, 5, 10, 5, 5, 5, 5, 5, 5, 5, 5, 5, 5, 5, 5, 10, 5, 5, 5, 5, 5, 5, 1, 5, 5, 5, 5, 5, 5, 5, 5, 5, 5, 5, 5, 5, 1, 2, 5, 5, 10, 5, 5, 5, 5, 5, 5, 5, 5, 5, 5, 5, 5, 5, 5, 5, 5, 5, 5, 10, 5, 5, 5, 5, 5, 5, 5, 5, 5, 5, 5, 5, 5, 5, 5, 5, 5, 5, 5, 5, 5, 5, 5, 5, 5, 5, 5, 10, 5, 5, 5, 1, 5, 10, 5, 5, 1, 5, 5, 5, 10, 1, 
113786, 1
113786, 2361
113786, 5666
113786, 2654
113786, 1216
113786, 35021
113793, 2
113793, 5, 
113793, 1
113793, 2511
113793, 5814
113793, 4618
113793, 1030
113793, 34371
113794, 1
113794, 
113794, 2
113794, 2661
113794, 5957
113794, 3728
113794, 1094
113794, 34659
113795, 1
113795, 
113795, 7
113795, 2823
113795, 6120
113795, 5983
113795, 1306
113795, 35003
113796, 1
113796, 
113796, 1
113796, 2972
113796, 6265
113796, 2744
113796, 661
113796, 35177
113895, 1
113895, 5, 5, 5, 5, 5, 5, 5, 5, 5, 5, 5, 5, 5, 5, 5, 5, 5, 5, 5, 3, 
113895, 1
113895, 3122
113895, 6416
113895, 1087
113895, 293
113895, 34353
113896, 1
113896, 
113896, 1
113896, 3271
113896, 6560
113896, 1931
113896, 337
113896, 34439
113897, 1
113897, 
113897, 1
113897, 3421
113897, 6704
113897, 3990
113897, 1023
113897, 34702
114032, 1
114032, 5, 5, 5, 5, 5, 4, 5, 5, 5, 5, 5, 5, 5, 5, 5, 5, 5, 5, 5, 5, 5, 5, 5, 5, 5, 5, 5, 
114032, 1
114032, 3570
114032, 6848
114032, 1728
114032, 294
114032, 34781
114033, 1
114033, 
114033, 1
114033, 3718
114033, 6996
114033, 1299
114033, 348
114033, 34870
114034, 1
114034, 
114034, 1
114034, 3864
114034, 7136
114034, 2102
114034, 725
114034, 35056
114035, 1
114035, 
114035, 1
114035, 4010
114035, 7279
114035, 1901
114035, 536
114035, 35194
114036, 1
114036, 
114036, 2
114036, 4157
114036, 7422
114036, 5245
114036, 1316
114036, 34643
114037, 1
114037, 
114037, 1
114037, 4303
114037, 7564
114037, 1491
114037, 393
114037, 34742
115619, 2
115619, 5, 5, 5, 5, 5, 5, 5, 5, 5, 5, 3, 5, 5, 5, 5, 5, 5, 5, 5, 5, 5, 5, 5, 5, 2, 5, 5, 5, 5, 1, 5, 5, 5, 5, 5, 5, 5, 5, 5, 5, 1, 5, 5, 5, 5, 5, 5, 5, 5, 5, 5, 5, 5, 10, 5, 5, 5, 5, 5, 5, 5, 10, 10, 5, 5, 5, 5, 5, 5, 5, 5, 5, 5, 10, 5, 10, 5, 10, 15, 5, 5, 5, 5, 5, 5, 5, 10, 5, 5, 5, 5, 5, 5, 5, 5, 10, 5, 5, 5, 5, 10, 5, 5, 5, 5, 5, 5, 5, 5, 10, 5, 5, 1, 5, 5, 5, 10, 5, 10, 5, 10, 5, 5, 10, 5, 5, 5, 5, 5, 5, 5, 5, 5, 5, 5, 5, 5, 5, 5, 5, 10, 10, 10, 5, 5, 5, 1, 10, 5, 5, 5, 5, 8, 5, 5, 5, 10, 5, 5, 10, 5, 5, 5, 5, 5, 10, 10, 10, 5, 5, 5, 5, 10, 5, 5, 5, 10, 5, 5, 5, 5, 5, 5, 10, 5, 5, 5, 1, 5, 10, 10, 10, 5, 5, 5, 5, 10, 5, 5, 10, 5, 5, 5, 5, 5, 5, 10, 5, 5, 5, 5, 10, 5, 5, 10, 10, 5, 10, 5, 5, 5, 5, 3, 5, 5, 6, 5, 1, 5, 5, 7, 10, 5, 8, 5, 5, 5, 5, 5, 3, 5, 10, 10, 5, 5, 5, 5, 9, 10, 5, 5, 5, 5, 10, 5, 5, 5, 10, 5, 7, 10, 2, 20, 1, 15, 10, 5, 10, 5, 
115619, 1
115619, 3606
115619, 7450
115619, 1758
115619, 311
115619, 34859
118194, 7
118194, 5, 5, 5, 5, 5, 5, 5, 5, 5, 5, 5, 5, 2, 5, 5, 5, 5, 5, 5, 5, 6, 5, 5, 5, 5, 5, 5, 5, 5, 5, 1, 5, 10, 5, 5, 5, 5, 5, 5, 5, 5, 5, 5, 5, 5, 5, 5, 10, 5, 5, 5, 5, 5, 5, 5, 5, 10, 5, 5, 5, 5, 5, 10, 5, 5, 5, 5, 5, 10, 5, 5, 5, 5, 5, 8, 5, 4, 5, 10, 5, 5, 5, 5, 5, 10, 5, 5, 5, 10, 5, 10, 5, 2, 5, 5, 5, 5, 5, 5, 5, 5, 5, 5, 5, 5, 10, 5, 5, 5, 5, 10, 5, 5, 5, 5, 5, 5, 5, 10, 5, 5, 5, 10, 10, 5, 5, 5, 5, 10, 5, 5, 5, 5, 5, 5, 10, 5, 5, 10, 5, 5, 5, 5, 5, 5, 5, 5, 6, 5, 5, 10, 5, 5, 5, 13, 10, 5, 15, 5, 5, 5, 5, 6, 5, 5, 5, 10, 15, 5, 10, 10, 10, 5, 5, 5, 5, 5, 10, 5, 5, 5, 10, 5, 5, 5, 5, 10, 5, 1, 5, 5, 15, 5, 5, 10, 5, 5, 10, 5, 5, 10, 10, 5, 15, 5, 5, 15, 5, 1, 10, 5, 10, 10, 15, 5, 5, 5, 10, 5, 3, 5, 5, 11, 5, 10, 5, 5, 9, 10, 15, 10, 5, 2, 15, 5, 2, 5, 5, 10, 5, 5, 5, 5, 5, 12, 5, 5, 5, 5, 20, 10, 5, 14, 2, 10, 10, 10, 5, 15, 5, 5, 5, 5, 10, 1, 5, 1, 5, 5, 10, 5, 5, 10, 5, 10, 10, 5, 5, 5, 5, 5, 5, 5, 5, 1, 5, 5, 10, 5, 1, 10, 10, 5, 5, 10, 15, 5, 2, 15, 5, 15, 15, 5, 10, 5, 10, 10, 5, 6, 10, 5, 15, 3, 20, 5, 5, 10, 5, 5, 5, 5, 5, 5, 5, 10, 10, 5, 5, 5, 5, 5, 10, 5, 5, 5, 10, 5, 5, 10, 20, 5, 10, 5, 6, 5, 5, 10, 5, 2, 5, 10, 5, 5, 10, 5, 5, 3, 5, 17, 25, 10, 5, 5, 5, 5, 5, 10, 10, 10, 6, 5, 10, 5, 10, 10, 5, 10, 5, 5, 1, 5, 5, 10, 5, 10, 10, 5, 10, 10, 10, 10, 5, 5, 3, 
118194, 1
118194, 2367
118194, 5746
118194, 1346
118194, 299
118194, 34998
125562, 21
125562, 5, 5, 5, 5, 5, 5, 5, 5, 5, 5, 5, 5, 5, 5, 5, 5, 11, 2, 5, 5, 5, 5, 10, 1, 5, 5, 5, 5, 5, 4, 10, 5, 10, 5, 5, 5, 5, 5, 10, 5, 10, 5, 10, 5, 5, 10, 5, 5, 5, 6, 10, 1, 5, 5, 5, 10, 15, 5, 5, 10, 5, 5, 10, 5, 5, 7, 10, 10, 5, 10, 15, 10, 15, 10, 5, 2, 5, 10, 5, 5, 5, 10, 10, 10, 5, 5, 5, 5, 9, 10, 10, 15, 5, 10, 20, 5, 10, 5, 10, 5, 15, 5, 5, 5, 10, 10, 15, 19, 5, 20, 10, 5, 10, 10, 10, 10, 14, 5, 5, 6, 11, 5, 5, 5, 5, 5, 10, 5, 5, 15, 5, 5, 15, 5, 10, 5, 10, 10, 15, 15, 10, 10, 5, 15, 20, 5, 10, 10, 5, 15, 20, 15, 15, 5, 5, 10, 15, 15, 15, 5, 15, 7, 10, 5, 10, 5, 5, 10, 10, 5, 10, 5, 10, 5, 15, 10, 5, 10, 10, 10, 10, 5, 5, 10, 5, 5, 15, 12, 10, 10, 25, 15, 10, 6, 10, 6, 5, 20, 10, 9, 5, 5, 5, 5, 10, 5, 3, 5, 5, 15, 15, 5, 5, 5, 5, 10, 11, 15, 5, 10, 15, 10, 10, 5, 10, 5, 5, 5, 5, 15, 15, 20, 5, 5, 5, 10, 10, 15, 15, 15, 15, 9, 10, 5, 20, 10, 11, 5, 15, 25, 10, 5, 5, 7, 10, 5, 15, 10, 5, 10, 15, 5, 15, 25, 5, 5, 20, 5, 5, 5, 5, 5, 5, 10, 5, 5, 10, 15, 5, 5, 10, 10, 5, 5, 5, 15, 10, 5, 15, 5, 10, 10, 15, 20, 25, 15, 15, 20, 10, 5, 5, 10, 10, 10, 16, 10, 5, 5, 10, 5, 15, 10, 15, 10, 5, 15, 15, 10, 20, 6, 10, 15, 5, 5, 15, 25, 5, 10, 10, 5, 5, 5, 10, 10, 15, 5, 25, 10, 20, 15, 15, 15, 5, 15, 5, 5, 5, 10, 10, 10, 20, 20, 5, 10, 10, 15, 11, 5, 10, 10, 15, 10, 13, 20, 5, 10, 10, 15, 10, 20, 10, 16, 10, 25, 10, 10, 15, 9, 10, 10, 5, 20, 10, 10, 10, 5, 15, 5, 10, 20, 5, 5, 10, 20, 10, 15, 15, 15, 5, 10, 10, 5, 10, 8, 15, 10, 15, 20, 5, 5, 10, 15, 10, 15, 5, 32, 5, 5, 10, 10, 5, 15, 11, 10, 10, 5, 15, 15, 15, 25, 5, 10, 20, 20, 5, 10, 8, 10, 5, 10, 5, 15, 10, 10, 6, 15, 15, 5, 5, 15, 10, 15, 20, 10, 5, 10, 5, 5, 5, 15, 5, 25, 25, 15, 5, 5, 10, 5, 10, 15, 15, 5, 15, 5, 10, 5, 15, 5, 15, 6, 5, 15, 10, 10, 15, 5, 25, 10, 25, 5, 10, 10, 20, 25, 15, 5, 45, 25, 5, 5, 17, 5, 25, 5, 10, 10, 5, 25, 5, 5, 15, 10, 20, 13, 25, 5, 15, 10, 11, 20, 20, 10, 10, 5, 10, 10, 5, 25, 20, 10, 30, 35, 18, 5, 10, 15, 20, 5, 10, 15, 20, 5, 5, 5, 10, 20, 5, 5, 10, 10, 5, 5, 5, 10, 5, 15, 15, 15, 20, 25, 5, 20, 10, 5, 5, 5, 5, 10, 10, 15, 25, 10, 15, 10, 20, 5, 10, 10, 15, 5, 10, 5, 5, 20, 20, 10, 15, 5, 20, 10, 20, 15, 9, 11, 15, 5, 10, 5, 10, 25, 20, 10, 30, 5, 10, 30, 15, 10, 15, 14, 10, 15, 15, 10, 10, 6, 25, 12, 15, 25, 20, 10, 15, 4, 13, 15, 5, 10, 12, 15, 10, 15, 15, 15, 5, 10, 20, 10, 10, 5, 10, 10, 9, 20, 12, 20, 5, 15, 25, 10, 15, 10, 20, 10, 15, 10, 15, 5, 25, 10, 10, 15, 20, 15, 27, 15, 10, 15, 30, 22, 15, 10, 10, 5, 10, 30, 15, 10, 10, 15, 5, 5, 14, 30, 5, 15, 15, 2, 20, 30, 
125562, 2
125562, 1495
125562, 4708
125562, 4961
125562, 538
125562, 34455
125563, 1
125563, 
125563, 1
125563, 1659
125563, 4872
125563, 5453
125563, 1301
125563, 34773
125564, 1
125564, 
125564, 1
125564, 1825
125564, 5033
125564, 2061
125564, 272
125564, 34839
130061, 3
130061, 5, 5, 5, 5, 5, 5, 5, 5, 5, 5, 2, 5, 5, 5, 5, 5, 5, 5, 5, 5, 5, 5, 10, 5, 5, 5, 5, 5, 5, 5, 2, 5, 6, 5, 5, 5, 10, 5, 5, 5, 5, 5, 10, 5, 5, 10, 10, 5, 10, 5, 5, 5, 5, 10, 5, 15, 5, 5, 5, 10, 5, 10, 5, 5, 5, 5, 5, 5, 5, 5, 10, 5, 5, 5, 5, 5, 5, 5, 5, 1, 5, 10, 5, 5, 5, 10, 5, 10, 5, 10, 5, 5, 5, 10, 15, 5, 5, 10, 5, 5, 5, 10, 5, 5, 5, 10, 5, 5, 5, 5, 5, 10, 5, 5, 10, 5, 10, 5, 10, 5, 5, 2, 10, 10, 5, 5, 5, 10, 5, 5, 5, 15, 5, 10, 5, 1, 5, 5, 5, 5, 2, 10, 10, 10, 10, 5, 5, 5, 5, 5, 10, 5, 10, 5, 5, 5, 5, 3, 5, 10, 10, 5, 5, 9, 15, 10, 15, 5, 5, 5, 5, 15, 10, 5, 10, 10, 5, 5, 5, 5, 5, 5, 5, 5, 10, 5, 10, 5, 1, 15, 10, 10, 5, 10, 5, 6, 10, 5, 10, 10, 10, 5, 5, 5, 5, 5, 6, 15, 10, 15, 11, 1, 15, 5, 15, 5, 10, 5, 5, 5, 5, 10, 5, 15, 5, 10, 10, 15, 10, 5, 3, 5, 20, 10, 10, 5, 5, 5, 15, 5, 5, 5, 1, 10, 5, 5, 5, 10, 10, 5, 10, 5, 5, 5, 10, 5, 10, 5, 5, 10, 5, 5, 15, 10, 5, 10, 12, 10, 10, 15, 15, 5, 1, 10, 10, 10, 10, 5, 10, 5, 1, 10, 15, 5, 9, 10, 10, 5, 10, 5, 5, 5, 5, 10, 10, 10, 10, 5, 10, 5, 5, 5, 15, 5, 15, 5, 10, 15, 10, 5, 10, 10, 15, 10, 10, 5, 10, 5, 5, 10, 5, 5, 10, 20, 5, 15, 10, 5, 5, 10, 10, 15, 13, 10, 15, 5, 10, 5, 5, 5, 5, 5, 15, 15, 5, 5, 5, 5, 5, 10, 20, 15, 5, 5, 5, 22, 5, 20, 10, 5, 25, 7, 5, 5, 10, 10, 5, 3, 5, 10, 5, 15, 25, 5, 10, 10, 5, 5, 6, 5, 5, 20, 5, 20, 10, 5, 5, 10, 5, 5, 15, 18, 10, 5, 5, 10, 6, 1, 10, 2, 5, 5, 10, 10, 12, 10, 10, 5, 10, 5, 10, 10, 15, 10, 10, 5, 15, 10, 5, 14, 10, 15, 15, 5, 5, 5, 6, 5, 5, 10, 10, 10, 4, 10, 5, 15, 5, 5, 10, 5, 20, 11, 10, 10, 15, 5, 5, 5, 15, 3, 5, 10, 10, 1, 10, 20, 20, 15, 10, 6, 10, 10, 10, 11, 10, 15, 5, 10, 5, 15, 10, 15, 10, 25, 10, 10, 10, 15, 5, 15, 5, 6, 16, 2, 15, 15, 5, 5, 5, 5, 9, 10, 10, 10, 5, 5, 10, 5, 10, 10, 5, 15, 20, 10, 5, 10, 25, 10, 10, 5, 5, 10, 10, 10, 5, 5, 5, 10, 5, 15, 6, 5, 10, 7, 15, 10, 7, 15, 15, 5, 5, 10, 19, 15, 10, 10, 5, 20, 25, 15, 5, 5, 15, 20, 15, 15, 5, 11, 10, 10, 5, 5, 20, 15, 
130061, 14
130061, 1629
130061, 4833
130061, 4586
130061, 552
130061, 35084
130760, 1
130760, 5, 5, 5, 5, 5, 5, 5, 5, 5, 5, 5, 5, 5, 3, 5, 5, 5, 5, 5, 5, 1, 5, 5, 5, 5, 5, 5, 5, 5, 5, 5, 5, 5, 5, 5, 5, 5, 5, 5, 5, 5, 5, 5, 5, 5, 5, 5, 5, 5, 5, 5, 10, 5, 2, 5, 5, 5, 5, 5, 5, 5, 5, 5, 5, 5, 5, 5, 5, 8, 5, 5, 10, 5, 5, 5, 5, 5, 5, 5, 5, 5, 5, 5, 5, 5, 5, 15, 5, 10, 5, 5, 5, 5, 10, 5, 5, 2, 10, 6, 5, 5, 5, 1, 5, 5, 5, 5, 5, 10, 5, 10, 5, 5, 5, 5, 5, 5, 5, 5, 5, 5, 5, 5, 5, 5, 10, 5, 5, 5, 5, 5, 5, 
130760, 1
130760, 1646
130760, 4807
130760, 5296
130760, 1563
130760, 34637
130761, 1
130761, 
130761, 2
130761, 1822
130761, 5010
130761, 5743
130761, 783
130761, 34824
130762, 1
130762, 
130762, 1
130762, 1993
130762, 5180
130762, 2064
130762, 693
130762, 34989
132228, 3
132228, 5, 5, 5, 5, 5, 5, 5, 5, 5, 5, 5, 5, 5, 5, 5, 5, 5, 5, 10, 5, 5, 5, 5, 2, 5, 5, 10, 5, 10, 2, 5, 10, 5, 10, 5, 5, 5, 5, 5, 5, 5, 5, 5, 5, 5, 5, 10, 5, 5, 5, 5, 5, 5, 5, 5, 5, 5, 5, 5, 2, 5, 5, 10, 5, 9, 5, 5, 5, 10, 5, 5, 5, 5, 5, 10, 10, 5, 5, 6, 5, 5, 5, 5, 5, 10, 5, 5, 5, 5, 5, 5, 5, 5, 5, 5, 5, 5, 5, 5, 5, 5, 5, 5, 5, 5, 5, 5, 15, 5, 5, 5, 5, 5, 5, 5, 5, 5, 5, 5, 10, 5, 5, 5, 5, 5, 5, 5, 5, 5, 5, 5, 5, 5, 5, 5, 5, 5, 5, 5, 5, 10, 5, 5, 5, 5, 5, 5, 5, 5, 5, 5, 10, 5, 1, 5, 5, 10, 5, 5, 5, 5, 5, 5, 3, 5, 5, 10, 6, 5, 5, 5, 10, 5, 5, 5, 5, 5, 5, 5, 5, 5, 5, 6, 20, 5, 5, 10, 10, 5, 5, 5, 5, 5, 1, 5, 5, 5, 5, 5, 15, 10, 10, 20, 10, 5, 5, 5, 10, 5, 5, 5, 5, 5, 10, 5, 10, 1, 5, 5, 10, 5, 5, 10, 1, 5, 5, 5, 10, 5, 5, 10, 5, 5, 5, 15, 5, 5, 5, 5, 5, 1, 5, 2, 5, 10, 5, 15, 10, 5, 10, 5, 5, 
132228, 1
132228, 1673
132228, 4980
132228, 2373
132228, 480
132228, 35138
133299, 8
133299, 5, 5, 5, 5, 5, 5, 5, 5, 5, 5, 5, 5, 5, 5, 5, 5, 5, 10, 5, 5, 5, 5, 5, 5, 5, 5, 5, 5, 5, 5, 5, 5, 5, 5, 5, 5, 5, 5, 5, 5, 5, 5, 5, 5, 5, 5, 5, 5, 5, 5, 5, 5, 5, 1, 5, 5, 5, 5, 5, 5, 5, 5, 5, 5, 5, 5, 5, 5, 10, 5, 5, 5, 5, 10, 5, 5, 10, 5, 5, 5, 10, 5, 5, 5, 5, 5, 5, 2, 5, 5, 5, 5, 5, 5, 5, 5, 5, 10, 5, 5, 5, 5, 5, 5, 1, 5, 10, 5, 5, 5, 5, 5, 5, 5, 5, 5, 5, 5, 5, 5, 5, 5, 5, 5, 5, 2, 5, 5, 5, 5, 10, 3, 10, 5, 5, 5, 5, 5, 5, 5, 5, 10, 5, 5, 10, 5, 5, 5, 5, 5, 5, 5, 10, 10, 5, 5, 5, 5, 3, 4, 5, 5, 5, 5, 10, 10, 5, 10, 5, 5, 5, 5, 5, 10, 5, 5, 5, 5, 10, 5, 5, 5, 5, 5, 10, 5, 5, 5, 2, 15, 10, 5, 5, 5, 5, 
133299, 1
133299, 1519
133299, 4817
133299, 1191
133299, 124
133299, 35193
134904, 1
134904, 5, 5, 5, 5, 5, 5, 5, 5, 5, 5, 5, 5, 5, 5, 5, 5, 5, 5, 5, 5, 5, 2, 5, 5, 5, 5, 5, 5, 5, 5, 5, 5, 5, 5, 2, 5, 5, 5, 10, 5, 5, 5, 5, 5, 5, 5, 5, 5, 1, 5, 5, 5, 5, 5, 5, 5, 5, 5, 2, 5, 5, 5, 2, 5, 5, 5, 5, 5, 5, 5, 5, 10, 5, 5, 1, 5, 5, 5, 5, 5, 5, 5, 5, 5, 5, 5, 5, 5, 5, 5, 15, 5, 5, 5, 10, 5, 5, 5, 5, 5, 5, 5, 5, 5, 5, 5, 5, 5, 5, 1, 5, 5, 15, 5, 5, 5, 5, 5, 5, 5, 5, 10, 5, 5, 4, 10, 5, 5, 5, 5, 5, 5, 10, 5, 10, 5, 5, 5, 5, 5, 5, 5, 5, 5, 5, 10, 10, 10, 5, 5, 5, 2, 5, 10, 5, 5, 5, 5, 5, 10, 7, 5, 4, 5, 5, 5, 5, 5, 5, 5, 5, 10, 5, 5, 10, 5, 5, 5, 5, 5, 3, 5, 5, 10, 10, 6, 5, 5, 5, 5, 5, 5, 5, 5, 5, 5, 10, 5, 10, 5, 5, 10, 5, 9, 5, 5, 10, 5, 10, 5, 5, 5, 5, 5, 5, 10, 5, 5, 6, 5, 5, 5, 10, 5, 10, 5, 5, 5, 5, 5, 5, 11, 10, 5, 5, 1, 5, 5, 5, 5, 5, 5, 10, 15, 10, 5, 5, 5, 5, 10, 12, 5, 15, 5, 5, 5, 5, 10, 5, 10, 5, 10, 5, 5, 10, 5, 5, 5, 11, 5, 10, 5, 5, 5, 5, 5, 10, 5, 5, 5, 2, 
134904, 9
134904, 1887
134904, 7151
134904, 2709
134904, 817
134904, 35426
134905, 1
134905, 
134905, 1
134905, 2063
134905, 7870
134905, 6843
134905, 815
134905, 34792
134906, 1
134906, 
134906, 1
134906, 2238
134906, 8046
134906, 3482
134906, 524
134906, 34914
136246, 1
136246, 5, 5, 5, 5, 5, 5, 5, 5, 1, 5, 5, 5, 5, 5, 5, 5, 5, 5, 5, 5, 1, 5, 5, 5, 5, 5, 5, 5, 5, 5, 5, 5, 5, 10, 5, 5, 5, 5, 5, 2, 5, 5, 5, 5, 10, 5, 5, 5, 5, 5, 5, 5, 5, 10, 5, 5, 5, 5, 5, 5, 5, 5, 2, 5, 5, 5, 5, 5, 5, 10, 5, 5, 5, 5, 5, 5, 5, 5, 5, 5, 10, 5, 5, 5, 5, 5, 5, 5, 5, 1, 5, 5, 15, 10, 7, 10, 5, 5, 5, 5, 5, 5, 5, 5, 5, 5, 10, 5, 5, 5, 5, 5, 5, 5, 5, 5, 5, 5, 5, 5, 5, 5, 5, 5, 5, 5, 5, 5, 15, 10, 5, 5, 5, 5, 10, 5, 5, 10, 5, 5, 5, 5, 5, 5, 5, 5, 5, 10, 5, 5, 10, 5, 5, 5, 5, 5, 10, 5, 5, 5, 5, 5, 1, 5, 10, 5, 10, 10, 5, 5, 5, 5, 15, 10, 1, 10, 10, 5, 5, 5, 5, 5, 5, 5, 5, 5, 10, 10, 5, 5, 10, 10, 5, 10, 5, 5, 5, 5, 5, 10, 3, 5, 5, 5, 5, 5, 5, 10, 5, 5, 5, 5, 5, 5, 5, 5, 5, 10, 10, 10, 5, 5, 10, 5, 10, 5, 5, 5, 10, 1, 5, 5, 5, 5, 4, 
136246, 1
136246, 2054
136246, 7371
136246, 6970
136246, 1206
136246, 35226
136247, 1
136247, 
136247, 1
136247, 2231
136247, 7542
136247, 5411
136247, 1069
136247, 34668
141078, 6
141078, 5, 5, 5, 5, 5, 5, 5, 5, 5, 10, 10, 5, 5, 5, 5, 2, 5, 2, 5, 5, 10, 5, 4, 5, 5, 5, 5, 5, 5, 5, 5, 5, 10, 5, 5, 10, 5, 5, 5, 5, 15, 5, 5, 5, 5, 5, 5, 5, 5, 10, 10, 9, 5, 10, 10, 5, 10, 5, 9, 5, 5, 5, 5, 1, 2, 5, 5, 5, 10, 5, 5, 5, 5, 10, 5, 10, 1, 5, 10, 5, 5, 10, 10, 5, 10, 5, 5, 10, 5, 10, 5, 5, 10, 5, 8, 5, 5, 14, 10, 5, 5, 5, 10, 10, 2, 5, 5, 10, 5, 5, 5, 5, 10, 5, 15, 5, 5, 5, 5, 5, 10, 10, 5, 15, 10, 10, 5, 5, 5, 5, 2, 5, 5, 5, 10, 5, 5, 5, 10, 5, 10, 5, 10, 10, 10, 10, 8, 10, 1, 5, 5, 10, 1, 10, 5, 10, 5, 10, 5, 15, 5, 10, 5, 5, 5, 10, 15, 5, 5, 5, 10, 15, 10, 5, 13, 5, 5, 10, 3, 20, 5, 5, 10, 6, 10, 10, 10, 10, 5, 5, 5, 10, 10, 5, 5, 10, 15, 5, 5, 10, 10, 5, 10, 5, 5, 5, 15, 5, 5, 5, 10, 5, 5, 5, 15, 20, 5, 10, 10, 5, 10, 1, 5, 15, 5, 5, 20, 5, 5, 10, 15, 5, 10, 5, 15, 5, 10, 7, 5, 5, 20, 10, 15, 5, 20, 5, 10, 10, 10, 10, 10, 5, 5, 10, 10, 5, 5, 10, 5, 5, 5, 5, 5, 5, 15, 5, 15, 5, 10, 10, 10, 10, 6, 10, 10, 15, 5, 10, 10, 10, 10, 5, 5, 15, 10, 5, 5, 10, 15, 5, 5, 10, 10, 5, 25, 10, 5, 15, 10, 11, 10, 10, 6, 5, 5, 10, 10, 10, 5, 10, 5, 5, 5, 5, 25, 13, 13, 10, 10, 10, 10, 10, 5, 10, 10, 5, 10, 5, 10, 10, 5, 5, 5, 10, 10, 10, 10, 5, 5, 5, 1, 20, 10, 5, 5, 5, 15, 10, 5, 20, 15, 15, 15, 5, 5, 10, 10, 10, 10, 10, 15, 5, 5, 15, 10, 5, 10, 4, 5, 5, 10, 5, 5, 10, 5, 5, 10, 10, 5, 20, 5, 5, 6, 15, 5, 10, 5, 10, 5, 10, 5, 15, 15, 5, 10, 20, 10, 5, 10, 5, 10, 15, 20, 10, 5, 20, 5, 20, 20, 15, 6, 15, 15, 20, 5, 15, 5, 5, 15, 5, 5, 25, 5, 15, 5, 10, 5, 15, 10, 10, 10, 5, 17, 10, 10, 5, 10, 10, 10, 10, 7, 10, 5, 15, 10, 10, 5, 10, 10, 25, 15, 10, 15, 5, 10, 5, 10, 5, 25, 10, 6, 5, 10, 5, 10, 10, 10, 10, 16, 10, 13, 5, 5, 15, 5, 15, 10, 5, 10, 10, 15, 10, 5, 5, 5, 10, 5, 5, 5, 10, 20, 10, 5, 13, 10, 10, 25, 10, 20, 10, 20, 15, 5, 6, 5, 10, 10, 15, 10, 5, 30, 15, 1, 10, 5, 20, 15, 5, 15, 10, 8, 10, 10, 10, 10, 10, 10, 15, 5, 10, 6, 15, 15, 20, 15, 5, 15, 20, 5, 5, 5, 5, 10, 5, 15, 10, 10, 10, 5, 5, 11, 9, 15, 6, 5, 5, 19, 5, 15, 20, 20, 
141078, 1
141078, 1515
141078, 4341
141078, 2487
141078, 387
141078, 34866
141079, 1
141079, 
141079, 16
141079, 1713
141079, 4632
141079, 3906
141079, 1108
141079, 35118
141080, 1
141080, 
141080, 1
141080, 1895
141080, 4816
141080, 3822
141080, 1561
141080, 35473
141081, 1
141081, 
141081, 2
141081, 2193
141081, 14435
141081, 5977
141081, 907
141081, 34886
147293, 12
147293, 5, 5, 5, 5, 5, 10, 5, 5, 5, 5, 5, 5, 5, 5, 5, 5, 5, 5, 5, 5, 5, 5, 5, 5, 5, 5, 5, 5, 1, 5, 4, 10, 5, 5, 10, 5, 10, 5, 5, 5, 10, 5, 5, 5, 5, 10, 10, 5, 15, 5, 5, 5, 5, 5, 5, 5, 1, 5, 10, 5, 6, 5, 5, 5, 5, 5, 5, 5, 10, 8, 10, 5, 5, 5, 5, 5, 7, 5, 15, 5, 5, 5, 11, 5, 6, 5, 5, 10, 10, 10, 5, 5, 5, 5, 10, 8, 5, 5, 5, 10, 20, 5, 10, 5, 5, 6, 5, 10, 5, 15, 5, 10, 5, 5, 5, 5, 5, 10, 10, 10, 10, 5, 5, 10, 15, 20, 5, 14, 5, 7, 10, 15, 15, 20, 5, 10, 15, 5, 10, 10, 12, 10, 5, 10, 10, 15, 10, 5, 10, 5, 5, 5, 5, 10, 10, 5, 5, 5, 10, 5, 20, 25, 15, 10, 10, 25, 5, 10, 15, 10, 10, 10, 5, 5, 10, 15, 5, 10, 10, 5, 5, 5, 5, 5, 15, 10, 5, 10, 5, 5, 15, 10, 5, 15, 10, 15, 15, 5, 16, 5, 5, 11, 5, 10, 10, 10, 20, 15, 5, 5, 5, 5, 10, 5, 5, 5, 10, 10, 10, 10, 10, 15, 15, 5, 5, 5, 20, 5, 10, 5, 19, 5, 10, 5, 5, 5, 10, 10, 10, 5, 5, 18, 25, 15, 5, 10, 10, 10, 15, 15, 15, 15, 15, 10, 5, 5, 10, 5, 20, 8, 10, 20, 5, 15, 10, 5, 10, 5, 10, 10, 10, 5, 10, 5, 15, 10, 5, 10, 20, 5, 15, 10, 5, 5, 10, 5, 10, 5, 5, 5, 10, 10, 5, 4, 15, 10, 5, 10, 15, 10, 10, 5, 10, 5, 5, 10, 5, 10, 14, 5, 5, 1, 11, 10, 10, 10, 10, 10, 10, 15, 7, 10, 15, 5, 1, 20, 5, 20, 15, 5, 5, 10, 5, 15, 10, 15, 5, 10, 10, 15, 5, 5, 5, 5, 15, 15, 10, 15, 5, 5, 5, 20, 5, 15, 10, 5, 10, 15, 5, 5, 10, 10, 15, 5, 20, 10, 10, 10, 10, 10, 10, 15, 10, 5, 5, 10, 17, 10, 10, 10, 10, 10, 5, 10, 10, 20, 10, 15, 5, 15, 25, 15, 20, 5, 10, 15, 5, 7, 10, 10, 11, 10, 7, 10, 15, 10, 5, 10, 20, 10, 15, 5, 10, 10, 5, 5, 10, 10, 20, 20, 10, 5, 15, 15, 5, 15, 10, 20, 10, 10, 5, 6, 15, 5, 5, 10, 5, 5, 5, 15, 5, 5, 20, 10, 5, 5, 5, 15, 15, 1, 20, 5, 5, 5, 5, 10, 25, 5, 16, 10, 5, 10, 10, 10, 15, 5, 5, 15, 10, 6, 5, 10, 10, 20, 15, 10, 10, 10, 15, 15, 20, 20, 15, 5, 5, 7, 5, 5, 15, 10, 15, 5, 10, 5, 5, 15, 10, 5, 10, 10, 25, 20, 10, 10, 10, 15, 20, 5, 15, 15, 10, 10, 15, 5, 20, 15, 6, 10, 10, 15, 20, 15, 5, 15, 20, 18, 5, 5, 10, 5, 10, 15, 10, 20, 5, 10, 4, 11, 15, 10, 5, 5, 20, 10, 10, 5, 15, 5, 15, 5, 20, 10, 20, 5, 10, 5, 10, 5, 10, 10, 10, 15, 10, 20, 15, 15, 1, 15, 15, 25, 20, 8, 10, 5, 10, 20, 10, 20, 20, 10, 15, 6, 5, 10, 5, 6, 15, 10, 10, 10, 12, 15, 10, 10, 15, 20, 15, 15, 13, 10, 10, 10, 5, 10, 15, 20, 15, 5, 25, 10, 10, 10, 20, 11, 10, 5, 10, 10, 10, 20, 15, 10, 20, 20, 10, 5, 5, 15, 15, 10, 20, 10, 10, 5, 15, 10, 10, 10, 10, 5, 10, 19, 10, 6, 
147293, 1
147293, 1389
147293, 4797
147293, 8200
147293, 1302
147293, 35314
147294, 1
147294, 
147294, 1
147294, 1581
147294, 4986
147294, 61
147294, 11
147294, 35316
147295, 1
147295, 
147295, 1
147295, 1773
147295, 5196
147295, 7108
147295, 1190
147295, 34807
147296, 1
147296, 
147296, 1
147296, 1965
147296, 5386
147296, 3944
147296, 1109
147296, 35048
150955, 9
150955, 5, 5, 10, 5, 5, 5, 5, 5, 5, 5, 10, 5, 5, 5, 5, 5, 5, 5, 5, 5, 5, 5, 5, 4, 10, 5, 5, 5, 5, 5, 5, 5, 5, 10, 5, 5, 5, 5, 5, 5, 5, 5, 10, 5, 5, 5, 10, 5, 5, 10, 5, 5, 5, 3, 5, 5, 5, 5, 5, 5, 5, 5, 10, 5, 5, 5, 5, 5, 5, 5, 5, 5, 5, 5, 5, 5, 10, 1, 5, 5, 5, 5, 5, 5, 5, 15, 5, 5, 15, 5, 5, 5, 5, 10, 15, 10, 5, 5, 5, 5, 5, 5, 10, 5, 5, 10, 5, 5, 10, 5, 10, 5, 5, 5, 5, 5, 5, 5, 5, 5, 5, 5, 20, 5, 5, 5, 5, 5, 5, 5, 7, 5, 5, 5, 5, 5, 10, 10, 10, 15, 5, 5, 5, 5, 5, 5, 5, 5, 5, 2, 10, 5, 5, 5, 5, 10, 10, 5, 5, 5, 1, 5, 15, 5, 6, 10, 10, 3, 5, 5, 5, 5, 1, 5, 10, 10, 10, 5, 5, 5, 5, 5, 10, 5, 9, 5, 10, 5, 5, 10, 5, 5, 5, 10, 5, 5, 11, 5, 5, 5, 5, 10, 5, 10, 5, 10, 15, 10, 10, 10, 5, 15, 20, 5, 5, 5, 5, 5, 5, 10, 5, 5, 5, 5, 5, 5, 10, 3, 5, 10, 5, 5, 15, 10, 10, 1, 5, 10, 5, 10, 5, 20, 10, 5, 10, 5, 10, 15, 10, 5, 5, 2, 5, 5, 5, 10, 15, 10, 10, 2, 5, 10, 10, 5, 10, 5, 5, 5, 5, 5, 10, 10, 10, 5, 5, 5, 5, 17, 5, 5, 5, 10, 5, 10, 10, 5, 10, 10, 5, 5, 5, 5, 10, 15, 5, 5, 10, 10, 5, 10, 5, 5, 15, 15, 5, 15, 5, 5, 5, 10, 10, 15, 10, 5, 5, 1, 5, 10, 2, 5, 5, 15, 15, 15, 5, 5, 5, 5, 5, 5, 5, 5, 5, 5, 10, 5, 5, 15, 15, 5, 10, 10, 5, 5, 5, 15, 5, 10, 5, 5, 10, 10, 16, 5, 15, 5, 6, 10, 5, 10, 15, 10, 5, 5, 10, 5, 5, 10, 5, 5, 5, 5, 10, 5, 10, 5, 10, 5, 15, 15, 5, 5, 5, 10, 5, 5, 5, 5, 15, 10, 10, 10, 15, 5, 5, 5, 5, 10, 10, 5, 10, 10, 1, 6, 5, 10, 5, 20, 20, 10, 20, 5, 5, 5, 10, 10, 10, 5, 5, 10, 5, 5, 10, 15, 10, 10, 10, 5, 5, 5, 5, 15, 5, 20, 5, 5, 5, 5, 1, 15, 10, 10, 5, 15, 10, 20, 10, 5, 5, 10, 5, 10, 15, 10, 10, 5, 10, 5, 5, 10, 10, 20, 10, 5, 10, 10, 5, 5, 5, 5, 5, 13, 6, 5, 10, 5, 10, 10, 10, 5, 5, 5, 15, 10, 5, 11, 5, 15, 5, 5, 5, 5, 15, 5, 10, 15, 10, 5, 5, 25, 19, 
150955, 3
150955, 1407
150955, 4765
150955, 3539
150955, 1013
150955, 35348
150956, 1
150956, 
150956, 1
150956, 1603
150956, 4960
150956, 6645
150956, 1605
150956, 34938
150957, 1
150957, 
150957, 1
150957, 1800
150957, 5172
150957, 2248
150957, 550
150957, 35055
154200, 1
154200, 5, 5, 5, 5, 5, 5, 5, 5, 5, 5, 5, 5, 5, 5, 5, 5, 5, 5, 5, 5, 5, 2, 5, 5, 5, 5, 5, 5, 5, 5, 5, 5, 5, 5, 5, 5, 5, 5, 5, 5, 5, 10, 5, 5, 5, 5, 5, 5, 5, 5, 10, 5, 5, 5, 5, 5, 5, 5, 5, 5, 5, 5, 10, 10, 5, 5, 5, 5, 5, 5, 15, 5, 10, 5, 5, 5, 5, 10, 5, 5, 5, 10, 5, 5, 15, 10, 5, 5, 5, 5, 5, 10, 10, 12, 5, 5, 5, 5, 5, 5, 5, 5, 5, 5, 10, 5, 5, 5, 5, 5, 5, 5, 5, 5, 5, 5, 10, 10, 5, 5, 5, 10, 5, 5, 5, 3, 10, 5, 5, 5, 1, 5, 5, 5, 5, 2, 10, 10, 5, 10, 1, 8, 5, 5, 5, 10, 5, 5, 5, 5, 5, 5, 5, 5, 5, 5, 5, 10, 5, 10, 10, 5, 10, 5, 5, 10, 15, 10, 10, 5, 5, 10, 10, 5, 15, 10, 5, 5, 5, 10, 5, 5, 10, 5, 5, 5, 5, 10, 10, 5, 5, 5, 5, 6, 5, 5, 10, 5, 5, 5, 10, 5, 2, 5, 5, 5, 5, 5, 25, 5, 5, 5, 10, 5, 5, 5, 5, 1, 10, 5, 10, 10, 5, 5, 5, 5, 10, 10, 10, 11, 5, 2, 5, 5, 10, 5, 5, 5, 5, 7, 10, 5, 5, 5, 5, 10, 5, 1, 10, 5, 10, 5, 10, 10, 2, 10, 15, 15, 10, 5, 20, 10, 5, 5, 5, 10, 10, 5, 5, 5, 10, 5, 5, 5, 5, 5, 5, 5, 10, 5, 10, 10, 15, 5, 10, 10, 5, 5, 5, 1, 5, 5, 5, 10, 5, 5, 10, 5, 5, 5, 15, 10, 5, 10, 5, 5, 5, 10, 10, 10, 10, 10, 10, 10, 5, 5, 5, 5, 5, 5, 5, 10, 5, 10, 10, 10, 5, 5, 10, 10, 10, 5, 9, 10, 10, 5, 5, 5, 10, 10, 10, 10, 15, 10, 5, 5, 6, 15, 15, 5, 5, 1, 5, 5, 5, 5, 15, 10, 10, 5, 10, 5, 5, 5, 15, 5, 10, 5, 15, 5, 5, 5, 5, 20, 5, 5, 5, 5, 5, 5, 10, 10, 5, 6, 10, 5, 5, 5, 15, 10, 15, 5, 10, 10, 10, 5, 10, 20, 5, 10, 5, 5, 10, 5, 10, 15, 5, 5, 5, 10, 5, 5, 10, 5, 5, 5, 15, 5, 5, 15, 20, 5, 10, 10, 15, 10, 10, 15, 10, 5, 10, 10, 5, 5, 10, 5, 10, 15, 5, 11, 10, 3, 5, 5, 5, 5, 10, 5, 10, 5, 15, 5, 5, 5, 11, 10, 5, 10, 5, 5, 5, 6, 5, 10, 5, 5, 5, 10, 7, 
154200, 1
154200, 1480
154200, 4831
154200, 3594
154200, 827
154200, 35300
154346, 2
154346, 5, 5, 5, 5, 5, 5, 5, 5, 5, 5, 5, 5, 5, 5, 5, 5, 5, 5, 5, 5, 5, 5, 5, 5, 5, 5, 5, 5, 4, 
154346, 1
154346, 1501
154346, 4856
154346, 4313
154346, 1429
154346, 35607
154347, 1
154347, 
154347, 1
154347, 1701
154347, 5052
154347, 5117
154347, 1095
154347, 35094
154348, 1
154348, 
154348, 1
154348, 1901
154348, 5251
154348, 2796
154348, 510
154348, 35200
154349, 1
154349, 
154349, 4
154349, 2108
154349, 5468
154349, 3238
154349, 919
154349, 35392
155625, 4
155625, 5, 5, 5, 5, 5, 5, 5, 5, 5, 5, 5, 5, 5, 5, 5, 5, 5, 5, 5, 5, 5, 5, 5, 5, 2, 5, 5, 5, 5, 5, 5, 5, 5, 5, 5, 5, 5, 5, 3, 5, 5, 10, 1, 5, 5, 5, 5, 5, 5, 5, 5, 5, 5, 5, 5, 5, 5, 5, 5, 10, 1, 5, 5, 5, 5, 5, 5, 5, 5, 5, 5, 5, 5, 5, 5, 5, 5, 5, 10, 5, 5, 5, 5, 10, 5, 5, 5, 5, 5, 5, 5, 5, 5, 5, 5, 5, 5, 5, 2, 10, 5, 5, 10, 5, 5, 5, 5, 5, 10, 2, 5, 5, 5, 5, 5, 5, 10, 5, 5, 5, 5, 5, 5, 5, 5, 5, 5, 10, 5, 5, 5, 5, 5, 5, 5, 5, 5, 5, 5, 5, 5, 1, 5, 5, 5, 5, 5, 5, 5, 5, 5, 10, 5, 5, 5, 5, 5, 5, 5, 5, 10, 5, 5, 10, 5, 5, 5, 5, 5, 15, 5, 5, 5, 10, 10, 5, 5, 1, 5, 5, 5, 10, 5, 5, 5, 5, 5, 10, 10, 10, 10, 5, 5, 5, 10, 5, 5, 5, 5, 5, 5, 5, 5, 5, 10, 5, 5, 5, 5, 10, 10, 5, 5, 5, 5, 5, 11, 5, 5, 5, 5, 5, 5, 8, 5, 5, 5, 5, 6, 9, 10, 
155625, 1
155625, 1774
155625, 4890
155625, 12477
155625, 1918
155625, 35087
156448, 1
156448, 5, 1, 5, 5, 5, 5, 5, 5, 5, 5, 5, 10, 5, 5, 5, 5, 5, 5, 5, 5, 5, 5, 5, 5, 5, 5, 5, 5, 5, 10, 5, 5, 5, 5, 5, 5, 5, 5, 5, 5, 5, 5, 5, 5, 5, 5, 1, 5, 5, 5, 5, 5, 5, 5, 5, 5, 5, 5, 5, 5, 5, 5, 5, 5, 5, 5, 5, 5, 5, 5, 5, 5, 5, 5, 5, 5, 5, 1, 5, 5, 5, 5, 5, 5, 5, 5, 5, 5, 5, 10, 10, 10, 5, 5, 5, 5, 5, 5, 5, 5, 5, 5, 5, 5, 5, 5, 5, 5, 5, 10, 5, 5, 10, 1, 5, 5, 10, 5, 5, 5, 5, 5, 5, 5, 5, 5, 5, 5, 5, 5, 5, 5, 5, 10, 4, 5, 5, 5, 5, 5, 5, 5, 10, 10, 5, 5, 5, 5, 5, 5, 5, 10, 5, 5, 9, 
156448, 1
156448, 1777
156448, 4893
156448, 3192
156448, 498
156448, 35205
156449, 1
156449, 
156449, 1
156449, 1979
156449, 5131
156449, 6402
156449, 1299
156449, 35471
156450, 1
156450, 
156450, 1
156450, 2181
156450, 5331
156450, 2240
156450, 469
156450, 35566
160822, 17
160822, 5, 5, 5, 5, 5, 5, 5, 2, 5, 5, 5, 5, 5, 5, 5, 5, 5, 5, 5, 5, 5, 5, 5, 5, 5, 5, 5, 5, 5, 5, 5, 5, 5, 5, 5, 5, 5, 5, 5, 5, 5, 10, 5, 5, 5, 5, 5, 10, 10, 5, 15, 5, 5, 5, 10, 5, 10, 5, 5, 5, 5, 5, 5, 5, 5, 5, 5, 5, 5, 5, 10, 5, 5, 6, 10, 10, 5, 5, 5, 10, 5, 5, 5, 5, 5, 5, 5, 10, 5, 5, 10, 5, 5, 5, 5, 10, 10, 3, 5, 10, 5, 5, 5, 15, 15, 5, 5, 9, 5, 5, 10, 5, 3, 5, 5, 5, 5, 5, 5, 15, 5, 5, 5, 5, 10, 5, 5, 5, 10, 5, 5, 1, 5, 10, 5, 15, 5, 10, 10, 5, 5, 10, 10, 6, 5, 5, 5, 5, 5, 5, 5, 5, 5, 5, 5, 10, 5, 5, 5, 5, 5, 15, 5, 5, 5, 5, 5, 5, 11, 5, 10, 5, 10, 5, 10, 5, 5, 5, 5, 5, 5, 5, 10, 20, 5, 10, 15, 15, 5, 5, 5, 5, 5, 5, 5, 15, 5, 10, 5, 5, 10, 5, 5, 5, 5, 5, 5, 10, 10, 10, 5, 10, 15, 10, 2, 7, 10, 10, 10, 5, 10, 3, 5, 10, 5, 5, 5, 5, 5, 5, 5, 5, 5, 3, 5, 3, 10, 5, 10, 5, 6, 5, 10, 5, 10, 5, 5, 10, 5, 5, 5, 10, 15, 5, 5, 5, 5, 5, 5, 5, 15, 5, 5, 10, 5, 10, 10, 15, 5, 5, 5, 5, 5, 10, 13, 10, 5, 5, 5, 10, 5, 2, 20, 5, 10, 5, 5, 20, 5, 5, 8, 13, 5, 10, 5, 15, 5, 5, 6, 5, 8, 5, 5, 15, 15, 5, 10, 5, 5, 10, 5, 6, 5, 5, 5, 10, 5, 5, 10, 5, 5, 5, 10, 10, 5, 15, 10, 10, 15, 5, 10, 10, 5, 5, 10, 15, 10, 5, 5, 5, 5, 10, 10, 15, 10, 10, 10, 15, 5, 10, 15, 5, 5, 10, 10, 15, 10, 10, 10, 5, 10, 5, 15, 5, 10, 5, 5, 5, 10, 5, 15, 15, 15, 5, 10, 10, 5, 5, 15, 10, 5, 5, 10, 5, 5, 10, 5, 5, 5, 10, 10, 10, 15, 4, 5, 5, 5, 5, 5, 5, 15, 5, 5, 15, 15, 5, 10, 5, 10, 10, 5, 10, 5, 10, 5, 5, 10, 11, 5, 11, 5, 10, 15, 20, 5, 5, 10, 10, 10, 5, 5, 5, 5, 5, 5, 15, 10, 20, 20, 5, 5, 5, 5, 5, 5, 10, 7, 10, 5, 15, 5, 11, 5, 9, 20, 10, 15, 10, 10, 5, 5, 10, 5, 10, 20, 15, 15, 10, 10, 15, 5, 10, 5, 5, 15, 10, 20, 10, 5, 5, 5, 10, 5, 15, 10, 10, 15, 5, 15, 10, 5, 10, 10, 5, 10, 5, 10, 10, 10, 5, 5, 10, 5, 5, 10, 15, 5, 5, 5, 5, 5, 5, 5, 15, 10, 15, 15, 10, 15, 5, 5, 15, 10, 15, 5, 5, 3, 5, 5, 10, 5, 15, 10, 20, 5, 10, 15, 5, 5, 10, 5, 20, 5, 10, 10, 20, 10, 15, 10, 15, 15, 5, 10, 5, 10, 5, 10, 5, 10, 5, 5, 5, 5, 10, 10, 15, 10, 20, 10, 8, 
160822, 3
160822, 1831
160822, 4755
160822, 5399
160822, 1379
160822, 35218
162087, 10
162087, 5, 5, 5, 5, 5, 5, 5, 1, 5, 5, 5, 5, 5, 5, 5, 5, 5, 5, 5, 5, 5, 5, 5, 5, 5, 10, 5, 5, 5, 5, 5, 5, 5, 5, 5, 5, 5, 5, 5, 5, 5, 5, 5, 5, 5, 10, 5, 5, 5, 5, 5, 5, 5, 5, 10, 5, 5, 5, 5, 5, 5, 5, 5, 5, 5, 5, 5, 5, 5, 5, 5, 1, 5, 5, 5, 5, 5, 10, 5, 5, 5, 5, 5, 5, 10, 5, 5, 5, 5, 10, 10, 10, 5, 5, 5, 2, 5, 5, 5, 5, 5, 5, 5, 5, 5, 5, 5, 5, 5, 5, 10, 5, 5, 5, 5, 10, 5, 5, 5, 5, 10, 5, 5, 5, 5, 5, 10, 5, 5, 5, 5, 10, 5, 5, 5, 10, 5, 5, 5, 5, 5, 5, 6, 5, 5, 10, 5, 5, 5, 5, 5, 5, 5, 5, 5, 5, 5, 5, 10, 5, 5, 5, 10, 5, 5, 5, 10, 5, 5, 5, 5, 20, 10, 5, 5, 5, 5, 5, 5, 5, 5, 5, 5, 5, 5, 15, 5, 5, 5, 5, 5, 5, 5, 10, 5, 5, 10, 10, 5, 5, 4, 10, 5, 5, 15, 5, 5, 5, 10, 10, 5, 5, 15, 10, 5, 5, 10, 1, 
162087, 1
162087, 2031
162087, 4934
162087, 3049
162087, 1020
162087, 35448
164504, 3
164504, 5, 5, 5, 5, 5, 5, 5, 5, 5, 10, 5, 5, 5, 5, 10, 5, 5, 5, 5, 5, 1, 5, 5, 1, 10, 5, 5, 5, 5, 10, 5, 5, 5, 5, 5, 5, 5, 5, 5, 5, 5, 5, 5, 5, 5, 5, 5, 5, 5, 5, 5, 5, 10, 5, 5, 5, 5, 5, 10, 5, 5, 5, 10, 5, 10, 5, 5, 5, 5, 5, 5, 5, 5, 5, 5, 10, 5, 10, 5, 10, 5, 5, 10, 5, 5, 5, 5, 10, 5, 5, 5, 5, 10, 5, 20, 5, 5, 5, 5, 5, 5, 5, 5, 5, 5, 5, 5, 10, 5, 5, 5, 5, 5, 5, 1, 5, 5, 10, 10, 5, 5, 5, 5, 5, 5, 5, 5, 5, 5, 5, 10, 5, 10, 5, 5, 10, 8, 2, 5, 5, 5, 5, 5, 15, 5, 5, 5, 5, 5, 5, 5, 5, 15, 5, 5, 5, 5, 5, 5, 5, 5, 10, 5, 5, 5, 5, 10, 10, 5, 10, 5, 5, 5, 10, 5, 5, 5, 5, 5, 5, 2, 5, 5, 10, 5, 10, 5, 10, 5, 5, 6, 5, 5, 5, 5, 5, 5, 5, 5, 5, 5, 5, 5, 5, 5, 6, 10, 10, 5, 10, 5, 5, 5, 5, 10, 5, 5, 5, 5, 10, 5, 5, 5, 10, 5, 5, 5, 10, 6, 10, 5, 5, 5, 5, 10, 5, 10, 5, 10, 5, 5, 5, 5, 5, 10, 5, 5, 5, 10, 10, 10, 5, 10, 5, 10, 10, 5, 8, 5, 5, 10, 20, 5, 10, 5, 5, 5, 10, 10, 5, 10, 5, 5, 10, 5, 10, 15, 5, 5, 8, 5, 10, 5, 5, 5, 10, 5, 10, 10, 5, 5, 5, 5, 5, 5, 5, 15, 5, 10, 5, 5, 10, 5, 5, 5, 10, 10, 5, 2, 5, 5, 5, 5, 15, 5, 15, 5, 5, 10, 5, 3, 10, 10, 5, 5, 5, 5, 2, 10, 10, 5, 10, 5, 10, 5, 5, 5, 6, 5, 5, 5, 15, 5, 10, 5, 10, 5, 10, 15, 5, 10, 5, 5, 5, 5, 5, 5, 5, 5, 5, 5, 10, 15, 5, 5, 5, 8, 10, 5, 5, 5, 5, 15, 5, 5, 5, 5, 10, 5, 5, 5, 14, 
164504, 1
164504, 1968
164504, 4835
164504, 5373
164504, 1109
164504, 35718
164505, 1
164505, 
164505, 3
164505, 2201
164505, 5073
164505, 3821
164505, 751
164505, 35868
164506, 1
164506, 
164506, 4
164506, 2415
164506, 5286
164506, 7735
164506, 1416
164506, 35443
164507, 1
164507, 
164507, 1
164507, 2626
164507, 5497
164507, 7927
164507, 1830
164507, 35802
164508, 1
164508, 
164508, 1
164508, 2836
164508, 5705
164508, 2564
164508, 698
164508, 35247
164509, 1
164509, 
164509, 1
164509, 3046
164509, 5913
164509, 7256
164509, 1763
164509, 35587
164510, 1
164510, 
164510, 5
164510, 3261
164510, 6133
164510, 4202
164510, 1305
164510, 35838
168413, 4
168413, 5, 5, 5, 5, 5, 5, 5, 5, 5, 10, 5, 5, 5, 5, 5, 5, 5, 5, 5, 5, 5, 5, 5, 5, 5, 5, 5, 5, 5, 5, 5, 5, 5, 5, 5, 10, 5, 5, 5, 5, 5, 5, 5, 10, 5, 10, 5, 5, 5, 8, 5, 5, 10, 5, 5, 5, 5, 5, 3, 5, 10, 5, 9, 5, 5, 10, 5, 5, 5, 10, 5, 5, 5, 10, 5, 5, 5, 10, 5, 5, 5, 5, 10, 5, 5, 7, 5, 5, 10, 5, 10, 5, 5, 5, 5, 5, 5, 5, 5, 5, 5, 5, 5, 5, 15, 5, 10, 5, 10, 5, 5, 5, 10, 10, 5, 10, 5, 10, 5, 5, 10, 5, 10, 5, 5, 5, 5, 5, 5, 5, 10, 5, 5, 5, 5, 5, 5, 5, 5, 5, 10, 5, 5, 5, 5, 10, 5, 5, 5, 5, 5, 10, 10, 10, 5, 5, 10, 10, 4, 5, 5, 10, 2, 10, 5, 5, 5, 5, 10, 5, 10, 5, 5, 5, 1, 10, 5, 10, 5, 5, 10, 5, 5, 5, 15, 5, 5, 10, 5, 10, 5, 5, 5, 5, 4, 5, 5, 1, 5, 5, 10, 5, 5, 10, 5, 5, 5, 5, 5, 10, 5, 15, 15, 4, 5, 10, 5, 10, 15, 5, 10, 10, 5, 5, 10, 10, 10, 5, 5, 5, 5, 25, 5, 5, 10, 15, 5, 5, 10, 10, 5, 5, 5, 5, 5, 5, 5, 15, 5, 5, 5, 10, 5, 15, 10, 10, 11, 5, 5, 5, 5, 6, 5, 10, 5, 5, 10, 10, 5, 10, 5, 5, 5, 5, 10, 10, 10, 5, 1, 10, 5, 10, 7, 5, 5, 5, 5, 5, 1, 15, 5, 10, 5, 5, 5, 5, 5, 8, 5, 5, 5, 15, 5, 5, 10, 1, 10, 10, 5, 10, 5, 5, 5, 15, 5, 5, 10, 7, 5, 15, 5, 10, 5, 10, 10, 5, 15, 20, 5, 5, 11, 5, 15, 10, 10, 10, 15, 5, 5, 10, 15, 15, 10, 5, 10, 15, 5, 5, 1, 5, 15, 10, 10, 5, 10, 10, 10, 5, 10, 10, 5, 10, 5, 5, 5, 15, 15, 10, 15, 15, 5, 10, 15, 5, 10, 5, 10, 15, 5, 10, 7, 5, 5, 10, 5, 10, 10, 6, 5, 5, 5, 10, 10, 5, 15, 10, 15, 5, 5, 14, 6, 5, 5, 5, 5, 5, 10, 10, 15, 10, 8, 5, 5, 25, 5, 10, 5, 5, 10, 5, 5, 5, 5, 10, 5, 10, 10, 15, 15, 5, 5, 10, 10, 5, 5, 2, 10, 10, 10, 15, 10, 6, 10, 5, 5, 2, 25, 5, 5, 5, 5, 10, 15, 5, 15, 5, 10, 10, 10, 15, 5, 5, 5, 10, 5, 5, 5, 5, 5, 5, 10, 5, 10, 10, 15, 10, 5, 15, 10, 5, 10, 5, 10, 15, 15, 5, 20, 13, 9, 20, 5, 10, 15, 5, 5, 10, 10, 1, 10, 7, 5, 10, 15, 5, 20, 10, 5, 10, 5, 5, 10, 5, 15, 5, 10, 15, 5, 10, 10, 10, 15, 15, 10, 10, 11, 
168413, 1
168413, 2469
168413, 5459
168413, 3929
168413, 1055
168413, 35434
168414, 1
168414, 
168414, 4
168414, 2691
168414, 5677
168414, 2875
168414, 595
168414, 35547
168415, 1
168415, 
168415, 1
168415, 2906
168415, 5899
168415, 3025
168415, 1007
168415, 35737
169845, 12
169845, 5, 5, 5, 5, 5, 5, 5, 5, 5, 5, 5, 2, 5, 5, 5, 5, 5, 5, 5, 5, 5, 5, 5, 5, 5, 5, 5, 4, 5, 5, 5, 5, 5, 10, 5, 5, 5, 5, 5, 5, 5, 5, 5, 5, 5, 5, 5, 10, 5, 5, 5, 5, 5, 5, 5, 5, 5, 5, 5, 5, 5, 5, 3, 5, 5, 5, 11, 5, 5, 5, 5, 10, 5, 5, 5, 5, 5, 5, 5, 5, 5, 5, 5, 10, 8, 5, 5, 5, 5, 5, 5, 5, 5, 5, 10, 5, 5, 5, 1, 5, 5, 5, 5, 5, 5, 1, 5, 5, 5, 5, 5, 5, 5, 5, 10, 5, 5, 5, 5, 15, 5, 5, 5, 5, 5, 5, 8, 5, 5, 5, 5, 5, 10, 10, 5, 5, 10, 5, 10, 5, 10, 5, 1, 5, 5, 5, 10, 10, 5, 5, 5, 5, 5, 5, 10, 5, 5, 5, 5, 5, 5, 5, 5, 5, 5, 10, 5, 10, 5, 5, 5, 10, 5, 10, 5, 10, 5, 5, 10, 10, 5, 5, 5, 5, 10, 5, 5, 5, 5, 5, 5, 10, 5, 5, 5, 10, 5, 5, 10, 5, 5, 10, 5, 5, 5, 10, 5, 2, 5, 15, 5, 5, 10, 5, 10, 5, 5, 5, 5, 1, 5, 3, 10, 5, 5, 5, 5, 5, 10, 5, 5, 5, 5, 5, 5, 5, 10, 5, 10, 5, 5, 5, 5, 10, 5, 5, 5, 8, 
169845, 3
169845, 2349
169845, 5530
169845, 2166
169845, 281
169845, 35817
169846, 1
169846, 
169846, 1
169846, 2564
169846, 5765
169846, 6685
169846, 932
169846, 35993
170920, 7
170920, 1, 5, 5, 5, 5, 5, 5, 5, 1, 5, 5, 5, 5, 5, 5, 5, 5, 5, 5, 5, 2, 5, 5, 5, 5, 5, 5, 5, 5, 2, 5, 5, 5, 5, 5, 5, 1, 5, 5, 5, 5, 5, 10, 5, 5, 5, 5, 5, 5, 6, 5, 5, 5, 10, 5, 5, 5, 5, 5, 5, 5, 5, 5, 5, 10, 5, 5, 5, 5, 5, 5, 5, 10, 5, 5, 5, 5, 5, 2, 5, 5, 10, 10, 5, 10, 5, 5, 5, 5, 5, 5, 5, 5, 5, 5, 10, 5, 5, 5, 5, 5, 10, 5, 10, 5, 5, 5, 5, 5, 10, 5, 5, 5, 5, 5, 5, 5, 5, 5, 5, 5, 10, 10, 5, 5, 5, 5, 5, 5, 5, 5, 5, 5, 10, 5, 5, 5, 5, 15, 10, 5, 5, 1, 5, 5, 5, 5, 5, 5, 5, 5, 5, 5, 5, 1, 5, 5, 5, 5, 5, 10, 5, 5, 5, 10, 5, 5, 15, 5, 10, 5, 5, 5, 5, 15, 2, 5, 5, 5, 5, 5, 10, 5, 5, 5, 5, 5, 5, 5, 5, 5, 5, 5, 5, 3, 
170920, 1
170920, 2744
170920, 5942
170920, 7544
170920, 1352
170920, 35596
175445, 1
175445, 5, 5, 5, 5, 5, 5, 5, 5, 4, 5, 5, 5, 5, 5, 5, 2, 5, 5, 5, 5, 5, 5, 5, 5, 5, 5, 5, 5, 5, 5, 10, 10, 10, 2, 5, 13, 5, 5, 5, 1, 5, 5, 5, 5, 5, 5, 5, 5, 5, 5, 5, 5, 5, 5, 5, 5, 1, 5, 5, 5, 5, 5, 10, 5, 11, 5, 5, 5, 5, 5, 5, 5, 5, 5, 5, 5, 10, 5, 5, 5, 5, 5, 5, 5, 5, 10, 5, 5, 10, 5, 5, 5, 10, 10, 2, 10, 5, 5, 5, 5, 10, 5, 5, 5, 5, 5, 5, 5, 5, 5, 20, 5, 2, 5, 10, 5, 5, 5, 10, 5, 5, 5, 5, 5, 5, 5, 5, 10, 10, 5, 5, 10, 5, 5, 10, 5, 5, 5, 5, 5, 10, 1, 5, 5, 5, 15, 10, 5, 15, 5, 10, 10, 10, 15, 5, 5, 5, 10, 5, 10, 5, 5, 5, 5, 10, 5, 5, 5, 15, 10, 10, 5, 15, 5, 15, 5, 5, 10, 5, 10, 5, 5, 15, 5, 5, 5, 10, 10, 5, 5, 5, 5, 5, 5, 5, 5, 10, 10, 5, 5, 5, 6, 5, 10, 10, 15, 5, 5, 5, 15, 10, 5, 5, 5, 10, 5, 5, 5, 7, 5, 5, 5, 5, 5, 5, 5, 10, 15, 5, 15, 10, 5, 5, 15, 10, 11, 5, 10, 5, 5, 5, 5, 10, 5, 15, 15, 1, 10, 5, 15, 5, 10, 15, 5, 5, 10, 5, 5, 5, 15, 5, 5, 5, 10, 5, 10, 5, 15, 5, 5, 5, 5, 15, 5, 15, 15, 5, 10, 5, 15, 5, 10, 10, 1, 10, 10, 5, 10, 10, 5, 5, 10, 5, 5, 20, 6, 10, 10, 5, 15, 10, 5, 10, 10, 5, 5, 5, 20, 5, 15, 10, 5, 30, 5, 5, 5, 15, 10, 15, 10, 15, 26, 5, 5, 11, 1, 10, 15, 10, 10, 15, 10, 10, 3, 10, 5, 20, 1, 10, 10, 5, 10, 4, 5, 20, 10, 5, 5, 5, 10, 5, 10, 8, 10, 5, 15, 10, 15, 2, 5, 15, 5, 10, 10, 5, 10, 15, 5, 10, 5, 10, 10, 5, 10, 15, 10, 10, 5, 10, 15, 7, 15, 10, 5, 5, 5, 10, 10, 5, 15, 15, 10, 15, 10, 5, 5, 5, 5, 5, 10, 5, 5, 10, 10, 5, 10, 5, 10, 5, 5, 10, 10, 10, 5, 5, 15, 5, 5, 5, 10, 5, 10, 5, 15, 10, 10, 5, 10, 5, 15, 5, 15, 7, 5, 5, 5, 6, 10, 5, 15, 15, 10, 5, 10, 5, 10, 10, 5, 10, 10, 10, 5, 15, 5, 10, 5, 5, 10, 5, 2, 10, 1, 5, 15, 15, 10, 10, 10, 5, 20, 15, 10, 15, 10, 10, 10, 15, 5, 10, 5, 5, 10, 5, 15, 10, 20, 5, 5, 25, 5, 15, 5, 20, 5, 10, 5, 11, 10, 11, 1, 10, 5, 10, 10, 5, 5, 5, 11, 7, 5, 15, 15, 8, 10, 10, 15, 10, 10, 20, 5, 1, 5, 10, 5, 5, 10, 10, 10, 5, 15, 5, 5, 10, 10, 15, 5, 20, 5, 5, 10, 15, 5, 17, 10, 5, 5, 6, 5, 10, 10, 10, 5, 10, 10, 10, 11, 10, 5, 10, 5, 10, 15, 5, 5, 10, 10, 5, 10, 5, 20, 5, 5, 5, 5, 15, 5, 10, 
175445, 1
175445, 1860
175445, 5066
175445, 32409
175445, 4838
175445, 35911
177487, 1
177487, 5, 5, 5, 5, 5, 5, 5, 5, 5, 5, 5, 5, 5, 5, 5, 5, 5, 5, 5, 5, 5, 5, 5, 5, 5, 5, 5, 5, 5, 5, 5, 5, 5, 5, 5, 5, 5, 5, 5, 5, 5, 5, 5, 5, 5, 5, 5, 5, 4, 5, 5, 5, 5, 5, 5, 5, 5, 10, 5, 5, 5, 5, 5, 1, 5, 6, 10, 5, 5, 5, 5, 5, 5, 5, 5, 10, 5, 5, 10, 5, 5, 5, 5, 5, 7, 9, 10, 5, 5, 5, 5, 5, 5, 5, 5, 5, 5, 5, 5, 5, 5, 10, 5, 5, 5, 5, 5, 5, 7, 10, 10, 5, 5, 10, 5, 5, 5, 10, 5, 5, 10, 5, 5, 5, 10, 10, 5, 5, 5, 5, 5, 5, 5, 5, 5, 5, 5, 10, 5, 5, 5, 5, 10, 5, 10, 5, 5, 6, 10, 10, 5, 10, 10, 5, 5, 5, 5, 5, 10, 5, 5, 5, 5, 5, 5, 4, 5, 5, 5, 5, 5, 10, 15, 5, 5, 5, 10, 5, 5, 5, 10, 5, 5, 10, 5, 10, 10, 10, 5, 5, 5, 5, 5, 10, 5, 10, 10, 5, 15, 5, 5, 5, 5, 5, 5, 5, 5, 5, 15, 5, 5, 5, 5, 5, 5, 5, 5, 5, 5, 5, 5, 10, 10, 5, 10, 5, 5, 10, 5, 10, 10, 5, 10, 5, 5, 10, 10, 5, 5, 5, 15, 7, 1, 5, 5, 5, 10, 10, 5, 2, 5, 5, 5, 5, 5, 5, 10, 10, 5, 5, 15, 5, 10, 5, 5, 5, 10, 15, 10, 5, 5, 10, 6, 5, 5, 15, 4, 5, 5, 8, 10, 5, 5, 5, 5, 5, 10, 5, 5, 5, 5, 10, 10, 5, 5, 5, 5, 5, 5, 10, 1, 5, 5, 5, 5, 5, 10, 5, 5, 5, 10, 5, 2, 5, 5, 5, 5, 5, 6, 2, 5, 5, 10, 5, 10, 7, 5, 10, 5, 5, 5, 5, 10, 10, 6, 
177487, 1
177487, 2034
177487, 5269
177487, 2248
177487, 651
177487, 36067
177488, 1
177488, 
177488, 2
177488, 2262
177488, 5491
177488, 5664
177488, 1461
177488, 35684
177489, 1
177489, 
177489, 2
177489, 2502
177489, 5756
177489, 6230
177489, 1191
177489, 35896
177490, 1
177490, 
177490, 2
177490, 2728
177490, 5978
177490, 10832
177490, 2438
177490, 35694
178459, 7
178459, 5, 5, 5, 5, 5, 5, 1, 5, 1, 5, 5, 5, 5, 5, 5, 5, 5, 5, 5, 5, 5, 5, 5, 5, 5, 5, 5, 1, 1, 5, 5, 5, 5, 5, 5, 5, 5, 5, 10, 5, 5, 5, 5, 5, 5, 5, 5, 5, 5, 5, 5, 5, 5, 5, 5, 5, 5, 5, 5, 5, 5, 5, 5, 5, 5, 5, 5, 5, 5, 5, 5, 5, 5, 5, 5, 5, 5, 5, 5, 5, 5, 5, 5, 10, 5, 5, 5, 5, 5, 5, 5, 5, 10, 5, 5, 5, 5, 5, 10, 10, 5, 5, 5, 5, 5, 5, 1, 5, 10, 5, 5, 4, 5, 5, 10, 5, 5, 5, 5, 5, 10, 3, 10, 5, 5, 5, 10, 5, 5, 5, 5, 5, 10, 5, 10, 5, 5, 5, 1, 5, 5, 5, 5, 5, 5, 5, 5, 10, 5, 15, 5, 10, 5, 5, 5, 5, 5, 5, 5, 5, 5, 5, 5, 5, 5, 1, 5, 5, 5, 5, 5, 5, 15, 5, 10, 5, 10, 5, 3, 
178459, 10
178459, 2642
178459, 5876
178459, 9815
178459, 2505
178459, 36151
178460, 1
178460, 
178460, 1
178460, 2866
178460, 6098
178460, 2758
178460, 557
178460, 36249
178461, 1
178461, 
178461, 1
178461, 3090
178461, 6320
178461, 6464
178461, 1925
178461, 35956
178462, 1
178462, 
178462, 1
178462, 3314
178462, 6546
178462, 6466
178462, 921
178462, 36115
178463, 1
178463, 
178463, 1
178463, 3538
178463, 6771
178463, 6761
178463, 2110
178463, 35860
189929, 6
189929, 5, 5, 5, 5, 5, 5, 5, 5, 5, 5, 5, 5, 5, 5, 5, 5, 1, 15, 5, 5, 5, 15, 5, 5, 5, 10, 10, 5, 5, 5, 1, 5, 5, 5, 5, 10, 10, 10, 10, 5, 10, 5, 5, 5, 5, 5, 10, 5, 5, 10, 5, 5, 10, 10, 6, 5, 10, 5, 10, 6, 15, 5, 5, 5, 6, 10, 10, 15, 5, 5, 10, 10, 5, 5, 20, 5, 15, 15, 5, 20, 15, 10, 5, 15, 5, 10, 5, 15, 5, 5, 5, 5, 5, 5, 15, 5, 15, 11, 5, 5, 10, 10, 10, 5, 5, 5, 11, 10, 10, 5, 5, 5, 5, 10, 5, 5, 10, 13, 5, 5, 15, 5, 10, 5, 15, 5, 5, 10, 10, 5, 5, 20, 5, 4, 5, 30, 10, 5, 10, 10, 5, 15, 5, 20, 10, 5, 15, 7, 10, 5, 5, 5, 5, 15, 15, 5, 15, 10, 10, 15, 30, 10, 25, 5, 5, 15, 20, 10, 6, 5, 15, 10, 5, 10, 25, 10, 20, 5, 20, 10, 10, 10, 10, 10, 10, 15, 10, 10, 5, 18, 20, 5, 20, 5, 15, 10, 15, 10, 10, 10, 10, 15, 10, 10, 10, 15, 20, 10, 15, 10, 5, 17, 10, 2, 5, 10, 20, 5, 22, 20, 5, 10, 10, 15, 10, 10, 10, 10, 5, 10, 14, 5, 15, 25, 10, 10, 1, 20, 10, 20, 5, 15, 10, 10, 15, 10, 15, 10, 20, 10, 10, 13, 15, 5, 10, 10, 20, 20, 20, 6, 20, 10, 10, 10, 15, 10, 20, 31, 5, 11, 15, 10, 5, 20, 10, 15, 10, 7, 15, 6, 15, 8, 20, 5, 3, 10, 10, 15, 15, 25, 15, 5, 7, 30, 25, 15, 15, 30, 20, 10, 10, 20, 5, 10, 15, 5, 5, 33, 15, 8, 15, 10, 25, 42, 10, 10, 10, 20, 5, 10, 5, 15, 14, 4, 20, 10, 10, 15, 15, 20, 20, 10, 20, 5, 5, 10, 15, 20, 15, 15, 20, 20, 25, 30, 10, 10, 15, 10, 15, 20, 10, 17, 20, 5, 25, 25, 5, 20, 8, 10, 10, 12, 15, 16, 10, 15, 15, 10, 10, 5, 10, 20, 10, 5, 15, 5, 20, 10, 15, 5, 20, 5, 23, 20, 10, 20, 20, 20, 20, 15, 15, 20, 9, 15, 15, 5, 15, 15, 10, 10, 18, 5, 5, 25, 20, 10, 15, 20, 20, 20, 15, 10, 20, 20, 30, 25, 20, 20, 15, 10, 20, 15, 15, 15, 25, 25, 15, 5, 10, 5, 15, 20, 10, 15, 15, 19, 5, 20, 10, 10, 13, 20, 25, 5, 5, 5, 13, 25, 15, 10, 40, 20, 15, 10, 15, 15, 10, 20, 15, 25, 20, 15, 25, 18, 30, 17, 10, 15, 15, 17, 30, 15, 15, 20, 20, 10, 16, 25, 15, 20, 15, 5, 25, 20, 15, 25, 20, 15, 15, 10, 10, 25, 20, 20, 10, 10, 10, 15, 10, 5, 11, 15, 10, 20, 10, 11, 5, 10, 15, 25, 10, 25, 11, 15, 20, 25, 15, 30, 20, 12, 10, 15, 35, 15, 10, 12, 15, 15, 30, 20, 10, 15, 25, 20, 15, 25, 20, 25, 20, 10, 30, 21, 16, 15, 10, 10, 5, 20, 15, 10, 5, 25, 15, 30, 5, 20, 10, 10, 20, 25, 20, 11, 25, 5, 10, 40, 10, 15, 8, 40, 20, 5, 5, 5, 20, 10, 15, 5, 5, 15, 15, 25, 15, 17, 5, 15, 1, 30, 16, 10, 30, 10, 21, 15, 15, 20, 15, 10, 15, 10, 10, 25, 15, 25, 5, 15, 10, 15, 15, 5, 15, 21, 15, 15, 20, 13, 15, 10, 5, 30, 13, 15, 15, 5, 25, 10, 20, 25, 25, 30, 15, 25, 20, 20, 20, 10, 15, 15, 15, 20, 30, 35, 35, 10, 5, 25, 20, 17, 10, 20, 20, 20, 10, 25, 25, 15, 5, 15, 20, 25, 37, 15, 10, 10, 20, 10, 25, 5, 46, 15, 15, 5, 15, 10, 15, 25, 10, 25, 5, 21, 15, 10, 16, 15, 20, 15, 20, 20, 13, 25, 25, 10, 20, 20, 15, 5, 11, 10, 15, 15, 25, 15, 15, 5, 27, 15, 20, 10, 15, 12, 15, 30, 40, 15, 20, 27, 15, 10, 10, 27, 25, 10, 10, 20, 21, 15, 20, 15, 28, 5, 20, 10, 10, 30, 5, 20, 15, 20, 11, 20, 25, 15, 28, 5, 18, 21, 20, 30, 25, 20, 20, 16, 40, 10, 25, 5, 25, 30, 25, 5, 30, 15, 30, 10, 10, 15, 17, 10, 15, 6, 15, 15, 20, 20, 25, 30, 20, 55, 10, 5, 15, 15, 25, 10, 6, 15, 10, 25, 10, 30, 10, 25, 20, 25, 5, 11, 15, 10, 20, 15, 10, 20, 15, 11, 20, 20, 35, 25, 10, 25, 10, 35, 5, 30, 20, 32, 
189929, 1
189929, 1519
189929, 4697
189929, 21973
189929, 3026
189929, 35958
190687, 9
190687, 5, 5, 5, 5, 5, 5, 5, 5, 5, 5, 5, 5, 5, 5, 2, 5, 5, 5, 5, 2, 5, 5, 5, 5, 5, 5, 5, 5, 5, 5, 10, 5, 5, 5, 8, 5, 5, 5, 5, 5, 5, 5, 10, 5, 10, 5, 5, 5, 5, 5, 5, 5, 5, 5, 5, 5, 10, 5, 5, 5, 5, 5, 5, 5, 5, 5, 5, 5, 10, 5, 5, 1, 5, 1, 1, 5, 5, 5, 5, 5, 5, 5, 5, 5, 5, 5, 5, 5, 15, 5, 5, 5, 5, 5, 5, 5, 5, 5, 5, 5, 5, 5, 10, 5, 5, 5, 5, 10, 5, 5, 5, 5, 5, 10, 5, 5, 10, 5, 5, 5, 5, 10, 10, 5, 15, 5, 5, 5, 5, 5, 5, 5, 10, 5, 5, 5, 4, 
190687, 1
190687, 1762
190687, 4948
190687, 3791
190687, 824
190687, 36108
190688, 1
190688, 
190688, 1
190688, 2004
190688, 5189
190688, 5958
190688, 1093
190688, 36290
190689, 1
190689, 
190689, 3
190689, 2270
190689, 5520
190689, 8856
190689, 2037
190689, 36029
199233, 11
199233, 5, 5, 5, 5, 5, 10, 10, 5, 5, 5, 10, 5, 5, 5, 5, 5, 5, 5, 10, 5, 10, 5, 5, 5, 5, 10, 5, 10, 5, 5, 15, 5, 5, 5, 10, 5, 10, 5, 5, 5, 5, 5, 5, 5, 5, 5, 5, 10, 5, 5, 5, 10, 5, 5, 5, 5, 15, 5, 5, 5, 5, 10, 5, 5, 5, 5, 10, 5, 5, 5, 5, 5, 5, 5, 5, 5, 10, 5, 15, 10, 15, 10, 5, 5, 5, 5, 10, 10, 5, 10, 1, 5, 10, 5, 5, 10, 10, 10, 5, 5, 5, 5, 5, 5, 10, 10, 10, 10, 8, 10, 8, 5, 5, 5, 5, 10, 5, 5, 10, 20, 10, 15, 10, 15, 5, 10, 10, 10, 5, 5, 15, 15, 10, 10, 10, 5, 20, 10, 10, 5, 25, 5, 10, 10, 10, 5, 8, 5, 10, 10, 10, 5, 15, 4, 10, 10, 5, 20, 10, 10, 10, 15, 10, 5, 5, 15, 16, 11, 15, 10, 15, 10, 5, 5, 5, 10, 10, 5, 15, 10, 5, 10, 10, 18, 10, 5, 5, 10, 15, 5, 5, 5, 10, 15, 10, 15, 20, 5, 5, 5, 15, 5, 10, 15, 10, 10, 5, 10, 10, 10, 15, 10, 20, 10, 20, 10, 10, 10, 15, 5, 5, 15, 15, 11, 5, 10, 10, 20, 15, 20, 5, 5, 10, 15, 10, 15, 10, 15, 10, 10, 5, 10, 5, 7, 12, 5, 20, 5, 5, 10, 5, 10, 10, 10, 5, 20, 10, 10, 5, 11, 10, 10, 10, 15, 10, 15, 10, 15, 10, 20, 5, 10, 10, 5, 15, 10, 5, 10, 5, 10, 10, 5, 10, 5, 10, 5, 10, 5, 15, 5, 15, 5, 5, 5, 15, 7, 20, 15, 8, 10, 26, 15, 13, 15, 15, 10, 20, 5, 5, 5, 10, 15, 5, 15, 10, 10, 10, 5, 10, 5, 10, 13, 20, 10, 20, 10, 10, 5, 15, 10, 10, 20, 10, 5, 15, 5, 15, 10, 15, 10, 5, 20, 5, 5, 15, 10, 10, 5, 15, 20, 5, 10, 2, 20, 15, 10, 25, 5, 15, 10, 10, 35, 20, 5, 15, 15, 10, 10, 5, 10, 10, 10, 20, 25, 10, 5, 5, 13, 20, 10, 5, 10, 20, 10, 5, 10, 25, 20, 10, 10, 10, 10, 15, 14, 10, 5, 10, 5, 5, 10, 5, 5, 10, 15, 5, 10, 20, 5, 10, 10, 10, 10, 10, 6, 25, 5, 10, 20, 5, 10, 10, 15, 5, 15, 10, 10, 10, 6, 15, 5, 10, 18, 25, 10, 5, 20, 15, 15, 20, 10, 15, 15, 15, 7, 20, 15, 10, 5, 10, 5, 10, 5, 10, 20, 5, 5, 25, 25, 15, 15, 15, 15, 10, 10, 5, 5, 20, 25, 9, 15, 10, 5, 10, 15, 15, 20, 15, 15, 5, 25, 15, 7, 5, 5, 5, 5, 15, 20, 15, 5, 5, 25, 20, 15, 25, 5, 15, 30, 10, 5, 5, 15, 5, 20, 5, 5, 10, 10, 15, 15, 15, 10, 10, 10, 20, 5, 15, 10, 25, 5, 7, 6, 30, 15, 10, 15, 5, 12, 15, 20, 5, 10, 10, 15, 20, 15, 15, 5, 10, 10, 20, 20, 10, 10, 30, 15, 6, 15, 25, 5, 15, 24, 15, 10, 10, 10, 15, 10, 15, 10, 5, 10, 5, 15, 10, 15, 20, 15, 11, 10, 10, 15, 20, 30, 5, 10, 15, 15, 15, 25, 10, 5, 5, 10, 15, 5, 16, 20, 25, 20, 25, 14, 15, 15, 15, 15, 15, 15, 15, 10, 10, 20, 25, 16, 10, 10, 15, 5, 5, 10, 10, 5, 10, 5, 10, 15, 15, 15, 20, 20, 10, 15, 5, 20, 20, 10, 20, 20, 10, 20, 15, 5, 15, 10, 20, 20, 10, 15, 20, 15, 10, 10, 15, 5, 10, 20, 15, 5, 10, 11, 10, 11, 10, 30, 15, 15, 15, 10, 15, 11, 15, 15, 25, 5, 25, 5, 25, 15, 5, 15, 20, 8, 5, 25, 15, 30, 10, 10, 10, 5, 15, 10, 10, 15, 15, 15, 15, 15, 20, 10, 20, 30, 10, 10, 15, 21, 20, 10, 30, 20, 10, 15, 5, 20, 40, 10, 10, 25, 15, 11, 10, 20, 10, 25, 29, 10, 15, 10, 25, 10, 5, 5, 25, 15, 5, 15, 10, 5, 10, 20, 10, 15, 5, 10, 10, 10, 20, 15, 15, 10, 15, 25, 10, 10, 20, 20, 15, 10, 5, 25, 10, 15, 10, 15, 
199233, 1
199233, 1233
199233, 4453
199233, 4419
199233, 1024
199233, 36337
200463, 5
200463, 5, 5, 5, 5, 5, 5, 5, 5, 5, 5, 5, 5, 5, 5, 10, 5, 5, 5, 5, 5, 5, 5, 5, 5, 5, 5, 5, 5, 5, 5, 5, 5, 5, 2, 5, 5, 5, 5, 5, 5, 5, 5, 3, 5, 5, 5, 5, 5, 10, 5, 5, 10, 5, 15, 5, 5, 5, 5, 5, 10, 5, 5, 5, 5, 5, 5, 5, 5, 1, 5, 5, 5, 5, 5, 5, 5, 5, 5, 5, 5, 5, 5, 10, 5, 5, 5, 5, 5, 5, 5, 10, 5, 5, 5, 5, 5, 5, 10, 5, 5, 10, 5, 5, 5, 5, 5, 10, 5, 5, 5, 5, 5, 5, 10, 5, 10, 5, 5, 5, 5, 10, 10, 5, 5, 10, 5, 10, 5, 5, 5, 3, 10, 5, 10, 5, 5, 5, 5, 5, 5, 5, 10, 1, 5, 10, 5, 5, 5, 5, 5, 5, 5, 5, 5, 15, 5, 5, 5, 1, 5, 5, 5, 10, 10, 10, 15, 5, 10, 10, 5, 5, 5, 5, 10, 5, 5, 10, 5, 10, 5, 5, 5, 5, 5, 5, 10, 5, 5, 5, 15, 6, 5, 10, 5, 5, 15, 5, 5, 11, 15, 5, 5, 10, 10, 2, 
200463, 1
200463, 1472
200463, 4663
200463, 4512
200463, 1105
200463, 35949
200464, 1
200464, 
200464, 1
200464, 1728
200464, 4918
200464, 18010
200464, 3821
200464, 36566
206703, 8
206703, 5, 10, 5, 5, 5, 5, 5, 5, 5, 5, 5, 5, 5, 5, 5, 5, 5, 5, 5, 5, 5, 5, 5, 5, 5, 5, 5, 5, 5, 5, 5, 5, 5, 10, 3, 5, 5, 5, 5, 5, 5, 1, 5, 5, 10, 5, 5, 5, 5, 5, 5, 5, 5, 5, 5, 5, 5, 5, 5, 5, 5, 5, 10, 5, 5, 5, 5, 5, 10, 5, 10, 8, 5, 5, 5, 5, 5, 10, 10, 5, 5, 10, 5, 1, 5, 5, 3, 5, 5, 5, 5, 10, 10, 15, 5, 5, 5, 10, 15, 5, 5, 5, 5, 10, 5, 5, 10, 2, 5, 5, 5, 5, 5, 2, 10, 10, 10, 5, 5, 15, 10, 5, 15, 5, 20, 5, 5, 5, 5, 10, 15, 5, 10, 5, 5, 10, 5, 5, 5, 5, 10, 5, 10, 5, 5, 5, 5, 5, 5, 5, 10, 5, 5, 6, 5, 5, 10, 10, 5, 5, 2, 5, 1, 10, 5, 5, 30, 15, 5, 10, 10, 10, 5, 5, 15, 5, 1, 5, 15, 5, 10, 5, 5, 10, 10, 5, 5, 10, 10, 5, 5, 5, 5, 5, 15, 10, 20, 5, 5, 5, 5, 10, 10, 10, 5, 5, 10, 5, 10, 12, 5, 5, 10, 5, 10, 5, 10, 5, 10, 5, 15, 5, 5, 15, 5, 15, 5, 5, 5, 5, 10, 10, 10, 10, 5, 10, 5, 5, 10, 2, 10, 15, 5, 5, 10, 5, 10, 5, 5, 5, 5, 15, 5, 5, 10, 10, 10, 10, 10, 5, 10, 5, 20, 5, 10, 10, 10, 1, 15, 10, 5, 5, 10, 15, 10, 5, 5, 15, 10, 5, 2, 15, 3, 20, 10, 15, 5, 10, 5, 10, 10, 10, 14, 5, 5, 15, 5, 5, 5, 5, 5, 5, 20, 5, 12, 10, 10, 10, 10, 10, 5, 10, 5, 20, 5, 20, 5, 15, 15, 5, 15, 10, 10, 10, 5, 5, 10, 5, 5, 6, 10, 5, 13, 10, 5, 5, 15, 5, 5, 15, 13, 15, 5, 10, 5, 15, 5, 10, 5, 5, 5, 10, 15, 10, 5, 10, 5, 15, 5, 10, 10, 5, 20, 5, 10, 15, 5, 10, 15, 5, 20, 5, 10, 5, 20, 15, 5, 5, 5, 5, 10, 21, 5, 5, 5, 20, 10, 10, 10, 5, 5, 10, 10, 5, 20, 10, 10, 5, 5, 5, 20, 20, 15, 10, 5, 5, 5, 10, 5, 5, 10, 10, 10, 10, 10, 5, 15, 5, 10, 10, 10, 5, 30, 20, 5, 5, 5, 5, 10, 10, 15, 5, 15, 5, 15, 10, 15, 15, 15, 10, 15, 5, 5, 20, 5, 10, 2, 5, 5, 5, 5, 15, 15, 5, 15, 15, 10, 5, 13, 7, 5, 15, 10, 5, 15, 10, 20, 5, 15, 10, 15, 10, 10, 10, 20, 5, 5, 2, 5, 15, 10, 15, 15, 10, 10, 5, 5, 10, 5, 5, 10, 5, 10, 25, 15, 15, 10, 5, 5, 15, 5, 10, 5, 5, 5, 10, 30, 5, 10, 15, 10, 20, 10, 15, 25, 10, 5, 20, 9, 10, 10, 15, 5, 10, 10, 10, 10, 5, 15, 10, 15, 20, 5, 10, 10, 10, 5, 11, 10, 20, 5, 10, 10, 20, 15, 5, 13, 15, 10, 5, 20, 10, 5, 15, 5, 15, 25, 15, 10, 5, 10, 5, 10, 5, 35, 5, 10, 5, 5, 5, 10, 10, 5, 10, 13, 5, 5, 5, 10, 10, 13, 5, 15, 15, 30, 5, 10, 5, 10, 15, 5, 23, 10, 10, 10, 5, 5, 5, 20, 10, 15, 5, 15, 25, 10, 10, 5, 15, 5, 10, 6, 10, 10, 20, 15, 10, 20, 20, 5, 15, 10, 5, 10, 20, 15, 5, 8, 10, 14, 15, 5, 5, 15, 15, 5, 5, 11, 5, 15, 10, 15, 5, 8, 10, 11, 15, 10, 5, 15, 10, 15, 15, 10, 30, 5, 20, 5, 25, 10, 15, 5, 20, 5, 15, 10, 5, 15, 20, 10, 5, 15, 5, 5, 10, 5, 5, 5, 15, 10, 10, 5, 15, 1, 10, 5, 20, 7, 10, 10, 15, 10, 15, 5, 10, 15, 5, 20, 
206703, 3
206703, 1240
206703, 4064
206703, 11246
206703, 2609
206703, 36499
206704, 1
206704, 
206704, 3
206704, 1506
206704, 4331
206704, 3127
206704, 802
206704, 36054
207051, 2
207051, 5, 5, 5, 5, 5, 5, 5, 5, 5, 5, 5, 5, 1, 5, 5, 5, 5, 5, 5, 5, 5, 5, 5, 5, 5, 5, 5, 5, 5, 5, 5, 5, 5, 5, 5, 5, 5, 5, 5, 5, 5, 5, 5, 5, 5, 5, 5, 5, 5, 5, 5, 5, 5, 5, 5, 5, 5, 5, 5, 10, 5, 5, 5, 5, 5, 5, 5, 5, 4, 
207051, 1
207051, 1771
207051, 4594
207051, 3826
207051, 1240
207051, 36253
207052, 1
207052, 
207052, 3
207052, 2039
207052, 4862
207052, 4190
207052, 1383
207052, 36469
210939, 16
210939, 5, 5, 5, 5, 5, 5, 5, 5, 5, 5, 5, 5, 5, 5, 5, 5, 5, 5, 5, 10, 5, 5, 10, 5, 5, 5, 5, 10, 5, 5, 5, 5, 5, 5, 5, 5, 10, 5, 10, 5, 5, 5, 5, 5, 5, 10, 5, 5, 5, 5, 5, 5, 5, 5, 5, 5, 5, 5, 5, 5, 5, 5, 5, 10, 5, 5, 5, 5, 5, 5, 5, 5, 5, 5, 5, 10, 5, 5, 10, 5, 5, 5, 5, 4, 5, 5, 5, 10, 5, 10, 5, 10, 15, 5, 10, 5, 5, 5, 5, 5, 5, 5, 5, 5, 5, 5, 5, 5, 10, 5, 5, 5, 5, 20, 5, 5, 5, 5, 5, 5, 10, 10, 5, 10, 5, 5, 6, 10, 5, 10, 5, 5, 10, 5, 15, 5, 5, 5, 5, 5, 5, 10, 5, 7, 5, 5, 5, 5, 5, 5, 10, 10, 5, 5, 5, 5, 10, 5, 10, 5, 10, 5, 5, 10, 5, 5, 10, 5, 10, 5, 5, 5, 10, 5, 5, 10, 5, 7, 9, 5, 5, 5, 5, 5, 5, 5, 5, 5, 5, 5, 15, 11, 5, 10, 5, 14, 5, 5, 5, 15, 10, 15, 5, 5, 5, 5, 5, 5, 15, 10, 5, 3, 10, 5, 5, 5, 5, 5, 5, 5, 5, 5, 10, 10, 10, 5, 5, 1, 5, 10, 5, 5, 5, 5, 15, 5, 5, 5, 5, 10, 5, 5, 5, 5, 10, 20, 10, 10, 5, 5, 5, 15, 25, 5, 10, 10, 5, 5, 5, 15, 10, 5, 10, 5, 5, 5, 5, 5, 10, 10, 10, 10, 5, 15, 10, 5, 5, 10, 5, 10, 5, 5, 5, 15, 5, 14, 5, 5, 5, 10, 15, 5, 10, 5, 10, 10, 5, 5, 10, 15, 15, 5, 5, 10, 5, 10, 5, 5, 10, 5, 10, 5, 10, 5, 5, 10, 10, 5, 10, 5, 10, 10, 15, 5, 10, 15, 15, 5, 10, 5, 5, 5, 5, 5, 10, 10, 5, 1, 5, 5, 10, 15, 5, 5, 5, 5, 10, 5, 5, 5, 10, 5, 5, 5, 5, 5, 10, 10, 5, 5, 10, 10, 5, 10, 5, 20, 10, 10, 5, 10, 5, 10, 5, 20, 15, 15, 15, 5, 5, 5, 15, 10, 10, 5, 5, 10, 10, 5, 5, 10, 5, 5, 5, 5, 15, 10, 5, 15, 5, 11, 5, 5, 5, 10, 10, 5, 15, 15, 5, 10, 15, 5, 15, 5, 5, 5, 5, 10, 17, 5, 5, 10, 10, 5, 10, 5, 10, 5, 25, 10, 5, 5, 5, 14, 5, 5, 5, 5, 5, 5, 5, 5, 10, 10, 5, 10, 5, 10, 5, 5, 15, 5, 11, 10, 10, 5, 10, 5, 10, 20, 5, 10, 10, 10, 5, 5, 10, 5, 10, 5, 5, 10, 20, 5, 5, 5, 10, 10, 5, 10, 5, 10, 5, 5, 10, 20, 15, 5, 5, 5, 5, 15, 10, 10, 15, 5, 11, 5, 10, 10, 5, 10, 10, 5, 5, 10, 5, 5, 5, 5, 10, 15, 5, 10, 10, 5, 15, 10, 5, 10, 5, 10, 5, 5, 10, 15, 10, 5, 5, 
210939, 1
210939, 1588
210939, 4927
210939, 4306
210939, 1285
210939, 36166
210953, 3
210953, 5, 5, 1, 
210953, 1
210953, 1858
210953, 5200
210953, 6739
210953, 1527
210953, 36401
210954, 1
210954, 
210954, 1
210954, 2127
210954, 6552
210954, 11386
210954, 2609
210954, 36245
216457, 5
216457, 5, 5, 5, 5, 5, 5, 5, 5, 5, 5, 5, 5, 5, 5, 5, 5, 5, 5, 5, 5, 5, 5, 5, 5, 5, 5, 5, 5, 5, 11, 5, 5, 5, 5, 5, 5, 5, 10, 5, 5, 5, 5, 10, 5, 10, 10, 5, 10, 5, 5, 5, 5, 5, 5, 6, 10, 5, 5, 5, 5, 5, 10, 5, 5, 10, 5, 5, 5, 5, 5, 5, 5, 5, 15, 5, 5, 5, 5, 5, 5, 5, 5, 10, 5, 5, 5, 5, 5, 5, 5, 5, 5, 5, 10, 5, 5, 5, 10, 10, 5, 10, 10, 6, 5, 15, 10, 5, 10, 5, 7, 5, 5, 5, 5, 5, 10, 10, 4, 5, 5, 5, 5, 5, 5, 10, 10, 5, 1, 5, 5, 10, 5, 5, 10, 5, 10, 5, 5, 10, 10, 5, 5, 5, 5, 5, 10, 5, 5, 10, 5, 10, 10, 10, 8, 5, 10, 15, 10, 5, 5, 15, 15, 5, 5, 5, 5, 5, 5, 5, 5, 10, 5, 10, 5, 5, 5, 5, 5, 5, 10, 10, 5, 5, 10, 15, 5, 5, 5, 5, 10, 15, 7, 5, 15, 5, 10, 15, 5, 10, 5, 5, 10, 10, 10, 5, 5, 10, 5, 5, 5, 5, 10, 5, 5, 5, 5, 5, 15, 5, 5, 5, 10, 5, 10, 5, 5, 5, 5, 5, 10, 5, 1, 5, 10, 10, 5, 10, 5, 15, 5, 10, 5, 15, 1, 5, 15, 5, 10, 10, 5, 15, 15, 15, 5, 15, 5, 5, 10, 10, 10, 15, 10, 15, 10, 5, 5, 10, 5, 5, 10, 5, 10, 8, 5, 5, 10, 10, 15, 1, 6, 5, 15, 5, 10, 15, 10, 12, 5, 15, 10, 10, 15, 5, 10, 10, 5, 20, 10, 15, 10, 10, 15, 5, 10, 5, 5, 5, 5, 10, 5, 5, 10, 5, 15, 10, 10, 5, 10, 5, 10, 5, 15, 15, 10, 5, 6, 10, 5, 10, 5, 5, 15, 20, 10, 20, 10, 15, 5, 15, 5, 15, 20, 10, 5, 5, 9, 35, 10, 10, 15, 5, 15, 4, 10, 5, 10, 5, 10, 10, 10, 10, 10, 10, 15, 5, 5, 5, 5, 20, 10, 5, 15, 20, 10, 20, 5, 10, 15, 10, 20, 5, 5, 15, 10, 15, 10, 5, 5, 5, 20, 5, 7, 10, 10, 5, 5, 15, 5, 10, 5, 5, 15, 5, 15, 5, 5, 15, 5, 10, 5, 10, 5, 20, 5, 15, 15, 5, 5, 10, 5, 5, 15, 15, 10, 10, 5, 5, 5, 15, 10, 10, 10, 10, 5, 15, 10, 15, 20, 10, 15, 5, 15, 15, 5, 10, 10, 10, 15, 13, 6, 5, 20, 5, 10, 10, 5, 10, 10, 10, 30, 5, 15, 5, 10, 15, 15, 15, 5, 5, 5, 14, 5, 15, 5, 5, 10, 10, 10, 15, 5, 10, 10, 15, 15, 5, 10, 15, 5, 10, 10, 5, 15, 5, 5, 15, 10, 10, 5, 5, 5, 10, 5, 12, 20, 10, 10, 10, 17, 10, 5, 10, 10, 5, 25, 15, 10, 10, 15, 5, 9, 5, 10, 20, 5, 5, 7, 5, 15, 10, 10, 5, 5, 5, 10, 20, 20, 15, 10, 15, 5, 10, 10, 10, 10, 5, 16, 5, 10, 15, 20, 10, 5, 10, 20, 15, 15, 30, 5, 10, 5, 15, 10, 10, 3, 15, 20, 5, 10, 20, 15, 10, 5, 5, 5, 5, 10, 15, 11, 10, 15, 20, 15, 10, 15, 20, 20, 15, 15, 15, 15, 10, 10, 10, 10, 15, 10, 15, 7, 10, 5, 5, 15, 5, 10, 10, 10, 5, 20, 11, 5, 15, 10, 15, 5, 20, 5, 5, 10, 20, 5, 10, 5, 15, 12, 10, 
216457, 1
216457, 1834
216457, 5930
216457, 6611
216457, 1286
216457, 36523
216458, 1
216458, 
216458, 1
216458, 2111
216458, 6213
216458, 14651
216458, 2315
216458, 36323
216459, 1
216459, 
216459, 4
216459, 2409
216459, 6506
216459, 11071
216459, 1792
216459, 36591
217538, 3
217538, 5, 5, 5, 5, 5, 4, 5, 5, 5, 5, 5, 4, 5, 5, 5, 5, 5, 2, 5, 5, 5, 5, 5, 5, 5, 5, 5, 5, 5, 5, 5, 10, 5, 5, 5, 5, 10, 5, 5, 5, 5, 5, 5, 5, 5, 5, 5, 5, 5, 5, 5, 5, 5, 5, 5, 5, 5, 5, 5, 5, 5, 5, 5, 5, 5, 5, 10, 1, 5, 5, 5, 5, 10, 5, 5, 5, 5, 5, 5, 5, 2, 5, 5, 5, 5, 10, 5, 5, 5, 5, 5, 3, 5, 7, 5, 3, 5, 5, 5, 5, 5, 5, 5, 5, 5, 5, 5, 5, 10, 5, 5, 5, 15, 5, 5, 5, 10, 5, 5, 5, 5, 5, 7, 5, 5, 5, 5, 5, 5, 5, 2, 10, 5, 5, 5, 5, 5, 5, 5, 5, 5, 5, 5, 5, 5, 5, 8, 10, 10, 5, 5, 5, 2, 5, 5, 5, 5, 10, 5, 5, 10, 5, 5, 5, 15, 10, 5, 5, 5, 5, 5, 15, 10, 5, 5, 5, 5, 5, 5, 5, 8, 10, 5, 5, 10, 5, 5, 5, 5, 5, 5, 10, 5, 5, 3, 
217538, 1
217538, 2226
217538, 5322
217538, 6951
217538, 2019
217538, 36366
217539, 1
217539, 
217539, 16
217539, 2560
217539, 5648
217539, 2977
217539, 639
217539, 36460
226250, 22
226250, 5, 5, 5, 5, 5, 5, 5, 5, 5, 5, 5, 5, 5, 5, 5, 5, 5, 5, 5, 5, 10, 5, 5, 5, 5, 5, 6, 5, 5, 5, 5, 5, 5, 5, 5, 5, 5, 1, 5, 5, 5, 5, 5, 5, 5, 5, 5, 5, 5, 5, 5, 10, 5, 5, 5, 15, 5, 5, 5, 10, 5, 10, 5, 5, 5, 10, 5, 5, 15, 5, 5, 5, 10, 5, 5, 11, 5, 5, 5, 10, 5, 10, 10, 5, 10, 5, 5, 5, 15, 10, 10, 10, 5, 10, 5, 5, 5, 5, 10, 5, 5, 10, 5, 5, 15, 5, 10, 5, 10, 10, 5, 5, 15, 5, 5, 5, 7, 10, 10, 12, 5, 5, 5, 10, 5, 10, 5, 7, 5, 7, 5, 7, 5, 10, 15, 5, 10, 5, 10, 10, 5, 5, 10, 5, 5, 5, 10, 15, 1, 5, 11, 10, 5, 5, 10, 10, 5, 5, 10, 5, 10, 10, 20, 10, 9, 10, 5, 10, 15, 10, 5, 10, 10, 10, 5, 5, 10, 10, 15, 5, 5, 10, 5, 5, 10, 5, 10, 10, 10, 10, 10, 2, 10, 10, 10, 10, 10, 10, 15, 5, 5, 5, 10, 5, 10, 5, 5, 10, 5, 15, 7, 8, 5, 20, 10, 15, 15, 5, 5, 5, 5, 15, 15, 10, 5, 11, 20, 20, 5, 15, 10, 10, 5, 10, 20, 10, 9, 10, 10, 10, 10, 10, 5, 5, 10, 5, 5, 5, 10, 5, 10, 10, 13, 5, 5, 10, 25, 10, 5, 5, 10, 5, 10, 15, 10, 10, 5, 5, 5, 10, 5, 11, 5, 10, 15, 11, 20, 20, 15, 5, 10, 15, 5, 5, 5, 15, 5, 10, 5, 5, 10, 10, 20, 10, 15, 10, 10, 5, 12, 10, 10, 5, 5, 5, 10, 5, 10, 10, 10, 5, 5, 10, 10, 5, 15, 10, 10, 20, 10, 15, 5, 15, 10, 15, 10, 1, 10, 10, 15, 15, 8, 10, 15, 5, 20, 5, 20, 5, 10, 20, 15, 20, 10, 5, 15, 15, 5, 5, 5, 10, 10, 15, 5, 5, 10, 10, 15, 15, 10, 5, 6, 15, 5, 5, 20, 10, 10, 10, 5, 5, 15, 5, 10, 15, 20, 10, 10, 10, 15, 5, 5, 10, 10, 10, 25, 5, 5, 5, 5, 20, 10, 5, 5, 10, 15, 10, 5, 5, 5, 5, 5, 15, 10, 15, 15, 15, 10, 7, 20, 20, 5, 10, 10, 10, 15, 5, 16, 15, 10, 10, 9, 16, 10, 5, 20, 15, 10, 15, 10, 25, 20, 5, 15, 15, 15, 5, 10, 10, 15, 15, 15, 5, 10, 5, 5, 5, 15, 10, 15, 5, 10, 10, 15, 15, 20, 10, 10, 25, 15, 15, 7, 15, 10, 15, 20, 10, 25, 5, 15, 10, 15, 15, 10, 10, 10, 10, 10, 10, 22, 15, 25, 35, 15, 15, 15, 10, 10, 15, 15, 20, 10, 5, 5, 10, 15, 7, 10, 3, 25, 10, 20, 20, 15, 15, 20, 15, 10, 5, 10, 10, 5, 10, 5, 5, 5, 30, 6, 5, 15, 30, 20, 20, 15, 11, 16, 20, 5, 25, 10, 10, 20, 15, 15, 10, 10, 5, 20, 5, 10, 10, 15, 17, 15, 25, 10, 25, 15, 35, 15, 20, 5, 17, 20, 15, 20, 10, 10, 10, 15, 25, 11, 10, 25, 25, 15, 10, 15, 20, 10, 15, 20, 13, 10, 10, 1, 16, 20, 10, 5, 5, 15, 5, 15, 15, 5, 10, 5, 15, 20, 20, 5, 30, 5, 15, 15, 15, 35, 15, 5, 5, 10, 15, 20, 12, 15, 5, 10, 10, 11, 8, 5, 10, 20, 5, 25, 15, 10, 25, 25, 15, 20, 10, 10, 10, 15, 5, 10, 25, 5, 11, 20, 20, 30, 13, 10, 11, 15, 5, 20, 15, 35, 15, 35, 15, 5, 10, 10, 10, 10, 10, 10, 15, 10, 10, 5, 5, 5, 10, 17, 10, 20, 10, 20, 10, 10, 10, 10, 15, 15, 5, 10, 5, 30, 15, 15, 15, 20, 10, 15, 8, 15, 27, 16, 25, 15, 25, 25, 10, 5, 15, 10, 15, 20, 11, 10, 15, 25, 30, 15, 10, 25, 10, 15, 15, 20, 15, 15, 10, 25, 30, 25, 20, 20, 30, 15, 20, 20, 15, 5, 17, 15, 30, 25, 10, 10, 15, 25, 20, 10, 20, 10, 10, 16, 5, 10, 30, 25, 20, 10, 15, 15, 10, 20, 15, 5, 5, 25, 5, 15, 10, 10, 20, 15, 20, 5, 16, 14, 5, 10, 10, 10, 25, 15, 10, 30, 15, 5, 15, 6, 15, 10, 15, 20, 10, 10, 12, 15, 15, 5, 30, 
226250, 5
226250, 1437
226250, 4152
226250, 3432
226250, 593
226250, 36675
226251, 1
226251, 
226251, 1
226251, 1726
226251, 4439
226251, 5526
226251, 861
226251, 36268
226252, 1
226252, 
226252, 1
226252, 2015
226252, 4728
226252, 6537
226252, 1447
226252, 36478
226253, 1
226253, 
226253, 1
226253, 2302
226253, 5014
226253, 2868
226253, 732
226253, 36584
238605, 17
238605, 5, 5, 5, 5, 5, 5, 5, 5, 15, 5, 5, 10, 5, 5, 5, 5, 5, 5, 5, 5, 5, 5, 5, 5, 10, 5, 5, 5, 5, 5, 10, 5, 5, 5, 10, 10, 10, 5, 5, 5, 5, 5, 5, 10, 9, 5, 5, 15, 15, 10, 5, 5, 5, 5, 5, 10, 5, 5, 20, 10, 10, 5, 10, 5, 10, 15, 10, 5, 5, 5, 5, 15, 10, 5, 15, 5, 5, 10, 10, 5, 20, 5, 5, 5, 13, 5, 5, 20, 10, 10, 6, 15, 25, 20, 15, 10, 10, 10, 10, 5, 10, 10, 5, 20, 10, 10, 14, 10, 10, 5, 1, 10, 10, 10, 5, 5, 20, 5, 5, 15, 10, 5, 5, 5, 10, 10, 5, 10, 5, 10, 10, 10, 5, 10, 10, 25, 15, 5, 15, 5, 10, 10, 15, 10, 10, 10, 5, 10, 20, 10, 5, 15, 15, 10, 35, 23, 15, 15, 10, 15, 10, 25, 5, 5, 20, 5, 10, 5, 15, 5, 15, 10, 30, 20, 5, 5, 5, 10, 30, 5, 10, 10, 15, 15, 5, 5, 10, 5, 10, 10, 15, 10, 10, 5, 15, 5, 12, 5, 20, 15, 10, 20, 15, 15, 25, 30, 10, 10, 15, 25, 33, 15, 15, 10, 10, 5, 20, 10, 15, 5, 15, 20, 10, 5, 10, 15, 13, 20, 10, 10, 20, 10, 5, 10, 10, 15, 10, 5, 5, 10, 20, 5, 5, 25, 10, 15, 15, 10, 5, 15, 20, 20, 11, 5, 15, 15, 15, 10, 10, 15, 10, 10, 10, 11, 15, 15, 15, 10, 10, 10, 20, 10, 10, 10, 5, 15, 20, 15, 15, 12, 15, 30, 14, 5, 25, 15, 35, 15, 5, 20, 15, 10, 15, 20, 20, 5, 20, 15, 27, 25, 15, 15, 15, 20, 15, 10, 15, 5, 15, 10, 30, 10, 11, 10, 20, 10, 15, 15, 5, 15, 10, 10, 10, 11, 40, 15, 15, 10, 20, 10, 10, 15, 5, 30, 15, 5, 7, 15, 30, 10, 5, 15, 15, 10, 25, 18, 20, 15, 25, 5, 5, 10, 35, 25, 20, 6, 15, 11, 25, 25, 20, 15, 30, 15, 20, 10, 15, 10, 15, 20, 22, 10, 17, 25, 25, 35, 15, 15, 15, 15, 10, 10, 15, 15, 10, 10, 15, 10, 20, 20, 25, 20, 25, 15, 5, 5, 25, 25, 5, 10, 5, 11, 10, 5, 15, 20, 16, 10, 20, 15, 25, 20, 10, 15, 15, 15, 5, 30, 25, 15, 15, 15, 20, 10, 10, 15, 15, 20, 30, 25, 15, 15, 15, 10, 10, 20, 20, 10, 15, 5, 21, 20, 20, 25, 5, 10, 15, 25, 15, 20, 20, 15, 10, 10, 21, 10, 20, 15, 15, 15, 5, 15, 20, 11, 17, 15, 10, 15, 25, 20, 15, 17, 15, 25, 13, 10, 20, 10, 15, 5, 5, 10, 5, 20, 20, 5, 20, 5, 10, 10, 15, 10, 11, 10, 20, 10, 30, 15, 15, 15, 15, 10, 15, 20, 9, 11, 10, 25, 20, 10, 20, 21, 5, 25, 15, 10, 10, 20, 10, 10, 12, 25, 20, 10, 15, 5, 5, 15, 10, 16, 10, 20, 15, 25, 20, 15, 20, 30, 21, 15, 15, 5, 10, 21, 30, 5, 10, 20, 5, 10, 20, 5, 15, 20, 20, 25, 5, 10, 20, 20, 36, 25, 25, 30, 15, 25, 5, 21, 20, 20, 25, 25, 10, 10, 10, 20, 9, 15, 20, 31, 10, 15, 25, 27, 25, 10, 15, 10, 5, 10, 20, 25, 30, 25, 20, 30, 20, 5, 5, 25, 5, 10, 20, 30, 11, 6, 5, 15, 25, 10, 15, 25, 20, 15, 20, 10, 15, 25, 20, 20, 15, 10, 20, 5, 10, 30, 25, 25, 20, 15, 5, 15, 20, 15, 15, 30, 5, 17, 20, 10, 15, 20, 16, 25, 15, 25, 11, 20, 15, 10, 15, 10, 20, 20, 10, 15, 5, 20, 20, 10, 15, 10, 30, 17, 15, 15, 25, 15, 25, 20, 20, 15, 25, 20, 15, 30, 16, 20, 10, 22, 20, 10, 30, 15, 10, 25, 40, 15, 16, 5, 5, 20, 35, 20, 20, 15, 25, 20, 20, 15, 37, 25, 25, 15, 25, 1, 20, 16, 7, 25, 20, 25, 20, 19, 10, 15, 10, 21, 20, 15, 20, 20, 20, 21, 10, 25, 15, 10, 10, 20, 15, 15, 20, 20, 30, 20, 30, 13, 20, 9, 30, 30, 25, 15, 5, 10, 10, 25, 10, 15, 20, 30, 25, 25, 25, 15, 10, 13, 25, 10, 15, 5, 20, 15, 25, 15, 10, 10, 30, 20, 20, 20, 20, 30, 15, 25, 45, 20, 20, 20, 30, 5, 15, 20, 10, 15, 40, 30, 15, 25, 20, 20, 10, 15, 15, 15, 6, 5, 15, 10, 20, 6, 30, 25, 5, 25, 20, 20, 15, 30, 26, 15, 25, 1, 20, 20, 15, 13, 30, 15, 25, 5, 20, 5, 10, 10, 5, 20, 15, 20, 30, 19, 40, 10, 15, 35, 5, 20, 5, 20, 24, 20, 5, 11, 
238605, 1
238605, 1520
238605, 4192
238605, 4862
238605, 503
238605, 36310
241107, 2
241107, 5, 5, 2, 5, 5, 5, 5, 5, 5, 5, 5, 5, 5, 5, 5, 5, 5, 5, 5, 5, 5, 5, 5, 10, 5, 5, 5, 5, 5, 5, 5, 5, 5, 5, 5, 5, 5, 5, 5, 5, 5, 5, 10, 5, 5, 5, 5, 10, 5, 5, 5, 10, 5, 5, 3, 5, 5, 5, 5, 5, 10, 5, 2, 5, 5, 5, 5, 5, 5, 5, 5, 5, 5, 5, 1, 5, 5, 5, 5, 5, 5, 5, 5, 5, 5, 6, 5, 5, 5, 10, 5, 5, 5, 5, 3, 5, 5, 5, 5, 5, 5, 10, 6, 5, 5, 5, 5, 5, 5, 5, 10, 5, 5, 5, 5, 5, 5, 5, 10, 5, 5, 5, 5, 5, 5, 5, 5, 5, 5, 5, 1, 5, 10, 5, 5, 1, 5, 10, 5, 5, 5, 5, 5, 5, 5, 5, 5, 5, 5, 5, 5, 10, 5, 5, 5, 5, 5, 5, 5, 5, 5, 5, 5, 5, 5, 5, 5, 10, 10, 10, 5, 5, 5, 2, 5, 5, 5, 5, 5, 15, 5, 5, 5, 1, 5, 5, 10, 5, 5, 5, 5, 5, 5, 5, 5, 10, 5, 5, 5, 5, 5, 5, 5, 5, 5, 5, 5, 10, 5, 5, 5, 5, 10, 5, 5, 10, 5, 5, 5, 10, 5, 10, 5, 5, 5, 5, 10, 5, 10, 5, 5, 5, 5, 10, 10, 5, 5, 5, 5, 5, 5, 10, 5, 5, 5, 8, 10, 5, 5, 5, 5, 5, 5, 5, 11, 3, 15, 5, 5, 5, 5, 10, 10, 5, 10, 15, 10, 10, 5, 5, 5, 5, 10, 5, 5, 5, 5, 5, 5, 5, 5, 5, 10, 5, 10, 5, 5, 5, 5, 5, 5, 5, 10, 15, 10, 5, 10, 20, 20, 5, 5, 5, 5, 5, 5, 15, 5, 5, 15, 5, 10, 5, 5, 5, 10, 10, 10, 5, 10, 5, 10, 5, 5, 10, 5, 5, 10, 5, 5, 5, 5, 5, 15, 15, 5, 5, 5, 1, 10, 10, 5, 5, 5, 5, 10, 10, 10, 10, 5, 5, 10, 5, 20, 5, 10, 10, 5, 10, 10, 10, 10, 5, 5, 9, 5, 5, 5, 5, 5, 10, 5, 5, 5, 10, 5, 5, 10, 10, 5, 5, 5, 10, 5, 10, 10, 5, 10, 10, 5, 10, 10, 5, 10, 15, 15, 5, 10, 5, 10, 5, 5, 
241107, 1
241107, 1522
241107, 3976
241107, 8382
241107, 2329
241107, 36679
241108, 1
241108, 
241108, 1
241108, 1832
241108, 4287
241108, 11494
241108, 2053
241108, 36451
241109, 1
241109, 
241109, 1
241109, 2142
241109, 4606
241109, 3711
241109, 1389
241109, 36647
241110, 1
241110, 
241110, 1
241110, 2451
241110, 4913
241110, 6723
241110, 1252
241110, 36312
241111, 1
241111, 
241111, 1
241111, 2759
241111, 5220
241111, 22666
241111, 3441
241111, 36286
244644, 1
244644, 3, 5, 5, 5, 5, 5, 5, 5, 5, 5, 5, 5, 5, 5, 5, 5, 5, 5, 5, 5, 5, 5, 5, 5, 5, 5, 5, 5, 5, 5, 5, 10, 5, 5, 5, 5, 5, 5, 5, 5, 5, 10, 5, 5, 5, 5, 10, 5, 5, 5, 10, 3, 5, 5, 5, 5, 5, 5, 5, 5, 5, 1, 5, 5, 10, 5, 5, 5, 10, 5, 5, 5, 5, 5, 5, 5, 10, 10, 5, 5, 5, 5, 5, 5, 5, 12, 5, 5, 5, 5, 5, 5, 5, 5, 5, 5, 5, 5, 5, 5, 5, 5, 5, 15, 10, 5, 10, 5, 5, 5, 5, 5, 15, 5, 5, 5, 5, 5, 15, 5, 5, 5, 5, 5, 5, 10, 5, 20, 10, 5, 5, 5, 5, 5, 10, 5, 5, 5, 5, 5, 5, 5, 5, 5, 10, 5, 5, 10, 10, 5, 5, 5, 5, 5, 1, 5, 10, 5, 10, 5, 10, 10, 5, 5, 15, 5, 10, 10, 5, 5, 5, 10, 5, 5, 10, 10, 5, 5, 10, 5, 5, 10, 5, 10, 5, 5, 5, 10, 5, 5, 5, 10, 10, 10, 5, 5, 5, 5, 5, 5, 10, 5, 5, 10, 5, 5, 10, 5, 15, 5, 5, 5, 5, 10, 7, 5, 15, 5, 5, 5, 10, 5, 10, 10, 5, 10, 5, 5, 3, 5, 5, 5, 5, 5, 5, 5, 5, 5, 10, 5, 10, 10, 5, 10, 5, 15, 5, 10, 5, 5, 5, 5, 10, 5, 5, 5, 10, 20, 5, 5, 10, 10, 5, 5, 10, 5, 5, 5, 10, 10, 5, 10, 5, 5, 10, 5, 2, 5, 10, 10, 5, 10, 5, 10, 10, 10, 5, 15, 5, 10, 10, 5, 15, 10, 5, 15, 20, 10, 5, 10, 5, 10, 10, 10, 5, 5, 10, 5, 10, 10, 5, 12, 5, 5, 10, 10, 5, 15, 5, 5, 5, 15, 15, 5, 5, 5, 5, 10, 5, 10, 10, 5, 5, 5, 5, 5, 5, 5, 10, 10, 5, 5, 5, 5, 5, 5, 5, 5, 10, 10, 1, 5, 10, 10, 5, 5, 5, 10, 5, 10, 10, 5, 10, 5, 10, 10, 5, 5, 5, 5, 10, 5, 5, 15, 5, 5, 5, 5, 5, 5, 5, 10, 10, 10, 5, 15, 15, 5, 5, 5, 10, 10, 15, 10, 10, 10, 10, 10, 5, 10, 5, 10, 15, 5, 10, 10, 10, 5, 10, 5, 5, 5, 5, 10, 5, 5, 10, 10, 5, 5, 5, 15, 5, 5, 15, 10, 15, 10, 5, 5, 11, 10, 5, 5, 5, 5, 5, 5, 5, 10, 5, 10, 5, 5, 5, 5, 15, 5, 5, 10, 5, 5, 10, 5, 10, 15, 6, 10, 10, 10, 5, 5, 5, 15, 5, 10, 10, 5, 15, 5, 25, 10, 5, 15, 10, 15, 20, 10, 10, 5, 15, 15, 10, 20, 5, 10, 10, 10, 10, 10, 15, 5, 2, 5, 5, 8, 
244644, 1
244644, 2235
244644, 4614
244644, 7289
244644, 1570
244644, 36549
244645, 1
244645, 
244645, 3
244645, 2553
244645, 4932
244645, 6829
244645, 1783
244645, 36297
244646, 1
244646, 
244646, 1
244646, 2864
244646, 5244
244646, 4247
244646, 486
244646, 36362
249174, 2
249174, 5, 5, 5, 5, 5, 5, 5, 5, 5, 5, 5, 5, 5, 5, 5, 5, 5, 5, 5, 5, 5, 5, 5, 5, 5, 5, 5, 1, 5, 5, 5, 5, 10, 5, 5, 5, 15, 5, 5, 5, 5, 5, 5, 10, 5, 5, 5, 5, 5, 5, 5, 10, 5, 5, 5, 5, 5, 5, 5, 10, 5, 5, 5, 5, 2, 10, 5, 5, 5, 5, 5, 5, 5, 5, 10, 5, 5, 5, 5, 10, 5, 10, 10, 5, 5, 5, 1, 5, 5, 5, 5, 5, 5, 15, 15, 5, 5, 5, 5, 10, 5, 5, 5, 5, 5, 5, 10, 5, 10, 5, 5, 5, 5, 5, 5, 5, 10, 4, 5, 10, 5, 10, 5, 5, 5, 5, 5, 10, 5, 10, 5, 5, 10, 5, 5, 5, 5, 5, 5, 5, 10, 5, 15, 15, 10, 5, 5, 5, 5, 5, 5, 5, 10, 10, 10, 5, 10, 5, 1, 5, 5, 5, 5, 10, 5, 5, 5, 10, 5, 5, 5, 15, 5, 13, 5, 5, 5, 5, 5, 5, 6, 10, 5, 10, 5, 5, 5, 5, 10, 10, 10, 10, 10, 5, 10, 5, 10, 10, 5, 5, 10, 5, 10, 10, 5, 12, 5, 5, 10, 5, 10, 10, 5, 5, 5, 5, 5, 10, 10, 5, 6, 5, 10, 10, 5, 5, 10, 10, 5, 5, 10, 5, 10, 5, 10, 15, 10, 5, 10, 5, 5, 5, 15, 5, 5, 5, 10, 10, 10, 5, 5, 10, 5, 5, 5, 10, 5, 5, 5, 15, 5, 5, 10, 5, 10, 10, 5, 1, 10, 15, 10, 5, 10, 5, 15, 5, 10, 5, 10, 5, 10, 10, 5, 7, 5, 10, 5, 5, 5, 5, 10, 5, 10, 5, 10, 2, 10, 5, 5, 5, 10, 15, 10, 5, 10, 10, 10, 10, 10, 5, 10, 6, 5, 5, 5, 10, 10, 20, 15, 15, 10, 10, 15, 15, 10, 5, 15, 15, 5, 5, 5, 5, 15, 10, 5, 5, 10, 15, 15, 15, 5, 5, 10, 5, 10, 5, 5, 6, 10, 5, 5, 20, 10, 10, 10, 5, 10, 13, 11, 10, 10, 10, 5, 5, 10, 10, 5, 10, 5, 5, 5, 5, 12, 5, 25, 10, 5, 10, 5, 5, 5, 5, 10, 5, 5, 10, 10, 10, 5, 15, 15, 5, 10, 10, 5, 5, 5, 5, 5, 7, 5, 5, 10, 5, 5, 10, 5, 5, 5, 9, 5, 15, 15, 10, 5, 20, 10, 5, 10, 10, 10, 10, 10, 10, 30, 10, 10, 5, 5, 14, 15, 20, 10, 5, 5, 15, 5, 10, 10, 10, 20, 5, 5, 5, 20, 20, 5, 5, 10, 20, 20, 5, 10, 10, 5, 10, 10, 10, 10, 15, 15, 10, 10, 5, 15, 5, 10, 10, 15, 20, 5, 5, 15, 5, 5, 5, 11, 5, 10, 5, 5, 35, 10, 3, 10, 5, 5, 5, 5, 5, 5, 15, 10, 3, 10, 5, 10, 15, 5, 5, 10, 15, 20, 10, 10, 15, 5, 10, 10, 10, 22, 5, 10, 4, 15, 10, 6, 10, 10, 5, 20, 5, 5, 10, 5, 10, 10, 10, 10, 10, 5, 10, 10, 10, 25, 15, 10, 5, 18, 10, 5, 5, 15, 15, 5, 5, 5, 10, 6, 10, 5, 10, 10, 5, 10, 10, 15, 10, 15, 10, 5, 5, 5, 15, 10, 5, 5, 10, 10, 20, 5, 4, 
249174, 1
249174, 1685
249174, 4090
249174, 11321
249174, 2192
249174, 36720
249175, 1
249175, 
249175, 1
249175, 2005
249175, 4411
249175, 7151
249175, 1890
249175, 36482
250822, 1
250822, 5, 5, 5, 5, 5, 5, 5, 5, 3, 5, 5, 5, 5, 5, 5, 5, 5, 5, 5, 5, 5, 5, 5, 5, 5, 5, 5, 5, 5, 5, 5, 5, 5, 5, 5, 5, 5, 5, 5, 5, 5, 5, 5, 5, 5, 5, 5, 5, 10, 5, 5, 2, 5, 5, 2, 5, 10, 5, 5, 5, 5, 5, 5, 5, 5, 5, 5, 5, 5, 5, 5, 7, 5, 5, 5, 5, 5, 5, 5, 5, 5, 8, 5, 10, 5, 5, 2, 5, 5, 10, 5, 5, 5, 5, 5, 5, 5, 4, 5, 10, 5, 5, 5, 5, 5, 5, 5, 10, 5, 5, 5, 5, 5, 5, 5, 5, 5, 5, 10, 5, 8, 5, 5, 5, 4, 10, 5, 10, 5, 5, 5, 5, 5, 10, 10, 5, 5, 5, 5, 10, 5, 5, 10, 5, 5, 1, 5, 5, 5, 5, 10, 5, 15, 5, 5, 5, 5, 5, 10, 5, 5, 5, 5, 5, 5, 5, 10, 5, 5, 5, 5, 5, 5, 5, 5, 10, 5, 5, 5, 10, 5, 5, 1, 5, 5, 5, 5, 10, 3, 5, 5, 5, 5, 10, 5, 5, 10, 10, 5, 5, 5, 15, 10, 5, 5, 5, 10, 10, 5, 7, 5, 5, 5, 10, 5, 5, 2, 5, 5, 10, 5, 5, 5, 5, 5, 10, 5, 10, 5, 5, 5, 10, 10, 5, 5, 5, 5, 10, 10, 5, 5, 15, 5, 5, 5, 5, 5, 10, 5, 2, 5, 5, 5, 5, 5, 10, 10, 5, 5, 5, 5, 15, 10, 5, 5, 5, 5, 5, 5, 10, 5, 5, 5, 10, 5, 10, 5, 10, 5, 5, 5, 5, 10, 
250822, 3
250822, 2319
250822, 4740
250822, 5790
250822, 1562
250822, 36712
252217, 7
252217, 5, 5, 5, 3, 5, 5, 5, 5, 5, 5, 5, 5, 5, 5, 5, 5, 5, 5, 5, 5, 5, 5, 5, 5, 5, 5, 5, 5, 5, 1, 5, 5, 5, 5, 5, 5, 5, 5, 5, 10, 3, 5, 5, 4, 5, 5, 5, 5, 5, 10, 5, 5, 5, 5, 5, 5, 5, 5, 5, 5, 5, 5, 5, 5, 5, 10, 5, 5, 5, 5, 5, 5, 5, 5, 5, 5, 5, 5, 5, 5, 5, 10, 10, 5, 5, 10, 1, 10, 5, 5, 10, 1, 5, 5, 5, 5, 5, 5, 5, 10, 5, 5, 10, 5, 5, 5, 5, 5, 5, 5, 5, 5, 5, 15, 5, 5, 1, 5, 10, 5, 5, 5, 5, 10, 10, 5, 5, 5, 5, 10, 5, 5, 5, 5, 5, 5, 5, 5, 5, 5, 5, 5, 10, 5, 5, 5, 10, 5, 5, 5, 10, 10, 5, 5, 5, 5, 5, 5, 5, 5, 4, 5, 5, 5, 5, 10, 7, 5, 5, 5, 10, 5, 10, 5, 15, 15, 10, 10, 5, 5, 5, 5, 5, 10, 5, 10, 5, 5, 10, 5, 5, 5, 5, 5, 5, 5, 5, 5, 5, 5, 5, 5, 5, 5, 5, 5, 5, 11, 10, 5, 5, 10, 5, 5, 5, 5, 5, 10, 5, 5, 10, 10, 5, 5, 5, 5, 5, 5, 10, 10, 5, 10, 5, 5, 5, 5, 5, 5, 10, 2, 
252217, 1
252217, 2322
252217, 4764
252217, 1873
252217, 530
252217, 36802
252218, 1
252218, 
252218, 1
252218, 2643
252218, 5084
252218, 4491
252218, 703
252218, 36410
252219, 1
252219, 
252219, 1
252219, 2964
252219, 5402
252219, 9636
252219, 1674
252219, 36630
252220, 1
252220, 
252220, 1
252220, 3284
252220, 5724
252220, 19351
252220, 3719
252220, 36638
252221, 1
252221, 
252221, 15
252221, 3627
252221, 6105
252221, 7941
252221, 1624
252221, 36849
254644, 6
254644, 5, 5, 5, 5, 5, 5, 5, 5, 5, 5, 5, 5, 5, 5, 5, 5, 5, 5, 5, 5, 5, 5, 5, 5, 5, 10, 5, 5, 5, 5, 10, 10, 5, 5, 5, 5, 5, 5, 5, 5, 5, 5, 10, 5, 5, 5, 5, 5, 5, 5, 5, 5, 5, 5, 5, 5, 5, 5, 5, 5, 5, 5, 10, 5, 5, 5, 10, 5, 5, 5, 5, 5, 10, 5, 5, 10, 5, 5, 5, 5, 5, 5, 5, 5, 1, 5, 5, 2, 10, 5, 5, 5, 5, 5, 5, 5, 10, 5, 5, 15, 5, 5, 5, 5, 5, 5, 15, 5, 5, 5, 5, 5, 5, 5, 5, 5, 5, 5, 5, 5, 5, 5, 5, 5, 5, 5, 5, 10, 10, 5, 5, 5, 5, 10, 10, 4, 5, 5, 5, 5, 5, 5, 10, 5, 5, 15, 8, 10, 5, 5, 10, 5, 5, 10, 3, 5, 5, 10, 5, 15, 5, 15, 5, 10, 5, 10, 5, 5, 10, 5, 5, 5, 10, 5, 5, 5, 5, 5, 5, 5, 5, 5, 10, 5, 5, 5, 5, 5, 10, 10, 5, 2, 7, 5, 5, 5, 5, 5, 5, 5, 5, 5, 5, 10, 5, 5, 5, 5, 10, 5, 5, 10, 5, 10, 5, 10, 7, 10, 5, 10, 5, 5, 10, 10, 5, 10, 5, 5, 5, 5, 10, 15, 5, 5, 5, 10, 5, 10, 5, 10, 5, 10, 5, 5, 5, 5, 5, 5, 10, 10, 5, 5, 10, 5, 5, 10, 5, 10, 10, 5, 5, 5, 5, 10, 5, 10, 5, 5, 5, 5, 15, 10, 10, 5, 5, 5, 5, 5, 5, 5, 10, 5, 5, 10, 5, 5, 5, 5, 5, 18, 10, 5, 10, 5, 15, 5, 10, 5, 5, 5, 10, 15, 10, 5, 5, 10, 5, 10, 5, 10, 10, 5, 10, 5, 5, 5, 15, 5, 10, 20, 5, 20, 5, 5, 5, 5, 10, 10, 5, 5, 10, 1, 10, 5, 10, 10, 10, 5, 10, 5, 5, 5, 2, 8, 5, 10, 5, 10, 5, 5, 5, 10, 5, 5, 5, 5, 10, 10, 5, 10, 5, 5, 10, 5, 5, 10, 10, 5, 5, 5, 5, 5, 10, 9, 
254644, 1
254644, 2176
254644, 5013
254644, 3411
254644, 704
254644, 36498
259104, 7
259104, 5, 5, 5, 5, 5, 5, 5, 5, 5, 5, 5, 5, 5, 5, 5, 5, 5, 5, 5, 5, 5, 5, 5, 5, 5, 5, 5, 8, 5, 5, 5, 5, 10, 5, 5, 5, 5, 5, 5, 5, 5, 10, 5, 10, 5, 5, 5, 5, 5, 5, 5, 5, 5, 5, 5, 5, 5, 5, 5, 5, 5, 5, 5, 5, 5, 5, 5, 10, 10, 15, 5, 5, 5, 5, 5, 5, 5, 15, 5, 5, 10, 5, 5, 5, 5, 5, 5, 5, 5, 5, 5, 10, 5, 5, 5, 10, 1, 5, 5, 5, 5, 15, 5, 5, 4, 10, 5, 10, 5, 10, 5, 5, 5, 5, 5, 5, 10, 5, 5, 5, 5, 5, 5, 5, 5, 5, 5, 10, 10, 10, 10, 5, 10, 10, 5, 10, 15, 5, 5, 10, 5, 5, 5, 5, 5, 5, 5, 5, 5, 5, 5, 10, 10, 5, 10, 10, 10, 10, 10, 5, 5, 5, 5, 5, 5, 5, 5, 10, 5, 2, 10, 10, 10, 5, 10, 5, 10, 5, 5, 5, 5, 5, 11, 10, 5, 5, 10, 10, 10, 5, 10, 10, 5, 5, 5, 10, 5, 5, 5, 15, 5, 5, 5, 5, 5, 15, 5, 5, 5, 5, 5, 5, 5, 5, 5, 5, 5, 5, 12, 5, 5, 5, 2, 5, 5, 5, 10, 10, 5, 5, 15, 10, 10, 15, 5, 5, 20, 10, 5, 5, 5, 5, 10, 10, 10, 10, 1, 5, 5, 6, 10, 10, 10, 12, 5, 5, 5, 5, 5, 5, 5, 5, 10, 10, 5, 15, 5, 5, 20, 10, 11, 5, 5, 5, 5, 10, 10, 5, 10, 10, 5, 5, 5, 5, 5, 5, 10, 5, 5, 5, 10, 5, 5, 10, 5, 5, 5, 5, 5, 10, 20, 10, 10, 5, 5, 5, 5, 20, 10, 10, 15, 15, 5, 10, 10, 5, 15, 10, 5, 10, 5, 20, 10, 10, 5, 3, 10, 10, 15, 10, 5, 10, 5, 10, 5, 15, 4, 10, 5, 5, 5, 5, 10, 15, 10, 15, 5, 5, 5, 5, 5, 10, 15, 5, 10, 5, 5, 5, 5, 10, 10, 5, 5, 10, 15, 5, 5, 5, 7, 10, 5, 10, 5, 5, 5, 10, 10, 10, 10, 20, 10, 10, 2, 10, 10, 8, 10, 5, 10, 5, 10, 5, 5, 10, 10, 10, 5, 5, 5, 10, 5, 10, 5, 5, 10, 10, 10, 10, 10, 11, 5, 10, 5, 10, 10, 10, 10, 5, 15, 7, 5, 20, 5, 5, 5, 5, 15, 10, 10, 5, 5, 5, 10, 10, 5, 15, 5, 20, 15, 5, 16, 10, 10, 15, 5, 5, 10, 15, 10, 10, 10, 10, 5, 10, 15, 15, 15, 5, 10, 5, 5, 5, 10, 5, 5, 5, 5, 5, 15, 20, 5, 5, 5, 10, 15, 10, 10, 10, 10, 10, 25, 5, 5, 5, 5, 10, 10, 5, 5, 10, 10, 5, 1, 5, 5, 20, 10, 5, 5, 5, 10, 5, 5, 5, 10, 9, 5, 10, 10, 15, 10, 5, 10, 10, 5, 15, 10, 5, 5, 5, 10, 11, 25, 15, 5, 1, 5, 10, 10, 15, 6, 10, 5, 5, 15, 10, 11, 5, 10, 10, 20, 5, 10, 10, 10, 7, 15, 5, 15, 5, 10, 10, 5, 15, 15, 15, 10, 10, 5, 25, 10, 15, 20, 5, 5, 15, 15, 15, 15, 5, 5, 15, 5, 15, 5, 5, 10, 9, 
259104, 2
259104, 2034
259104, 4567
259104, 9562
259104, 2465
259104, 36871
259105, 1
259105, 
259105, 2
259105, 2694
259105, 6549
259105, 10248
259105, 2105
259105, 36671
259106, 1
259106, 
259106, 3
259106, 3025
259106, 6879
259106, 5102
259106, 1428
259106, 36391
267506, 17
267506, 5, 5, 5, 5, 5, 5, 5, 5, 5, 5, 5, 5, 5, 5, 5, 5, 5, 5, 5, 5, 5, 5, 5, 5, 5, 5, 5, 5, 5, 5, 5, 5, 10, 5, 10, 5, 5, 5, 5, 5, 5, 5, 5, 5, 5, 5, 5, 5, 10, 5, 5, 5, 10, 5, 10, 5, 5, 5, 10, 5, 5, 5, 5, 5, 5, 5, 10, 5, 5, 5, 5, 10, 5, 5, 5, 5, 5, 5, 5, 2, 5, 10, 5, 5, 5, 10, 5, 5, 10, 5, 5, 10, 10, 10, 10, 5, 10, 5, 5, 20, 5, 5, 5, 5, 5, 5, 10, 5, 5, 5, 5, 5, 10, 15, 10, 6, 10, 5, 10, 10, 10, 10, 15, 10, 5, 1, 5, 10, 5, 5, 5, 10, 5, 5, 5, 10, 15, 5, 10, 10, 5, 10, 15, 10, 5, 5, 15, 5, 10, 15, 10, 10, 5, 5, 20, 15, 5, 6, 5, 10, 3, 10, 5, 7, 5, 4, 10, 15, 15, 5, 5, 10, 5, 5, 5, 5, 15, 5, 5, 10, 10, 15, 5, 10, 5, 15, 15, 10, 10, 20, 10, 10, 15, 7, 5, 15, 5, 5, 5, 5, 5, 10, 5, 5, 20, 10, 10, 15, 5, 15, 15, 5, 10, 5, 5, 10, 5, 10, 15, 10, 5, 5, 10, 5, 15, 20, 10, 20, 5, 5, 5, 15, 7, 7, 5, 10, 5, 10, 5, 15, 10, 10, 15, 5, 5, 10, 5, 15, 15, 5, 5, 5, 25, 10, 5, 15, 10, 5, 10, 20, 5, 5, 10, 5, 25, 5, 11, 10, 5, 5, 20, 6, 5, 12, 10, 5, 5, 5, 25, 5, 15, 5, 15, 5, 5, 10, 10, 15, 20, 8, 5, 10, 10, 5, 10, 35, 10, 20, 15, 10, 5, 5, 10, 20, 5, 10, 20, 6, 5, 5, 10, 15, 10, 5, 15, 5, 5, 20, 5, 5, 15, 5, 5, 10, 15, 10, 5, 5, 10, 10, 10, 15, 15, 20, 10, 5, 11, 15, 10, 5, 10, 10, 5, 5, 5, 15, 5, 18, 15, 30, 5, 10, 8, 10, 15, 15, 25, 25, 15, 10, 10, 5, 5, 15, 10, 20, 10, 15, 10, 10, 15, 10, 25, 20, 5, 15, 5, 10, 15, 10, 15, 30, 15, 20, 5, 25, 15, 10, 15, 15, 25, 11, 5, 5, 10, 10, 10, 20, 10, 15, 5, 10, 10, 15, 10, 5, 15, 10, 10, 5, 10, 15, 10, 4, 9, 10, 5, 10, 15, 25, 5, 10, 15, 10, 10, 10, 5, 20, 5, 10, 5, 15, 5, 10, 20, 10, 5, 5, 10, 20, 10, 5, 5, 10, 10, 15, 10, 10, 10, 5, 25, 10, 5, 5, 20, 5, 5, 5, 16, 15, 15, 15, 15, 5, 20, 10, 5, 15, 15, 10, 20, 20, 5, 10, 15, 15, 10, 10, 20, 15, 10, 10, 10, 20, 15, 20, 21, 10, 5, 10, 15, 10, 15, 5, 10, 10, 5, 15, 10, 10, 16, 12, 5, 10, 10, 15, 5, 5, 10, 20, 15, 5, 20, 15, 10, 25, 5, 10, 10, 15, 28, 10, 5, 15, 10, 10, 26, 17, 5, 10, 5, 15, 11, 10, 11, 10, 10, 25, 10, 15, 15, 5, 5, 10, 15, 7, 11, 15, 5, 20, 10, 15, 5, 10, 15, 15, 25, 20, 10, 10, 10, 25, 15, 5, 10, 25, 15, 20, 15, 20, 26, 10, 10, 25, 15, 5, 16, 15, 10, 11, 10, 5, 5, 5, 15, 10, 10, 5, 15, 20, 5, 15, 20, 10, 10, 15, 15, 16, 5, 10, 15, 15, 20, 15, 10, 20, 15, 10, 10, 25, 10, 15, 10, 5, 7, 15, 20, 10, 20, 10, 30, 5, 10, 15, 10, 10, 5, 10, 18, 5, 10, 20, 10, 10, 10, 15, 10, 15, 15, 5, 10, 5, 5, 5, 15, 10, 15, 10, 16, 15, 15, 20, 15, 10, 10, 15, 15, 15, 10, 15, 10, 15, 5, 10, 30, 5, 11, 10, 15, 10, 15, 5, 5, 30, 25, 25, 15, 10, 15, 20, 15, 10, 25, 10, 20, 10, 10, 15, 15, 10, 15, 10, 10, 15, 25, 20, 10, 30, 5, 10, 15, 5, 5, 17, 10, 5, 10, 20, 10, 25, 12, 10, 10, 5, 15, 10, 15, 11, 15, 20, 25, 11, 5, 25, 15, 10, 15, 15, 10, 10, 10, 10, 15, 20, 15, 15, 10, 20, 15, 5, 25, 20, 10, 17, 11, 30, 16, 16, 20, 11, 10, 20, 15, 15, 15, 15, 10, 10, 10, 10, 5, 15, 35, 10, 10, 20, 5, 5, 15, 25, 10, 15, 10, 15, 25, 10, 15, 
267506, 1
267506, 1744
267506, 4407
267506, 7699
267506, 1706
267506, 36709
276029, 12
276029, 5, 5, 5, 5, 5, 5, 5, 5, 5, 5, 5, 10, 5, 5, 5, 5, 5, 5, 10, 5, 5, 5, 10, 5, 5, 20, 5, 5, 5, 5, 5, 6, 10, 10, 5, 5, 5, 4, 5, 1, 10, 5, 5, 10, 10, 5, 10, 5, 5, 10, 15, 5, 5, 5, 5, 10, 5, 5, 10, 5, 5, 5, 4, 5, 10, 5, 10, 10, 5, 5, 5, 5, 10, 5, 20, 5, 5, 5, 10, 5, 10, 10, 10, 10, 16, 5, 10, 5, 3, 10, 5, 5, 10, 5, 10, 5, 10, 5, 15, 5, 5, 15, 5, 5, 10, 10, 5, 5, 10, 5, 10, 5, 5, 10, 15, 5, 10, 5, 10, 5, 5, 5, 5, 10, 5, 10, 15, 5, 4, 5, 5, 8, 5, 10, 10, 15, 10, 5, 10, 5, 5, 5, 5, 25, 5, 5, 5, 10, 15, 15, 15, 10, 5, 5, 15, 10, 10, 15, 5, 10, 10, 5, 5, 15, 3, 10, 10, 5, 5, 5, 5, 10, 20, 5, 10, 5, 15, 5, 10, 5, 10, 5, 5, 5, 5, 15, 20, 10, 10, 10, 5, 10, 10, 5, 5, 10, 25, 5, 10, 15, 15, 5, 5, 5, 5, 10, 5, 15, 5, 5, 20, 15, 5, 5, 15, 8, 10, 10, 25, 15, 5, 10, 15, 10, 10, 5, 5, 10, 15, 5, 5, 15, 15, 15, 15, 10, 10, 5, 5, 5, 20, 10, 5, 5, 5, 5, 10, 20, 5, 5, 10, 5, 20, 5, 5, 10, 5, 5, 5, 7, 5, 10, 5, 10, 10, 5, 10, 10, 7, 15, 15, 10, 10, 5, 10, 15, 10, 20, 5, 15, 5, 10, 10, 10, 5, 15, 10, 10, 1, 4, 5, 10, 6, 17, 5, 10, 5, 25, 9, 10, 10, 15, 10, 10, 10, 5, 15, 5, 10, 10, 11, 5, 25, 10, 5, 15, 5, 19, 10, 20, 15, 15, 16, 15, 11, 20, 10, 10, 5, 10, 5, 15, 5, 10, 5, 5, 6, 5, 10, 5, 10, 20, 10, 25, 16, 5, 15, 10, 5, 5, 25, 21, 25, 10, 15, 10, 15, 5, 15, 10, 10, 10, 15, 10, 10, 15, 10, 10, 10, 5, 5, 6, 15, 15, 20, 15, 20, 5, 10, 10, 10, 10, 15, 10, 10, 10, 10, 10, 10, 5, 10, 15, 10, 15, 10, 10, 10, 10, 27, 15, 15, 15, 10, 10, 10, 15, 11, 5, 10, 10, 10, 20, 10, 15, 15, 10, 10, 10, 5, 15, 5, 25, 15, 10, 5, 15, 10, 15, 25, 15, 9, 15, 5, 15, 15, 10, 5, 10, 5, 15, 10, 10, 10, 20, 10, 5, 5, 20, 20, 15, 20, 15, 15, 10, 5, 5, 15, 12, 15, 5, 5, 35, 5, 10, 20, 5, 10, 20, 10, 10, 25, 25, 5, 10, 15, 15, 15, 10, 20, 15, 15, 25, 20, 5, 10, 10, 15, 10, 10, 15, 5, 10, 5, 5, 5, 5, 10, 20, 10, 20, 15, 10, 10, 25, 10, 10, 10, 10, 5, 8, 10, 10, 30, 10, 10, 15, 15, 20, 5, 20, 20, 10, 15, 5, 25, 10, 10, 20, 15, 15, 10, 10, 10, 5, 10, 10, 15, 10, 10, 15, 20, 10, 15, 15, 25, 15, 10, 15, 20, 5, 5, 5, 2, 10, 15, 5, 20, 20, 10, 5, 15, 10, 15, 20, 25, 15, 20, 15, 20, 30, 20, 9, 15, 10, 15, 15, 15, 20, 10, 10, 5, 10, 20, 10, 15, 10, 20, 25, 10, 15, 20, 20, 10, 5, 5, 26, 10, 15, 12, 10, 25, 15, 20, 5, 10, 10, 15, 10, 10, 20, 5, 15, 15, 15, 10, 5, 15, 10, 25, 10, 15, 10, 5, 15, 5, 5, 5, 15, 10, 25, 5, 10, 24, 15, 10, 15, 20, 25, 5, 6, 20, 20, 20, 1, 10, 15, 5, 10, 20, 15, 5, 20, 5, 10, 15, 10, 10, 20, 5, 20, 10, 1, 15, 7, 20, 10, 5, 20, 10, 15, 15, 20, 10, 10, 10, 10, 5, 10, 15, 20, 20, 5, 15, 21, 10, 5, 20, 5, 25, 20, 15, 15, 20, 6, 15, 10, 10, 20, 20, 5, 5, 16, 10, 15, 25, 10, 10, 5, 20, 5, 10, 5, 15, 15, 10, 10, 15, 10, 15, 10, 10, 15, 15, 15, 10, 5, 5, 20, 25, 25, 5, 15, 5, 15, 10, 20, 10, 15, 15, 20, 25, 10, 10, 5, 15, 15, 15, 20, 10, 10, 25, 10, 5, 15, 10, 10, 15, 20, 15, 25, 15, 15, 20, 15, 15, 10, 25, 15, 20, 5, 10, 5, 20, 14, 
276029, 1
276029, 1279
276029, 3863
276029, 3886
276029, 1674
276029, 36568
281579, 6
281579, 5, 5, 5, 5, 5, 5, 5, 5, 5, 5, 5, 5, 5, 5, 5, 5, 5, 5, 5, 5, 5, 5, 5, 5, 5, 5, 5, 5, 3, 5, 5, 10, 10, 5, 5, 5, 5, 5, 5, 5, 5, 5, 5, 5, 10, 5, 5, 5, 5, 10, 5, 10, 10, 5, 5, 5, 2, 5, 5, 5, 5, 5, 5, 5, 5, 5, 10, 5, 5, 5, 5, 10, 5, 15, 10, 10, 10, 5, 5, 5, 5, 5, 5, 5, 2, 15, 5, 5, 5, 5, 20, 5, 5, 5, 5, 5, 5, 10, 5, 5, 5, 10, 5, 5, 5, 10, 5, 5, 1, 5, 15, 5, 5, 5, 1, 5, 5, 5, 5, 5, 10, 5, 5, 10, 5, 5, 1, 1, 10, 10, 5, 5, 15, 5, 10, 10, 5, 10, 10, 5, 5, 5, 5, 5, 5, 5, 5, 20, 5, 10, 15, 5, 5, 10, 5, 5, 5, 10, 5, 5, 10, 5, 5, 5, 5, 10, 15, 10, 15, 5, 10, 15, 5, 10, 5, 10, 10, 10, 20, 5, 5, 5, 5, 10, 5, 5, 5, 20, 5, 5, 5, 10, 5, 2, 10, 5, 10, 3, 5, 5, 5, 5, 5, 10, 10, 10, 5, 10, 10, 5, 5, 10, 5, 5, 5, 10, 5, 5, 5, 10, 15, 5, 13, 5, 5, 10, 5, 5, 10, 10, 15, 15, 10, 5, 10, 10, 10, 9, 11, 15, 5, 5, 10, 5, 5, 5, 5, 5, 5, 15, 5, 5, 5, 5, 10, 15, 10, 10, 1, 10, 10, 5, 15, 10, 10, 5, 10, 10, 10, 10, 1, 15, 5, 10, 5, 5, 5, 5, 5, 5, 10, 5, 10, 10, 10, 5, 5, 15, 10, 10, 6, 10, 5, 10, 3, 5, 10, 5, 5, 10, 10, 20, 5, 5, 15, 25, 5, 10, 10, 10, 5, 10, 5, 5, 20, 20, 10, 5, 20, 10, 10, 5, 10, 15, 20, 5, 10, 6, 5, 5, 10, 10, 5, 10, 5, 15, 10, 15, 5, 5, 10, 10, 5, 15, 6, 15, 10, 10, 20, 5, 10, 5, 10, 5, 10, 10, 15, 5, 10, 15, 5, 17, 5, 5, 10, 10, 5, 15, 5, 15, 10, 5, 5, 5, 6, 10, 10, 5, 5, 5, 5, 10, 15, 10, 10, 5, 10, 10, 10, 5, 5, 5, 10, 5, 5, 5, 5, 10, 10, 15, 10, 15, 1, 7, 10, 10, 20, 20, 15, 5, 10, 10, 10, 10, 10, 5, 5, 15, 15, 10, 15, 5, 5, 15, 5, 15, 10, 10, 5, 5, 5, 15, 10, 5, 10, 5, 5, 10, 5, 5, 15, 5, 15, 10, 5, 15, 5, 5, 10, 5, 20, 15, 10, 10, 15, 10, 10, 5, 10, 25, 15, 15, 5, 5, 5, 10, 5, 5, 20, 5, 20, 5, 5, 10, 10, 5, 15, 10, 5, 15, 10, 5, 5, 5, 15, 15, 20, 5, 18, 5, 10, 10, 20, 5, 10, 5, 5, 5, 15, 10, 5, 10, 15, 5, 10, 10, 10, 15, 25, 5, 10, 20, 5, 10, 30, 10, 5, 6, 5, 10, 20, 20, 10, 20, 15, 5, 5, 15, 5, 10, 10, 15, 10, 5, 11, 15, 10, 15, 18, 5, 5, 30, 10, 10, 10, 15, 10, 5, 5, 5, 10, 5, 10, 10, 30, 10, 15, 15, 15, 15, 5, 10, 7, 5, 5, 20, 20, 15, 20, 5, 15, 10, 15, 10, 5, 5, 10, 5, 5, 10, 15, 10, 10, 5, 10, 10, 5, 15, 10, 15, 5, 10, 5, 15, 5, 5, 5, 20, 10, 15, 15, 15, 20, 5, 10, 15, 10, 15, 10, 10, 15, 5, 15, 5, 10, 15, 10, 10, 5, 10, 5, 5, 10, 5, 5, 20, 15, 11, 10, 5, 10, 10, 20, 5, 10, 15, 11, 20, 10, 14, 
281579, 1
281579, 1241
281579, 3860
281579, 11315
281579, 2228
281579, 36461
292092, 12
292092, 5, 5, 5, 5, 5, 5, 5, 5, 5, 5, 5, 5, 10, 5, 5, 10, 5, 5, 5, 5, 5, 5, 5, 10, 5, 5, 5, 5, 5, 5, 5, 5, 5, 10, 5, 5, 5, 5, 10, 5, 5, 2, 5, 5, 10, 5, 5, 5, 5, 5, 5, 5, 5, 5, 5, 5, 5, 20, 10, 10, 15, 5, 15, 5, 5, 6, 5, 10, 10, 5, 5, 15, 10, 5, 15, 4, 3, 5, 10, 5, 5, 10, 5, 5, 10, 5, 5, 15, 5, 5, 5, 5, 5, 5, 10, 10, 10, 5, 5, 10, 5, 5, 5, 10, 5, 10, 5, 5, 10, 5, 20, 10, 10, 5, 10, 5, 10, 5, 15, 10, 15, 5, 10, 5, 10, 10, 10, 5, 15, 10, 25, 5, 10, 5, 10, 10, 10, 5, 10, 20, 15, 5, 5, 10, 15, 10, 5, 10, 5, 5, 10, 5, 5, 10, 10, 10, 17, 5, 5, 10, 5, 5, 5, 5, 5, 15, 10, 5, 6, 5, 5, 5, 5, 10, 10, 5, 10, 10, 5, 11, 5, 20, 20, 15, 20, 15, 10, 15, 10, 20, 10, 10, 10, 10, 5, 10, 5, 10, 20, 5, 15, 15, 5, 5, 10, 10, 10, 5, 10, 15, 25, 5, 5, 5, 5, 20, 5, 10, 10, 5, 10, 10, 10, 5, 5, 5, 40, 15, 10, 10, 15, 10, 15, 5, 10, 15, 10, 20, 10, 15, 15, 10, 10, 10, 5, 5, 15, 10, 15, 10, 6, 10, 10, 5, 10, 20, 15, 10, 5, 5, 10, 10, 20, 5, 15, 5, 15, 10, 15, 10, 5, 15, 5, 15, 10, 5, 25, 15, 15, 10, 10, 15, 5, 10, 10, 5, 5, 15, 15, 15, 25, 15, 5, 10, 1, 10, 5, 20, 10, 15, 10, 15, 10, 10, 10, 10, 15, 5, 20, 15, 10, 5, 15, 5, 15, 7, 10, 5, 20, 10, 10, 5, 10, 20, 10, 20, 15, 10, 5, 20, 15, 10, 5, 10, 15, 20, 5, 15, 15, 25, 10, 25, 10, 10, 10, 10, 12, 25, 20, 15, 20, 15, 5, 5, 15, 15, 10, 10, 15, 15, 10, 5, 10, 10, 20, 20, 10, 20, 15, 10, 5, 25, 7, 10, 19, 15, 10, 15, 7, 20, 30, 20, 5, 5, 15, 15, 15, 15, 15, 10, 20, 10, 20, 18, 20, 15, 5, 15, 10, 20, 10, 10, 10, 10, 5, 20, 25, 10, 20, 5, 25, 10, 5, 10, 10, 10, 15, 10, 25, 10, 15, 15, 20, 17, 6, 15, 15, 20, 25, 10, 15, 20, 10, 20, 10, 10, 25, 5, 5, 15, 20, 10, 10, 25, 25, 15, 10, 5, 20, 20, 5, 10, 10, 20, 5, 10, 15, 15, 20, 10, 10, 10, 20, 15, 5, 10, 5, 10, 20, 10, 20, 15, 15, 15, 15, 15, 21, 20, 10, 15, 5, 25, 15, 10, 10, 25, 5, 15, 15, 5, 15, 16, 25, 15, 10, 20, 10, 15, 15, 25, 10, 21, 30, 15, 15, 10, 10, 10, 10, 10, 5, 1, 15, 30, 15, 11, 15, 10, 15, 15, 30, 20, 15, 15, 10, 10, 25, 30, 15, 15, 6, 25, 10, 10, 15, 15, 20, 10, 15, 10, 25, 5, 10, 20, 10, 25, 15, 15, 10, 31, 15, 5, 10, 10, 20, 20, 25, 10, 15, 28, 20, 10, 15, 15, 25, 20, 17, 15, 10, 25, 30, 10, 15, 15, 5, 20, 25, 5, 20, 11, 20, 15, 10, 25, 30, 15, 20, 10, 15, 15, 30, 5, 25, 1, 5, 20, 10, 15, 10, 15, 20, 10, 20, 15, 20, 10, 5, 15, 10, 10, 15, 15, 20, 15, 30, 30, 10, 30, 10, 15, 15, 20, 5, 10, 10, 15, 15, 20, 15, 20, 5, 5, 15, 30, 20, 10, 15, 10, 5, 20, 20, 10, 5, 20, 15, 25, 25, 10, 25, 5, 30, 10, 5, 15, 5, 15, 20, 27, 10, 20, 10, 25, 20, 10, 15, 5, 8, 20, 10, 25, 10, 5, 10, 19, 30, 20, 10, 10, 15, 15, 20, 10, 20, 5, 30, 30, 5, 10, 10, 15, 15, 20, 15, 15, 20, 25, 10, 15, 12, 10, 20, 20, 20, 15, 15, 30, 10, 25, 20, 30, 5, 15, 5, 10, 15, 5, 15, 26, 10, 10, 20, 15, 10, 20, 25, 5, 20, 5, 21, 5, 15, 10, 20, 10, 11, 55, 5, 25, 17, 20, 15, 20, 15, 15, 15, 12, 17, 15, 25, 35, 5, 10, 15, 10, 30, 27, 5, 20, 10, 15, 20, 15, 20, 20, 25, 25, 2, 30, 15, 11, 20, 10, 16, 20, 10, 20, 20, 20, 15, 20, 15, 15, 15, 30, 10, 10, 15, 10, 20, 12, 15, 15, 20, 10, 10, 10, 11, 20, 20, 15, 21, 15, 15, 10, 5, 7, 15, 20, 15, 15, 20, 20, 15, 15, 10, 10, 10, 30, 10, 20, 15, 20, 15, 20, 15, 6, 
292092, 1
292092, 1181
292092, 3645
292092, 9458
292092, 3269
292092, 36543
292352, 1
292352, 5, 5, 5, 5, 5, 5, 5, 5, 5, 5, 5, 5, 5, 5, 5, 5, 5, 5, 5, 5, 5, 5, 5, 5, 5, 5, 5, 5, 5, 5, 5, 5, 5, 5, 5, 5, 5, 5, 5, 5, 5, 5, 5, 10, 5, 5, 5, 10, 5, 4, 
292352, 1
292352, 1559
292352, 4011
292352, 4451
292352, 1224
292352, 36693
303451, 41
303451, 5, 5, 5, 5, 5, 5, 5, 5, 5, 5, 5, 5, 10, 5, 5, 10, 5, 5, 5, 5, 5, 5, 5, 5, 10, 5, 10, 5, 5, 5, 5, 5, 15, 5, 5, 10, 5, 5, 5, 10, 5, 15, 5, 5, 5, 5, 5, 5, 5, 10, 5, 10, 5, 10, 5, 5, 5, 10, 5, 10, 10, 10, 10, 15, 5, 8, 5, 15, 15, 10, 5, 15, 10, 10, 5, 10, 10, 10, 10, 10, 5, 5, 2, 10, 5, 5, 5, 5, 10, 5, 15, 5, 5, 15, 5, 10, 10, 10, 5, 10, 15, 5, 5, 10, 10, 15, 15, 5, 10, 5, 5, 10, 10, 7, 10, 10, 10, 10, 10, 5, 5, 20, 5, 5, 15, 10, 5, 1, 10, 10, 10, 5, 15, 15, 15, 10, 10, 10, 10, 10, 10, 15, 10, 10, 10, 15, 10, 10, 5, 20, 10, 15, 20, 5, 5, 10, 10, 11, 2, 5, 10, 15, 5, 5, 20, 10, 10, 5, 5, 15, 10, 10, 10, 10, 10, 5, 5, 10, 5, 10, 10, 15, 10, 15, 5, 10, 17, 15, 5, 11, 25, 15, 5, 5, 10, 5, 5, 5, 10, 30, 10, 5, 10, 5, 15, 5, 15, 10, 10, 10, 5, 30, 15, 15, 10, 5, 15, 15, 5, 15, 15, 5, 15, 5, 10, 5, 5, 20, 15, 5, 5, 5, 20, 20, 5, 15, 10, 10, 10, 15, 15, 5, 10, 10, 15, 15, 20, 10, 10, 10, 6, 10, 15, 5, 5, 20, 10, 10, 10, 15, 10, 10, 5, 10, 5, 15, 25, 5, 5, 10, 15, 15, 10, 5, 10, 10, 26, 15, 5, 10, 25, 7, 10, 15, 10, 20, 20, 25, 5, 15, 15, 8, 10, 10, 5, 15, 15, 10, 15, 10, 10, 10, 10, 20, 1, 15, 10, 25, 10, 17, 10, 20, 10, 5, 5, 10, 10, 5, 15, 10, 15, 15, 25, 15, 10, 20, 5, 10, 10, 10, 10, 15, 15, 15, 15, 5, 6, 15, 15, 5, 15, 10, 20, 10, 23, 5, 5, 5, 5, 10, 30, 10, 10, 20, 30, 20, 10, 20, 10, 15, 20, 15, 15, 5, 10, 10, 20, 5, 15, 10, 10, 15, 25, 10, 20, 10, 10, 10, 5, 10, 5, 10, 5, 15, 10, 5, 5, 25, 20, 45, 5, 15, 10, 20, 10, 20, 5, 20, 10, 15, 20, 30, 20, 15, 15, 10, 10, 10, 20, 12, 15, 11, 15, 5, 20, 5, 20, 15, 10, 25, 10, 20, 10, 20, 25, 10, 5, 10, 8, 15, 5, 20, 5, 5, 15, 10, 10, 15, 15, 15, 15, 5, 10, 10, 10, 20, 20, 25, 25, 10, 25, 10, 10, 5, 15, 10, 15, 5, 15, 20, 10, 10, 5, 20, 30, 15, 10, 10, 20, 10, 25, 15, 15, 10, 15, 15, 16, 5, 5, 15, 15, 10, 11, 30, 30, 11, 10, 25, 20, 20, 5, 25, 15, 11, 15, 18, 5, 20, 15, 10, 20, 25, 5, 5, 10, 15, 15, 5, 15, 15, 15, 5, 15, 12, 20, 25, 20, 10, 15, 20, 5, 10, 6, 15, 15, 25, 10, 12, 20, 20, 15, 6, 5, 10, 20, 10, 16, 25, 15, 25, 25, 20, 10, 15, 21, 5, 10, 30, 5, 10, 10, 10, 20, 20, 20, 5, 20, 20, 25, 5, 10, 15, 25, 15, 30, 30, 10, 16, 20, 20, 20, 20, 10, 10, 15, 5, 10, 15, 15, 10, 10, 5, 15, 15, 30, 25, 10, 30, 10, 10, 10, 15, 10, 20, 20, 15, 15, 10, 30, 15, 20, 15, 10, 10, 10, 22, 15, 10, 5, 5, 15, 15, 10, 10, 5, 30, 10, 5, 20, 20, 10, 20, 15, 5, 10, 25, 11, 6, 15, 15, 15, 5, 20, 30, 20, 20, 15, 21, 5, 10, 15, 15, 5, 6, 15, 20, 20, 35, 11, 25, 15, 15, 10, 25, 15, 20, 5, 6, 15, 10, 18, 25, 10, 5, 5, 20, 15, 20, 30, 20, 25, 5, 20, 30, 15, 15, 10, 25, 25, 10, 10, 15, 10, 20, 10, 5, 20, 10, 22, 20, 15, 5, 25, 20, 5, 17, 20, 25, 5, 25, 10, 5, 15, 5, 10, 15, 30, 35, 5, 10, 30, 25, 20, 20, 20, 15, 15, 25, 15, 20, 20, 25, 26, 10, 15, 20, 20, 10, 10, 30, 25, 20, 30, 14, 15, 5, 20, 10, 10, 20, 27, 20, 10, 10, 10, 31, 16, 30, 20, 10, 10, 10, 30, 25, 20, 25, 15, 25, 15, 25, 30, 15, 6, 20, 25, 10, 15, 20, 15, 15, 20, 30, 15, 15, 25, 25, 5, 15, 26, 10, 15, 14, 10, 15, 15, 25, 10, 6, 30, 10, 25, 25, 15, 15, 25, 10, 15, 10, 15, 15, 10, 15, 10, 10, 16, 30, 20, 5, 10, 15, 15, 25, 22, 5, 20, 5, 25, 20, 20, 10, 10, 10, 10, 10, 18, 30, 40, 30, 5, 10, 25, 10, 15, 20, 15, 10, 15, 10, 10, 20, 10, 15, 20, 6, 
303451, 1
303451, 1163
303451, 3521
303451, 13722
303451, 3291
303451, 36781
303452, 1
303452, 
303452, 1
303452, 1560
303452, 3929
303452, 17958
303452, 3208
303452, 36725
311106, 11
311106, 5, 5, 5, 5, 5, 4, 5, 5, 5, 5, 5, 2, 5, 5, 5, 5, 6, 5, 5, 5, 5, 5, 5, 5, 5, 5, 5, 5, 5, 5, 5, 5, 5, 10, 5, 5, 5, 5, 5, 10, 10, 5, 5, 10, 5, 10, 5, 10, 5, 5, 5, 5, 5, 5, 5, 10, 5, 5, 5, 10, 5, 5, 10, 20, 5, 5, 5, 5, 10, 5, 5, 5, 5, 10, 5, 5, 7, 5, 5, 5, 10, 10, 10, 1, 10, 10, 10, 15, 5, 5, 10, 5, 10, 5, 5, 5, 15, 10, 5, 5, 5, 5, 5, 10, 5, 5, 5, 10, 5, 5, 10, 5, 5, 5, 5, 10, 10, 5, 5, 5, 5, 5, 10, 5, 15, 5, 10, 15, 10, 5, 15, 5, 10, 10, 15, 5, 10, 10, 5, 5, 10, 5, 5, 5, 10, 5, 5, 6, 15, 10, 5, 10, 20, 5, 10, 5, 5, 5, 10, 20, 10, 5, 5, 5, 5, 15, 5, 5, 10, 10, 15, 15, 10, 5, 5, 15, 5, 20, 5, 5, 5, 10, 10, 5, 10, 10, 10, 10, 10, 5, 10, 10, 14, 15, 10, 5, 25, 10, 12, 20, 5, 20, 10, 5, 5, 10, 25, 6, 10, 5, 10, 10, 10, 15, 10, 10, 5, 20, 5, 11, 10, 5, 10, 15, 5, 5, 5, 10, 20, 5, 5, 10, 5, 10, 7, 10, 5, 5, 5, 5, 20, 5, 5, 10, 5, 8, 10, 5, 10, 10, 10, 10, 15, 5, 5, 10, 5, 15, 10, 15, 5, 16, 5, 10, 10, 10, 10, 10, 15, 10, 10, 5, 5, 10, 15, 10, 5, 15, 5, 10, 25, 5, 10, 5, 6, 10, 5, 10, 10, 15, 10, 10, 15, 5, 10, 5, 5, 5, 5, 5, 20, 10, 5, 10, 10, 5, 10, 15, 5, 5, 10, 15, 15, 5, 10, 12, 15, 5, 10, 5, 15, 15, 10, 5, 10, 15, 10, 10, 5, 10, 5, 5, 10, 10, 10, 15, 5, 10, 15, 5, 5, 10, 15, 10, 15, 5, 5, 25, 15, 10, 5, 10, 10, 5, 15, 5, 5, 20, 10, 5, 7, 10, 15, 5, 10, 20, 10, 15, 20, 10, 10, 10, 20, 10, 15, 5, 10, 1, 15, 15, 20, 5, 5, 20, 5, 25, 5, 10, 5, 5, 5, 10, 10, 25, 15, 15, 5, 5, 10, 7, 10, 7, 5, 15, 5, 21, 10, 10, 15, 20, 20, 20, 10, 5, 5, 15, 15, 15, 25, 10, 10, 15, 10, 5, 15, 15, 5, 15, 10, 10, 15, 15, 10, 15, 10, 20, 10, 15, 10, 10, 15, 25, 10, 5, 10, 10, 15, 5, 25, 10, 5, 10, 7, 20, 15, 15, 10, 10, 10, 5, 20, 10, 5, 5, 25, 10, 20, 15, 5, 10, 5, 15, 10, 15, 35, 10, 10, 10, 15, 20, 20, 15, 10, 10, 10, 5, 5, 5, 15, 20, 9, 5, 10, 15, 20, 9, 10, 20, 15, 5, 20, 15, 5, 15, 20, 20, 15, 10, 5, 15, 15, 5, 5, 20, 10, 10, 10, 15, 10, 5, 10, 5, 20, 10, 5, 15, 17, 15, 8, 5, 30, 5, 10, 6, 15, 20, 10, 10, 20, 20, 5, 5, 15, 15, 5, 10, 15, 20, 15, 10, 5, 10, 5, 20, 30, 5, 20, 5, 15, 5, 10, 10, 10, 10, 10, 10, 15, 15, 15, 10, 15, 5, 15, 5, 15, 20, 20, 20, 15, 25, 10, 5, 15, 5, 15, 15, 5, 15, 25, 35, 5, 10, 15, 15, 25, 10, 10, 5, 15, 10, 10, 15, 5, 10, 20, 15, 15, 10, 10, 25, 8, 5, 10, 10, 10, 10, 20, 20, 20, 17, 10, 15, 5, 10, 10, 20, 15, 20, 15, 10, 5, 10, 10, 10, 20, 15, 5, 15, 15, 10, 15, 15, 5, 10, 25, 10, 30, 15, 5, 5, 25, 5, 15, 20, 10, 10, 5, 20, 10, 10, 15, 25, 15, 5, 15, 15, 10, 5, 30, 11, 10, 10, 15, 10, 11, 35, 15, 10, 12, 15, 10, 15, 10, 15, 20, 9, 15, 15, 10, 20, 5, 20, 5, 10, 11, 10, 5, 21, 25, 10, 10, 10, 15, 10, 5, 15, 15, 15, 10, 7, 10, 10, 30, 15, 15, 20, 10, 15, 5, 15, 15, 25, 10, 20, 20, 9, 
311106, 1
311106, 1180
311106, 3515
311106, 13794
311106, 4737
311106, 36514
311107, 1
311107, 
311107, 2
311107, 1589
311107, 3925
311107, 4143
311107, 861
311107, 36613
311372, 1
311372, 5, 5, 5, 5, 5, 5, 5, 2, 5, 5, 5, 5, 3, 5, 5, 5, 5, 5, 5, 5, 5, 5, 10, 5, 5, 5, 5, 5, 5, 5, 5, 5, 5, 5, 5, 5, 5, 5, 5, 5, 10, 5, 5, 5, 5, 5, 5, 5, 5, 5, 5, 4, 
311372, 1
311372, 1987
311372, 4299
311372, 6274
311372, 1507
311372, 36789
315397, 16
315397, 5, 5, 5, 5, 5, 5, 5, 5, 1, 5, 5, 5, 5, 5, 5, 5, 5, 5, 5, 5, 5, 5, 5, 10, 5, 15, 5, 5, 5, 5, 5, 5, 5, 5, 5, 5, 5, 5, 5, 5, 5, 5, 5, 5, 5, 5, 5, 5, 5, 5, 5, 5, 5, 5, 5, 5, 10, 10, 5, 5, 5, 5, 5, 5, 5, 5, 5, 5, 5, 5, 5, 5, 5, 5, 5, 5, 5, 10, 5, 10, 5, 5, 10, 5, 1, 5, 5, 5, 5, 5, 5, 5, 7, 5, 5, 5, 5, 5, 5, 5, 5, 5, 5, 10, 5, 5, 10, 5, 5, 15, 5, 5, 5, 5, 5, 5, 5, 5, 10, 15, 1, 10, 10, 10, 5, 5, 5, 5, 5, 5, 5, 5, 5, 5, 5, 5, 4, 10, 10, 5, 15, 10, 5, 5, 5, 5, 5, 5, 10, 5, 5, 10, 5, 5, 5, 5, 5, 10, 5, 10, 5, 10, 5, 5, 10, 5, 5, 10, 10, 5, 9, 5, 5, 5, 5, 5, 5, 5, 5, 5, 5, 5, 10, 5, 5, 5, 5, 1, 5, 5, 10, 5, 5, 5, 10, 15, 5, 10, 15, 5, 10, 5, 5, 5, 5, 5, 5, 5, 20, 5, 5, 5, 5, 5, 5, 15, 5, 5, 5, 5, 5, 5, 5, 10, 5, 10, 10, 5, 5, 5, 5, 5, 10, 10, 10, 5, 5, 15, 10, 4, 5, 5, 10, 5, 15, 10, 5, 5, 5, 10, 10, 10, 5, 5, 10, 5, 4, 5, 10, 5, 5, 10, 5, 5, 10, 5, 5, 5, 10, 5, 10, 2, 5, 5, 5, 5, 5, 10, 5, 5, 5, 10, 5, 10, 10, 15, 5, 5, 5, 5, 5, 15, 5, 5, 5, 5, 5, 5, 5, 15, 5, 15, 5, 5, 5, 10, 5, 5, 10, 5, 5, 5, 10, 5, 10, 5, 5, 5, 5, 10, 15, 5, 15, 5, 20, 5, 5, 5, 15, 5, 10, 15, 5, 10, 10, 10, 5, 5, 5, 15, 10, 15, 2, 10, 20, 5, 15, 5, 15, 5, 10, 10, 5, 15, 5, 5, 5, 10, 10, 5, 10, 5, 5, 5, 10, 5, 5, 5, 5, 10, 10, 10, 5, 10, 10, 10, 5, 10, 5, 5, 5, 7, 5, 10, 10, 10, 10, 5, 5, 10, 10, 10, 10, 5, 5, 5, 5, 5, 10, 10, 10, 5, 5, 10, 10, 5, 10, 10, 10, 20, 10, 15, 5, 5, 10, 10, 10, 5, 5, 5, 5, 10, 10, 10, 5, 15, 10, 5, 1, 5, 10, 5, 10, 10, 5, 5, 5, 15, 5, 5, 10, 15, 15, 5, 5, 5, 15, 10, 5, 15, 5, 15, 10, 5, 5, 5, 10, 5, 15, 15, 10, 5, 5, 5, 10, 10, 5, 10, 5, 15, 5, 15, 5, 10, 5, 10, 5, 10, 11, 5, 10, 20, 10, 5, 15, 15, 16, 5, 15, 20, 10, 5, 5, 10, 10, 10, 15, 16, 10, 15, 5, 15, 5, 5, 15, 5, 10, 10, 20, 10, 10, 5, 5, 10, 12, 5, 5, 15, 10, 5, 10, 5, 5, 5, 10, 10, 15, 5, 15, 5, 10, 5, 7, 10, 15, 10, 15, 10, 10, 5, 5, 10, 15, 5, 10, 5, 5, 8, 
315397, 1
315397, 1690
315397, 3837
315397, 10326
315397, 2985
315397, 36756
315398, 1
315398, 
315398, 1
315398, 2105
315398, 4256
315398, 16570
315398, 3219
315398, 36705
315399, 1
315399, 
315399, 1
315399, 2519
315399, 4667
315399, 14495
315399, 1958
315399, 36925
315400, 1
315400, 
315400, 2
315400, 3009
315400, 5293
315400, 16523
315400, 4297
315400, 36585
315613, 1
315613, 5, 5, 5, 5, 5, 5, 5, 5, 5, 5, 5, 5, 5, 5, 5, 5, 5, 5, 5, 5, 5, 5, 5, 5, 5, 5, 10, 1, 5, 5, 5, 5, 5, 5, 5, 5, 5, 10, 5, 5, 5, 1, 
315613, 1
315613, 3420
315613, 5702
315613, 9710
315613, 3571
315613, 36980
315970, 6
315970, 5, 5, 5, 5, 5, 5, 5, 5, 5, 5, 5, 5, 5, 10, 1, 5, 5, 5, 5, 5, 5, 5, 5, 5, 5, 5, 5, 5, 5, 5, 5, 5, 5, 5, 5, 5, 5, 5, 5, 5, 1, 5, 5, 10, 5, 5, 5, 5, 5, 5, 5, 5, 5, 5, 5, 5, 5, 5, 5, 5, 5, 5, 5, 5, 5, 5, 5, 5, 5, 4, 
315970, 1
315970, 3833
315970, 6120
315970, 9365
315970, 2273
315970, 36829
323509, 21
323509, 5, 5, 5, 5, 5, 5, 5, 5, 5, 5, 5, 10, 10, 5, 5, 5, 5, 5, 5, 5, 5, 5, 5, 5, 5, 5, 10, 5, 5, 5, 5, 1, 5, 5, 5, 5, 5, 10, 5, 5, 10, 5, 5, 5, 5, 5, 10, 5, 6, 5, 5, 5, 5, 5, 10, 5, 5, 5, 5, 10, 5, 20, 5, 5, 10, 5, 8, 5, 5, 5, 5, 5, 5, 10, 5, 10, 10, 5, 5, 10, 5, 5, 5, 5, 5, 5, 6, 5, 5, 5, 10, 10, 10, 5, 5, 15, 10, 5, 5, 5, 5, 10, 5, 10, 5, 10, 5, 5, 10, 5, 5, 5, 10, 5, 5, 10, 15, 5, 5, 5, 5, 10, 10, 10, 5, 5, 5, 5, 5, 5, 5, 5, 5, 5, 10, 5, 10, 5, 5, 10, 20, 10, 15, 10, 10, 10, 5, 10, 10, 5, 5, 15, 10, 5, 10, 5, 5, 5, 10, 10, 5, 5, 5, 10, 10, 10, 5, 10, 10, 10, 5, 10, 10, 5, 10, 5, 5, 15, 10, 5, 15, 5, 5, 5, 5, 10, 10, 5, 5, 5, 5, 5, 10, 5, 10, 10, 10, 5, 10, 10, 5, 5, 15, 10, 5, 10, 15, 15, 15, 5, 10, 10, 5, 5, 5, 3, 5, 10, 5, 10, 5, 10, 5, 5, 10, 15, 10, 10, 5, 5, 10, 15, 5, 5, 5, 20, 10, 15, 15, 20, 15, 10, 5, 15, 10, 25, 5, 10, 5, 5, 5, 5, 15, 10, 15, 10, 15, 10, 15, 10, 5, 15, 10, 5, 10, 5, 10, 5, 10, 10, 10, 10, 20, 5, 5, 5, 10, 5, 10, 5, 5, 15, 5, 15, 5, 5, 10, 7, 15, 10, 15, 5, 15, 10, 5, 5, 10, 5, 10, 5, 10, 10, 5, 10, 5, 15, 5, 5, 10, 5, 5, 5, 10, 5, 15, 5, 5, 10, 5, 5, 5, 11, 5, 10, 10, 15, 15, 10, 15, 20, 15, 10, 20, 10, 20, 5, 15, 5, 10, 10, 10, 5, 15, 9, 15, 10, 10, 5, 10, 10, 5, 10, 5, 5, 5, 10, 5, 15, 10, 15, 10, 15, 20, 10, 5, 5, 5, 15, 10, 10, 10, 15, 5, 5, 5, 30, 5, 5, 10, 15, 15, 10, 10, 10, 10, 5, 15, 5, 5, 10, 5, 10, 10, 5, 5, 15, 20, 10, 5, 5, 15, 10, 10, 10, 10, 5, 5, 10, 5, 6, 10, 15, 5, 15, 10, 10, 20, 7, 10, 5, 15, 5, 15, 15, 20, 4, 15, 5, 10, 15, 15, 13, 5, 10, 5, 5, 20, 10, 10, 10, 5, 10, 20, 5, 15, 5, 10, 25, 10, 10, 10, 5, 5, 10, 5, 10, 30, 10, 15, 10, 20, 15, 20, 10, 10, 20, 5, 5, 10, 10, 10, 15, 25, 10, 15, 15, 15, 5, 25, 10, 15, 5, 10, 5, 20, 20, 5, 15, 15, 5, 5, 5, 20, 20, 10, 5, 25, 15, 10, 15, 10, 10, 15, 20, 11, 10, 5, 20, 10, 10, 20, 20, 15, 10, 10, 21, 5, 20, 5, 10, 25, 10, 10, 5, 15, 5, 15, 5, 5, 20, 20, 15, 10, 10, 10, 10, 5, 16, 5, 5, 10, 15, 5, 5, 10, 15, 10, 10, 5, 15, 11, 10, 10, 10, 5, 5, 10, 15, 10, 5, 15, 5, 15, 20, 5, 5, 15, 15, 5, 10, 5, 5, 10, 20, 16, 5, 5, 20, 10, 30, 11, 15, 15, 10, 16, 15, 17, 20, 10, 10, 20, 10, 20, 5, 15, 10, 5, 20, 15, 5, 20, 15, 25, 10, 5, 10, 15, 10, 25, 5, 15, 5, 25, 20, 10, 5, 10, 10, 15, 10, 10, 10, 5, 15, 5, 10, 5, 15, 10, 11, 15, 15, 6, 5, 16, 5, 5, 15, 10, 15, 10, 10, 15, 20, 10, 15, 15, 10, 5, 25, 20, 15, 30, 15, 1, 10, 5, 25, 10, 5, 5, 10, 15, 15, 10, 15, 15, 5, 10, 10, 10, 20, 20, 15, 15, 30, 10, 10, 15, 5, 15, 15, 20, 10, 15, 6, 15, 5, 5, 11, 5, 5, 20, 15, 20, 20, 5, 20, 15, 5, 5, 11, 15, 10, 35, 20, 5, 5, 20, 5, 5, 5, 15, 10, 5, 10, 10, 10, 5, 10, 10, 15, 10, 15, 10, 10, 5, 7, 15, 15, 20, 5, 20, 25, 25, 10, 20, 5, 15, 5, 10, 30, 10, 9, 10, 25, 20, 15, 5, 20, 10, 10, 25, 
323509, 1
323509, 1886
323509, 4778
323509, 9379
323509, 2200
323509, 36751
334659, 3
334659, 5, 5, 5, 5, 5, 5, 5, 5, 5, 5, 5, 5, 5, 5, 5, 15, 5, 5, 15, 5, 5, 5, 5, 10, 5, 15, 5, 10, 5, 5, 10, 5, 5, 5, 5, 5, 10, 5, 5, 5, 10, 5, 5, 15, 10, 5, 5, 5, 5, 5, 10, 10, 10, 5, 5, 5, 5, 10, 15, 5, 15, 5, 5, 5, 5, 5, 6, 15, 10, 5, 5, 10, 10, 5, 11, 10, 10, 5, 5, 10, 5, 5, 5, 10, 5, 10, 5, 10, 5, 10, 15, 5, 10, 5, 5, 6, 5, 10, 5, 5, 5, 10, 10, 5, 10, 15, 15, 10, 5, 15, 10, 5, 10, 5, 10, 5, 16, 5, 10, 5, 5, 10, 10, 20, 10, 5, 15, 10, 10, 10, 10, 10, 15, 5, 10, 10, 15, 5, 15, 5, 20, 10, 5, 10, 10, 5, 5, 10, 10, 5, 5, 10, 10, 5, 10, 5, 5, 5, 10, 10, 5, 10, 15, 10, 20, 5, 10, 5, 10, 10, 10, 5, 15, 15, 10, 10, 10, 15, 20, 5, 5, 16, 5, 5, 5, 10, 10, 15, 5, 5, 15, 10, 20, 10, 5, 10, 10, 5, 10, 10, 10, 10, 25, 10, 5, 10, 20, 5, 10, 5, 15, 10, 10, 10, 10, 10, 15, 5, 10, 5, 20, 15, 15, 10, 10, 15, 15, 25, 10, 15, 10, 5, 15, 25, 15, 10, 5, 10, 10, 6, 5, 7, 10, 15, 20, 15, 10, 15, 15, 10, 10, 15, 10, 5, 5, 20, 10, 15, 5, 15, 10, 5, 5, 5, 10, 10, 20, 15, 10, 30, 15, 20, 20, 10, 15, 20, 10, 5, 5, 5, 15, 10, 15, 15, 5, 20, 5, 5, 15, 15, 15, 15, 5, 25, 5, 5, 20, 20, 10, 25, 10, 5, 15, 15, 5, 10, 11, 10, 25, 15, 15, 15, 5, 25, 15, 1, 25, 30, 10, 5, 15, 5, 15, 5, 20, 10, 5, 15, 10, 10, 15, 20, 10, 15, 10, 10, 5, 10, 25, 20, 25, 15, 10, 5, 10, 15, 10, 15, 20, 10, 15, 10, 5, 10, 15, 5, 5, 15, 25, 5, 5, 20, 20, 10, 15, 10, 10, 15, 10, 20, 10, 10, 20, 15, 15, 5, 16, 5, 5, 27, 11, 5, 35, 5, 5, 15, 10, 5, 15, 15, 10, 10, 10, 25, 20, 10, 21, 15, 20, 15, 10, 10, 10, 10, 20, 15, 10, 5, 15, 5, 10, 10, 10, 20, 25, 10, 15, 10, 5, 5, 10, 10, 20, 15, 5, 10, 5, 15, 20, 10, 5, 15, 25, 30, 7, 15, 15, 5, 15, 9, 25, 10, 6, 10, 5, 15, 25, 25, 15, 10, 10, 15, 25, 15, 15, 10, 20, 5, 5, 10, 25, 15, 20, 5, 5, 10, 20, 10, 15, 16, 23, 10, 20, 15, 30, 5, 10, 20, 25, 10, 10, 10, 15, 15, 10, 15, 20, 15, 15, 15, 15, 6, 20, 10, 15, 15, 5, 10, 5, 5, 10, 10, 15, 7, 15, 10, 25, 15, 20, 10, 15, 15, 10, 20, 15, 10, 25, 5, 15, 10, 20, 10, 10, 15, 20, 11, 20, 10, 15, 10, 25, 15, 15, 30, 20, 20, 25, 20, 5, 15, 20, 15, 20, 30, 20, 20, 10, 10, 15, 15, 5, 5, 10, 10, 25, 15, 30, 14, 15, 10, 10, 20, 15, 22, 10, 30, 15, 20, 25, 15, 10, 15, 15, 6, 10, 10, 15, 25, 10, 25, 15, 20, 15, 20, 17, 25, 25, 10, 20, 10, 15, 25, 20, 5, 25, 5, 10, 15, 15, 20, 15, 20, 15, 10, 11, 15, 15, 15, 30, 15, 10, 5, 15, 15, 15, 8, 40, 25, 20, 15, 25, 10, 15, 15, 15, 22, 5, 10, 15, 15, 20, 5, 15, 10, 20, 22, 10, 20, 15, 15, 15, 15, 10, 5, 10, 20, 10, 35, 30, 25, 30, 10, 10, 25, 15, 5, 10, 15, 10, 11, 14, 5, 2, 5, 40, 5, 8, 20, 5, 5, 10, 20, 10, 15, 20, 11, 20, 10, 5, 15, 20, 15, 10, 15, 25, 15, 10, 10, 11, 20, 25, 10, 25, 10, 20, 35, 37, 15, 10, 15, 21, 25, 10, 25, 25, 20, 10, 5, 20, 10, 15, 25, 10, 20, 20, 15, 25, 15, 6, 6, 25, 22, 25, 25, 20, 10, 25, 5, 10, 15, 20, 20, 20, 25, 15, 15, 16, 35, 15, 15, 25, 35, 25, 10, 12, 10, 15, 10, 15, 5, 20, 15, 10, 5, 15, 10, 15, 5, 30, 15, 5, 35, 15, 25, 15, 10, 20, 20, 35, 15, 25, 30, 15, 10, 10, 15, 13, 5, 20, 10, 10, 40, 15, 10, 20, 10, 25, 5, 15, 25, 20, 5, 30, 20, 15, 15, 10, 10, 27, 15, 15, 25, 25, 25, 25, 5, 5, 20, 15, 10, 20, 15, 11, 15, 30, 7, 20, 20, 5, 20, 20, 15, 25, 5, 10, 15, 10, 10, 15, 10, 5, 5, 20, 20, 20, 15, 10, 30, 35, 10, 15, 25, 15, 6, 35, 10, 10, 10, 14, 10, 10, 15, 10, 16, 4, 
334659, 1
334659, 1734
334659, 4042
334659, 4586
334659, 1200
334659, 37000
334660, 1
334660, 
334660, 1
334660, 2179
334660, 4494
334660, 18371
334660, 3798
334660, 37010
334865, 1
334865, 5, 5, 5, 5, 5, 5, 5, 5, 5, 5, 5, 5, 5, 5, 5, 5, 5, 5, 5, 5, 5, 5, 5, 5, 5, 5, 5, 10, 5, 5, 5, 5, 5, 5, 5, 5, 5, 5, 5, 4, 
334865, 2
334865, 2624
334865, 4936
334865, 5722
334865, 1067
334865, 36735
336048, 2
336048, 5, 5, 5, 5, 5, 5, 5, 5, 5, 5, 5, 5, 5, 5, 5, 5, 5, 5, 5, 5, 5, 5, 5, 5, 5, 5, 5, 5, 5, 5, 5, 5, 1, 5, 5, 5, 2, 5, 5, 5, 5, 10, 5, 5, 5, 5, 5, 5, 5, 5, 5, 5, 5, 5, 5, 5, 5, 5, 5, 5, 5, 5, 5, 5, 5, 5, 5, 5, 5, 5, 5, 5, 5, 5, 5, 5, 5, 5, 5, 5, 5, 5, 10, 5, 10, 5, 5, 5, 5, 5, 5, 10, 5, 5, 5, 10, 5, 5, 10, 5, 5, 5, 5, 5, 5, 5, 5, 5, 5, 5, 5, 5, 5, 10, 10, 10, 5, 5, 5, 5, 5, 5, 5, 5, 5, 5, 5, 5, 5, 5, 5, 5, 10, 5, 5, 5, 5, 5, 5, 5, 5, 5, 5, 5, 5, 5, 5, 5, 5, 10, 5, 15, 5, 5, 10, 5, 5, 5, 10, 5, 5, 5, 5, 5, 5, 5, 5, 5, 10, 10, 5, 10, 5, 5, 10, 5, 5, 5, 10, 5, 5, 10, 5, 5, 5, 5, 10, 5, 5, 10, 5, 5, 5, 5, 5, 5, 5, 10, 10, 5, 5, 10, 5, 5, 5, 5, 10, 10, 8, 
336048, 1
336048, 2255
336048, 4702
336048, 5781
336048, 1382
336048, 36893
336845, 7
336845, 5, 5, 5, 5, 5, 5, 5, 5, 5, 5, 5, 5, 5, 5, 5, 5, 5, 5, 5, 5, 5, 5, 5, 5, 5, 5, 5, 5, 5, 5, 5, 5, 5, 5, 5, 5, 5, 5, 5, 10, 5, 5, 5, 5, 5, 5, 5, 5, 5, 5, 5, 5, 5, 5, 5, 5, 5, 5, 5, 5, 2, 5, 5, 5, 5, 5, 5, 5, 5, 5, 1, 5, 10, 10, 5, 5, 5, 5, 5, 5, 5, 5, 10, 5, 5, 5, 5, 5, 5, 5, 5, 5, 5, 5, 5, 5, 5, 5, 5, 5, 5, 5, 5, 5, 10, 5, 5, 2, 5, 5, 5, 10, 5, 5, 5, 5, 10, 5, 5, 15, 5, 5, 5, 10, 5, 10, 5, 5, 10, 5, 5, 10, 5, 5, 5, 5, 5, 10, 5, 5, 5, 10, 5, 5, 5, 
336845, 1
336845, 2678
336845, 5103
336845, 10582
336845, 3490
336845, 36881
336846, 1
336846, 
336846, 2
336846, 3121
336846, 5546
336846, 12305
336846, 2629
336846, 36772
338300, 1
338300, 5, 5, 5, 5, 5, 5, 5, 5, 5, 5, 5, 5, 5, 5, 5, 5, 5, 5, 5, 5, 5, 5, 5, 5, 5, 5, 5, 5, 5, 5, 5, 5, 5, 5, 5, 5, 5, 5, 5, 5, 5, 5, 5, 5, 5, 5, 5, 5, 5, 5, 10, 5, 5, 5, 5, 5, 5, 5, 5, 5, 1, 5, 5, 5, 5, 5, 5, 5, 5, 5, 5, 5, 5, 5, 5, 5, 5, 5, 5, 5, 10, 5, 5, 5, 5, 5, 5, 5, 5, 5, 5, 5, 5, 5, 5, 5, 5, 5, 5, 10, 5, 5, 5, 10, 5, 5, 10, 5, 5, 5, 5, 5, 5, 5, 5, 5, 5, 5, 5, 5, 10, 5, 5, 5, 5, 5, 5, 5, 10, 5, 5, 5, 5, 5, 5, 5, 5, 5, 5, 5, 5, 5, 5, 5, 5, 5, 5, 10, 5, 10, 5, 5, 10, 5, 5, 10, 5, 5, 5, 5, 5, 5, 5, 5, 5, 5, 5, 5, 5, 5, 5, 10, 5, 5, 5, 5, 15, 5, 10, 5, 5, 5, 10, 5, 5, 5, 10, 5, 5, 5, 10, 5, 10, 5, 5, 5, 5, 5, 5, 10, 10, 5, 5, 5, 5, 5, 5, 5, 10, 5, 5, 5, 5, 5, 5, 5, 5, 10, 5, 5, 5, 10, 5, 5, 5, 5, 10, 5, 5, 10, 5, 5, 5, 5, 1, 5, 5, 5, 5, 5, 5, 10, 5, 5, 5, 10, 5, 5, 5, 11, 5, 5, 5, 5, 5, 5, 3, 5, 5, 5, 5, 5, 5, 2, 
338300, 2
338300, 3538
338300, 5946
338300, 7188
338300, 1745
338300, 36967
338301, 1
338301, 
338301, 1
338301, 3980
338301, 6393
338301, 4296
338301, 1329
338301, 37104
338302, 1
338302, 
338302, 1
338302, 4424
338302, 6838
338302, 8312
338302, 2030
338302, 36932
339085, 1
339085, 5, 5, 5, 5, 5, 5, 5, 5, 1, 5, 2, 5, 5, 5, 5, 5, 5, 5, 5, 5, 5, 5, 5, 5, 5, 5, 5, 5, 5, 5, 5, 5, 5, 5, 5, 5, 5, 5, 5, 5, 5, 5, 5, 5, 5, 5, 5, 2, 5, 5, 10, 5, 5, 10, 5, 5, 5, 5, 5, 5, 5, 5, 5, 5, 5, 5, 5, 5, 5, 5, 5, 5, 5, 5, 5, 5, 6, 10, 5, 5, 10, 5, 5, 5, 10, 5, 5, 5, 5, 5, 5, 5, 5, 5, 5, 5, 5, 10, 5, 5, 5, 10, 5, 5, 5, 5, 10, 5, 5, 5, 5, 5, 2, 10, 5, 5, 5, 5, 5, 5, 5, 5, 5, 15, 5, 5, 5, 5, 5, 10, 5, 5, 5, 5, 5, 5, 5, 5, 5, 5, 5, 5, 5, 10, 5, 4, 
339085, 3
339085, 3426
339085, 7009
339085, 7501
339085, 1744
339085, 37118
339086, 1
339086, 
339086, 2
339086, 3867
339086, 7449
339086, 22716
339086, 3458
339086, 37093
341662, 2
341662, 5, 1, 5, 5, 5, 5, 5, 5, 5, 5, 5, 5, 10, 5, 5, 5, 5, 5, 5, 5, 5, 5, 5, 10, 8, 5, 5, 5, 5, 5, 5, 5, 5, 5, 5, 5, 10, 5, 5, 5, 5, 5, 5, 5, 5, 5, 10, 5, 5, 5, 5, 5, 5, 10, 5, 5, 5, 5, 5, 5, 5, 5, 5, 5, 5, 5, 5, 5, 5, 5, 5, 10, 5, 5, 5, 5, 5, 5, 5, 5, 5, 5, 5, 5, 5, 5, 5, 5, 5, 10, 5, 10, 5, 15, 5, 5, 5, 5, 10, 10, 10, 5, 5, 5, 5, 10, 1, 5, 5, 10, 10, 5, 5, 5, 10, 5, 5, 5, 5, 5, 1, 5, 4, 5, 10, 5, 10, 5, 15, 5, 5, 5, 10, 10, 5, 5, 5, 5, 5, 10, 5, 10, 5, 5, 10, 5, 5, 10, 5, 10, 5, 5, 10, 5, 5, 5, 5, 5, 5, 5, 5, 10, 5, 5, 15, 5, 5, 5, 5, 5, 10, 5, 5, 6, 10, 5, 5, 3, 10, 5, 5, 5, 5, 10, 5, 5, 10, 5, 5, 10, 10, 5, 5, 5, 5, 5, 5, 5, 10, 5, 5, 10, 5, 5, 5, 20, 5, 10, 5, 10, 5, 5, 5, 5, 5, 5, 15, 5, 15, 5, 5, 5, 20, 5, 10, 5, 10, 5, 10, 5, 5, 10, 5, 5, 15, 5, 5, 5, 5, 10, 5, 5, 5, 5, 5, 5, 5, 10, 10, 10, 5, 5, 10, 10, 10, 5, 10, 5, 5, 5, 10, 5, 15, 5, 5, 5, 20, 5, 5, 5, 5, 10, 5, 5, 5, 5, 10, 5, 5, 5, 5, 5, 1, 5, 5, 10, 5, 5, 10, 5, 5, 5, 10, 5, 5, 5, 5, 10, 5, 5, 5, 5, 5, 3, 5, 5, 5, 10, 5, 5, 5, 10, 5, 5, 5, 5, 10, 5, 5, 5, 5, 5, 5, 5, 5, 10, 5, 5, 5, 5, 10, 10, 5, 10, 10, 15, 5, 5, 5, 10, 8, 5, 5, 5, 5, 5, 5, 5, 5, 5, 5, 5, 5, 5, 5, 10, 1, 5, 5, 5, 5, 5, 15, 5, 15, 5, 10, 7, 16, 10, 5, 5, 10, 1, 10, 10, 5, 5, 5, 12, 10, 10, 10, 5, 10, 15, 10, 5, 5, 5, 5, 10, 10, 5, 5, 12, 5, 10, 10, 5, 5, 5, 4, 
341662, 1
341662, 2567
341662, 5487
341662, 8882
341662, 2679
341662, 37015
341663, 1
341663, 
341663, 2
341663, 3015
341663, 5941
341663, 8592
341663, 2466
341663, 36893
341664, 1
341664, 
341664, 5
341664, 3468
341664, 6395
341664, 7745
341664, 1620
341664, 37054
348921, 2
348921, 5, 5, 5, 5, 5, 5, 5, 5, 5, 2, 5, 5, 5, 5, 5, 5, 5, 5, 5, 5, 5, 5, 5, 5, 5, 5, 5, 5, 5, 5, 5, 5, 5, 5, 10, 5, 5, 5, 5, 5, 5, 5, 5, 5, 10, 5, 5, 5, 5, 5, 10, 5, 5, 5, 5, 5, 5, 5, 5, 10, 5, 5, 5, 5, 5, 10, 10, 2, 15, 5, 5, 5, 5, 5, 5, 5, 11, 10, 5, 5, 15, 10, 5, 5, 10, 5, 10, 5, 5, 5, 5, 5, 5, 10, 15, 10, 5, 5, 5, 5, 5, 5, 10, 10, 5, 10, 5, 5, 10, 10, 5, 5, 5, 5, 10, 10, 5, 5, 10, 5, 5, 5, 10, 5, 15, 10, 15, 5, 5, 10, 5, 10, 5, 5, 5, 5, 15, 10, 5, 5, 5, 5, 5, 5, 10, 5, 10, 10, 15, 15, 10, 5, 5, 10, 5, 5, 1, 10, 5, 5, 10, 15, 10, 5, 5, 10, 5, 5, 5, 20, 15, 5, 8, 5, 5, 5, 10, 10, 6, 5, 5, 10, 10, 5, 5, 10, 25, 10, 5, 5, 10, 5, 15, 5, 10, 10, 5, 10, 5, 5, 10, 5, 15, 5, 10, 5, 5, 10, 20, 15, 10, 10, 10, 1, 5, 10, 5, 15, 10, 5, 5, 5, 7, 15, 5, 5, 5, 5, 5, 10, 5, 5, 10, 5, 10, 5, 6, 10, 5, 5, 5, 15, 5, 15, 10, 5, 5, 15, 5, 10, 10, 15, 10, 15, 5, 5, 10, 10, 10, 5, 10, 10, 5, 5, 5, 5, 10, 5, 25, 15, 20, 5, 20, 10, 5, 5, 15, 15, 5, 10, 21, 15, 10, 20, 10, 12, 5, 10, 10, 15, 5, 6, 5, 10, 10, 5, 5, 15, 20, 5, 10, 10, 10, 10, 15, 10, 15, 10, 6, 10, 5, 10, 15, 10, 10, 10, 10, 10, 11, 15, 10, 21, 15, 20, 5, 5, 15, 10, 5, 5, 10, 15, 10, 15, 20, 10, 10, 10, 10, 36, 20, 5, 11, 5, 10, 15, 10, 10, 5, 10, 5, 11, 5, 5, 10, 10, 10, 10, 10, 15, 5, 10, 5, 5, 10, 22, 15, 10, 10, 5, 10, 5, 5, 10, 5, 10, 10, 10, 25, 20, 10, 5, 5, 15, 10, 10, 17, 10, 15, 5, 15, 10, 10, 10, 1, 15, 5, 10, 10, 5, 10, 15, 10, 25, 5, 15, 10, 10, 5, 5, 15, 5, 10, 15, 15, 20, 10, 5, 5, 10, 15, 5, 5, 15, 10, 5, 25, 10, 5, 5, 10, 10, 10, 5, 20, 15, 10, 5, 15, 10, 10, 5, 27, 18, 5, 5, 10, 5, 6, 5, 5, 10, 5, 10, 10, 15, 5, 5, 5, 5, 10, 15, 5, 15, 5, 10, 5, 15, 5, 10, 10, 10, 5, 20, 5, 10, 10, 5, 10, 10, 15, 10, 5, 5, 10, 15, 5, 10, 25, 5, 15, 10, 25, 10, 5, 15, 5, 5, 15, 15, 10, 5, 5, 5, 10, 15, 15, 10, 20, 10, 15, 5, 10, 5, 5, 10, 5, 5, 15, 20, 10, 10, 15, 25, 10, 5, 10, 10, 5, 5, 30, 15, 10, 1, 10, 15, 10, 5, 10, 5, 10, 7, 10, 5, 5, 15, 10, 5, 10, 10, 5, 15, 10, 10, 5, 10, 5, 10, 15, 5, 10, 15, 5, 15, 1, 10, 5, 10, 10, 10, 20, 5, 10, 25, 5, 10, 5, 10, 5, 15, 5, 5, 5, 25, 25, 10, 15, 22, 10, 15, 15, 10, 5, 5, 5, 20, 5, 10, 15, 20, 5, 5, 15, 20, 15, 5, 5, 20, 20, 8, 10, 15, 5, 10, 5, 10, 10, 5, 10, 15, 21, 25, 10, 5, 7, 5, 20, 10, 20, 15, 5, 10, 10, 10, 5, 15, 15, 5, 5, 10, 10, 15, 15, 10, 15, 20, 15, 15, 10, 15, 10, 15, 10, 15, 5, 10, 30, 5, 10, 5, 5, 15, 20, 10, 20, 5, 25, 5, 5, 5, 25, 15, 15, 5, 25, 20, 15, 15, 10, 5, 10, 15, 5, 20, 25, 25, 5, 10, 10, 15, 15, 10, 15, 15, 10, 10, 20, 25, 5, 5, 13, 10, 10, 5, 5, 20, 30, 5, 5, 20, 10, 20, 5, 15, 15, 10, 30, 15, 10, 10, 5, 10, 15, 15, 10, 30, 20, 35, 10, 5, 25, 5, 5, 10, 20, 10, 5, 15, 20, 5, 10, 10, 10, 15, 5, 10, 25, 
348921, 1
348921, 1841
348921, 4691
348921, 7583
348921, 1953
348921, 36953
353503, 6
353503, 5, 5, 5, 5, 5, 5, 3, 5, 5, 5, 5, 5, 5, 5, 5, 5, 5, 5, 5, 5, 5, 5, 5, 5, 5, 5, 5, 5, 5, 5, 5, 5, 5, 5, 5, 5, 5, 5, 5, 5, 5, 5, 5, 5, 5, 5, 5, 5, 5, 5, 5, 10, 5, 5, 5, 10, 5, 5, 5, 10, 5, 5, 5, 10, 5, 5, 5, 5, 10, 5, 5, 5, 5, 5, 5, 5, 5, 5, 10, 5, 10, 5, 5, 5, 5, 10, 10, 5, 5, 10, 5, 5, 5, 5, 5, 5, 5, 5, 5, 5, 5, 5, 5, 1, 10, 10, 5, 5, 10, 10, 5, 10, 10, 10, 5, 10, 5, 10, 5, 5, 5, 5, 5, 5, 5, 10, 5, 10, 10, 5, 5, 10, 6, 5, 5, 5, 5, 10, 10, 5, 5, 5, 5, 10, 5, 5, 5, 5, 15, 5, 5, 6, 5, 5, 5, 5, 5, 5, 5, 10, 15, 5, 5, 5, 10, 5, 5, 14, 10, 5, 5, 10, 5, 5, 10, 5, 5, 5, 5, 5, 5, 5, 5, 5, 10, 5, 5, 10, 5, 20, 1, 5, 10, 10, 5, 5, 6, 10, 10, 10, 10, 5, 5, 5, 10, 10, 10, 5, 15, 5, 10, 10, 5, 5, 10, 10, 10, 5, 5, 5, 5, 5, 10, 10, 5, 5, 5, 10, 5, 5, 5, 5, 5, 5, 10, 5, 5, 5, 15, 5, 5, 10, 5, 10, 10, 5, 5, 10, 5, 5, 15, 5, 15, 10, 15, 10, 6, 10, 10, 5, 5, 5, 5, 5, 5, 5, 10, 5, 5, 10, 5, 6, 5, 5, 5, 10, 5, 5, 5, 5, 10, 5, 10, 10, 5, 10, 10, 15, 10, 5, 5, 10, 5, 5, 5, 5, 5, 10, 5, 5, 10, 5, 10, 15, 5, 10, 5, 5, 5, 10, 10, 5, 11, 10, 10, 5, 5, 25, 10, 5, 5, 10, 10, 10, 10, 5, 10, 10, 5, 10, 5, 15, 5, 10, 15, 5, 10, 5, 1, 10, 25, 5, 5, 15, 5, 10, 15, 15, 5, 10, 5, 5, 1, 15, 5, 10, 10, 5, 5, 5, 15, 10, 10, 5, 5, 10, 5, 10, 5, 10, 10, 5, 5, 5, 5, 20, 10, 15, 15, 5, 5, 15, 15, 10, 5, 15, 5, 5, 5, 15, 10, 5, 10, 10, 5, 15, 5, 15, 5, 10, 5, 5, 15, 10, 10, 10, 10, 15, 5, 5, 10, 5, 4, 15, 5, 5, 10, 10, 5, 15, 5, 10, 5, 5, 10, 10, 10, 10, 5, 15, 5, 10, 5, 10, 5, 5, 10, 5, 5, 10, 5, 5, 10, 5, 10, 10, 5, 5, 5, 5, 5, 10, 20, 10, 5, 10, 10, 10, 15, 10, 5, 10, 5, 5, 5, 15, 5, 15, 5, 20, 20, 5, 10, 5, 10, 15, 20, 15, 10, 10, 10, 5, 15, 20, 10, 5, 10, 10, 10, 5, 10, 10, 10, 5, 10, 15, 10, 20, 5, 10, 15, 5, 5, 15, 10, 10, 15, 10, 10, 20, 10, 5, 15, 10, 15, 10, 15, 20, 10, 25, 5, 5, 5, 20, 5, 10, 15, 10, 5, 10, 5, 5, 5, 15, 15, 5, 10, 5, 10, 5, 5, 5, 10, 10, 5, 5, 15, 15, 5, 5, 5, 15, 10, 5, 10, 5, 5, 20, 10, 5, 10, 10, 10, 20, 20, 5, 20, 5, 6, 10, 5, 5, 9, 5, 10, 10, 10, 10, 5, 5, 15, 5, 5, 5, 15, 5, 
353503, 1
353503, 1746
353503, 4854
353503, 10393
353503, 2167
353503, 36849
358330, 6
358330, 5, 5, 5, 5, 5, 5, 1, 5, 5, 5, 5, 5, 5, 5, 5, 5, 5, 5, 5, 5, 5, 5, 5, 5, 5, 10, 5, 2, 5, 5, 5, 5, 5, 5, 5, 5, 5, 5, 5, 5, 5, 5, 5, 5, 5, 5, 5, 5, 5, 5, 10, 5, 5, 5, 5, 5, 5, 5, 10, 1, 5, 5, 5, 5, 5, 10, 5, 5, 5, 5, 5, 5, 5, 5, 5, 5, 5, 10, 5, 5, 10, 5, 5, 10, 5, 5, 5, 5, 15, 5, 10, 10, 10, 5, 10, 5, 5, 10, 5, 5, 5, 5, 5, 5, 5, 5, 5, 5, 5, 5, 5, 5, 5, 8, 2, 5, 5, 5, 5, 5, 5, 5, 5, 5, 15, 5, 8, 5, 5, 5, 5, 5, 10, 5, 5, 5, 5, 5, 5, 10, 10, 10, 5, 5, 15, 5, 5, 15, 5, 10, 5, 5, 10, 5, 5, 5, 6, 5, 5, 15, 5, 5, 10, 5, 5, 10, 5, 5, 5, 5, 5, 5, 5, 5, 5, 10, 5, 10, 10, 5, 10, 10, 5, 5, 5, 5, 5, 5, 5, 5, 5, 10, 10, 15, 5, 10, 5, 5, 5, 10, 5, 10, 5, 6, 10, 10, 10, 5, 5, 5, 5, 10, 5, 5, 5, 5, 10, 5, 5, 5, 10, 5, 10, 5, 10, 5, 10, 5, 10, 5, 5, 5, 10, 10, 5, 10, 10, 15, 5, 10, 10, 5, 10, 10, 5, 5, 5, 10, 5, 5, 5, 10, 5, 10, 10, 15, 10, 5, 5, 10, 10, 10, 5, 5, 5, 15, 5, 5, 15, 10, 5, 10, 5, 5, 5, 5, 5, 5, 5, 5, 5, 5, 20, 10, 5, 5, 10, 5, 5, 10, 15, 15, 5, 6, 5, 5, 20, 5, 5, 10, 5, 6, 20, 9, 10, 5, 5, 15, 5, 20, 5, 5, 5, 5, 15, 5, 10, 5, 20, 5, 10, 15, 10, 5, 10, 5, 5, 5, 10, 5, 5, 10, 15, 10, 10, 5, 10, 10, 10, 5, 5, 20, 10, 10, 20, 10, 10, 10, 10, 15, 10, 5, 10, 5, 5, 20, 10, 5, 5, 5, 5, 10, 10, 10, 10, 5, 5, 5, 10, 5, 5, 5, 1, 10, 10, 5, 5, 17, 15, 10, 10, 5, 5, 5, 20, 5, 10, 5, 5, 5, 15, 5, 5, 25, 15, 15, 5, 10, 10, 10, 5, 10, 6, 5, 5, 5, 5, 15, 10, 15, 5, 15, 10, 5, 5, 5, 5, 15, 10, 15, 10, 5, 10, 5, 5, 10, 10, 5, 5, 15, 15, 10, 5, 5, 10, 10, 15, 5, 5, 15, 1, 10, 5, 10, 5, 10, 5, 10, 10, 5, 5, 5, 5, 5, 6, 10, 5, 5, 10, 10, 15, 10, 10, 5, 15, 5, 20, 5, 10, 10, 5, 25, 5, 5, 10, 5, 20, 10, 5, 10, 10, 10, 10, 5, 1, 15, 10, 15, 10, 5, 5, 5, 15, 10, 10, 5, 5, 5, 15, 5, 5, 10, 15, 20, 15, 5, 10, 10, 10, 15, 15, 5, 5, 15, 15, 10, 15, 5, 15, 5, 10, 10, 25, 5, 5, 15, 5, 5, 15, 15, 17, 15, 5, 20, 20, 5, 15, 10, 10, 5, 5, 15, 10, 10, 10, 10, 10, 5, 10, 10, 10, 15, 20, 5, 5, 25, 5, 5, 10, 5, 10, 15, 5, 5, 5, 15, 5, 5, 5, 10, 5, 5, 10, 5, 10, 10, 10, 10, 10, 5, 10, 10, 5, 15, 5, 15, 15, 5, 15, 10, 10, 5, 5, 5, 5, 10, 5, 5, 5, 5, 15, 10, 10, 25, 10, 5, 10, 10, 15, 15, 5, 2, 
358330, 2
358330, 1535
358330, 3981
358330, 4554
358330, 870
358330, 36980
359736, 3
359736, 5, 1, 5, 5, 5, 5, 5, 5, 5, 5, 5, 5, 5, 5, 5, 5, 5, 5, 5, 5, 5, 5, 5, 5, 5, 5, 5, 5, 5, 5, 10, 5, 5, 5, 5, 5, 5, 5, 5, 5, 5, 5, 5, 5, 5, 5, 5, 5, 5, 5, 5, 5, 5, 5, 5, 10, 5, 5, 5, 5, 5, 5, 5, 5, 5, 5, 5, 5, 5, 5, 5, 5, 5, 5, 5, 5, 5, 5, 5, 5, 5, 5, 5, 5, 5, 5, 5, 5, 5, 5, 5, 5, 5, 5, 5, 5, 5, 5, 5, 5, 2, 5, 5, 5, 5, 2, 5, 5, 5, 5, 5, 5, 5, 5, 5, 10, 5, 5, 5, 5, 5, 5, 5, 5, 5, 5, 10, 5, 2, 5, 10, 15, 15, 5, 5, 5, 10, 5, 5, 5, 10, 5, 5, 5, 5, 5, 5, 5, 5, 5, 10, 5, 5, 5, 5, 5, 5, 3, 5, 5, 5, 5, 5, 5, 5, 10, 10, 10, 5, 5, 5, 5, 5, 5, 5, 5, 10, 5, 5, 5, 10, 10, 5, 5, 5, 10, 5, 5, 5, 10, 5, 5, 10, 5, 15, 5, 5, 10, 1, 5, 5, 15, 5, 5, 15, 5, 5, 10, 20, 5, 5, 5, 5, 5, 5, 10, 10, 10, 10, 10, 15, 5, 5, 5, 5, 5, 10, 10, 5, 5, 5, 10, 5, 5, 10, 5, 5, 5, 5, 5, 7, 
359736, 1
359736, 1942
359736, 4315
359736, 4432
359736, 673
359736, 37059
359737, 1
359737, 
359737, 1
359737, 2416
359737, 4799
359737, 5200
359737, 1263
359737, 37182
365475, 6
365475, 5, 5, 5, 5, 5, 5, 5, 5, 5, 5, 5, 5, 5, 5, 5, 5, 5, 5, 10, 5, 5, 5, 5, 5, 5, 10, 5, 5, 5, 5, 10, 5, 10, 5, 5, 5, 5, 5, 5, 5, 5, 5, 2, 5, 5, 15, 5, 5, 5, 5, 5, 5, 5, 10, 5, 5, 5, 5, 5, 10, 5, 10, 5, 5, 5, 5, 5, 5, 5, 15, 10, 5, 5, 5, 10, 10, 5, 10, 5, 10, 5, 10, 5, 5, 10, 5, 5, 5, 5, 5, 15, 10, 5, 5, 5, 5, 10, 10, 5, 15, 5, 5, 5, 3, 5, 5, 5, 5, 10, 10, 10, 5, 5, 5, 5, 5, 10, 5, 10, 5, 5, 1, 5, 5, 5, 10, 10, 5, 10, 5, 5, 5, 5, 6, 5, 5, 5, 5, 10, 5, 5, 5, 5, 10, 5, 5, 5, 5, 5, 5, 15, 5, 10, 10, 10, 10, 10, 5, 5, 10, 10, 5, 7, 10, 5, 5, 5, 10, 5, 5, 10, 15, 5, 5, 5, 5, 5, 10, 10, 5, 5, 5, 5, 10, 10, 10, 5, 5, 5, 5, 5, 5, 10, 5, 5, 5, 10, 5, 5, 5, 5, 15, 10, 10, 5, 10, 10, 5, 10, 5, 5, 10, 10, 5, 15, 5, 5, 5, 5, 5, 5, 5, 5, 5, 5, 10, 5, 5, 10, 20, 10, 5, 5, 10, 10, 10, 10, 5, 2, 5, 5, 5, 5, 5, 5, 5, 10, 10, 5, 5, 10, 5, 10, 10, 5, 5, 5, 5, 15, 10, 20, 15, 5, 10, 5, 15, 5, 20, 10, 10, 10, 5, 15, 5, 15, 5, 5, 5, 5, 5, 5, 5, 5, 10, 6, 10, 20, 10, 5, 6, 15, 10, 5, 15, 5, 10, 20, 5, 10, 15, 5, 5, 10, 15, 15, 5, 5, 5, 5, 5, 10, 10, 5, 10, 10, 5, 5, 5, 10, 15, 5, 5, 10, 15, 5, 10, 5, 10, 15, 5, 10, 10, 25, 10, 10, 5, 5, 25, 15, 5, 10, 15, 10, 10, 15, 5, 5, 15, 10, 10, 5, 5, 10, 10, 15, 20, 5, 5, 5, 10, 5, 5, 10, 6, 5, 10, 20, 10, 10, 10, 10, 5, 10, 15, 10, 5, 5, 5, 5, 10, 21, 20, 5, 5, 5, 15, 10, 5, 5, 15, 5, 10, 5, 5, 5, 10, 10, 5, 10, 10, 5, 10, 10, 5, 15, 5, 10, 20, 10, 15, 15, 5, 5, 5, 10, 5, 5, 15, 5, 5, 5, 10, 5, 5, 10, 5, 5, 28, 5, 15, 10, 5, 23, 5, 10, 5, 15, 5, 5, 5, 10, 5, 10, 5, 5, 10, 5, 10, 15, 5, 5, 15, 1, 5, 5, 5, 5, 5, 15, 5, 5, 5, 10, 5, 10, 20, 5, 10, 10, 5, 10, 5, 10, 15, 5, 10, 10, 15, 10, 15, 10, 5, 5, 5, 5, 10, 20, 10, 10, 10, 15, 10, 10, 10, 5, 10, 5, 15, 5, 10, 5, 5, 5, 20, 10, 10, 35, 5, 5, 10, 15, 10, 15, 10, 10, 20, 20, 5, 23, 5, 20, 5, 5, 5, 15, 10, 15, 5, 10, 10, 5, 5, 15, 20, 5, 15, 10, 20, 10, 15, 15, 15, 5, 10, 15, 10, 15, 5, 5, 15, 1, 5, 5, 5, 15, 5, 15, 10, 15, 20, 5, 5, 10, 10, 15, 5, 10, 5, 5, 20, 10, 15, 5, 3, 15, 20, 20, 10, 5, 10, 15, 10, 10, 5, 10, 5, 10, 5, 5, 10, 10, 15, 20, 15, 5, 5, 11, 10, 10, 15, 10, 20, 5, 10, 5, 15, 5, 5, 20, 10, 15, 5, 20, 15, 10, 15, 5, 5, 10, 10, 10, 5, 10, 15, 15, 10, 15, 10, 20, 10, 10, 5, 15, 5, 21, 5, 10, 10, 10, 15, 10, 5, 10, 25, 10, 5, 5, 5, 5, 5, 5, 15, 5, 10, 15, 10, 10, 16, 10, 25, 15, 15, 5, 10, 15, 10, 10, 5, 10, 10, 15, 
365475, 1
365475, 1592
365475, 3950
365475, 11338
365475, 2274
365475, 37099
373733, 1
373733, 5, 5, 5, 5, 5, 5, 5, 5, 5, 5, 5, 5, 5, 5, 5, 5, 5, 5, 5, 5, 4, 5, 5, 5, 5, 15, 5, 5, 10, 10, 5, 5, 10, 5, 5, 5, 10, 5, 5, 5, 10, 5, 5, 5, 10, 5, 5, 5, 5, 10, 5, 10, 5, 10, 10, 10, 5, 5, 5, 10, 5, 5, 5, 5, 5, 10, 5, 10, 5, 5, 5, 5, 5, 10, 5, 6, 5, 5, 5, 5, 5, 5, 5, 10, 10, 10, 10, 5, 5, 5, 10, 10, 15, 5, 5, 5, 5, 5, 10, 10, 5, 10, 5, 5, 10, 10, 5, 10, 15, 5, 10, 5, 10, 5, 5, 5, 15, 5, 10, 5, 10, 5, 5, 10, 15, 5, 5, 5, 5, 10, 10, 5, 10, 5, 9, 10, 15, 5, 10, 5, 5, 10, 5, 20, 15, 10, 5, 5, 20, 5, 5, 5, 5, 5, 9, 5, 10, 15, 10, 5, 5, 5, 10, 5, 10, 5, 5, 10, 5, 10, 10, 5, 10, 5, 15, 5, 10, 10, 20, 5, 5, 10, 10, 5, 15, 15, 10, 15, 10, 5, 5, 10, 5, 20, 15, 10, 10, 15, 15, 5, 5, 5, 10, 5, 5, 15, 15, 15, 10, 10, 10, 5, 10, 5, 5, 5, 10, 5, 10, 10, 20, 15, 5, 5, 15, 10, 5, 5, 10, 5, 5, 10, 5, 5, 5, 5, 5, 15, 10, 10, 20, 5, 5, 10, 10, 15, 5, 10, 7, 10, 5, 5, 5, 10, 5, 5, 5, 5, 10, 15, 5, 10, 15, 5, 5, 10, 10, 5, 15, 10, 15, 15, 5, 10, 5, 10, 10, 10, 5, 10, 10, 5, 10, 10, 5, 5, 5, 10, 15, 10, 15, 15, 10, 13, 19, 5, 10, 10, 15, 5, 10, 10, 10, 5, 10, 5, 5, 5, 10, 5, 10, 5, 5, 15, 10, 10, 10, 6, 5, 10, 5, 10, 10, 15, 15, 10, 10, 20, 15, 10, 5, 5, 20, 10, 20, 10, 15, 7, 10, 5, 5, 15, 10, 5, 10, 10, 15, 5, 10, 5, 5, 10, 10, 10, 5, 10, 10, 5, 10, 1, 5, 10, 10, 5, 20, 15, 15, 20, 10, 10, 10, 14, 10, 15, 10, 10, 15, 15, 5, 10, 20, 5, 10, 15, 10, 15, 15, 10, 10, 20, 10, 15, 5, 5, 15, 15, 30, 5, 5, 8, 5, 10, 5, 15, 10, 10, 20, 10, 5, 10, 10, 15, 15, 5, 5, 10, 10, 20, 15, 5, 5, 10, 15, 17, 10, 25, 5, 5, 15, 15, 20, 10, 20, 5, 15, 5, 15, 5, 5, 5, 6, 20, 5, 5, 10, 5, 5, 25, 10, 5, 10, 15, 11, 10, 15, 10, 5, 10, 15, 10, 15, 10, 5, 15, 10, 5, 10, 15, 10, 10, 15, 5, 20, 15, 5, 5, 15, 15, 10, 6, 10, 5, 10, 15, 5, 15, 15, 10, 15, 10, 15, 10, 5, 10, 5, 10, 10, 15, 5, 15, 15, 25, 15, 20, 20, 10, 10, 15, 25, 10, 15, 20, 20, 5, 5, 5, 10, 15, 20, 5, 15, 10, 5, 5, 10, 15, 10, 20, 5, 10, 15, 10, 5, 10, 15, 10, 5, 20, 10, 5, 5, 15, 10, 15, 10, 15, 10, 15, 5, 10, 5, 10, 25, 10, 15, 10, 10, 10, 10, 10, 25, 15, 15, 15, 15, 11, 15, 10, 30, 10, 5, 5, 10, 10, 15, 15, 5, 15, 13, 10, 15, 10, 20, 15, 5, 16, 10, 10, 24, 5, 10, 20, 5, 15, 5, 18, 5, 10, 10, 15, 15, 10, 15, 10, 10, 5, 20, 15, 15, 30, 5, 8, 5, 5, 15, 15, 15, 20, 5, 10, 5, 13, 10, 5, 10, 25, 15, 11, 15, 5, 27, 10, 22, 22, 10, 5, 5, 1, 5, 20, 15, 5, 15, 5, 25, 10, 20, 5, 5, 10, 25, 15, 16, 15, 10, 15, 15, 15, 15, 20, 10, 5, 30, 15, 15, 15, 15, 10, 10, 15, 15, 15, 10, 20, 10, 10, 15, 5, 10, 30, 20, 5, 10, 10, 15, 5, 15, 10, 17, 20, 15, 10, 20, 10, 12, 15, 10, 20, 15, 5, 10, 12, 15, 5, 20, 15, 30, 10, 5, 10, 5, 30, 5, 16, 5, 10, 10, 10, 11, 15, 10, 15, 15, 10, 5, 15, 20, 10, 12, 17, 5, 10, 15, 15, 15, 15, 20, 10, 10, 10, 35, 20, 5, 15, 15, 15, 15, 5, 20, 25, 10, 10, 20, 5, 20, 6, 10, 15, 15, 15, 20, 15, 20, 10, 20, 10, 15, 5, 15, 10, 10, 15, 10, 14, 10, 5, 15, 21, 5, 10, 15, 30, 10, 10, 15, 30, 10, 20, 15, 10, 10, 4, 
373733, 1
373733, 1428
373733, 3566
373733, 9689
373733, 2265
373733, 37040
373734, 1
373734, 
373734, 1
373734, 1928
373734, 4065
373734, 7948
373734, 1902
373734, 36870
373735, 1
373735, 
373735, 1
373735, 2425
373735, 4562
373735, 4209
373735, 1223
373735, 36985
373736, 1
373736, 
373736, 4
373736, 2923
373736, 5059
373736, 15076
373736, 3349
373736, 36953
373737, 1
373737, 
373737, 2
373737, 3415
373737, 5549
373737, 8026
373737, 1919
373737, 37132
376242, 8
376242, 5, 5, 5, 5, 5, 5, 5, 5, 5, 5, 5, 5, 5, 5, 5, 5, 5, 5, 5, 5, 5, 5, 5, 10, 5, 5, 5, 5, 5, 5, 5, 5, 5, 5, 5, 5, 5, 5, 10, 1, 5, 5, 5, 5, 5, 5, 5, 10, 10, 5, 5, 5, 5, 5, 5, 5, 5, 5, 5, 5, 5, 5, 5, 5, 5, 5, 5, 10, 5, 10, 10, 5, 5, 5, 10, 5, 5, 5, 5, 5, 5, 5, 10, 5, 10, 5, 5, 5, 5, 10, 5, 5, 10, 5, 5, 5, 5, 5, 5, 5, 5, 10, 10, 5, 10, 5, 10, 10, 5, 10, 5, 5, 5, 10, 5, 5, 1, 5, 5, 5, 5, 5, 5, 10, 10, 5, 5, 5, 5, 5, 5, 5, 5, 5, 15, 5, 10, 5, 5, 10, 15, 15, 5, 10, 5, 10, 5, 10, 5, 5, 5, 5, 5, 5, 5, 5, 5, 10, 5, 10, 10, 5, 5, 5, 10, 10, 5, 5, 10, 5, 5, 5, 5, 10, 5, 5, 5, 5, 5, 10, 5, 5, 10, 5, 5, 5, 5, 5, 10, 5, 5, 15, 5, 10, 5, 10, 10, 10, 5, 15, 5, 10, 5, 5, 5, 10, 5, 5, 10, 5, 5, 5, 5, 5, 5, 10, 5, 5, 5, 10, 5, 10, 5, 5, 5, 5, 5, 5, 5, 5, 5, 5, 15, 5, 5, 5, 5, 5, 10, 10, 5, 15, 5, 5, 5, 5, 10, 5, 5, 10, 5, 10, 5, 10, 10, 10, 10, 10, 5, 15, 10, 10, 5, 5, 5, 10, 10, 10, 10, 5, 15, 5, 10, 10, 5, 5, 5, 5, 5, 10, 5, 5, 5, 5, 4, 5, 10, 5, 15, 10, 5, 10, 10, 10, 5, 5, 10, 5, 5, 5, 5, 5, 5, 5, 5, 10, 5, 5, 10, 15, 5, 15, 5, 5, 10, 10, 5, 10, 5, 15, 10, 5, 5, 10, 5, 10, 5, 5, 2, 5, 10, 10, 15, 5, 5, 5, 10, 5, 20, 5, 5, 10, 10, 10, 5, 10, 10, 5, 15, 5, 15, 5, 5, 10, 5, 5, 5, 5, 5, 5, 5, 10, 5, 10, 10, 5, 15, 10, 15, 5, 4, 
376242, 3
376242, 2605
376242, 4715
376242, 13221
376242, 2773
376242, 37068
376243, 1
376243, 
376243, 1
376243, 3100
376243, 5215
376243, 5976
376243, 2401
376243, 36948
376244, 1
376244, 
376244, 1
376244, 3595
376244, 5734
376244, 12236
376244, 3908
376244, 36968
379164, 4
379164, 5, 5, 5, 5, 5, 5, 5, 5, 5, 5, 5, 5, 5, 5, 5, 5, 5, 5, 5, 2, 5, 5, 5, 5, 5, 1, 5, 5, 5, 5, 5, 5, 10, 5, 5, 5, 5, 5, 5, 5, 5, 5, 10, 5, 10, 5, 5, 5, 5, 5, 5, 5, 5, 5, 5, 5, 5, 5, 5, 5, 5, 5, 5, 5, 5, 5, 5, 5, 5, 5, 5, 5, 5, 5, 5, 5, 5, 10, 5, 5, 5, 5, 10, 5, 5, 8, 5, 5, 5, 5, 10, 5, 5, 5, 3, 5, 10, 5, 5, 5, 5, 5, 5, 5, 5, 5, 5, 5, 10, 5, 5, 5, 5, 5, 10, 5, 5, 5, 5, 5, 5, 10, 5, 5, 5, 5, 15, 5, 5, 5, 5, 5, 5, 5, 10, 5, 5, 5, 5, 5, 5, 5, 5, 5, 5, 10, 5, 5, 5, 5, 5, 5, 5, 5, 5, 5, 1, 5, 5, 5, 5, 5, 5, 10, 5, 10, 5, 5, 5, 10, 5, 5, 5, 5, 15, 5, 5, 5, 10, 5, 5, 10, 10, 10, 5, 5, 5, 5, 5, 5, 5, 5, 5, 10, 10, 5, 5, 5, 5, 5, 10, 10, 5, 7, 10, 1, 5, 5, 5, 5, 5, 5, 5, 5, 5, 10, 5, 5, 5, 5, 5, 5, 10, 5, 5, 5, 5, 10, 5, 5, 15, 5, 5, 5, 10, 5, 10, 10, 6, 5, 5, 10, 5, 5, 5, 15, 5, 5, 5, 5, 10, 15, 5, 5, 5, 5, 5, 5, 5, 5, 10, 5, 5, 5, 5, 5, 5, 5, 5, 5, 10, 5, 5, 5, 5, 5, 5, 5, 10, 5, 10, 5, 5, 5, 5, 10, 5, 5, 5, 15, 10, 5, 5, 5, 5, 10, 5, 10, 5, 10, 5, 5, 5, 5, 5, 15, 5, 10, 5, 5, 5, 5, 5, 8, 15, 5, 5, 5, 5, 5, 5, 10, 10, 5, 5, 5, 5, 5, 5, 10, 15, 10, 10, 5, 5, 10, 5, 5, 5, 5, 5, 5, 8, 10, 5, 5, 5, 5, 5, 5, 15, 5, 5, 5, 10, 5, 10, 5, 5, 10, 5, 5, 5, 20, 5, 5, 5, 5, 5, 5, 5, 10, 10, 5, 10, 10, 5, 5, 5, 5, 10, 5, 10, 10, 10, 5, 5, 5, 6, 10, 5, 10, 5, 5, 5, 10, 10, 5, 5, 5, 5, 5, 10, 10, 5, 5, 5, 5, 5, 5, 5, 10, 10, 5, 10, 5, 5, 15, 10, 10, 5, 5, 15, 5, 10, 10, 5, 3, 5, 10, 15, 3, 15, 5, 5, 10, 5, 5, 10, 10, 5, 10, 5, 5, 10, 5, 10, 10, 5, 5, 15, 5, 15, 5, 10, 20, 5, 5, 5, 5, 5, 10, 5, 4, 
379164, 1
379164, 2604
379164, 4949
379164, 17826
379164, 3242
379164, 36953
381292, 6
381292, 5, 5, 5, 5, 5, 5, 5, 5, 5, 5, 5, 5, 5, 5, 5, 5, 5, 5, 5, 5, 5, 5, 5, 5, 5, 5, 5, 5, 5, 5, 5, 5, 5, 5, 5, 1, 5, 5, 5, 5, 5, 5, 5, 5, 5, 10, 5, 5, 5, 5, 5, 5, 5, 5, 5, 5, 5, 5, 4, 5, 5, 5, 5, 5, 2, 5, 5, 5, 5, 5, 5, 5, 5, 5, 5, 5, 5, 5, 5, 5, 5, 5, 5, 5, 5, 5, 5, 10, 10, 5, 5, 5, 1, 5, 5, 5, 5, 5, 5, 5, 10, 5, 5, 5, 5, 5, 5, 5, 10, 5, 5, 5, 10, 5, 5, 5, 5, 5, 5, 3, 6, 5, 5, 5, 5, 5, 10, 10, 5, 5, 5, 5, 5, 5, 5, 5, 5, 10, 5, 5, 5, 5, 5, 5, 10, 5, 5, 5, 5, 10, 5, 5, 5, 10, 5, 5, 5, 5, 5, 5, 5, 5, 5, 5, 5, 5, 5, 5, 5, 5, 5, 5, 5, 5, 5, 5, 10, 5, 5, 5, 10, 5, 5, 5, 5, 15, 5, 5, 5, 10, 10, 5, 5, 10, 5, 5, 5, 10, 5, 5, 5, 15, 5, 5, 5, 5, 5, 5, 5, 5, 5, 5, 5, 5, 15, 5, 5, 5, 5, 5, 5, 5, 5, 5, 10, 5, 5, 5, 10, 10, 10, 5, 5, 10, 5, 10, 5, 5, 10, 5, 5, 10, 5, 5, 10, 10, 10, 10, 10, 5, 5, 10, 10, 5, 5, 5, 5, 5, 5, 5, 5, 5, 5, 5, 5, 10, 5, 10, 10, 15, 5, 5, 5, 5, 5, 5, 5, 10, 5, 5, 5, 8, 5, 5, 5, 5, 5, 10, 5, 5, 5, 10, 1, 5, 5, 15, 15, 10, 10, 5, 5, 5, 5, 10, 5, 5, 5, 5, 5, 10, 5, 5, 5, 10, 10, 5, 10, 10, 5, 5, 15, 5, 5, 5, 5, 10, 5, 5, 5, 5, 20, 5, 5, 5, 10, 5, 10, 5, 5, 5, 15, 5, 10, 5, 10, 10, 5, 5, 5, 10, 16, 5, 
381292, 6
381292, 2295
381292, 4540
381292, 5485
381292, 1410
381292, 37099
381658, 1
381658, 5, 5, 5, 5, 5, 5, 5, 5, 5, 5, 5, 5, 5, 1, 10, 5, 5, 5, 5, 3, 5, 5, 5, 5, 5, 5, 5, 5, 5, 5, 5, 5, 5, 5, 5, 5, 5, 5, 5, 5, 10, 5, 5, 5, 5, 5, 5, 5, 5, 5, 5, 5, 5, 5, 5, 5, 5, 5, 5, 5, 5, 5, 5, 5, 5, 10, 5, 5, 5, 5, 5, 1, 
381658, 1
381658, 2796
381658, 5039
381658, 4286
381658, 623
381658, 37159
381659, 1
381659, 
381659, 1
381659, 3299
381659, 5550
381659, 16557
381659, 4123
381659, 37195
385580, 1
385580, 5, 5, 5, 5, 5, 5, 5, 5, 5, 5, 5, 5, 5, 5, 5, 5, 5, 5, 5, 5, 5, 5, 5, 5, 5, 5, 5, 5, 5, 5, 5, 5, 5, 5, 5, 5, 5, 5, 5, 5, 5, 10, 5, 5, 5, 5, 5, 5, 5, 5, 5, 5, 5, 5, 5, 1, 5, 1, 5, 5, 5, 5, 5, 10, 5, 5, 5, 5, 5, 10, 5, 5, 10, 5, 5, 5, 5, 5, 5, 5, 10, 10, 5, 7, 10, 5, 5, 5, 5, 5, 5, 5, 5, 5, 5, 5, 5, 5, 5, 5, 5, 5, 10, 5, 5, 5, 10, 5, 5, 10, 5, 5, 5, 5, 10, 5, 10, 5, 5, 10, 10, 5, 5, 5, 5, 5, 1, 5, 6, 5, 5, 5, 10, 10, 5, 5, 5, 5, 5, 10, 5, 5, 5, 5, 5, 5, 5, 10, 5, 5, 5, 5, 10, 5, 6, 10, 5, 5, 5, 15, 5, 5, 5, 5, 5, 10, 10, 5, 5, 5, 5, 15, 10, 5, 5, 10, 10, 5, 5, 10, 6, 10, 5, 10, 5, 5, 5, 5, 10, 5, 5, 10, 5, 5, 5, 10, 10, 10, 5, 5, 5, 5, 5, 5, 5, 5, 10, 20, 10, 10, 5, 5, 10, 5, 5, 5, 5, 5, 5, 10, 10, 5, 5, 20, 10, 10, 10, 5, 10, 15, 5, 10, 15, 5, 5, 5, 5, 1, 5, 5, 5, 5, 15, 5, 5, 10, 5, 10, 10, 5, 10, 5, 5, 15, 5, 5, 5, 5, 10, 5, 5, 5, 15, 5, 5, 10, 5, 5, 5, 5, 5, 10, 10, 10, 5, 6, 10, 5, 5, 5, 10, 5, 5, 5, 5, 5, 5, 5, 5, 10, 2, 5, 5, 10, 5, 5, 5, 10, 5, 5, 10, 10, 5, 5, 10, 5, 10, 10, 10, 5, 5, 5, 5, 15, 5, 5, 5, 5, 5, 5, 5, 5, 10, 5, 10, 5, 10, 15, 5, 15, 5, 5, 10, 5, 10, 15, 5, 5, 20, 5, 5, 5, 5, 10, 10, 10, 5, 5, 5, 5, 5, 5, 15, 20, 10, 5, 5, 10, 5, 10, 5, 5, 10, 10, 5, 5, 5, 5, 10, 10, 10, 10, 15, 5, 5, 5, 10, 5, 5, 5, 5, 5, 5, 15, 15, 10, 10, 10, 5, 5, 10, 5, 10, 10, 15, 10, 5, 5, 5, 5, 5, 5, 10, 5, 5, 5, 5, 5, 10, 10, 5, 20, 5, 15, 5, 15, 5, 5, 10, 5, 5, 20, 5, 5, 10, 10, 5, 5, 5, 15, 5, 5, 5, 5, 5, 15, 5, 5, 5, 1, 10, 5, 5, 5, 5, 20, 10, 11, 5, 10, 15, 5, 10, 15, 5, 5, 10, 5, 10, 20, 30, 10, 20, 5, 5, 9, 10, 5, 5, 7, 15, 10, 10, 10, 10, 15, 5, 10, 10, 10, 10, 5, 10, 5, 5, 5, 15, 5, 10, 6, 5, 5, 10, 10, 10, 10, 5, 10, 15, 10, 5, 20, 5, 15, 10, 10, 13, 5, 5, 5, 21, 5, 10, 6, 5, 5, 10, 5, 10, 10, 5, 5, 5, 20, 15, 15, 5, 10, 5, 10, 5, 20, 15, 5, 10, 5, 15, 5, 5, 15, 10, 15, 9, 
385580, 1
385580, 2860
385580, 5701
385580, 2496
385580, 351
385580, 37262
385581, 1
385581, 
385581, 1
385581, 3368
385581, 6208
385581, 16995
385581, 4802
385581, 37029
387406, 1
387406, 5, 1, 5, 5, 5, 5, 10, 5, 5, 5, 3, 5, 5, 5, 5, 5, 5, 5, 10, 5, 5, 10, 5, 5, 5, 5, 5, 5, 5, 8, 5, 5, 5, 5, 5, 5, 5, 5, 5, 5, 5, 5, 5, 5, 5, 5, 5, 5, 5, 5, 5, 5, 5, 10, 5, 5, 5, 5, 5, 10, 7, 5, 5, 5, 5, 5, 5, 5, 5, 5, 5, 5, 5, 5, 10, 5, 5, 10, 5, 10, 10, 5, 5, 5, 5, 5, 5, 5, 5, 5, 5, 5, 5, 5, 5, 5, 5, 5, 5, 5, 10, 5, 5, 1, 5, 5, 5, 5, 5, 5, 5, 5, 5, 5, 5, 5, 5, 1, 5, 5, 10, 10, 5, 1, 5, 10, 5, 5, 5, 5, 5, 5, 5, 10, 10, 5, 5, 10, 5, 5, 5, 10, 10, 15, 5, 5, 5, 7, 10, 5, 5, 5, 1, 5, 5, 5, 5, 5, 10, 5, 10, 5, 5, 5, 5, 5, 5, 5, 5, 10, 5, 5, 10, 15, 5, 10, 5, 5, 5, 5, 10, 5, 5, 5, 10, 5, 10, 5, 5, 5, 5, 5, 5, 5, 15, 5, 5, 9, 6, 10, 5, 5, 5, 10, 10, 5, 5, 10, 5, 5, 10, 5, 5, 10, 10, 5, 5, 5, 5, 5, 5, 5, 5, 5, 10, 5, 5, 10, 5, 5, 5, 5, 10, 10, 5, 5, 10, 5, 5, 5, 5, 5, 10, 5, 5, 5, 10, 10, 5, 5, 5, 5, 15, 5, 10, 5, 5, 5, 5, 5, 10, 5, 5, 5, 5, 5, 10, 5, 5, 5, 5, 5, 5, 10, 5, 5, 10, 5, 5, 5, 5, 10, 5, 5, 5, 10, 5, 10, 5, 5, 10, 5, 10, 5, 10, 10, 10, 1, 5, 5, 10, 13, 
387406, 2
387406, 3406
387406, 5933
387406, 7926
387406, 1210
387406, 37151
387407, 1
387407, 
387407, 2
387407, 3927
387407, 6538
387407, 12131
387407, 3592
387407, 37141
398750, 7
398750, 5, 5, 5, 5, 5, 5, 5, 5, 5, 5, 5, 5, 5, 5, 5, 5, 5, 5, 5, 5, 5, 5, 10, 10, 5, 5, 5, 5, 5, 10, 10, 5, 5, 5, 5, 5, 10, 10, 5, 5, 5, 5, 10, 5, 5, 20, 5, 5, 5, 15, 5, 5, 12, 15, 5, 20, 5, 15, 5, 15, 5, 5, 5, 10, 5, 5, 5, 5, 10, 20, 10, 5, 10, 5, 5, 5, 10, 5, 1, 5, 5, 6, 5, 15, 5, 5, 10, 5, 5, 5, 5, 20, 10, 15, 3, 10, 15, 10, 15, 10, 10, 10, 5, 15, 10, 5, 10, 5, 10, 5, 5, 5, 10, 5, 5, 10, 5, 10, 10, 5, 10, 15, 5, 5, 5, 5, 5, 20, 5, 15, 5, 15, 10, 5, 15, 5, 5, 10, 5, 10, 15, 10, 15, 5, 10, 20, 5, 5, 10, 10, 15, 5, 15, 10, 5, 5, 5, 15, 5, 10, 20, 10, 10, 15, 10, 10, 10, 10, 5, 10, 5, 15, 10, 5, 10, 15, 15, 10, 5, 5, 10, 10, 15, 20, 15, 5, 5, 10, 10, 10, 10, 15, 10, 5, 10, 15, 5, 10, 5, 10, 10, 5, 10, 15, 10, 5, 20, 10, 15, 5, 10, 10, 15, 10, 5, 20, 15, 15, 15, 15, 15, 12, 10, 15, 10, 5, 10, 19, 10, 5, 10, 10, 10, 10, 5, 16, 10, 5, 10, 10, 5, 10, 10, 15, 10, 5, 10, 15, 15, 20, 10, 5, 5, 15, 10, 10, 15, 15, 15, 15, 10, 15, 15, 15, 20, 10, 15, 20, 10, 10, 15, 15, 10, 20, 15, 5, 20, 20, 15, 10, 5, 10, 10, 20, 10, 20, 15, 20, 15, 10, 10, 15, 5, 10, 15, 5, 10, 20, 19, 15, 10, 15, 20, 20, 10, 10, 15, 10, 10, 15, 20, 20, 20, 5, 10, 30, 20, 5, 10, 15, 10, 15, 20, 20, 25, 15, 15, 10, 10, 5, 20, 12, 40, 5, 10, 15, 20, 15, 25, 20, 15, 20, 10, 6, 10, 5, 10, 20, 15, 10, 25, 10, 15, 15, 15, 5, 10, 10, 5, 10, 10, 10, 15, 5, 20, 10, 15, 30, 10, 15, 10, 10, 10, 20, 30, 10, 20, 5, 10, 10, 20, 5, 25, 5, 30, 20, 21, 10, 15, 10, 5, 20, 19, 15, 20, 5, 10, 10, 25, 15, 15, 15, 15, 5, 5, 5, 15, 10, 5, 20, 15, 10, 10, 15, 25, 15, 15, 10, 5, 15, 5, 10, 10, 10, 25, 22, 20, 10, 10, 10, 5, 10, 15, 20, 20, 25, 5, 5, 20, 5, 15, 20, 5, 18, 15, 10, 20, 10, 10, 15, 10, 10, 5, 5, 5, 5, 10, 10, 10, 27, 15, 5, 10, 10, 15, 10, 10, 17, 5, 20, 15, 15, 20, 35, 20, 15, 15, 5, 10, 15, 15, 10, 10, 20, 5, 20, 15, 15, 10, 10, 15, 25, 12, 17, 20, 5, 5, 20, 5, 10, 20, 20, 18, 25, 10, 20, 20, 20, 43, 30, 15, 20, 15, 15, 5, 20, 10, 10, 10, 25, 20, 10, 15, 20, 15, 15, 10, 15, 20, 5, 15, 10, 12, 25, 10, 20, 5, 20, 20, 5, 5, 15, 15, 15, 20, 10, 15, 15, 10, 20, 15, 9, 5, 20, 20, 25, 12, 10, 15, 15, 20, 25, 10, 17, 10, 15, 15, 5, 15, 15, 20, 10, 20, 5, 10, 7, 7, 5, 10, 20, 5, 10, 26, 10, 20, 10, 20, 15, 5, 30, 15, 15, 28, 16, 15, 5, 20, 25, 10, 25, 5, 10, 15, 10, 25, 10, 5, 25, 10, 5, 20, 17, 25, 30, 15, 7, 20, 10, 20, 5, 20, 35, 10, 35, 20, 5, 15, 5, 20, 10, 25, 19, 10, 25, 30, 20, 10, 20, 15, 10, 10, 15, 5, 5, 25, 6, 15, 15, 20, 25, 15, 10, 15, 10, 10, 12, 5, 11, 10, 10, 10, 20, 5, 20, 5, 15, 10, 15, 5, 25, 10, 20, 20, 10, 25, 5, 25, 10, 25, 15, 15, 30, 25, 15, 10, 5, 10, 20, 15, 15, 20, 10, 10, 5, 26, 20, 25, 15, 10, 15, 10, 5, 30, 15, 5, 20, 25, 25, 5, 25, 30, 15, 30, 10, 20, 5, 5, 5, 25, 10, 5, 10, 30, 10, 30, 15, 25, 20, 10, 25, 20, 15, 10, 10, 10, 5, 10, 15, 5, 22, 15, 7, 25, 15, 20, 20, 10, 15, 20, 15, 10, 15, 25, 5, 10, 15, 5, 15, 15, 20, 15, 5, 15, 20, 10, 15, 10, 15, 20, 20, 10, 15, 15, 10, 5, 10, 15, 10, 15, 20, 15, 10, 5, 20, 15, 10, 15, 5, 15, 15, 15, 15, 10, 5, 25, 20, 10, 10, 25, 5, 10, 15, 25, 10, 20, 20, 15, 25, 15, 15, 20, 26, 10, 10, 10, 5, 10, 20, 15, 15, 6, 35, 15, 10, 15, 35, 25, 20, 15, 10, 10, 10, 19, 15, 20, 20, 10, 15, 11, 30, 30, 20, 10, 20, 15, 10, 10, 5, 15, 20, 25, 5, 10, 15, 25, 15, 10, 20, 15, 15, 25, 15, 25, 15, 25, 10, 10, 15, 15, 10, 15, 10, 15, 25, 15, 10, 18, 
398750, 1
398750, 1604
398750, 4007
398750, 11422
398750, 2737
398750, 37154
402908, 18
402908, 5, 5, 5, 5, 5, 5, 5, 2, 5, 5, 5, 5, 5, 5, 5, 5, 5, 5, 5, 5, 5, 5, 5, 5, 5, 5, 5, 5, 5, 5, 5, 5, 5, 5, 5, 5, 5, 5, 5, 5, 5, 5, 5, 5, 5, 5, 5, 5, 5, 5, 5, 5, 5, 5, 5, 10, 5, 5, 5, 5, 5, 5, 5, 5, 5, 5, 5, 5, 5, 5, 5, 5, 5, 5, 15, 5, 5, 5, 5, 5, 5, 5, 5, 5, 10, 5, 5, 10, 5, 5, 10, 5, 5, 10, 5, 10, 5, 10, 5, 5, 5, 5, 5, 5, 5, 5, 5, 5, 5, 10, 15, 5, 5, 5, 5, 5, 5, 10, 5, 5, 5, 5, 5, 5, 5, 5, 10, 3, 10, 10, 5, 10, 5, 5, 5, 5, 5, 5, 5, 5, 5, 5, 5, 10, 5, 10, 15, 10, 10, 5, 10, 10, 5, 5, 5, 10, 15, 5, 5, 5, 5, 5, 5, 5, 5, 10, 5, 10, 10, 5, 5, 5, 5, 5, 10, 5, 5, 5, 5, 10, 10, 5, 10, 20, 5, 5, 10, 5, 10, 15, 20, 5, 5, 5, 10, 5, 5, 5, 10, 10, 5, 10, 15, 5, 5, 5, 15, 5, 5, 5, 5, 10, 10, 5, 5, 5, 5, 5, 10, 10, 5, 5, 5, 15, 5, 10, 5, 5, 5, 5, 5, 10, 10, 5, 5, 6, 5, 5, 5, 5, 15, 5, 15, 5, 10, 5, 4, 10, 10, 10, 5, 5, 10, 5, 10, 5, 15, 5, 5, 10, 10, 10, 5, 5, 10, 5, 10, 10, 5, 15, 10, 5, 5, 5, 10, 5, 10, 15, 10, 5, 5, 5, 5, 5, 10, 5, 10, 5, 10, 5, 5, 5, 5, 5, 5, 5, 5, 5, 5, 10, 15, 15, 15, 5, 10, 10, 5, 5, 15, 10, 20, 10, 15, 10, 10, 10, 15, 15, 5, 5, 5, 15, 10, 5, 10, 5, 5, 5, 5, 15, 5, 5, 15, 5, 15, 5, 5, 5, 5, 5, 5, 10, 10, 15, 10, 10, 5, 10, 10, 10, 5, 5, 5, 5, 10, 5, 5, 10, 10, 1, 10, 10, 15, 5, 5, 10, 5, 5, 5, 5, 15, 10, 10, 5, 10, 5, 15, 10, 10, 5, 15, 10, 20, 10, 5, 10, 5, 10, 5, 5, 5, 15, 10, 15, 10, 20, 10, 10, 10, 5, 10, 5, 5, 5, 15, 5, 10, 10, 16, 5, 15, 5, 10, 10, 5, 6, 15, 15, 10, 5, 5, 15, 5, 10, 10, 10, 3, 5, 15, 5, 5, 5, 10, 5, 20, 10, 5, 10, 15, 25, 15, 5, 15, 10, 10, 10, 10, 15, 5, 5, 10, 10, 10, 15, 25, 5, 5, 10, 5, 11, 10, 10, 5, 10, 5, 10, 10, 10, 10, 5, 10, 5, 10, 7, 10, 10, 5, 15, 15, 10, 15, 10, 5, 5, 5, 10, 5, 10, 6, 5, 10, 10, 5, 5, 20, 5, 10, 20, 5, 10, 10, 10, 15, 10, 5, 5, 5, 10, 5, 10, 5, 15, 15, 5, 10, 5, 5, 10, 15, 15, 15, 15, 10, 10, 10, 6, 5, 5, 5, 15, 5, 5, 5, 5, 10, 5, 10, 19, 
402908, 1
402908, 2058
402908, 4352
402908, 13235
402908, 2443
402908, 37081
402909, 1
402909, 
402909, 1
402909, 2583
402909, 4863
402909, 10955
402909, 3592
402909, 37388
402910, 1
402910, 
402910, 1
402910, 3117
402910, 5404
402910, 14698
402910, 4456
402910, 37134
402911, 1
402911, 
402911, 1
402911, 3649
402911, 5933
402911, 10685
402911, 1925
402911, 37296
406225, 7
406225, 5, 5, 5, 5, 5, 5, 5, 5, 5, 5, 5, 5, 5, 5, 5, 5, 5, 5, 5, 5, 5, 1, 5, 5, 5, 5, 5, 5, 5, 5, 5, 5, 5, 5, 5, 5, 5, 5, 5, 5, 5, 5, 5, 5, 5, 5, 5, 5, 10, 5, 5, 5, 5, 5, 5, 5, 5, 5, 5, 5, 10, 5, 5, 5, 5, 5, 5, 5, 5, 5, 5, 1, 5, 5, 5, 5, 10, 10, 5, 10, 5, 5, 5, 5, 5, 5, 5, 5, 5, 5, 5, 5, 5, 5, 5, 5, 5, 5, 5, 5, 5, 5, 5, 5, 5, 5, 5, 5, 10, 5, 10, 5, 10, 15, 5, 5, 5, 5, 5, 5, 5, 10, 5, 5, 5, 10, 5, 10, 5, 5, 10, 5, 5, 5, 5, 5, 5, 10, 5, 5, 5, 5, 5, 10, 5, 5, 10, 10, 5, 5, 5, 5, 10, 10, 5, 5, 5, 10, 5, 5, 5, 5, 10, 5, 5, 5, 5, 5, 10, 5, 5, 10, 5, 15, 5, 5, 15, 5, 5, 5, 5, 5, 5, 10, 10, 5, 5, 5, 5, 5, 5, 5, 5, 5, 2, 5, 5, 5, 15, 10, 5, 5, 5, 10, 5, 5, 10, 5, 5, 5, 5, 5, 10, 5, 10, 10, 5, 10, 5, 5, 10, 10, 5, 5, 5, 5, 5, 5, 5, 5, 10, 10, 10, 5, 5, 5, 5, 10, 5, 5, 10, 10, 5, 5, 10, 10, 10, 10, 10, 5, 5, 5, 15, 10, 5, 5, 5, 5, 5, 5, 5, 5, 5, 5, 5, 5, 5, 5, 5, 15, 10, 5, 10, 5, 20, 10, 10, 5, 5, 5, 5, 5, 5, 10, 5, 5, 5, 15, 5, 10, 20, 10, 5, 5, 10, 5, 5, 5, 5, 10, 5, 10, 5, 10, 5, 10, 5, 5, 5, 5, 10, 5, 5, 5, 5, 10, 5, 5, 15, 5, 5, 15, 20, 5, 5, 5, 10, 10, 10, 10, 10, 5, 5, 15, 5, 5, 5, 5, 5, 20, 10, 5, 5, 5, 15, 5, 10, 10, 10, 5, 5, 10, 5, 5, 5, 10, 10, 15, 5, 5, 10, 10, 5, 15, 10, 5, 10, 5, 10, 5, 10, 5, 5, 5, 10, 15, 10, 10, 5, 20, 5, 10, 10, 5, 10, 10, 5, 5, 5, 10, 5, 10, 15, 10, 5, 5, 10, 5, 5, 10, 5, 15, 5, 5, 10, 10, 5, 5, 10, 5, 10, 5, 5, 15, 5, 16, 5, 10, 5, 10, 10, 10, 10, 5, 10, 15, 10, 5, 10, 7, 5, 5, 15, 5, 10, 15, 5, 5, 5, 10, 5, 15, 10, 10, 5, 10, 15, 5, 5, 5, 5, 5, 10, 10, 5, 15, 5, 5, 10, 5, 10, 20, 5, 10, 5, 5, 6, 15, 10, 5, 20, 5, 10, 10, 5, 5, 9, 
406225, 1
406225, 2231
406225, 4513
406225, 23289
406225, 4563
406225, 37393
407935, 1
407935, 5, 5, 5, 5, 5, 5, 10, 5, 5, 5, 5, 5, 5, 5, 5, 5, 5, 5, 5, 5, 5, 5, 5, 5, 5, 5, 5, 5, 5, 5, 5, 5, 5, 2, 5, 5, 5, 5, 5, 5, 5, 5, 5, 5, 5, 5, 5, 10, 5, 5, 5, 5, 5, 5, 5, 5, 5, 5, 5, 5, 5, 5, 5, 10, 5, 5, 5, 5, 5, 5, 5, 5, 5, 5, 5, 5, 5, 5, 5, 5, 5, 5, 5, 5, 10, 5, 5, 5, 5, 10, 5, 5, 5, 5, 5, 5, 5, 10, 5, 5, 10, 5, 10, 5, 5, 5, 5, 5, 5, 5, 5, 5, 5, 10, 5, 5, 5, 5, 5, 5, 5, 5, 5, 5, 5, 5, 5, 5, 5, 10, 5, 5, 5, 5, 5, 10, 5, 5, 5, 5, 5, 10, 5, 5, 5, 5, 5, 5, 5, 5, 10, 5, 5, 10, 5, 5, 5, 5, 5, 5, 5, 5, 5, 5, 5, 10, 5, 5, 5, 5, 5, 5, 5, 5, 10, 5, 5, 5, 5, 5, 5, 5, 5, 5, 5, 5, 5, 5, 15, 5, 5, 5, 5, 5, 5, 5, 10, 5, 5, 5, 5, 5, 10, 5, 5, 5, 10, 5, 5, 5, 5, 5, 5, 5, 5, 5, 5, 5, 5, 5, 10, 5, 5, 5, 5, 5, 5, 5, 5, 5, 5, 5, 5, 5, 5, 5, 10, 5, 5, 5, 5, 10, 5, 5, 5, 5, 15, 5, 5, 2, 5, 5, 5, 5, 5, 1, 5, 10, 5, 10, 5, 5, 5, 5, 5, 15, 1, 5, 6, 5, 10, 5, 5, 5, 5, 5, 5, 15, 10, 10, 6, 5, 5, 5, 5, 5, 5, 10, 5, 5, 10, 5, 5, 5, 10, 5, 5, 5, 10, 10, 2, 10, 5, 4, 
407935, 1
407935, 2208
407935, 4749
407935, 12006
407935, 2190
407935, 37279
407936, 1
407936, 
407936, 1
407936, 2749
407936, 5287
407936, 8453
407936, 2197
407936, 37154
408623, 6
408623, 5, 5, 5, 5, 5, 5, 6, 5, 5, 5, 5, 5, 5, 5, 5, 5, 5, 5, 5, 5, 5, 5, 5, 5, 5, 5, 5, 5, 5, 10, 2, 5, 5, 5, 5, 1, 5, 5, 10, 5, 5, 1, 5, 5, 5, 5, 5, 10, 10, 5, 5, 10, 10, 5, 5, 5, 5, 5, 5, 5, 5, 5, 5, 5, 5, 5, 5, 5, 5, 5, 5, 5, 5, 5, 5, 5, 5, 5, 5, 5, 5, 5, 5, 5, 15, 5, 5, 5, 5, 10, 5, 5, 10, 5, 5, 5, 15, 5, 5, 5, 5, 5, 5, 5, 5, 5, 2, 5, 5, 10, 5, 1, 5, 10, 10, 5, 5, 5, 5, 5, 6, 5, 5, 5, 2, 
408623, 1
408623, 3271
408623, 5684
408623, 1635
408623, 574
408623, 37207
408624, 1
408624, 
408624, 3
408624, 3812
408624, 6226
408624, 20102
408624, 3690
408624, 37204
408625, 1
408625, 
408625, 1
408625, 4346
408625, 6767
408625, 12476
408625, 4093
408625, 37234
409496, 2
409496, 5, 5, 5, 5, 5, 5, 5, 5, 5, 5, 5, 5, 5, 5, 5, 5, 10, 5, 5, 5, 5, 5, 5, 5, 4, 5, 5, 5, 5, 5, 5, 5, 5, 5, 5, 5, 5, 5, 5, 5, 5, 5, 5, 5, 5, 5, 5, 5, 5, 5, 10, 5, 5, 5, 5, 15, 5, 5, 5, 5, 10, 5, 5, 5, 5, 5, 5, 5, 5, 5, 5, 5, 5, 1, 5, 5, 5, 5, 5, 5, 5, 5, 5, 5, 5, 5, 5, 10, 5, 10, 5, 5, 5, 5, 5, 5, 5, 5, 5, 5, 5, 5, 5, 5, 5, 5, 5, 15, 5, 5, 5, 5, 5, 10, 5, 1, 5, 5, 5, 5, 10, 10, 5, 5, 5, 5, 5, 5, 5, 5, 10, 5, 5, 5, 5, 5, 5, 5, 5, 5, 5, 10, 10, 5, 5, 5, 5, 5, 5, 5, 10, 5, 5, 5, 5, 5, 5, 10, 3, 
409496, 2
409496, 4422
409496, 6855
409496, 4935
409496, 1223
409496, 37340
410107, 1
410107, 5, 5, 5, 5, 5, 5, 5, 5, 5, 10, 5, 5, 5, 5, 5, 5, 5, 5, 5, 5, 5, 5, 5, 5, 10, 5, 5, 5, 5, 5, 10, 5, 5, 5, 5, 5, 5, 3, 5, 5, 5, 5, 5, 5, 5, 5, 5, 5, 5, 5, 5, 5, 5, 5, 5, 5, 5, 5, 5, 5, 5, 5, 5, 5, 5, 5, 5, 5, 5, 5, 5, 5, 5, 5, 5, 5, 5, 5, 5, 10, 5, 5, 5, 5, 5, 5, 5, 5, 5, 5, 5, 5, 5, 5, 5, 5, 5, 5, 5, 5, 5, 5, 5, 5, 5, 5, 5, 10, 5, 5, 5, 5, 5, 5, 5, 5, 5, 2, 
410107, 3
410107, 4937
410107, 7346
410107, 11282
410107, 2140
410107, 37517
410108, 1
410108, 
410108, 1
410108, 5470
410108, 10585
410108, 3858
410108, 1168
410108, 37311
415208, 22
415208, 5, 5, 5, 5, 5, 5, 5, 5, 5, 5, 5, 5, 5, 5, 5, 5, 5, 5, 5, 5, 5, 5, 5, 5, 5, 5, 5, 5, 5, 10, 10, 5, 5, 5, 5, 5, 5, 10, 5, 5, 5, 10, 5, 5, 5, 5, 5, 5, 5, 5, 5, 1, 5, 5, 5, 5, 5, 10, 5, 5, 5, 5, 10, 5, 5, 5, 5, 5, 5, 5, 5, 10, 5, 5, 5, 5, 5, 10, 2, 5, 10, 5, 5, 5, 5, 5, 10, 5, 5, 5, 5, 5, 5, 15, 15, 5, 5, 5, 5, 5, 5, 5, 5, 10, 5, 5, 5, 5, 5, 10, 5, 6, 5, 5, 5, 5, 10, 10, 5, 15, 10, 5, 10, 10, 5, 10, 5, 5, 20, 5, 5, 5, 5, 10, 5, 10, 5, 10, 5, 5, 5, 10, 5, 10, 10, 10, 10, 10, 10, 10, 10, 10, 5, 5, 5, 10, 5, 5, 10, 5, 10, 5, 5, 5, 5, 15, 10, 10, 10, 10, 5, 5, 5, 15, 10, 5, 10, 5, 5, 5, 5, 15, 10, 5, 10, 10, 5, 5, 5, 5, 5, 5, 5, 5, 5, 5, 10, 5, 10, 5, 5, 5, 5, 5, 5, 1, 5, 20, 5, 4, 10, 10, 5, 10, 5, 5, 10, 5, 5, 5, 10, 5, 5, 15, 15, 15, 5, 15, 5, 5, 5, 5, 5, 5, 10, 10, 5, 5, 5, 5, 5, 5, 10, 10, 5, 10, 5, 15, 5, 10, 5, 5, 5, 10, 5, 10, 5, 10, 5, 10, 5, 10, 15, 10, 5, 5, 5, 10, 5, 5, 5, 10, 5, 5, 5, 15, 5, 10, 5, 5, 10, 10, 10, 5, 5, 10, 5, 10, 5, 10, 10, 5, 5, 5, 5, 5, 5, 5, 10, 10, 10, 10, 10, 10, 10, 10, 15, 5, 5, 5, 5, 5, 15, 5, 5, 10, 5, 20, 5, 5, 5, 5, 5, 15, 20, 5, 5, 5, 10, 5, 10, 10, 10, 5, 5, 5, 5, 10, 10, 5, 5, 10, 5, 5, 5, 10, 5, 5, 5, 10, 5, 5, 5, 5, 15, 10, 1, 10, 5, 5, 5, 5, 5, 5, 10, 10, 5, 10, 5, 10, 5, 5, 10, 5, 5, 5, 15, 5, 10, 10, 10, 5, 15, 10, 10, 2, 5, 15, 10, 10, 20, 5, 10, 10, 10, 5, 10, 10, 5, 10, 10, 5, 15, 10, 10, 10, 5, 5, 20, 15, 10, 10, 5, 10, 5, 15, 10, 5, 5, 15, 10, 10, 5, 5, 10, 10, 10, 20, 15, 5, 5, 10, 5, 15, 10, 10, 10, 10, 5, 10, 10, 5, 15, 10, 5, 10, 10, 10, 10, 5, 10, 10, 10, 5, 10, 20, 10, 10, 15, 7, 5, 9, 10, 5, 5, 15, 5, 10, 5, 15, 5, 10, 10, 5, 5, 5, 10, 10, 15, 10, 10, 5, 10, 10, 5, 10, 5, 15, 10, 15, 5, 10, 15, 13, 10, 10, 15, 15, 5, 10, 5, 20, 5, 10, 10, 10, 5, 10, 5, 5, 10, 5, 10, 5, 15, 10, 5, 5, 20, 5, 5, 5, 20, 15, 15, 5, 10, 15, 10, 10, 10, 15, 5, 10, 10, 10, 10, 5, 10, 15, 6, 10, 15, 10, 15, 5, 5, 5, 5, 15, 10, 5, 15, 10, 5, 5, 25, 5, 5, 10, 10, 10, 5, 15, 10, 10, 10, 5, 10, 5, 15, 20, 10, 5, 5, 10, 15, 10, 10, 5, 15, 5, 5, 10, 15, 10, 10, 5, 10, 20, 15, 15, 5, 5, 15, 10, 15, 20, 5, 5, 15, 20, 10, 10, 10, 15, 10, 5, 15, 5, 15, 7, 15, 10, 5, 10, 5, 5, 5, 10, 20, 15, 5, 5, 25, 15, 5, 10, 10, 10, 14, 
415208, 1
415208, 2936
415208, 6021
415208, 16296
415208, 4536
415208, 37415
415209, 1
415209, 
415209, 2
415209, 3484
415209, 6565
415209, 5663
415209, 1488
415209, 37533
416278, 2
416278, 5, 5, 5, 5, 5, 5, 5, 5, 5, 5, 5, 5, 5, 5, 5, 5, 5, 5, 5, 5, 5, 5, 5, 1, 2, 5, 5, 5, 5, 5, 5, 5, 5, 5, 5, 5, 5, 5, 5, 5, 5, 5, 5, 5, 5, 5, 5, 5, 5, 5, 5, 5, 5, 5, 5, 5, 5, 5, 5, 5, 5, 5, 10, 5, 5, 5, 5, 5, 5, 5, 5, 5, 10, 5, 5, 5, 5, 5, 10, 5, 5, 5, 5, 5, 5, 5, 5, 5, 5, 10, 5, 5, 5, 5, 5, 5, 5, 10, 5, 5, 5, 5, 5, 5, 5, 5, 5, 5, 5, 10, 5, 5, 5, 5, 5, 5, 5, 5, 5, 2, 5, 5, 10, 10, 5, 5, 5, 5, 5, 5, 5, 5, 15, 10, 10, 5, 5, 10, 5, 5, 5, 5, 5, 5, 5, 5, 5, 10, 5, 5, 5, 5, 5, 5, 10, 5, 5, 5, 5, 5, 5, 5, 5, 5, 10, 5, 5, 10, 10, 5, 5, 5, 5, 5, 5, 5, 5, 5, 10, 5, 5, 5, 5, 5, 5, 5, 5, 5, 5, 5, 5, 5, 15, 5, 2, 
416278, 1
416278, 3590
416278, 6694
416278, 16928
416278, 3896
416278, 37553
416279, 1
416279, 
416279, 2
416279, 4137
416279, 7244
416279, 7663
416279, 1763
416279, 37397
417418, 1
417418, 5, 5, 5, 5, 5, 5, 5, 5, 2, 5, 5, 5, 5, 5, 5, 1, 5, 5, 5, 5, 5, 5, 10, 5, 5, 5, 5, 5, 5, 10, 5, 10, 5, 5, 5, 5, 3, 5, 5, 5, 5, 5, 5, 5, 5, 5, 5, 5, 5, 10, 5, 5, 10, 5, 5, 9, 5, 10, 5, 5, 5, 5, 5, 5, 10, 10, 5, 5, 5, 10, 5, 5, 5, 5, 5, 5, 5, 5, 5, 5, 5, 5, 5, 5, 5, 5, 5, 5, 5, 5, 5, 5, 5, 5, 5, 5, 5, 5, 5, 5, 5, 5, 5, 10, 5, 5, 5, 5, 5, 5, 5, 5, 5, 5, 5, 5, 5, 5, 5, 5, 5, 5, 5, 10, 5, 10, 5, 5, 5, 5, 5, 10, 5, 5, 5, 5, 5, 5, 5, 5, 5, 5, 5, 10, 5, 5, 5, 5, 5, 5, 5, 5, 5, 5, 5, 5, 10, 5, 5, 5, 5, 5, 5, 15, 5, 5, 5, 10, 5, 5, 5, 5, 5, 5, 5, 5, 5, 5, 5, 5, 5, 5, 5, 5, 5, 5, 5, 5, 5, 10, 5, 5, 5, 5, 5, 5, 5, 10, 5, 5, 5, 5, 5, 5, 5, 5, 10, 3, 
417418, 1
417418, 3624
417418, 6943
417418, 22126
417418, 4141
417418, 37437
417419, 1
417419, 
417419, 2
417419, 4177
417419, 7498
417419, 6927
417419, 1461
417419, 37551
417420, 1
417420, 
417420, 14
417420, 4738
417420, 8058
417420, 15648
417420, 3948
417420, 37565
421228, 10
421228, 5, 5, 5, 5, 5, 5, 5, 5, 5, 5, 5, 5, 5, 5, 5, 5, 5, 6, 5, 5, 10, 5, 5, 5, 5, 5, 5, 5, 5, 10, 5, 5, 5, 5, 5, 5, 5, 5, 5, 5, 5, 5, 5, 5, 5, 5, 5, 5, 10, 5, 5, 5, 1, 5, 5, 10, 5, 5, 5, 5, 5, 5, 5, 2, 5, 5, 5, 5, 5, 10, 5, 5, 5, 5, 5, 5, 5, 5, 5, 10, 10, 5, 5, 5, 5, 10, 15, 5, 5, 10, 15, 5, 5, 5, 5, 5, 10, 5, 5, 1, 5, 5, 5, 5, 5, 5, 10, 5, 5, 10, 5, 5, 5, 5, 5, 5, 5, 5, 10, 15, 5, 5, 5, 1, 5, 5, 5, 5, 5, 5, 5, 5, 5, 10, 5, 5, 5, 5, 5, 7, 10, 10, 5, 5, 10, 5, 5, 5, 5, 5, 5, 10, 5, 5, 5, 10, 10, 5, 5, 5, 5, 10, 5, 5, 5, 5, 5, 10, 15, 5, 5, 5, 5, 5, 5, 5, 5, 5, 5, 5, 5, 5, 10, 5, 10, 5, 5, 10, 5, 5, 10, 5, 5, 5, 5, 10, 10, 5, 5, 5, 5, 5, 5, 5, 10, 5, 5, 15, 15, 5, 5, 5, 5, 10, 15, 10, 5, 5, 5, 10, 5, 15, 5, 10, 5, 10, 15, 5, 5, 10, 5, 5, 15, 5, 10, 5, 5, 20, 5, 5, 5, 5, 5, 5, 5, 5, 5, 10, 5, 5, 5, 10, 5, 15, 5, 5, 5, 15, 20, 5, 15, 5, 15, 10, 5, 15, 10, 5, 10, 10, 10, 5, 5, 15, 5, 10, 5, 5, 5, 5, 5, 15, 5, 5, 5, 10, 15, 10, 5, 5, 10, 10, 10, 10, 5, 5, 5, 10, 10, 5, 10, 10, 5, 15, 5, 5, 6, 5, 10, 5, 5, 10, 5, 5, 10, 10, 15, 10, 15, 15, 15, 5, 5, 5, 9, 10, 15, 5, 10, 5, 10, 5, 5, 5, 10, 5, 15, 5, 5, 5, 5, 10, 10, 5, 10, 10, 10, 10, 15, 5, 10, 15, 5, 5, 5, 10, 10, 5, 5, 5, 15, 5, 5, 10, 10, 10, 5, 5, 10, 15, 5, 5, 20, 5, 12, 5, 5, 5, 5, 5, 10, 10, 5, 2, 6, 10, 5, 5, 5, 10, 10, 5, 5, 5, 5, 5, 10, 5, 15, 10, 5, 5, 10, 10, 5, 5, 10, 25, 10, 5, 10, 10, 5, 15, 10, 15, 5, 5, 15, 5, 10, 10, 10, 15, 5, 5, 5, 5, 10, 10, 10, 10, 5, 10, 5, 5, 5, 10, 10, 10, 5, 10, 5, 10, 5, 15, 5, 5, 10, 15, 5, 10, 10, 15, 15, 5, 5, 5, 5, 5, 5, 10, 15, 15, 5, 10, 15, 11, 10, 14, 5, 5, 10, 5, 17, 5, 5, 15, 5, 5, 15, 10, 10, 10, 5, 5, 5, 5, 1, 10, 10, 5, 10, 5, 5, 10, 5, 6, 5, 10, 10, 15, 5, 5, 5, 5, 5, 20, 5, 10, 10, 15, 5, 5, 10, 15, 5, 15, 10, 16, 
421228, 1
421228, 3583
421228, 6162
421228, 38824
421228, 4610
421228, 37374
425821, 10
425821, 5, 5, 5, 5, 5, 5, 5, 5, 5, 5, 5, 5, 5, 5, 5, 5, 5, 5, 5, 5, 5, 5, 5, 5, 5, 5, 5, 5, 5, 5, 5, 5, 5, 5, 5, 5, 5, 5, 5, 5, 5, 10, 5, 5, 5, 5, 5, 5, 5, 5, 5, 5, 5, 5, 5, 5, 5, 5, 5, 5, 5, 3, 5, 5, 5, 5, 5, 5, 10, 5, 5, 5, 5, 5, 1, 5, 5, 5, 10, 5, 1, 10, 5, 5, 5, 5, 5, 5, 5, 5, 5, 5, 5, 5, 5, 5, 5, 5, 5, 5, 5, 5, 5, 10, 5, 5, 5, 10, 10, 5, 5, 5, 10, 5, 10, 5, 5, 15, 5, 5, 5, 15, 5, 5, 5, 10, 10, 10, 5, 5, 5, 10, 10, 5, 5, 5, 5, 1, 5, 10, 10, 5, 5, 5, 5, 5, 1, 10, 5, 5, 5, 15, 5, 5, 5, 5, 5, 5, 5, 5, 15, 10, 5, 10, 10, 5, 5, 5, 5, 5, 5, 5, 10, 5, 5, 5, 5, 10, 5, 5, 10, 5, 25, 5, 5, 5, 10, 5, 5, 5, 5, 10, 5, 10, 10, 5, 5, 10, 10, 5, 5, 15, 10, 5, 5, 15, 5, 10, 5, 5, 15, 5, 5, 5, 5, 5, 5, 5, 5, 10, 6, 20, 5, 15, 10, 5, 5, 10, 5, 15, 5, 15, 5, 5, 15, 5, 10, 5, 5, 10, 20, 5, 10, 5, 15, 10, 5, 10, 5, 5, 10, 15, 10, 5, 5, 5, 5, 10, 10, 5, 5, 10, 10, 10, 5, 5, 10, 5, 5, 15, 5, 10, 5, 5, 15, 5, 5, 10, 10, 5, 1, 15, 5, 5, 10, 10, 5, 5, 5, 10, 5, 5, 5, 5, 5, 10, 5, 15, 10, 5, 10, 5, 5, 5, 5, 5, 5, 5, 10, 15, 15, 5, 5, 5, 5, 10, 5, 5, 10, 5, 10, 10, 5, 5, 5, 5, 5, 5, 5, 15, 5, 5, 5, 10, 10, 10, 10, 11, 5, 10, 11, 10, 5, 5, 5, 5, 10, 10, 5, 5, 5, 5, 5, 5, 10, 5, 10, 10, 10, 5, 15, 5, 5, 5, 15, 5, 5, 5, 15, 10, 5, 5, 10, 5, 15, 10, 15, 10, 10, 10, 10, 5, 5, 10, 10, 10, 20, 10, 5, 10, 5, 10, 5, 10, 5, 5, 5, 5, 10, 15, 15, 5, 10, 10, 5, 5, 10, 5, 5, 5, 5, 5, 5, 10, 10, 20, 10, 10, 5, 5, 5, 10, 10, 15, 5, 10, 15, 5, 10, 10, 5, 10, 15, 10, 5, 10, 20, 8, 5, 10, 10, 5, 5, 5, 5, 5, 10, 10, 5, 5, 5, 10, 10, 5, 5, 5, 10, 5, 15, 5, 10, 5, 10, 10, 15, 15, 20, 10, 15, 5, 10, 5, 10, 15, 12, 10, 5, 5, 10, 10, 15, 11, 10, 10, 20, 5, 10, 10, 20, 5, 10, 5, 5, 8, 10, 5, 10, 5, 5, 5, 20, 15, 5, 5, 10, 15, 20, 10, 10, 10, 5, 5, 5, 5, 10, 5, 10, 10, 10, 5, 10, 10, 10, 10, 20, 5, 10, 10, 18, 5, 15, 10, 11, 15, 10, 5, 5, 15, 15, 8, 5, 10, 5, 23, 10, 15, 10, 10, 15, 10, 14, 5, 15, 5, 10, 5, 10, 5, 5, 10, 10, 10, 15, 6, 5, 5, 10, 5, 5, 5, 10, 10, 10, 15, 10, 15, 25, 5, 5, 20, 5, 5, 10, 15, 10, 15, 5, 15, 10, 5, 5, 5, 15, 5, 5, 5, 3, 
425821, 1
425821, 2446
425821, 5738
425821, 9169
425821, 3955
425821, 37425
425822, 1
425822, 
425822, 4
425822, 3008
425822, 6302
425822, 13842
425822, 5369
425822, 37547
425823, 1
425823, 
425823, 1
425823, 3561
425823, 6855
425823, 11459
425823, 3967
425823, 37562
425824, 1
425824, 
425824, 1
425824, 4115
425824, 7403
425824, 10381
425824, 4103
425824, 37588
430165, 2
430165, 5, 5, 5, 5, 5, 5, 5, 5, 5, 5, 5, 5, 5, 5, 10, 5, 5, 5, 5, 5, 5, 5, 5, 5, 5, 5, 10, 5, 5, 5, 5, 5, 10, 5, 5, 5, 5, 5, 5, 5, 5, 5, 5, 5, 5, 5, 5, 5, 5, 10, 5, 5, 5, 5, 5, 10, 5, 10, 10, 5, 5, 5, 1, 5, 5, 5, 5, 5, 10, 10, 5, 5, 5, 5, 5, 10, 10, 5, 5, 5, 10, 5, 5, 5, 5, 5, 5, 5, 5, 5, 10, 5, 5, 5, 10, 10, 5, 5, 5, 1, 10, 5, 5, 5, 10, 5, 5, 5, 5, 5, 10, 10, 10, 15, 5, 5, 5, 10, 5, 5, 5, 15, 10, 10, 5, 5, 5, 5, 5, 5, 5, 5, 10, 5, 10, 5, 5, 10, 5, 5, 10, 5, 5, 4, 5, 5, 5, 10, 5, 10, 5, 5, 5, 5, 5, 10, 5, 5, 10, 5, 10, 5, 10, 5, 20, 10, 5, 5, 5, 5, 5, 5, 5, 10, 5, 5, 3, 5, 5, 5, 10, 10, 5, 10, 10, 5, 5, 10, 5, 5, 10, 5, 5, 15, 5, 5, 5, 5, 10, 5, 10, 5, 5, 5, 5, 5, 5, 5, 5, 5, 5, 15, 10, 6, 10, 5, 10, 10, 10, 5, 5, 5, 5, 15, 5, 5, 5, 5, 5, 10, 5, 15, 20, 5, 5, 5, 10, 5, 5, 5, 5, 10, 10, 10, 5, 20, 20, 5, 10, 10, 5, 5, 5, 5, 5, 5, 10, 10, 10, 5, 5, 5, 5, 5, 10, 5, 5, 10, 5, 5, 5, 5, 10, 15, 10, 5, 8, 10, 10, 5, 5, 25, 10, 10, 5, 15, 5, 5, 10, 10, 5, 5, 5, 15, 5, 10, 5, 5, 5, 5, 15, 5, 5, 5, 10, 5, 5, 5, 10, 5, 10, 5, 10, 5, 5, 5, 5, 5, 15, 5, 11, 15, 5, 15, 5, 10, 10, 5, 5, 5, 5, 5, 6, 5, 5, 5, 10, 5, 5, 5, 10, 10, 5, 5, 5, 5, 1, 5, 5, 5, 10, 5, 15, 5, 5, 10, 5, 10, 10, 5, 5, 5, 15, 5, 10, 15, 5, 5, 5, 5, 5, 7, 5, 10, 10, 5, 5, 5, 20, 10, 15, 10, 10, 5, 10, 10, 10, 20, 5, 15, 15, 5, 5, 10, 10, 3, 15, 10, 20, 5, 5, 15, 15, 15, 15, 15, 10, 20, 5, 10, 5, 5, 10, 15, 15, 10, 10, 5, 10, 15, 15, 15, 5, 10, 10, 5, 5, 5, 6, 5, 5, 10, 18, 5, 5, 5, 10, 10, 15, 15, 10, 5, 10, 5, 10, 5, 15, 10, 10, 10, 10, 6, 5, 5, 10, 15, 10, 5, 15, 5, 25, 5, 5, 5, 10, 10, 5, 10, 10, 5, 10, 10, 10, 10, 10, 15, 5, 10, 5, 5, 10, 15, 5, 15, 10, 5, 15, 10, 20, 15, 10, 5, 5, 15, 5, 5, 5, 5, 5, 5, 15, 15, 15, 5, 5, 10, 15, 10, 5, 10, 10, 5, 10, 10, 5, 5, 10, 5, 10, 5, 10, 15, 15, 5, 5, 5, 15, 10, 10, 5, 5, 5, 10, 15, 5, 15, 10, 15, 15, 5, 5, 15, 10, 20, 5, 5, 5, 15, 5, 10, 10, 5, 10, 5, 10, 10, 10, 5, 10, 10, 15, 5, 5, 10, 5, 8, 
430165, 10
430165, 2144
430165, 9154
430165, 11364
430165, 3938
430165, 37633
430166, 1
430166, 
430166, 1
430166, 2700
430166, 9684
430166, 16911
430166, 5037
430166, 37454
430167, 1
430167, 
430167, 4
430167, 3265
430167, 10243
430167, 16170
430167, 3552
430167, 37440
442446, 32
442446, 5, 5, 5, 5, 5, 5, 5, 5, 5, 5, 5, 5, 5, 5, 5, 10, 5, 5, 5, 10, 10, 5, 5, 10, 5, 5, 5, 10, 5, 5, 5, 10, 5, 10, 5, 10, 10, 15, 5, 5, 5, 5, 5, 10, 10, 10, 5, 5, 5, 5, 5, 10, 15, 5, 5, 5, 5, 11, 5, 10, 5, 10, 10, 5, 10, 10, 5, 15, 5, 15, 15, 5, 5, 10, 15, 10, 15, 10, 15, 10, 10, 5, 5, 5, 5, 5, 5, 10, 5, 5, 10, 5, 5, 10, 5, 5, 5, 5, 10, 5, 5, 20, 5, 10, 10, 10, 10, 10, 5, 5, 5, 5, 15, 20, 15, 5, 5, 20, 5, 5, 5, 5, 10, 10, 10, 10, 5, 5, 10, 15, 10, 10, 15, 5, 10, 5, 15, 5, 10, 5, 5, 5, 15, 5, 15, 10, 15, 11, 10, 10, 5, 10, 10, 10, 5, 10, 15, 15, 5, 5, 20, 15, 10, 5, 5, 15, 20, 5, 5, 15, 5, 10, 10, 15, 5, 5, 10, 5, 15, 5, 10, 10, 10, 5, 10, 5, 15, 5, 10, 5, 10, 5, 15, 5, 16, 10, 15, 15, 5, 20, 5, 5, 10, 15, 5, 10, 5, 15, 15, 20, 10, 5, 15, 10, 5, 15, 15, 10, 20, 10, 5, 20, 20, 10, 15, 10, 10, 10, 10, 10, 15, 5, 20, 25, 20, 30, 10, 15, 10, 20, 5, 15, 10, 15, 10, 5, 20, 5, 10, 20, 5, 20, 10, 10, 15, 13, 10, 10, 5, 15, 5, 10, 10, 10, 10, 20, 20, 5, 15, 5, 5, 5, 10, 25, 10, 20, 10, 10, 15, 15, 5, 20, 10, 25, 5, 20, 25, 10, 20, 5, 20, 5, 20, 20, 5, 15, 20, 10, 20, 15, 20, 10, 20, 25, 5, 10, 10, 5, 10, 15, 5, 15, 15, 15, 10, 5, 10, 15, 25, 15, 10, 10, 5, 20, 30, 20, 10, 15, 10, 10, 10, 10, 15, 5, 25, 5, 26, 5, 10, 15, 10, 30, 15, 5, 10, 30, 10, 9, 10, 20, 5, 10, 15, 20, 10, 5, 20, 10, 10, 15, 10, 10, 20, 10, 5, 5, 10, 10, 20, 5, 15, 5, 10, 10, 10, 10, 15, 10, 14, 15, 15, 11, 5, 10, 10, 5, 15, 5, 15, 15, 5, 15, 15, 40, 15, 15, 5, 15, 10, 10, 15, 10, 5, 15, 5, 15, 15, 10, 10, 5, 10, 15, 20, 10, 10, 10, 10, 20, 20, 10, 5, 5, 5, 5, 10, 20, 20, 5, 15, 5, 15, 25, 5, 5, 15, 5, 5, 26, 15, 10, 20, 25, 15, 25, 15, 15, 15, 10, 10, 10, 5, 5, 15, 15, 15, 20, 15, 10, 15, 20, 20, 10, 20, 10, 10, 20, 10, 20, 5, 5, 5, 20, 15, 10, 15, 15, 15, 20, 30, 15, 10, 15, 15, 10, 10, 15, 30, 10, 5, 10, 15, 15, 10, 5, 20, 10, 35, 4, 20, 20, 10, 5, 15, 15, 5, 25, 10, 5, 15, 5, 10, 15, 20, 15, 21, 10, 30, 20, 10, 25, 10, 15, 25, 15, 10, 15, 11, 15, 15, 10, 5, 10, 5, 10, 10, 13, 15, 10, 10, 30, 5, 15, 5, 20, 25, 20, 5, 20, 15, 10, 20, 5, 25, 15, 15, 20, 15, 15, 10, 15, 5, 20, 21, 25, 25, 10, 5, 20, 20, 15, 15, 15, 25, 15, 20, 15, 5, 26, 10, 10, 25, 10, 5, 5, 15, 20, 28, 10, 10, 10, 10, 25, 15, 20, 5, 20, 10, 25, 20, 10, 25, 25, 13, 10, 7, 15, 20, 5, 10, 10, 30, 15, 10, 10, 15, 20, 10, 15, 20, 25, 36, 5, 10, 10, 10, 25, 5, 15, 15, 20, 20, 35, 15, 10, 15, 7, 10, 15, 5, 40, 15, 20, 10, 20, 15, 5, 25, 8, 15, 15, 10, 5, 20, 5, 25, 10, 15, 15, 15, 20, 10, 10, 10, 15, 10, 25, 15, 25, 10, 10, 15, 15, 20, 20, 15, 20, 5, 15, 10, 10, 15, 10, 10, 10, 20, 20, 20, 20, 10, 20, 10, 30, 10, 15, 10, 10, 15, 5, 15, 20, 15, 20, 25, 20, 20, 25, 10, 20, 10, 5, 15, 40, 5, 10, 20, 20, 27, 20, 15, 5, 5, 15, 15, 15, 10, 10, 17, 15, 15, 20, 20, 10, 15, 5, 5, 12, 15, 15, 5, 10, 5, 10, 20, 15, 25, 20, 10, 5, 15, 20, 20, 20, 11, 20, 15, 10, 21, 20, 10, 10, 25, 15, 25, 10, 25, 5, 15, 10, 15, 5, 10, 20, 20, 30, 15, 15, 10, 20, 15, 10, 20, 15, 25, 20, 5, 20, 10, 10, 10, 15, 15, 25, 21, 20, 25, 25, 20, 20, 15, 5, 20, 5, 25, 10, 15, 15, 20, 10, 35, 30, 15, 15, 40, 20, 15, 5, 10, 20, 20, 15, 10, 20, 10, 16, 20, 25, 20, 10, 15, 35, 10, 20, 15, 10, 5, 15, 35, 25, 10, 40, 15, 30, 25, 10, 40, 11, 10, 15, 15, 20, 15, 10, 15, 20, 20, 25, 15, 15, 20, 10, 20, 35, 37, 33, 30, 30, 15, 17, 20, 15, 5, 10, 15, 15, 30, 30, 5, 5, 10, 15, 10, 35, 20, 15, 20, 25, 15, 5, 20, 10, 30, 25, 5, 15, 15, 20, 20, 15, 10, 25, 15, 10, 10, 15, 25, 15, 15, 15, 35, 10, 15, 20, 5, 35, 35, 5, 20, 30, 20, 5, 7, 
442446, 1
442446, 1754
442446, 3952
442446, 20827
442446, 5659
442446, 37663
442447, 1
442447, 
442447, 1
442447, 2334
442447, 4545
442447, 12769
442447, 2683
442447, 37587
442462, 5
442462, 5, 5, 
442462, 1
442462, 2911
442462, 5125
442462, 11227
442462, 1511
442462, 37693
446595, 1
446595, 5, 5, 5, 5, 5, 5, 5, 5, 5, 5, 5, 5, 5, 5, 5, 5, 5, 5, 5, 5, 5, 5, 5, 5, 5, 5, 5, 5, 5, 5, 5, 5, 5, 5, 10, 5, 5, 5, 5, 5, 5, 5, 5, 5, 5, 5, 5, 5, 5, 5, 1, 5, 5, 5, 5, 5, 5, 10, 5, 5, 5, 5, 5, 2, 5, 10, 5, 5, 5, 5, 5, 5, 5, 5, 5, 5, 5, 5, 10, 5, 5, 10, 5, 10, 5, 5, 5, 10, 5, 5, 5, 10, 15, 5, 5, 10, 5, 5, 5, 5, 5, 15, 10, 5, 5, 5, 5, 5, 5, 5, 5, 5, 5, 5, 5, 5, 5, 5, 15, 5, 5, 5, 5, 5, 5, 10, 10, 5, 15, 5, 5, 5, 5, 5, 10, 5, 10, 5, 10, 5, 10, 5, 5, 5, 5, 5, 5, 10, 10, 10, 5, 10, 8, 5, 5, 10, 5, 5, 5, 5, 5, 10, 5, 5, 5, 5, 5, 5, 10, 5, 10, 5, 5, 10, 15, 5, 10, 5, 5, 10, 10, 5, 10, 10, 5, 5, 5, 5, 10, 5, 15, 10, 5, 15, 5, 15, 10, 5, 5, 10, 10, 10, 10, 5, 5, 5, 5, 5, 5, 15, 5, 5, 10, 5, 5, 8, 5, 10, 5, 5, 5, 15, 10, 5, 5, 5, 5, 10, 5, 5, 10, 5, 5, 5, 5, 5, 5, 5, 10, 10, 5, 5, 5, 15, 5, 10, 15, 5, 5, 10, 5, 5, 5, 5, 10, 10, 5, 5, 10, 10, 5, 10, 5, 5, 10, 10, 5, 10, 5, 5, 1, 5, 5, 5, 5, 5, 10, 1, 5, 5, 5, 10, 10, 5, 10, 10, 15, 10, 5, 5, 10, 5, 5, 6, 10, 5, 10, 5, 10, 15, 5, 5, 5, 3, 10, 5, 5, 15, 5, 5, 10, 10, 15, 5, 5, 5, 5, 5, 5, 15, 5, 20, 5, 10, 10, 10, 10, 5, 10, 5, 10, 10, 5, 7, 10, 5, 5, 5, 5, 10, 10, 15, 10, 5, 5, 10, 10, 5, 5, 10, 5, 5, 5, 15, 15, 10, 10, 10, 5, 5, 10, 5, 10, 10, 5, 10, 15, 5, 5, 1, 5, 5, 10, 5, 5, 5, 11, 15, 10, 15, 15, 5, 5, 10, 5, 10, 5, 15, 10, 5, 5, 15, 5, 5, 5, 5, 15, 10, 5, 10, 5, 10, 5, 5, 5, 5, 10, 5, 5, 5, 5, 5, 5, 5, 5, 5, 5, 5, 10, 2, 10, 10, 5, 5, 5, 10, 5, 5, 1, 10, 5, 5, 5, 5, 15, 10, 5, 15, 10, 20, 5, 5, 10, 10, 6, 5, 10, 5, 10, 5, 10, 10, 10, 20, 10, 10, 20, 5, 5, 10, 5, 10, 10, 5, 15, 5, 5, 20, 10, 10, 5, 10, 10, 10, 10, 5, 10, 5, 10, 5, 10, 10, 5, 5, 5, 5, 10, 5, 15, 9, 5, 10, 5, 10, 5, 5, 10, 15, 10, 20, 5, 10, 10, 5, 5, 5, 5, 10, 5, 5, 10, 10, 10, 5, 5, 5, 5, 5, 10, 15, 10, 5, 20, 10, 5, 10, 20, 15, 5, 5, 5, 20, 10, 10, 5, 10, 5, 5, 5, 5, 10, 10, 10, 10, 5, 10, 5, 10, 6, 5, 5, 15, 5, 5, 10, 10, 20, 5, 5, 5, 10, 5, 15, 10, 10, 5, 11, 2, 11, 
446595, 2
446595, 2314
446595, 4416
446595, 28614
446595, 7537
446595, 37722
446596, 1
446596, 
446596, 1
446596, 2895
446596, 4996
446596, 10673
446596, 2712
446596, 37649
456961, 16
456961, 5, 5, 5, 5, 5, 5, 10, 10, 5, 5, 5, 5, 3, 5, 5, 5, 5, 5, 5, 5, 5, 10, 5, 10, 5, 5, 5, 5, 5, 10, 5, 5, 10, 5, 5, 5, 5, 5, 5, 5, 5, 5, 10, 10, 10, 5, 5, 5, 5, 5, 10, 10, 5, 5, 10, 10, 5, 5, 10, 5, 11, 10, 5, 15, 5, 5, 15, 10, 15, 10, 5, 10, 10, 5, 5, 15, 5, 10, 5, 15, 5, 5, 15, 5, 5, 5, 10, 5, 5, 15, 5, 5, 5, 10, 5, 5, 10, 10, 10, 5, 20, 5, 5, 5, 5, 5, 10, 10, 10, 5, 10, 5, 10, 10, 10, 5, 20, 10, 10, 10, 5, 5, 10, 10, 10, 5, 5, 5, 5, 5, 20, 5, 20, 5, 10, 10, 5, 15, 5, 20, 5, 15, 15, 10, 5, 10, 5, 10, 5, 20, 5, 5, 10, 5, 5, 10, 5, 5, 10, 5, 10, 10, 5, 5, 5, 10, 5, 5, 15, 5, 10, 10, 10, 5, 10, 10, 10, 20, 5, 10, 5, 10, 15, 25, 15, 5, 5, 15, 5, 10, 5, 5, 25, 5, 5, 10, 15, 15, 10, 15, 12, 10, 15, 10, 5, 10, 5, 10, 10, 15, 5, 5, 5, 5, 10, 10, 10, 15, 5, 10, 15, 20, 20, 20, 10, 5, 5, 20, 5, 10, 10, 15, 10, 5, 5, 13, 20, 5, 15, 5, 15, 15, 10, 15, 15, 10, 5, 10, 5, 10, 15, 5, 15, 25, 14, 20, 20, 20, 20, 10, 5, 5, 5, 15, 15, 5, 20, 10, 10, 10, 20, 5, 15, 5, 10, 15, 5, 5, 15, 10, 10, 10, 5, 31, 10, 10, 10, 10, 10, 10, 5, 5, 20, 20, 5, 5, 15, 10, 10, 5, 15, 20, 10, 15, 10, 20, 5, 5, 5, 10, 5, 15, 10, 5, 5, 15, 5, 5, 15, 5, 15, 15, 10, 10, 15, 5, 5, 15, 10, 15, 15, 5, 10, 15, 10, 5, 5, 5, 10, 10, 13, 5, 15, 15, 5, 20, 10, 15, 10, 15, 15, 15, 10, 30, 11, 5, 5, 10, 5, 5, 20, 25, 10, 5, 10, 10, 10, 15, 5, 10, 20, 20, 20, 15, 10, 5, 10, 5, 10, 10, 5, 5, 10, 10, 20, 20, 15, 5, 5, 10, 20, 10, 15, 10, 10, 30, 5, 15, 15, 15, 5, 5, 15, 20, 15, 10, 20, 10, 10, 5, 15, 10, 20, 5, 5, 5, 5, 15, 20, 21, 10, 5, 25, 20, 5, 5, 5, 10, 10, 20, 5, 5, 20, 15, 10, 15, 5, 10, 15, 10, 5, 5, 10, 15, 25, 10, 10, 10, 10, 15, 10, 5, 20, 15, 10, 5, 5, 20, 5, 25, 14, 5, 5, 25, 15, 10, 5, 10, 10, 20, 15, 10, 15, 5, 15, 5, 10, 15, 15, 15, 20, 16, 15, 15, 15, 10, 10, 5, 15, 5, 10, 15, 15, 5, 10, 10, 10, 15, 15, 7, 10, 10, 10, 15, 10, 5, 25, 15, 14, 15, 10, 10, 10, 20, 6, 20, 15, 15, 15, 10, 25, 15, 10, 15, 20, 10, 20, 20, 5, 15, 5, 10, 5, 15, 10, 20, 15, 17, 10, 15, 15, 10, 10, 10, 15, 15, 30, 25, 15, 10, 10, 10, 15, 15, 17, 5, 5, 15, 10, 10, 10, 10, 15, 15, 15, 10, 15, 5, 15, 5, 5, 15, 10, 5, 10, 5, 15, 10, 25, 5, 20, 5, 30, 25, 10, 35, 5, 10, 5, 25, 5, 5, 10, 10, 10, 25, 15, 15, 5, 20, 10, 10, 10, 10, 5, 15, 5, 10, 10, 15, 15, 10, 20, 5, 15, 5, 15, 15, 10, 10, 10, 10, 10, 15, 15, 10, 12, 10, 20, 10, 10, 15, 10, 10, 15, 20, 20, 5, 10, 10, 15, 5, 15, 40, 15, 20, 15, 10, 20, 5, 30, 25, 25, 20, 25, 10, 30, 20, 5, 10, 15, 5, 15, 15, 10, 13, 10, 12, 20, 15, 15, 15, 5, 20, 25, 25, 20, 15, 5, 25, 10, 15, 10, 15, 15, 15, 10, 15, 20, 10, 10, 10, 10, 11, 15, 30, 20, 20, 20, 10, 10, 5, 15, 10, 10, 20, 10, 20, 10, 25, 10, 15, 15, 5, 10, 10, 5, 15, 15, 10, 15, 20, 25, 25, 30, 10, 10, 7, 10, 10, 15, 5, 20, 15, 15, 15, 20, 20, 20, 10, 15, 5, 25, 10, 5, 5, 10, 20, 15, 15, 10, 20, 10, 20, 12, 36, 5, 5, 25, 15, 25, 10, 15, 10, 20, 20, 20, 5, 15, 5, 5, 5, 10, 25, 15, 10, 15, 30, 5, 15, 5, 10, 23, 15, 10, 5, 15, 15, 5, 20, 5, 10, 10, 10, 10, 10, 15, 10, 20, 10, 20, 5, 5, 10, 10, 14, 35, 25, 10, 10, 15, 6, 15, 15, 10, 15, 10, 15, 25, 40, 20, 10, 15, 20, 15, 15, 25, 5, 5, 5, 15, 15, 20, 10, 10, 25, 10, 10, 5, 20, 5, 15, 15, 15, 10, 10, 25, 5, 25, 30, 10, 15, 15, 30, 10, 5, 10, 5, 15, 10, 20, 20, 15, 5, 5, 15, 5, 15, 20, 10, 20, 30, 10, 25, 10, 15, 10, 20, 10, 5, 15, 30, 10, 15, 3, 
456961, 1
456961, 2741
456961, 4694
456961, 10089
456961, 2477
456961, 37632
456962, 1
456962, 
456962, 2
456962, 3353
456962, 5313
456962, 10544
456962, 2009
456962, 37769
456963, 1
456963, 
456963, 1
456963, 3952
456963, 5912
456963, 4807
456963, 913
456963, 37574
456964, 1
456964, 
456964, 1
456964, 4549
456964, 6507
456964, 9076
456964, 2966
456964, 37776
456965, 1
456965, 
456965, 1
456965, 5144
456965, 7100
456965, 16804
456965, 2989
456965, 37723
456966, 1
456966, 
456966, 1
456966, 5739
456966, 7710
456966, 11736
456966, 2620
456966, 37646
456967, 1
456967, 
456967, 3
456967, 6346
456967, 8315
456967, 9771
456967, 2087
456967, 37786
456968, 1
456968, 
456968, 1
456968, 6931
456968, 8898
456968, 11177
456968, 1968
456968, 37665
456969, 1
456969, 
456969, 1
456969, 7519
456969, 9485
456969, 13457
456969, 4960
456969, 37744
456970, 1
456970, 
456970, 1
456970, 8105
456970, 13051
456970, 17443
456970, 3888
456970, 37752
456971, 1
456971, 
456971, 1
456971, 8689
456971, 13632
456971, 11065
456971, 3311
456971, 37722
461983, 11
461983, 5, 5, 5, 5, 5, 5, 5, 5, 5, 5, 2, 5, 5, 5, 5, 5, 5, 5, 5, 5, 5, 5, 5, 5, 5, 5, 15, 5, 5, 10, 5, 5, 5, 5, 5, 5, 5, 5, 5, 5, 5, 5, 5, 5, 5, 5, 5, 5, 5, 5, 5, 5, 5, 5, 5, 15, 5, 10, 5, 5, 5, 5, 5, 5, 5, 10, 5, 5, 5, 5, 5, 5, 5, 5, 5, 5, 5, 5, 5, 5, 10, 5, 5, 5, 5, 5, 5, 5, 1, 5, 5, 5, 5, 5, 5, 5, 5, 5, 5, 10, 5, 10, 5, 5, 5, 5, 5, 10, 4, 5, 5, 5, 15, 5, 5, 10, 5, 5, 5, 5, 5, 10, 15, 5, 5, 5, 10, 5, 11, 10, 5, 10, 5, 15, 10, 5, 10, 5, 5, 5, 5, 5, 10, 5, 10, 5, 5, 10, 10, 5, 10, 5, 5, 10, 5, 10, 5, 5, 5, 10, 10, 5, 5, 15, 5, 5, 5, 5, 15, 5, 10, 5, 5, 10, 10, 5, 5, 5, 5, 5, 5, 5, 5, 5, 5, 15, 5, 5, 5, 6, 15, 5, 5, 10, 15, 10, 5, 10, 15, 5, 5, 5, 5, 5, 5, 10, 5, 5, 5, 15, 10, 5, 5, 5, 5, 5, 5, 10, 10, 5, 5, 10, 5, 5, 5, 5, 5, 5, 5, 5, 5, 5, 5, 10, 10, 15, 5, 10, 10, 5, 5, 10, 10, 5, 13, 10, 10, 10, 5, 5, 5, 5, 10, 5, 15, 5, 5, 5, 5, 10, 10, 5, 5, 10, 5, 10, 10, 5, 5, 5, 5, 10, 5, 15, 10, 20, 15, 20, 5, 10, 10, 5, 5, 10, 5, 5, 5, 2, 5, 5, 5, 5, 5, 5, 10, 10, 5, 10, 5, 5, 5, 10, 5, 10, 5, 5, 5, 5, 15, 5, 10, 10, 10, 5, 5, 10, 10, 15, 10, 5, 5, 5, 10, 5, 10, 5, 10, 5, 15, 10, 15, 10, 5, 10, 5, 10, 5, 5, 10, 5, 10, 5, 10, 10, 5, 15, 10, 15, 10, 10, 10, 5, 5, 5, 15, 5, 5, 5, 10, 15, 5, 10, 5, 2, 15, 15, 5, 5, 5, 10, 15, 5, 5, 5, 10, 10, 5, 5, 5, 5, 5, 15, 10, 5, 10, 5, 5, 10, 5, 5, 15, 15, 5, 5, 5, 15, 5, 10, 10, 5, 5, 5, 5, 15, 5, 10, 10, 15, 5, 5, 10, 5, 5, 5, 5, 5, 5, 5, 10, 10, 10, 5, 5, 5, 5, 5, 10, 10, 10, 5, 5, 5, 10, 5, 15, 5, 5, 10, 5, 10, 5, 15, 10, 5, 10, 10, 5, 10, 10, 1, 10, 10, 5, 5, 20, 5, 5, 5, 5, 15, 7, 5, 5, 5, 10, 20, 5, 15, 10, 5, 10, 5, 10, 10, 5, 10, 5, 10, 15, 5, 5, 5, 15, 5, 15, 5, 10, 5, 5, 5, 5, 10, 5, 10, 5, 5, 20, 15, 5, 5, 5, 10, 15, 10, 10, 5, 5, 5, 20, 15, 5, 5, 15, 15, 5, 5, 10, 5, 5, 5, 5, 10, 15, 5, 10, 5, 5, 10, 10, 10, 5, 5, 5, 10, 25, 5, 10, 5, 5, 5, 10, 15, 15, 5, 5, 15, 10, 5, 5, 5, 15, 15, 15, 10, 10, 5, 15, 15, 15, 10, 10, 10, 5, 5, 5, 5, 10, 15, 5, 10, 5, 5, 5, 15, 10, 10, 10, 5, 10, 10, 5, 5, 15, 15, 5, 25, 15, 10, 5, 10, 10, 15, 10, 10, 10, 15, 5, 5, 10, 5, 5, 5, 5, 15, 10, 5, 5, 10, 15, 10, 10, 10, 10, 10, 10, 10, 5, 10, 5, 10, 20, 5, 15, 15, 5, 10, 10, 10, 15, 10, 5, 5, 5, 5, 15, 5, 16, 5, 25, 20, 10, 20, 5, 5, 5, 10, 5, 5, 20, 5, 6, 5, 
461983, 1
461983, 2372
461983, 5468
461983, 9646
461983, 2435
461983, 37667
465239, 9
465239, 5, 5, 5, 5, 5, 5, 5, 5, 5, 5, 5, 5, 5, 5, 5, 5, 5, 5, 5, 5, 5, 5, 5, 5, 5, 10, 10, 5, 5, 5, 5, 5, 5, 10, 5, 5, 5, 5, 5, 5, 5, 5, 5, 5, 5, 5, 5, 5, 10, 5, 5, 10, 5, 5, 5, 5, 5, 5, 5, 5, 5, 5, 5, 5, 5, 5, 5, 5, 5, 5, 5, 5, 10, 5, 5, 5, 5, 5, 5, 5, 5, 5, 5, 5, 10, 10, 5, 5, 5, 5, 5, 5, 5, 5, 5, 5, 10, 5, 10, 5, 5, 5, 8, 5, 10, 5, 5, 5, 5, 5, 5, 5, 5, 15, 5, 5, 5, 5, 10, 5, 5, 5, 5, 10, 5, 10, 5, 5, 5, 5, 5, 5, 5, 5, 5, 5, 10, 5, 5, 5, 5, 10, 5, 10, 5, 5, 5, 10, 10, 5, 5, 10, 10, 5, 5, 10, 5, 5, 5, 5, 5, 10, 10, 5, 5, 5, 5, 5, 5, 10, 10, 5, 5, 10, 10, 5, 5, 5, 5, 5, 5, 5, 5, 5, 5, 5, 5, 10, 10, 5, 5, 5, 5, 5, 10, 5, 10, 5, 5, 5, 10, 10, 5, 10, 5, 5, 5, 5, 5, 5, 5, 5, 5, 5, 5, 5, 5, 5, 5, 15, 5, 5, 5, 5, 10, 5, 5, 5, 10, 5, 5, 5, 5, 10, 9, 5, 5, 5, 15, 10, 5, 5, 10, 5, 10, 5, 5, 5, 5, 10, 10, 5, 5, 5, 5, 5, 10, 5, 5, 5, 5, 15, 5, 5, 5, 10, 1, 5, 10, 1, 15, 5, 10, 5, 10, 3, 20, 5, 5, 5, 5, 5, 7, 5, 5, 5, 5, 5, 10, 5, 5, 5, 5, 5, 10, 5, 10, 15, 10, 10, 5, 5, 5, 5, 10, 5, 15, 5, 5, 15, 5, 5, 5, 10, 10, 10, 5, 10, 10, 10, 5, 5, 5, 5, 15, 10, 5, 5, 10, 10, 5, 15, 20, 5, 5, 5, 5, 15, 10, 10, 5, 10, 5, 5, 10, 5, 5, 5, 10, 5, 10, 5, 5, 10, 10, 10, 10, 5, 10, 10, 5, 5, 10, 10, 10, 5, 5, 5, 5, 5, 5, 10, 15, 5, 10, 5, 5, 10, 10, 5, 10, 5, 5, 5, 5, 5, 5, 5, 15, 5, 5, 5, 10, 10, 5, 10, 5, 5, 5, 5, 5, 5, 5, 10, 5, 5, 15, 5, 5, 5, 5, 10, 5, 5, 5, 6, 5, 5, 10, 10, 5, 10, 5, 10, 10, 5, 5, 15, 10, 10, 10, 10, 5, 5, 5, 5, 5, 10, 10, 10, 5, 20, 15, 2, 5, 8, 15, 10, 5, 5, 10, 5, 5, 5, 5, 5, 5, 15, 5, 5, 5, 5, 5, 7, 15, 5, 10, 5, 5, 10, 5, 5, 5, 10, 10, 5, 15, 10, 5, 10, 10, 10, 5, 5, 5, 5, 15, 5, 
465239, 3
465239, 2202
465239, 5067
465239, 5032
465239, 1302
465239, 37773
472572, 8
472572, 5, 5, 5, 5, 5, 5, 5, 5, 5, 5, 5, 5, 5, 5, 5, 5, 5, 5, 5, 5, 5, 5, 5, 5, 10, 5, 1, 5, 5, 10, 10, 5, 10, 5, 5, 5, 5, 10, 5, 5, 10, 5, 5, 5, 5, 5, 5, 5, 5, 5, 5, 5, 5, 10, 5, 5, 5, 5, 10, 10, 5, 10, 5, 5, 5, 5, 5, 5, 5, 5, 5, 5, 5, 5, 5, 5, 5, 5, 5, 5, 5, 5, 5, 10, 5, 5, 5, 10, 3, 5, 5, 10, 5, 5, 5, 5, 10, 10, 10, 5, 5, 10, 5, 10, 5, 5, 5, 5, 10, 10, 10, 5, 5, 5, 5, 5, 10, 5, 10, 10, 5, 5, 5, 5, 5, 10, 8, 5, 5, 5, 15, 5, 10, 15, 10, 10, 5, 5, 5, 10, 10, 5, 5, 10, 5, 15, 10, 5, 5, 5, 10, 25, 5, 10, 5, 5, 5, 20, 5, 10, 5, 10, 10, 5, 10, 5, 5, 5, 5, 10, 10, 10, 5, 5, 5, 15, 10, 10, 5, 5, 5, 5, 5, 5, 5, 20, 15, 10, 5, 10, 15, 5, 5, 5, 5, 10, 10, 5, 10, 5, 5, 10, 5, 5, 15, 5, 5, 10, 10, 5, 5, 5, 5, 5, 5, 15, 5, 15, 5, 5, 5, 5, 10, 5, 15, 10, 5, 10, 10, 10, 15, 5, 10, 10, 5, 15, 13, 10, 20, 5, 10, 10, 5, 10, 5, 15, 10, 5, 10, 10, 5, 20, 5, 10, 5, 15, 5, 5, 6, 5, 10, 5, 10, 10, 10, 15, 5, 15, 5, 10, 10, 5, 15, 5, 10, 10, 10, 15, 15, 10, 10, 10, 5, 10, 5, 5, 5, 5, 10, 5, 15, 10, 10, 15, 10, 5, 5, 10, 5, 5, 10, 25, 10, 5, 15, 5, 5, 10, 10, 15, 10, 5, 5, 10, 5, 5, 5, 10, 10, 10, 10, 5, 20, 10, 5, 5, 5, 5, 5, 5, 15, 5, 10, 20, 5, 10, 10, 15, 5, 5, 10, 15, 10, 5, 10, 5, 10, 3, 10, 15, 5, 10, 5, 5, 10, 20, 5, 15, 5, 10, 20, 6, 16, 15, 5, 10, 10, 10, 10, 5, 10, 15, 10, 5, 15, 5, 20, 15, 10, 15, 5, 20, 10, 15, 20, 5, 10, 5, 10, 5, 10, 10, 5, 5, 10, 15, 10, 5, 15, 15, 10, 10, 5, 10, 10, 10, 10, 5, 15, 10, 10, 10, 5, 10, 10, 20, 20, 10, 5, 15, 12, 10, 10, 5, 10, 25, 10, 5, 5, 10, 20, 10, 5, 15, 10, 30, 10, 10, 15, 10, 10, 20, 5, 20, 5, 5, 10, 15, 5, 10, 5, 5, 5, 10, 5, 10, 5, 10, 5, 10, 20, 7, 10, 15, 10, 10, 10, 10, 5, 10, 5, 5, 10, 20, 5, 5, 5, 15, 10, 15, 5, 7, 15, 5, 15, 5, 10, 10, 15, 10, 10, 11, 7, 5, 10, 5, 15, 10, 5, 15, 10, 15, 15, 20, 5, 10, 10, 15, 5, 10, 10, 10, 10, 10, 5, 5, 10, 5, 5, 10, 5, 10, 10, 10, 10, 20, 5, 5, 5, 1, 5, 25, 15, 10, 10, 5, 5, 20, 20, 25, 10, 21, 15, 10, 15, 5, 5, 20, 5, 10, 10, 15, 15, 15, 5, 10, 10, 5, 20, 10, 20, 10, 10, 20, 10, 10, 10, 5, 15, 10, 15, 15, 15, 10, 15, 10, 10, 10, 5, 10, 10, 20, 10, 15, 10, 5, 5, 5, 5, 5, 15, 10, 15, 15, 12, 10, 10, 15, 10, 10, 5, 10, 10, 10, 5, 10, 10, 15, 15, 5, 20, 5, 15, 20, 30, 10, 10, 10, 15, 5, 6, 10, 5, 15, 10, 10, 5, 10, 15, 5, 10, 5, 15, 10, 10, 20, 10, 10, 10, 5, 20, 10, 10, 5, 5, 18, 10, 5, 30, 25, 20, 10, 5, 10, 10, 15, 15, 10, 15, 10, 10, 10, 10, 15, 5, 25, 5, 5, 10, 25, 5, 10, 20, 10, 5, 5, 15, 10, 10, 15, 10, 5, 10, 22, 20, 10, 15, 5, 5, 10, 20, 20, 15, 25, 15, 5, 10, 17, 10, 15, 20, 10, 15, 5, 5, 15, 10, 10, 15, 15, 10, 5, 10, 15, 10, 15, 15, 15, 15, 5, 10, 15, 5, 5, 10, 10, 20, 20, 5, 15, 10, 5, 10, 8, 10, 6, 6, 10, 10, 30, 15, 15, 10, 9, 5, 23, 15, 15, 10, 10, 10, 15, 5, 15, 10, 5, 10, 20, 30, 15, 10, 5, 10, 20, 15, 5, 5, 10, 5, 5, 15, 25, 1, 
472572, 1
472572, 1795
472572, 4143
472572, 11377
472572, 3436
472572, 37798
486492, 34
486492, 5, 5, 5, 5, 5, 5, 5, 5, 11, 5, 10, 10, 10, 5, 5, 5, 5, 5, 5, 6, 15, 5, 5, 5, 5, 5, 10, 5, 15, 5, 5, 5, 5, 5, 5, 10, 10, 5, 10, 5, 5, 10, 5, 5, 5, 10, 10, 10, 10, 15, 10, 5, 5, 10, 5, 5, 10, 10, 5, 5, 5, 5, 10, 10, 5, 10, 10, 10, 5, 15, 5, 5, 5, 5, 5, 5, 10, 10, 10, 10, 10, 5, 20, 15, 10, 5, 5, 5, 15, 5, 15, 10, 4, 5, 10, 10, 5, 5, 10, 15, 5, 10, 5, 30, 5, 5, 10, 10, 5, 6, 5, 5, 10, 20, 5, 10, 15, 5, 5, 10, 5, 10, 5, 15, 15, 20, 5, 5, 10, 10, 10, 10, 10, 5, 5, 15, 20, 15, 10, 5, 10, 15, 10, 15, 10, 5, 15, 10, 15, 10, 15, 10, 15, 5, 11, 10, 10, 10, 5, 20, 5, 5, 20, 21, 20, 10, 5, 15, 10, 10, 15, 5, 10, 10, 15, 10, 15, 10, 10, 15, 10, 10, 10, 10, 10, 10, 15, 5, 20, 5, 15, 30, 11, 10, 11, 15, 20, 20, 10, 20, 10, 10, 15, 10, 15, 10, 10, 5, 25, 10, 25, 10, 15, 5, 5, 5, 15, 5, 15, 15, 5, 25, 20, 10, 15, 10, 10, 10, 15, 20, 10, 10, 15, 10, 5, 10, 15, 15, 15, 10, 10, 10, 15, 15, 5, 19, 10, 10, 15, 10, 5, 10, 15, 20, 5, 5, 10, 5, 10, 15, 10, 10, 15, 10, 15, 15, 25, 10, 20, 5, 15, 25, 15, 10, 15, 21, 10, 5, 20, 20, 5, 10, 25, 10, 15, 10, 5, 18, 15, 20, 15, 20, 20, 30, 20, 20, 5, 15, 15, 5, 15, 10, 10, 15, 15, 20, 20, 15, 15, 15, 10, 5, 15, 20, 10, 10, 30, 15, 15, 10, 25, 5, 20, 15, 15, 10, 10, 10, 5, 10, 10, 5, 20, 25, 5, 10, 25, 20, 25, 20, 5, 16, 17, 5, 10, 5, 20, 5, 20, 20, 30, 15, 20, 5, 20, 20, 10, 10, 10, 15, 10, 15, 15, 15, 19, 10, 5, 25, 5, 20, 5, 25, 15, 5, 15, 15, 20, 20, 10, 15, 20, 5, 25, 10, 20, 15, 15, 20, 15, 20, 15, 15, 15, 5, 10, 10, 5, 15, 25, 18, 15, 25, 15, 10, 20, 10, 15, 25, 11, 25, 15, 10, 10, 15, 5, 10, 10, 25, 10, 30, 10, 25, 20, 15, 20, 10, 5, 20, 20, 25, 10, 25, 15, 10, 30, 20, 20, 10, 20, 20, 15, 5, 5, 10, 20, 20, 25, 25, 15, 25, 25, 30, 5, 20, 5, 15, 15, 10, 15, 10, 10, 25, 5, 10, 10, 10, 23, 10, 20, 15, 15, 5, 10, 15, 15, 15, 15, 10, 30, 10, 15, 20, 5, 5, 5, 30, 20, 20, 15, 10, 25, 15, 5, 5, 15, 25, 15, 15, 17, 15, 15, 10, 15, 20, 20, 15, 15, 10, 15, 20, 20, 10, 25, 15, 10, 5, 15, 10, 20, 30, 15, 32, 15, 15, 5, 5, 10, 10, 10, 25, 10, 10, 15, 15, 5, 5, 10, 25, 15, 20, 10, 20, 25, 35, 25, 45, 10, 10, 20, 30, 15, 20, 55, 45, 25, 15, 10, 35, 5, 20, 10, 15, 15, 15, 5, 15, 10, 15, 30, 20, 10, 15, 25, 25, 25, 10, 10, 10, 25, 10, 15, 20, 30, 15, 10, 10, 25, 5, 10, 20, 10, 15, 5, 15, 20, 15, 15, 20, 20, 25, 15, 10, 15, 11, 10, 16, 15, 10, 15, 20, 20, 20, 10, 5, 30, 5, 20, 5, 15, 10, 15, 25, 10, 20, 5, 10, 25, 25, 20, 10, 30, 25, 20, 10, 30, 25, 5, 35, 5, 20, 3, 20, 20, 30, 15, 8, 10, 20, 25, 15, 15, 25, 20, 30, 25, 10, 20, 15, 10, 25, 10, 15, 10, 10, 10, 22, 20, 5, 20, 15, 15, 15, 15, 15, 13, 10, 20, 20, 25, 5, 15, 25, 25, 20, 25, 23, 16, 25, 20, 25, 30, 20, 15, 20, 20, 10, 10, 5, 15, 15, 25, 20, 5, 25, 40, 15, 15, 25, 15, 20, 10, 45, 15, 10, 16, 10, 10, 20, 10, 30, 15, 20, 25, 5, 10, 15, 10, 5, 15, 20, 10, 30, 5, 15, 25, 15, 30, 20, 25, 25, 20, 10, 20, 8, 30, 10, 15, 15, 10, 15, 10, 15, 15, 15, 30, 15, 15, 15, 20, 20, 17, 15, 35, 10, 16, 15, 16, 10, 5, 15, 15, 20, 10, 15, 10, 25, 20, 15, 30, 5, 15, 20, 10, 30, 15, 10, 10, 15, 35, 25, 30, 20, 30, 10, 10, 10, 10, 15, 5, 15, 30, 5, 5, 15, 10, 25, 15, 15, 22, 10, 35, 15, 10, 20, 20, 25, 15, 10, 5, 15, 15, 10, 25, 15, 25, 15, 20, 10, 25, 25, 20, 15, 10, 10, 20, 25, 10, 16, 15, 15, 20, 10, 30, 20, 15, 20, 25, 10, 15, 20, 25, 15, 15, 15, 10, 15, 25, 20, 15, 15, 15, 21, 20, 20, 10, 20, 5, 5, 20, 10, 15, 10, 10, 15, 30, 15, 10, 10, 35, 25, 15, 20, 30, 25, 35, 15, 20, 10, 25, 20, 15, 5, 5, 20, 20, 10, 30, 15, 15, 11, 30, 20, 10, 15, 35, 10, 10, 10, 10, 25, 10, 20, 10, 15, 35, 15, 10, 20, 10, 15, 15, 30, 5, 15, 35, 15, 15, 15, 30, 35, 35, 15, 20, 30, 10, 10, 25, 10, 15, 30, 20, 10, 20, 20, 25, 15, 20, 30, 20, 24, 
486492, 1
486492, 1563
486492, 3435
486492, 7211
486492, 2419
486492, 37800
486493, 1
486493, 
486493, 3
486493, 2235
486493, 4145
486493, 11417
486493, 3148
486493, 37760
486494, 1
486494, 
486494, 1
486494, 2876
486494, 4791
486494, 4613
486494, 1313
486494, 37844
486503, 2
486503, 5, 2, 
486503, 1
486503, 3515
486503, 5428
486503, 7899
486503, 1765
486503, 37716
495376, 6
495376, 5, 5, 5, 5, 5, 5, 5, 10, 5, 5, 5, 5, 5, 5, 10, 5, 1, 5, 5, 5, 5, 5, 5, 5, 5, 5, 5, 10, 5, 10, 5, 5, 5, 5, 5, 5, 5, 5, 5, 10, 5, 10, 5, 5, 5, 5, 5, 10, 5, 5, 5, 5, 10, 10, 5, 5, 10, 5, 5, 5, 5, 5, 5, 15, 5, 5, 10, 15, 10, 5, 10, 5, 5, 5, 5, 5, 5, 5, 15, 5, 5, 10, 10, 5, 5, 5, 5, 5, 10, 10, 5, 5, 10, 5, 5, 5, 15, 10, 15, 10, 5, 10, 5, 15, 10, 5, 10, 5, 5, 5, 5, 10, 5, 10, 5, 5, 10, 5, 20, 15, 5, 5, 10, 5, 25, 5, 10, 10, 5, 15, 5, 5, 7, 10, 10, 10, 6, 1, 15, 20, 5, 5, 5, 15, 5, 5, 5, 10, 5, 10, 10, 15, 5, 10, 5, 15, 5, 5, 15, 5, 10, 6, 5, 10, 15, 5, 10, 5, 10, 5, 5, 10, 10, 5, 15, 10, 20, 15, 5, 5, 5, 5, 5, 15, 10, 5, 20, 10, 10, 20, 5, 15, 5, 15, 20, 15, 5, 10, 10, 10, 5, 10, 10, 15, 10, 5, 5, 20, 10, 5, 10, 5, 5, 12, 5, 5, 10, 15, 5, 5, 10, 15, 5, 10, 15, 5, 5, 10, 10, 6, 10, 5, 15, 5, 10, 10, 15, 5, 15, 10, 10, 5, 15, 10, 5, 5, 5, 20, 5, 10, 10, 5, 5, 20, 10, 20, 15, 10, 15, 5, 15, 5, 10, 5, 15, 5, 20, 5, 15, 5, 10, 5, 15, 5, 5, 5, 5, 10, 10, 5, 5, 10, 20, 10, 22, 5, 15, 10, 10, 5, 10, 15, 10, 5, 15, 5, 15, 15, 10, 10, 15, 10, 5, 5, 10, 5, 10, 5, 5, 10, 10, 30, 15, 5, 10, 5, 10, 16, 5, 10, 5, 10, 8, 10, 5, 5, 10, 5, 5, 15, 15, 10, 15, 10, 5, 5, 10, 5, 10, 10, 15, 5, 15, 10, 10, 5, 5, 15, 5, 17, 15, 10, 20, 20, 10, 10, 15, 15, 10, 10, 10, 15, 10, 10, 15, 10, 10, 5, 15, 25, 10, 10, 15, 15, 10, 15, 10, 5, 10, 10, 5, 10, 15, 10, 5, 10, 25, 10, 20, 10, 15, 15, 15, 5, 15, 15, 15, 15, 15, 10, 10, 5, 10, 15, 10, 5, 5, 10, 10, 10, 10, 5, 15, 10, 5, 15, 10, 10, 10, 10, 5, 15, 10, 5, 15, 20, 15, 10, 10, 5, 10, 15, 10, 15, 5, 10, 10, 10, 5, 15, 5, 5, 15, 10, 10, 10, 5, 5, 15, 15, 10, 15, 10, 10, 5, 15, 15, 10, 5, 18, 5, 10, 10, 5, 10, 10, 10, 5, 20, 10, 20, 5, 10, 10, 15, 15, 5, 10, 11, 10, 5, 10, 20, 5, 20, 10, 5, 10, 12, 10, 10, 5, 25, 5, 10, 15, 15, 5, 10, 15, 10, 10, 20, 5, 10, 15, 20, 10, 5, 15, 5, 10, 10, 5, 5, 5, 26, 10, 20, 10, 15, 5, 15, 5, 15, 10, 15, 15, 10, 5, 15, 15, 5, 5, 15, 5, 20, 15, 20, 10, 5, 15, 10, 10, 15, 15, 5, 5, 15, 30, 20, 5, 10, 5, 20, 15, 10, 5, 20, 5, 5, 24, 15, 10, 15, 15, 20, 5, 15, 15, 15, 5, 5, 15, 10, 25, 10, 10, 5, 15, 5, 15, 5, 10, 10, 10, 10, 10, 10, 10, 15, 30, 25, 10, 5, 15, 20, 5, 15, 5, 10, 10, 20, 15, 20, 10, 20, 20, 10, 5, 15, 10, 25, 12, 10, 5, 5, 5, 5, 5, 5, 10, 7, 10, 20, 10, 15, 10, 10, 15, 10, 20, 20, 5, 10, 15, 5, 6, 5, 10, 5, 11, 10, 15, 20, 10, 10, 15, 25, 25, 5, 6, 20, 10, 15, 5, 20, 10, 10, 10, 10, 20, 10, 15, 10, 20, 12, 20, 5, 10, 20, 15, 7, 5, 20, 5, 5, 10, 10, 15, 15, 10, 15, 15, 10, 10, 10, 5, 25, 15, 20, 15, 20, 17, 15, 5, 11, 10, 10, 15, 5, 15, 30, 10, 20, 15, 5, 10, 15, 10, 15, 15, 5, 10, 15, 15, 5, 10, 5, 10, 15, 5, 10, 5, 10, 5, 19, 5, 10, 15, 10, 20, 10, 20, 15, 10, 5, 5, 20, 10, 10, 5, 10, 20, 15, 15, 15, 5, 15, 10, 15, 10, 15, 10, 10, 10, 15, 5, 5, 15, 10, 15, 15, 10, 5, 25, 20, 5, 20, 12, 10, 10, 15, 20, 5, 15, 15, 20, 15, 10, 15, 25, 15, 10, 20, 15, 5, 20, 10, 5, 15, 10, 10, 15, 20, 15, 5, 25, 20, 10, 5, 15, 15, 15, 10, 20, 15, 21, 15, 20, 10, 5, 5, 5, 15, 15, 20, 20, 10, 15, 15, 15, 10, 25, 20, 15, 25, 10, 10, 10, 20, 10, 20, 5, 25, 10, 20, 8, 
495376, 1
495376, 1737
495376, 3564
495376, 9057
495376, 2607
495376, 37699
495377, 1
495377, 
495377, 2
495377, 2397
495377, 4224
495377, 7185
495377, 1693
495377, 37805
495378, 1
495378, 
495378, 4
495378, 3056
495378, 4887
495378, 12987
495378, 3227
495378, 37771
495379, 1
495379, 
495379, 1
495379, 3705
495379, 5537
495379, 22450
495379, 4038
495379, 37787
495380, 1
495380, 
495380, 1
495380, 4355
495380, 6220
495380, 9421
495380, 1956
495380, 37908
498895, 14
498895, 5, 5, 5, 5, 5, 5, 5, 5, 5, 5, 5, 5, 5, 5, 5, 5, 5, 5, 5, 5, 5, 5, 1, 5, 5, 5, 5, 5, 5, 5, 5, 5, 5, 5, 5, 5, 5, 5, 5, 5, 5, 5, 5, 5, 5, 5, 5, 5, 5, 5, 5, 10, 5, 5, 5, 5, 5, 5, 5, 5, 5, 5, 5, 1, 10, 5, 5, 5, 5, 5, 1, 5, 5, 10, 5, 5, 5, 5, 10, 5, 5, 10, 5, 5, 5, 10, 5, 5, 5, 5, 5, 5, 10, 5, 5, 5, 5, 5, 5, 5, 5, 5, 5, 10, 5, 5, 5, 5, 5, 5, 5, 5, 5, 5, 5, 5, 5, 5, 15, 5, 5, 5, 10, 5, 5, 5, 5, 4, 5, 5, 5, 10, 5, 5, 5, 5, 5, 10, 15, 10, 11, 5, 10, 5, 5, 5, 5, 10, 5, 1, 5, 10, 10, 5, 5, 10, 5, 5, 5, 5, 5, 5, 5, 5, 5, 10, 10, 5, 5, 10, 5, 5, 5, 5, 5, 5, 5, 10, 10, 5, 5, 5, 5, 5, 5, 5, 5, 10, 5, 15, 5, 5, 10, 5, 5, 5, 5, 5, 5, 20, 10, 1, 10, 10, 5, 10, 5, 10, 10, 15, 5, 5, 5, 5, 17, 5, 5, 5, 10, 10, 5, 5, 5, 10, 5, 5, 5, 5, 5, 5, 5, 10, 5, 5, 5, 5, 15, 15, 5, 5, 5, 5, 15, 5, 5, 5, 5, 10, 5, 5, 5, 5, 5, 10, 15, 10, 15, 10, 10, 5, 5, 5, 5, 10, 10, 10, 5, 10, 5, 15, 5, 5, 10, 5, 5, 5, 10, 5, 5, 5, 10, 10, 10, 10, 15, 10, 5, 5, 15, 5, 5, 5, 5, 5, 5, 5, 15, 5, 5, 10, 5, 20, 5, 5, 15, 10, 5, 5, 5, 5, 5, 10, 10, 5, 5, 15, 5, 5, 5, 15, 10, 10, 5, 10, 5, 5, 15, 10, 9, 6, 5, 5, 5, 5, 15, 10, 15, 10, 5, 5, 5, 5, 5, 5, 10, 5, 5, 10, 5, 10, 5, 5, 5, 5, 10, 10, 5, 10, 5, 5, 5, 10, 10, 5, 5, 5, 10, 5, 5, 15, 5, 11, 5, 5, 5, 5, 10, 5, 10, 14, 5, 5, 5, 5, 5, 10, 10, 5, 10, 10, 9, 5, 15, 10, 10, 5, 5, 10, 5, 5, 10, 5, 20, 15, 10, 5, 10, 5, 5, 5, 5, 15, 10, 5, 10, 5, 10, 10, 5, 5, 15, 5, 10, 10, 5, 5, 5, 5, 5, 5, 15, 5, 10, 5, 5, 5, 5, 10, 5, 10, 10, 5, 15, 10, 10, 5, 10, 5, 10, 5, 5, 5, 5, 5, 10, 5, 10, 5, 5, 5, 5, 10, 5, 5, 10, 5, 10, 10, 10, 15, 10, 5, 5, 10, 10, 5, 10, 15, 10, 25, 15, 10, 20, 10, 10, 5, 10, 5, 5, 10, 5, 10, 10, 10, 15, 10, 5, 5, 10, 15, 5, 
498895, 1
498895, 3761
498895, 6399
498895, 9743
498895, 2011
498895, 37820
505639, 7
505639, 5, 5, 5, 5, 5, 5, 5, 5, 5, 5, 5, 5, 5, 5, 5, 5, 5, 5, 5, 5, 5, 5, 5, 5, 5, 5, 5, 5, 5, 5, 5, 5, 5, 5, 5, 5, 5, 5, 5, 5, 5, 5, 5, 5, 5, 5, 5, 5, 5, 5, 5, 5, 5, 5, 5, 5, 5, 5, 5, 5, 5, 5, 10, 5, 5, 5, 10, 10, 5, 10, 5, 5, 5, 10, 5, 5, 5, 5, 5, 10, 5, 15, 10, 5, 10, 10, 5, 5, 5, 5, 5, 5, 5, 5, 5, 5, 5, 15, 5, 10, 5, 15, 5, 5, 5, 10, 5, 5, 5, 10, 5, 5, 5, 10, 5, 15, 10, 10, 10, 5, 5, 5, 10, 10, 5, 15, 5, 5, 5, 5, 5, 5, 5, 5, 10, 10, 5, 5, 15, 5, 5, 5, 5, 5, 10, 5, 7, 10, 5, 10, 5, 5, 5, 10, 15, 5, 5, 5, 5, 5, 5, 10, 10, 10, 5, 5, 5, 10, 15, 5, 5, 15, 5, 5, 10, 5, 5, 15, 5, 15, 5, 10, 5, 10, 5, 10, 5, 5, 5, 6, 25, 5, 5, 5, 5, 25, 5, 5, 5, 5, 5, 14, 10, 10, 15, 5, 5, 5, 5, 10, 5, 10, 15, 5, 10, 5, 10, 5, 10, 10, 5, 5, 5, 5, 5, 5, 5, 5, 5, 5, 5, 5, 10, 5, 10, 5, 5, 5, 5, 15, 5, 10, 5, 5, 15, 10, 6, 10, 5, 10, 5, 5, 15, 10, 10, 10, 5, 5, 5, 5, 15, 15, 10, 5, 10, 5, 10, 5, 10, 5, 5, 5, 5, 5, 5, 19, 5, 5, 10, 5, 5, 15, 5, 15, 10, 15, 10, 20, 11, 10, 5, 20, 5, 5, 12, 16, 10, 10, 5, 10, 5, 10, 15, 5, 5, 5, 5, 5, 5, 5, 6, 5, 15, 10, 5, 5, 20, 5, 5, 10, 5, 5, 10, 5, 10, 15, 5, 5, 5, 5, 10, 5, 15, 5, 10, 2, 10, 5, 10, 15, 5, 5, 5, 5, 5, 10, 5, 20, 20, 15, 5, 5, 10, 10, 5, 10, 5, 15, 15, 10, 5, 10, 5, 25, 5, 10, 15, 5, 10, 5, 10, 10, 10, 5, 15, 15, 5, 5, 10, 10, 20, 5, 10, 15, 10, 5, 10, 10, 20, 20, 15, 10, 10, 10, 5, 15, 10, 25, 10, 5, 10, 1, 20, 5, 10, 15, 5, 10, 10, 18, 5, 15, 5, 15, 10, 5, 1, 5, 20, 5, 10, 10, 5, 10, 5, 10, 10, 10, 15, 10, 15, 10, 5, 20, 15, 5, 10, 15, 5, 10, 5, 10, 5, 20, 5, 5, 15, 5, 5, 15, 5, 5, 10, 10, 5, 20, 7, 15, 15, 10, 15, 10, 6, 10, 5, 15, 15, 10, 10, 10, 5, 5, 5, 20, 5, 5, 20, 20, 10, 5, 20, 5, 5, 5, 20, 15, 5, 10, 15, 5, 20, 6, 5, 15, 10, 5, 10, 20, 10, 12, 15, 10, 10, 10, 5, 10, 5, 10, 5, 10, 10, 5, 20, 10, 10, 10, 5, 15, 20, 10, 10, 15, 10, 10, 10, 15, 10, 5, 15, 20, 10, 25, 10, 10, 5, 10, 10, 10, 10, 15, 10, 15, 5, 5, 20, 10, 15, 10, 5, 30, 5, 15, 10, 10, 10, 10, 5, 10, 15, 10, 10, 5, 5, 20, 5, 5, 10, 5, 20, 5, 15, 15, 5, 10, 10, 5, 15, 5, 10, 15, 15, 10, 5, 5, 20, 10, 10, 20, 5, 3, 10, 5, 15, 15, 15, 35, 5, 20, 5, 5, 20, 15, 20, 15, 25, 5, 5, 21, 5, 5, 30, 10, 10, 5, 5, 10, 5, 5, 10, 20, 5, 5, 15, 15, 5, 15, 10, 5, 25, 10, 15, 15, 10, 12, 15, 5, 15, 20, 20, 15, 15, 5, 5, 6, 10, 12, 10, 5, 20, 10, 10, 15, 20, 5, 10, 20, 15, 10, 10, 10, 5, 15, 5, 5, 5, 30, 10, 15, 5, 5, 15, 20, 5, 10, 10, 10, 15, 15, 5, 5, 5, 1, 15, 5, 15, 5, 10, 5, 5, 5, 5, 5, 10, 10, 10, 10, 10, 10, 5, 25, 10, 10, 5, 15, 5, 5, 5, 10, 5, 10, 5, 5, 10, 10, 10, 6, 10, 15, 10, 10, 10, 10, 5, 10, 15, 15, 11, 9, 10, 10, 10, 10, 10, 15, 15, 15, 15, 12, 15, 5, 5, 10, 19, 10, 15, 5, 15, 
505639, 1
505639, 2396
505639, 4215
505639, 15351
505639, 4382
505639, 37898
506624, 1
506624, 5, 5, 5, 5, 5, 5, 5, 5, 5, 5, 5, 5, 5, 5, 5, 5, 5, 5, 5, 5, 5, 5, 5, 5, 5, 5, 5, 5, 5, 5, 5, 5, 5, 5, 5, 5, 5, 5, 5, 5, 5, 5, 5, 5, 5, 5, 5, 5, 5, 5, 5, 5, 5, 5, 5, 5, 5, 5, 5, 5, 5, 5, 5, 5, 5, 5, 5, 5, 5, 5, 5, 10, 5, 5, 5, 5, 5, 5, 5, 5, 10, 5, 5, 5, 5, 5, 5, 10, 5, 5, 5, 5, 5, 5, 5, 5, 10, 5, 5, 10, 5, 5, 5, 5, 5, 10, 5, 5, 5, 10, 5, 10, 10, 5, 5, 8, 5, 5, 5, 5, 5, 5, 1, 10, 5, 5, 5, 5, 10, 5, 5, 5, 10, 5, 5, 5, 10, 5, 5, 5, 5, 5, 10, 5, 5, 5, 5, 5, 5, 5, 5, 5, 5, 5, 5, 5, 5, 5, 5, 5, 10, 5, 5, 5, 5, 5, 10, 5, 5, 5, 5, 5, 10, 5, 5, 5, 10, 5, 5, 
506624, 3
506624, 3060
506624, 4879
506624, 12343
506624, 2061
506624, 37799
517193, 7
517193, 5, 5, 5, 5, 5, 5, 5, 5, 5, 5, 5, 5, 5, 5, 5, 5, 5, 5, 5, 5, 5, 5, 10, 5, 5, 5, 5, 5, 5, 5, 5, 5, 10, 5, 5, 5, 5, 5, 5, 10, 5, 10, 5, 5, 5, 5, 5, 10, 10, 10, 5, 5, 10, 5, 10, 5, 10, 10, 10, 10, 15, 5, 10, 5, 5, 5, 10, 5, 5, 5, 10, 5, 5, 10, 5, 5, 10, 15, 5, 5, 5, 17, 10, 10, 5, 10, 5, 5, 10, 5, 5, 5, 5, 5, 5, 5, 15, 5, 20, 5, 5, 15, 5, 10, 5, 5, 5, 5, 5, 15, 15, 5, 10, 5, 5, 10, 5, 10, 10, 5, 10, 5, 10, 5, 3, 5, 10, 10, 15, 5, 5, 7, 5, 5, 5, 10, 10, 5, 5, 15, 15, 5, 10, 5, 5, 5, 10, 5, 10, 5, 10, 25, 10, 5, 5, 10, 10, 10, 10, 10, 10, 5, 10, 16, 15, 10, 10, 20, 20, 1, 10, 10, 5, 15, 15, 10, 5, 10, 10, 5, 20, 5, 10, 10, 5, 15, 10, 5, 5, 15, 15, 5, 15, 5, 5, 10, 10, 15, 10, 5, 5, 20, 5, 5, 10, 20, 5, 10, 10, 10, 5, 15, 10, 10, 10, 5, 5, 5, 10, 10, 5, 15, 5, 10, 10, 10, 10, 15, 10, 5, 10, 15, 10, 10, 10, 10, 15, 5, 10, 5, 15, 5, 5, 15, 5, 15, 15, 15, 10, 10, 15, 15, 10, 5, 15, 10, 15, 12, 5, 10, 5, 5, 5, 15, 5, 10, 10, 5, 10, 10, 5, 5, 15, 10, 5, 5, 5, 10, 15, 20, 15, 10, 5, 10, 10, 10, 10, 5, 5, 5, 10, 5, 10, 5, 5, 25, 10, 10, 6, 10, 5, 10, 5, 5, 10, 20, 5, 18, 15, 15, 5, 10, 10, 5, 5, 10, 10, 5, 5, 10, 5, 5, 5, 10, 13, 5, 15, 5, 5, 10, 5, 5, 5, 15, 10, 15, 10, 20, 15, 15, 22, 5, 15, 5, 10, 10, 20, 20, 15, 10, 5, 20, 20, 10, 15, 10, 5, 25, 10, 10, 5, 15, 5, 10, 10, 10, 10, 15, 20, 5, 15, 5, 10, 10, 5, 10, 5, 10, 11, 5, 5, 5, 5, 10, 5, 20, 15, 15, 5, 15, 10, 5, 10, 20, 11, 5, 15, 25, 5, 15, 5, 10, 10, 25, 10, 6, 10, 10, 10, 5, 20, 5, 15, 15, 15, 15, 15, 10, 25, 5, 10, 12, 10, 10, 10, 10, 15, 6, 5, 10, 5, 5, 15, 20, 10, 5, 5, 15, 20, 25, 20, 15, 15, 10, 15, 10, 5, 5, 5, 5, 5, 10, 10, 5, 20, 20, 5, 5, 15, 15, 15, 15, 10, 10, 10, 15, 15, 5, 5, 5, 15, 25, 15, 10, 25, 5, 15, 10, 10, 5, 15, 5, 30, 15, 10, 10, 15, 5, 10, 5, 10, 15, 20, 25, 5, 15, 15, 5, 15, 15, 20, 5, 20, 10, 10, 20, 15, 10, 15, 15, 6, 15, 25, 17, 10, 25, 15, 20, 5, 25, 10, 15, 5, 5, 10, 6, 10, 15, 25, 5, 15, 5, 15, 5, 15, 10, 5, 20, 5, 10, 10, 10, 15, 10, 10, 10, 15, 15, 20, 16, 10, 15, 25, 10, 10, 15, 5, 15, 5, 10, 35, 10, 10, 10, 15, 20, 15, 15, 20, 20, 10, 20, 10, 5, 20, 15, 15, 5, 35, 10, 20, 15, 15, 10, 15, 10, 15, 10, 15, 15, 20, 10, 5, 20, 5, 5, 10, 10, 20, 10, 15, 5, 15, 25, 10, 15, 20, 15, 20, 10, 10, 25, 15, 15, 25, 5, 15, 15, 15, 10, 20, 10, 5, 5, 30, 30, 15, 15, 5, 10, 15, 20, 5, 10, 20, 25, 20, 15, 10, 10, 10, 5, 20, 10, 10, 15, 20, 15, 10, 35, 30, 10, 15, 20, 5, 15, 15, 5, 10, 10, 10, 15, 10, 20, 10, 10, 10, 10, 15, 20, 10, 15, 15, 5, 7, 10, 5, 5, 10, 5, 15, 5, 20, 20, 15, 10, 20, 10, 20, 5, 15, 10, 10, 15, 15, 15, 10, 10, 10, 15, 15, 5, 20, 10, 10, 10, 5, 5, 7, 5, 10, 5, 25, 10, 5, 10, 5, 10, 25, 10, 20, 5, 10, 10, 20, 35, 40, 5, 20, 5, 20, 15, 15, 5, 15, 20, 40, 5, 10, 11, 30, 12, 20, 5, 15, 15, 20, 10, 20, 5, 20, 10, 10, 5, 15, 15, 10, 5, 15, 16, 20, 5, 10, 10, 10, 6, 25, 25, 20, 40, 20, 10, 10, 15, 15, 10, 12, 30, 15, 10, 10, 15, 10, 15, 15, 25, 20, 10, 15, 10, 5, 5, 15, 10, 15, 15, 15, 20, 15, 15, 30, 15, 15, 10, 35, 15, 15, 35, 5, 10, 10, 10, 30, 10, 20, 10, 20, 5, 15, 25, 15, 20, 20, 5, 15, 15, 25, 25, 15, 5, 15, 5, 11, 25, 15, 15, 20, 5, 30, 5, 15, 20, 15, 20, 15, 5, 20, 10, 10, 20, 25, 15, 5, 15, 20, 10, 25, 15, 1, 10, 10, 15, 30, 10, 10, 15, 25, 10, 5, 5, 10, 10, 20, 10, 5, 10, 15, 20, 15, 20, 30, 15, 30, 10, 15, 10, 15, 20, 15, 25, 5, 15, 15, 40, 25, 15, 15, 20, 15, 10, 10, 10, 20, 20, 15, 20, 25, 15, 18, 
517193, 3
517193, 2356
517193, 4144
517193, 17856
517193, 6194
517193, 37780
517194, 1
517194, 
517194, 2
517194, 3055
517194, 4853
517194, 5068
517194, 2146
517194, 37910
517248, 1
517248, 5, 5, 5, 5, 5, 5, 5, 5, 5, 5, 3, 
517248, 3
517248, 3758
517248, 5624
517248, 11091
517248, 3474
517248, 37891
517256, 5
517256, 3, 
517256, 3
517256, 4440
517256, 6309
517256, 4880
517256, 1164
517256, 37961
517257, 1
517257, 
517257, 1
517257, 5117
517257, 6984
517257, 3905
517257, 1122
517257, 37802
517258, 1
517258, 
517258, 3
517258, 5798
517258, 7664
517258, 17499
517258, 4676
517258, 37855
526672, 17
526672, 5, 5, 5, 5, 5, 5, 5, 5, 5, 5, 5, 5, 5, 5, 5, 5, 5, 5, 5, 5, 5, 5, 5, 5, 10, 5, 5, 5, 5, 5, 5, 5, 5, 5, 5, 5, 5, 5, 10, 5, 5, 10, 5, 10, 5, 5, 5, 5, 5, 10, 10, 5, 5, 5, 5, 5, 5, 5, 10, 15, 5, 5, 5, 4, 5, 10, 5, 10, 10, 10, 5, 5, 5, 5, 10, 5, 5, 5, 5, 10, 5, 5, 5, 5, 5, 10, 10, 5, 5, 10, 5, 10, 5, 5, 5, 5, 5, 10, 5, 5, 5, 5, 5, 5, 5, 5, 5, 5, 5, 15, 5, 5, 10, 5, 20, 5, 10, 10, 10, 5, 5, 5, 5, 5, 5, 15, 10, 5, 5, 5, 5, 15, 5, 5, 5, 1, 5, 5, 5, 10, 5, 10, 5, 8, 5, 5, 15, 10, 15, 5, 10, 10, 10, 10, 10, 10, 15, 5, 20, 5, 10, 15, 5, 6, 5, 5, 5, 5, 5, 5, 5, 5, 10, 5, 10, 5, 5, 5, 5, 20, 5, 5, 15, 10, 5, 15, 5, 10, 5, 10, 5, 5, 5, 5, 10, 5, 10, 15, 10, 10, 5, 5, 5, 10, 5, 15, 10, 10, 5, 20, 20, 20, 5, 6, 5, 5, 10, 15, 5, 5, 5, 5, 10, 6, 10, 10, 15, 15, 10, 10, 5, 5, 20, 10, 10, 10, 15, 10, 15, 5, 10, 15, 10, 15, 10, 10, 5, 5, 15, 15, 10, 16, 5, 15, 15, 10, 10, 10, 10, 10, 15, 10, 10, 10, 10, 15, 5, 15, 10, 20, 10, 5, 5, 10, 15, 15, 25, 5, 15, 10, 5, 5, 10, 10, 15, 5, 5, 10, 10, 10, 10, 10, 10, 25, 15, 5, 10, 5, 5, 14, 5, 5, 10, 10, 18, 5, 14, 5, 5, 15, 5, 10, 10, 10, 10, 5, 10, 10, 10, 10, 10, 30, 10, 5, 2, 20, 10, 5, 10, 15, 10, 5, 10, 10, 10, 10, 10, 10, 5, 10, 5, 10, 5, 10, 20, 10, 10, 5, 5, 10, 10, 15, 5, 10, 5, 15, 15, 20, 10, 10, 5, 5, 10, 5, 10, 5, 20, 15, 10, 5, 5, 5, 10, 15, 5, 10, 5, 10, 5, 15, 5, 5, 5, 20, 10, 20, 10, 10, 5, 5, 10, 15, 10, 15, 10, 5, 15, 5, 5, 5, 5, 15, 20, 20, 5, 10, 15, 15, 5, 10, 15, 15, 5, 5, 15, 15, 10, 10, 10, 10, 5, 10, 5, 10, 20, 7, 5, 15, 15, 10, 20, 5, 10, 10, 15, 5, 10, 10, 10, 20, 15, 10, 10, 15, 5, 5, 5, 15, 10, 10, 10, 10, 10, 5, 5, 5, 10, 5, 20, 9, 10, 10, 20, 5, 10, 10, 20, 10, 25, 15, 15, 15, 20, 20, 5, 5, 15, 20, 10, 5, 15, 10, 10, 5, 20, 10, 20, 10, 20, 25, 5, 5, 10, 5, 10, 5, 10, 10, 5, 10, 5, 20, 15, 10, 20, 5, 15, 5, 10, 15, 15, 20, 10, 10, 10, 16, 20, 20, 10, 5, 10, 10, 10, 5, 15, 25, 5, 5, 15, 15, 20, 15, 10, 20, 10, 20, 15, 5, 25, 25, 15, 15, 5, 5, 20, 15, 10, 10, 5, 5, 15, 5, 10, 5, 10, 5, 40, 15, 20, 5, 10, 10, 15, 15, 10, 10, 10, 30, 15, 15, 15, 15, 20, 15, 5, 25, 15, 10, 10, 35, 15, 5, 20, 10, 15, 10, 15, 5, 10, 5, 10, 10, 5, 20, 15, 10, 10, 15, 15, 5, 10, 10, 10, 15, 5, 13, 25, 10, 20, 15, 20, 10, 5, 25, 15, 10, 15, 5, 15, 15, 5, 5, 15, 10, 10, 5, 10, 20, 15, 25, 10, 5, 10, 15, 10, 10, 15, 10, 5, 5, 5, 15, 20, 5, 20, 10, 5, 10, 10, 15, 10, 15, 5, 10, 20, 10, 10, 15, 10, 20, 20, 10, 10, 5, 10, 5, 10, 10, 25, 10, 10, 5, 10, 10, 15, 15, 25, 10, 10, 5, 10, 15, 35, 10, 5, 15, 15, 20, 5, 15, 10, 15, 5, 10, 15, 10, 10, 5, 10, 20, 10, 10, 20, 20, 5, 20, 23, 5, 5, 5, 5, 18, 5, 10, 5, 5, 15, 10, 20, 30, 5, 15, 10, 25, 5, 5, 5, 15, 15, 5, 10, 20, 15, 15, 10, 15, 10, 15, 25, 20, 10, 20, 15, 10, 12, 10, 10, 15, 25, 5, 5, 10, 10, 5, 5, 5, 15, 25, 10, 15, 25, 10, 10, 20, 10, 15, 15, 15, 15, 10, 15, 10, 5, 10, 5, 15, 30, 25, 10, 5, 5, 10, 20, 15, 10, 5, 12, 20, 10, 15, 20, 15, 15, 22, 10, 30, 20, 5, 5, 15, 15, 15, 25, 15, 20, 11, 10, 20, 10, 20, 15, 5, 10, 5, 10, 20, 10, 25, 20, 25, 20, 10, 10, 25, 5, 5, 20, 10, 15, 5, 15, 10, 15, 20, 11, 15, 10, 5, 5, 20, 5, 10, 15, 20, 10, 10, 15, 10, 5, 20, 10, 5, 5, 15, 5, 15, 20, 5, 10, 5, 20, 20, 5, 10, 15, 15, 10, 25, 30, 30, 10, 5, 10, 15, 25, 13, 25, 5, 20, 20, 10, 
526672, 1
526672, 1840
526672, 4123
526672, 21237
526672, 5358
526672, 38003
526673, 1
526673, 
526673, 2
526673, 2548
526673, 4850
526673, 22213
526673, 6297
526673, 37927
527325, 3
527325, 5, 5, 5, 5, 5, 5, 5, 5, 5, 5, 5, 5, 5, 5, 5, 5, 5, 5, 5, 5, 5, 5, 5, 5, 5, 5, 5, 5, 5, 1, 5, 5, 5, 5, 5, 5, 5, 5, 5, 5, 5, 5, 5, 5, 5, 5, 5, 5, 5, 5, 2, 5, 5, 5, 5, 10, 5, 5, 5, 5, 5, 5, 5, 5, 5, 5, 5, 5, 5, 5, 5, 5, 5, 5, 5, 5, 5, 5, 10, 5, 5, 5, 5, 5, 5, 5, 5, 5, 5, 5, 5, 5, 5, 5, 5, 5, 5, 5, 5, 5, 5, 5, 5, 5, 5, 5, 5, 10, 10, 5, 5, 5, 3, 5, 5, 5, 2, 5, 5, 5, 5, 5, 5, 5, 3, 5, 5, 8, 
527325, 1
527325, 2611
527325, 4786
527325, 15271
527325, 4716
527325, 37984
529294, 6
529294, 5, 5, 5, 5, 5, 5, 5, 5, 5, 5, 5, 5, 5, 5, 5, 3, 5, 5, 5, 5, 5, 5, 5, 5, 5, 5, 10, 5, 5, 5, 5, 5, 5, 5, 5, 5, 5, 5, 5, 5, 5, 10, 5, 5, 5, 5, 5, 5, 5, 5, 5, 5, 5, 5, 5, 5, 5, 5, 5, 5, 5, 5, 5, 5, 5, 5, 5, 5, 5, 5, 5, 5, 10, 5, 5, 5, 5, 5, 5, 5, 5, 5, 5, 5, 5, 5, 10, 5, 5, 5, 5, 5, 5, 5, 10, 5, 5, 5, 5, 5, 5, 3, 5, 5, 15, 10, 5, 5, 5, 5, 5, 5, 5, 10, 10, 5, 10, 10, 5, 15, 5, 5, 1, 5, 5, 5, 5, 5, 5, 5, 5, 5, 5, 5, 5, 5, 5, 5, 5, 5, 5, 5, 5, 5, 5, 5, 10, 5, 5, 5, 5, 5, 5, 5, 5, 5, 10, 5, 10, 5, 5, 10, 5, 5, 5, 5, 10, 10, 5, 10, 5, 5, 10, 5, 5, 5, 5, 5, 5, 5, 10, 5, 10, 5, 5, 5, 5, 5, 10, 5, 5, 5, 5, 5, 5, 5, 10, 5, 10, 5, 5, 5, 5, 2, 10, 10, 5, 5, 5, 5, 5, 10, 5, 5, 5, 5, 5, 5, 15, 5, 10, 5, 10, 5, 5, 5, 5, 5, 10, 5, 5, 5, 5, 5, 5, 5, 5, 5, 10, 5, 2, 5, 5, 5, 5, 5, 5, 5, 5, 5, 5, 5, 5, 5, 10, 5, 5, 5, 5, 5, 5, 10, 5, 10, 5, 10, 5, 10, 15, 5, 10, 10, 5, 5, 5, 5, 5, 5, 5, 5, 5, 5, 15, 10, 10, 5, 5, 5, 5, 5, 5, 4, 5, 5, 5, 5, 5, 5, 5, 15, 5, 5, 5, 10, 5, 15, 5, 15, 5, 5, 5, 5, 5, 10, 5, 5, 5, 10, 10, 5, 5, 10, 5, 7, 10, 5, 5, 5, 5, 10, 10, 5, 1, 
529294, 1
529294, 2696
529294, 4841
529294, 38282
529294, 6157
529294, 37913
529295, 1
529295, 
529295, 2
529295, 3404
529295, 5553
529295, 9985
529295, 2267
529295, 38043
529296, 1
529296, 
529296, 2
529296, 4103
529296, 6251
529296, 14826
529296, 4998
529296, 38111
529297, 1
529297, 
529297, 1
529297, 4798
529297, 6949
529297, 14710
529297, 2569
529297, 38040
532894, 1
532894, 5, 5, 5, 5, 5, 5, 5, 5, 5, 5, 5, 5, 5, 5, 5, 5, 5, 5, 5, 5, 5, 5, 5, 5, 5, 10, 5, 5, 5, 10, 5, 5, 10, 5, 5, 5, 5, 5, 5, 5, 5, 5, 5, 5, 5, 5, 5, 5, 5, 5, 5, 5, 5, 5, 5, 5, 5, 5, 5, 10, 10, 5, 5, 5, 10, 5, 5, 5, 5, 5, 5, 10, 10, 5, 5, 5, 25, 5, 5, 5, 10, 10, 5, 5, 5, 5, 5, 5, 5, 5, 5, 10, 5, 5, 5, 5, 10, 5, 5, 5, 5, 5, 5, 5, 5, 5, 5, 5, 5, 5, 5, 15, 10, 5, 15, 5, 5, 2, 5, 5, 10, 5, 5, 5, 5, 5, 5, 5, 10, 5, 10, 5, 10, 5, 5, 5, 5, 5, 5, 5, 5, 5, 5, 5, 10, 5, 5, 5, 5, 5, 5, 5, 5, 5, 10, 10, 5, 5, 5, 5, 5, 10, 5, 5, 5, 5, 5, 5, 5, 5, 5, 5, 5, 5, 5, 5, 5, 5, 5, 5, 5, 5, 5, 5, 10, 10, 5, 5, 5, 5, 5, 15, 5, 5, 10, 5, 5, 5, 5, 5, 5, 5, 10, 10, 10, 5, 5, 5, 10, 10, 5, 10, 10, 5, 5, 5, 15, 5, 5, 5, 5, 5, 5, 10, 5, 5, 5, 5, 5, 5, 5, 5, 10, 5, 15, 10, 5, 10, 5, 5, 10, 5, 5, 5, 5, 5, 5, 5, 5, 5, 5, 5, 5, 15, 10, 5, 5, 5, 5, 5, 5, 10, 5, 5, 5, 15, 5, 10, 10, 5, 5, 8, 5, 5, 5, 10, 5, 5, 5, 5, 5, 10, 3, 10, 5, 10, 5, 8, 5, 5, 5, 5, 10, 5, 15, 10, 5, 10, 10, 5, 15, 10, 5, 5, 5, 5, 5, 5, 10, 10, 15, 5, 10, 5, 10, 5, 5, 5, 10, 10, 5, 5, 5, 10, 10, 10, 5, 5, 5, 5, 5, 5, 10, 10, 5, 5, 5, 10, 10, 5, 5, 5, 10, 10, 5, 5, 5, 5, 5, 10, 5, 10, 5, 5, 10, 10, 5, 7, 10, 15, 5, 5, 15, 10, 5, 5, 5, 10, 5, 5, 10, 10, 10, 5, 5, 10, 5, 5, 5, 5, 5, 10, 5, 5, 15, 10, 5, 5, 10, 5, 10, 5, 10, 20, 5, 5, 5, 10, 5, 5, 5, 5, 10, 10, 5, 5, 5, 5, 5, 10, 7, 5, 5, 5, 15, 10, 10, 10, 5, 10, 5, 5, 15, 5, 10, 5, 5, 5, 5, 5, 5, 5, 5, 5, 5, 5, 10, 10, 5, 5, 5, 5, 15, 5, 5, 5, 5, 10, 15, 5, 5, 5, 15, 10, 5, 10, 10, 5, 5, 10, 10, 5, 5, 5, 5, 5, 15, 15, 5, 5, 5, 5, 10, 5, 5, 15, 10, 5, 10, 15, 5, 5, 15, 5, 10, 20, 10, 5, 10, 10, 15, 10, 5, 20, 10, 5, 5, 10, 5, 5, 9, 10, 5, 5, 10, 5, 10, 5, 5, 10, 5, 5, 5, 10, 6, 10, 5, 10, 5, 16, 10, 5, 15, 5, 10, 15, 20, 15, 5, 
532894, 2
532894, 2149
532894, 4299
532894, 10242
532894, 4008
532894, 38072
540636, 6
540636, 5, 5, 5, 5, 5, 5, 5, 5, 5, 5, 5, 5, 10, 5, 5, 5, 5, 5, 5, 5, 5, 5, 5, 5, 10, 5, 5, 5, 5, 5, 5, 5, 5, 5, 5, 10, 5, 5, 5, 5, 10, 5, 5, 5, 5, 5, 5, 5, 5, 5, 5, 10, 5, 5, 3, 5, 5, 5, 5, 5, 5, 5, 5, 5, 5, 5, 5, 5, 5, 5, 5, 5, 5, 5, 5, 5, 5, 5, 10, 5, 10, 5, 5, 5, 5, 10, 5, 5, 10, 5, 5, 5, 5, 15, 5, 5, 5, 5, 10, 5, 5, 10, 5, 5, 10, 5, 5, 5, 5, 5, 5, 5, 5, 5, 1, 5, 5, 25, 5, 5, 5, 10, 10, 5, 5, 10, 5, 15, 10, 5, 15, 5, 5, 5, 5, 15, 5, 5, 10, 5, 5, 10, 15, 5, 5, 15, 15, 10, 5, 15, 5, 5, 5, 5, 5, 5, 10, 5, 10, 10, 10, 10, 15, 5, 5, 5, 10, 10, 5, 5, 10, 5, 5, 5, 5, 10, 5, 5, 10, 5, 5, 5, 5, 5, 10, 5, 5, 5, 5, 5, 5, 5, 5, 15, 15, 10, 5, 5, 15, 5, 5, 10, 20, 10, 10, 5, 5, 5, 5, 5, 5, 10, 5, 5, 5, 5, 10, 15, 10, 5, 10, 5, 10, 5, 5, 5, 10, 10, 5, 10, 15, 5, 5, 5, 10, 10, 5, 15, 15, 10, 15, 15, 5, 5, 15, 5, 10, 5, 5, 15, 5, 10, 10, 10, 10, 10, 15, 10, 5, 10, 5, 5, 5, 5, 10, 15, 10, 5, 5, 5, 10, 10, 10, 20, 10, 10, 5, 10, 7, 5, 10, 5, 10, 10, 5, 5, 10, 10, 10, 10, 10, 5, 5, 10, 7, 10, 10, 10, 5, 20, 5, 5, 10, 5, 5, 10, 5, 10, 5, 20, 15, 5, 5, 10, 5, 15, 5, 5, 10, 5, 5, 10, 5, 5, 10, 5, 10, 10, 10, 15, 5, 20, 20, 10, 10, 15, 5, 10, 10, 15, 10, 20, 5, 10, 5, 15, 10, 5, 20, 5, 5, 15, 10, 10, 10, 15, 5, 11, 15, 5, 10, 10, 10, 5, 15, 5, 10, 15, 25, 10, 15, 20, 5, 15, 10, 20, 18, 15, 15, 17, 20, 5, 10, 5, 10, 5, 10, 10, 7, 10, 5, 5, 5, 15, 10, 10, 10, 5, 10, 10, 15, 5, 15, 10, 5, 10, 10, 15, 10, 10, 5, 10, 4, 5, 5, 12, 5, 5, 5, 20, 18, 15, 15, 5, 10, 10, 10, 5, 5, 10, 5, 5, 10, 5, 15, 10, 15, 10, 15, 15, 5, 5, 10, 15, 20, 10, 5, 5, 10, 10, 15, 15, 5, 5, 15, 15, 10, 5, 5, 10, 10, 10, 10, 20, 15, 5, 13, 5, 5, 10, 20, 10, 5, 5, 5, 20, 10, 10, 1, 5, 10, 5, 1, 10, 5, 10, 10, 15, 10, 5, 20, 20, 15, 5, 15, 5, 10, 20, 5, 10, 5, 5, 10, 15, 10, 10, 5, 10, 10, 10, 10, 10, 15, 10, 10, 5, 15, 15, 15, 5, 10, 16, 5, 5, 5, 20, 20, 15, 11, 12, 15, 5, 10, 10, 15, 10, 15, 15, 15, 5, 10, 5, 10, 15, 15, 15, 5, 3, 10, 15, 5, 5, 10, 5, 5, 20, 10, 10, 12, 5, 10, 10, 15, 5, 15, 5, 5, 10, 10, 15, 15, 20, 10, 5, 10, 5, 15, 10, 5, 20, 5, 5, 25, 20, 20, 10, 10, 20, 15, 10, 10, 5, 11, 20, 10, 10, 15, 10, 10, 5, 10, 10, 5, 15, 5, 15, 10, 15, 10, 10, 5, 10, 5, 15, 10, 20, 15, 15, 20, 10, 5, 15, 10, 10, 10, 10, 10, 10, 10, 5, 10, 15, 10, 10, 5, 5, 15, 15, 5, 10, 15, 20, 10, 10, 15, 10, 10, 5, 15, 20, 10, 15, 20, 5, 10, 15, 15, 15, 10, 5, 5, 5, 5, 10, 10, 10, 10, 20, 10, 25, 5, 5, 10, 5, 25, 15, 5, 15, 15, 10, 5, 5, 10, 15, 10, 5, 15, 5, 16, 15, 15, 15, 5, 15, 5, 15, 5, 10, 5, 10, 10, 5, 5, 15, 15, 10, 10, 10, 10, 15, 10, 10, 5, 10, 5, 5, 15, 15, 10, 5, 6, 10, 10, 15, 30, 10, 5, 5, 5, 10, 5, 15, 15, 10, 10, 10, 10, 7, 15, 5, 5, 20, 11, 10, 20, 10, 10, 10, 10, 20, 20, 25, 15, 10, 15, 15, 35, 10, 20, 5, 5, 5, 15, 10, 15, 10, 5, 15, 15, 10, 20, 5, 10, 10, 10, 15, 15, 20, 10, 15, 6, 25, 5, 10, 15, 15, 5, 15, 15, 10, 10, 5, 15, 10, 5, 10, 20, 20, 15, 20, 5, 15, 20, 10, 10, 20, 5, 25, 10, 30, 10, 5, 15, 10, 25, 10, 
540636, 1
540636, 2604
540636, 4664
540636, 8597
540636, 3967
540636, 38124
552197, 21
552197, 5, 5, 5, 5, 5, 5, 5, 10, 5, 5, 5, 5, 5, 5, 10, 5, 5, 5, 5, 5, 5, 5, 5, 5, 5, 5, 5, 5, 5, 5, 10, 5, 10, 5, 10, 10, 5, 5, 5, 10, 15, 10, 5, 5, 10, 5, 5, 5, 5, 10, 5, 5, 5, 10, 5, 5, 5, 10, 5, 5, 10, 10, 5, 5, 5, 5, 10, 15, 5, 10, 15, 10, 5, 5, 5, 5, 5, 5, 5, 10, 5, 10, 5, 20, 5, 5, 5, 10, 5, 5, 10, 5, 5, 5, 15, 15, 5, 5, 5, 5, 10, 5, 5, 5, 10, 20, 10, 5, 10, 10, 10, 10, 5, 5, 5, 5, 12, 5, 5, 5, 10, 5, 5, 15, 5, 15, 10, 5, 5, 5, 5, 5, 5, 10, 10, 7, 5, 5, 8, 5, 5, 10, 10, 10, 5, 5, 10, 10, 5, 15, 20, 5, 5, 5, 5, 5, 5, 20, 15, 5, 5, 10, 5, 5, 5, 10, 5, 5, 15, 5, 15, 15, 5, 5, 5, 17, 15, 10, 5, 5, 5, 10, 10, 5, 20, 10, 10, 10, 20, 10, 5, 5, 15, 5, 10, 5, 10, 5, 10, 5, 5, 10, 10, 10, 5, 15, 10, 5, 5, 15, 5, 15, 20, 15, 5, 10, 10, 15, 10, 5, 10, 15, 5, 10, 10, 5, 25, 5, 15, 15, 5, 15, 10, 10, 10, 15, 5, 15, 11, 15, 5, 5, 10, 10, 15, 5, 10, 15, 5, 10, 10, 5, 10, 15, 10, 20, 10, 5, 5, 5, 10, 15, 5, 15, 20, 10, 5, 5, 15, 10, 20, 10, 20, 10, 5, 20, 5, 5, 25, 10, 5, 10, 25, 10, 15, 10, 10, 15, 10, 10, 10, 15, 15, 15, 10, 15, 5, 5, 10, 15, 5, 15, 10, 5, 5, 15, 10, 20, 15, 5, 15, 11, 10, 10, 15, 5, 10, 10, 15, 5, 10, 15, 5, 5, 10, 10, 5, 20, 15, 15, 20, 20, 10, 5, 15, 5, 5, 11, 15, 5, 10, 5, 15, 10, 15, 15, 15, 15, 10, 5, 10, 5, 5, 15, 15, 15, 10, 10, 15, 5, 20, 10, 5, 10, 5, 10, 15, 15, 25, 5, 5, 10, 20, 20, 20, 20, 5, 5, 20, 15, 15, 10, 10, 15, 20, 5, 10, 10, 10, 20, 10, 10, 10, 10, 10, 10, 15, 25, 10, 20, 10, 20, 15, 10, 5, 10, 10, 10, 10, 15, 25, 5, 15, 15, 11, 20, 5, 10, 15, 10, 5, 15, 15, 10, 5, 20, 10, 20, 20, 5, 15, 10, 5, 5, 35, 18, 10, 5, 15, 15, 10, 5, 10, 15, 10, 10, 5, 15, 20, 10, 25, 10, 25, 15, 10, 30, 10, 5, 10, 20, 15, 10, 10, 15, 15, 10, 10, 10, 20, 10, 10, 25, 20, 15, 15, 15, 10, 10, 10, 15, 20, 15, 10, 10, 30, 15, 10, 25, 15, 25, 5, 20, 10, 20, 30, 20, 15, 15, 5, 10, 15, 10, 15, 10, 9, 15, 15, 10, 15, 15, 10, 20, 20, 10, 10, 10, 10, 15, 15, 5, 5, 10, 15, 15, 20, 20, 10, 25, 15, 10, 15, 5, 20, 10, 25, 15, 10, 30, 10, 10, 5, 10, 10, 10, 10, 15, 20, 5, 20, 25, 10, 10, 20, 9, 15, 30, 20, 30, 5, 15, 15, 30, 15, 10, 20, 10, 5, 10, 30, 10, 5, 10, 30, 25, 15, 15, 20, 10, 10, 20, 10, 20, 10, 10, 25, 15, 5, 15, 20, 30, 10, 15, 25, 15, 10, 15, 15, 15, 5, 10, 25, 5, 10, 15, 5, 15, 15, 35, 10, 10, 5, 25, 20, 15, 20, 10, 20, 20, 10, 15, 30, 25, 10, 20, 10, 20, 20, 5, 20, 10, 15, 15, 19, 30, 10, 5, 5, 5, 20, 10, 40, 5, 20, 10, 10, 10, 32, 5, 13, 10, 25, 15, 25, 10, 15, 20, 25, 5, 15, 20, 25, 15, 10, 15, 15, 30, 10, 20, 15, 15, 10, 20, 15, 5, 15, 12, 22, 20, 15, 10, 5, 10, 5, 10, 25, 40, 5, 20, 15, 5, 15, 5, 10, 20, 5, 10, 20, 10, 30, 20, 20, 10, 20, 15, 25, 8, 20, 20, 15, 20, 20, 10, 25, 5, 15, 5, 12, 11, 15, 20, 5, 5, 15, 15, 10, 25, 15, 20, 15, 40, 10, 10, 10, 30, 20, 25, 15, 15, 10, 15, 15, 10, 10, 15, 10, 15, 10, 5, 10, 5, 15, 15, 30, 10, 20, 25, 25, 20, 5, 10, 5, 10, 15, 20, 15, 35, 15, 15, 25, 15, 15, 5, 20, 10, 20, 10, 5, 10, 20, 10, 5, 20, 5, 15, 20, 25, 35, 10, 20, 20, 5, 20, 5, 20, 25, 20, 25, 30, 10, 10, 10, 10, 15, 30, 5, 20, 10, 15, 15, 15, 15, 20, 25, 15, 15, 30, 20, 10, 5, 25, 5, 15, 5, 10, 10, 15, 5, 10, 15, 25, 10, 20, 25, 25, 9, 20, 15, 10, 10, 10, 10, 5, 15, 20, 15, 20, 15, 20, 10, 20, 10, 10, 30, 25, 5, 15, 20, 30, 30, 25, 30, 15, 15, 10, 15, 15, 30, 10, 40, 5, 10, 10, 10, 10, 5, 15, 15, 30, 20, 10, 20, 5, 10, 10, 20, 15, 30, 5, 20, 20, 10, 5, 15, 30, 15, 21, 10, 20, 5, 15, 10, 20, 20, 15, 27, 20, 20, 25, 20, 25, 10, 35, 15, 15, 20, 10, 
552197, 1
552197, 1732
552197, 3681
552197, 13465
552197, 2390
552197, 38110
568166, 13
568166, 5, 5, 5, 5, 5, 5, 5, 5, 5, 5, 5, 6, 5, 10, 5, 5, 5, 5, 5, 5, 15, 5, 10, 5, 5, 10, 5, 5, 5, 5, 5, 5, 5, 5, 5, 10, 10, 5, 5, 10, 5, 5, 15, 5, 10, 10, 10, 5, 5, 10, 10, 5, 5, 5, 5, 10, 10, 10, 10, 5, 5, 15, 5, 5, 10, 5, 5, 10, 5, 5, 5, 10, 10, 5, 5, 15, 15, 5, 15, 10, 15, 10, 5, 5, 5, 15, 15, 5, 10, 5, 10, 5, 10, 10, 10, 5, 5, 10, 5, 15, 5, 10, 15, 5, 25, 10, 10, 10, 10, 5, 15, 12, 15, 10, 10, 5, 10, 10, 10, 10, 5, 5, 5, 15, 5, 10, 10, 10, 5, 5, 5, 15, 10, 5, 15, 5, 5, 15, 20, 10, 10, 5, 10, 11, 5, 5, 15, 25, 10, 10, 10, 10, 10, 10, 10, 10, 15, 10, 5, 10, 10, 15, 15, 10, 20, 15, 25, 15, 15, 10, 5, 35, 10, 5, 10, 15, 15, 10, 20, 10, 5, 15, 15, 15, 5, 10, 10, 15, 15, 20, 10, 10, 25, 15, 10, 5, 15, 15, 10, 5, 20, 15, 5, 5, 10, 10, 15, 10, 5, 15, 15, 10, 5, 15, 15, 10, 5, 5, 10, 20, 15, 10, 15, 15, 20, 5, 20, 10, 15, 10, 15, 10, 5, 5, 10, 15, 10, 15, 15, 10, 10, 10, 25, 5, 25, 15, 5, 10, 5, 20, 5, 31, 25, 5, 30, 15, 10, 15, 15, 30, 10, 10, 20, 10, 10, 35, 20, 15, 5, 10, 10, 5, 10, 15, 10, 5, 10, 15, 20, 10, 10, 10, 10, 15, 10, 10, 20, 10, 25, 10, 5, 15, 10, 25, 10, 5, 5, 30, 15, 15, 5, 20, 30, 5, 10, 5, 10, 15, 5, 5, 10, 10, 10, 25, 10, 10, 5, 10, 10, 15, 15, 5, 10, 15, 30, 10, 25, 5, 10, 20, 10, 20, 15, 10, 20, 15, 10, 15, 20, 5, 5, 5, 5, 10, 5, 25, 5, 15, 5, 10, 15, 16, 10, 10, 20, 25, 10, 5, 15, 15, 30, 20, 30, 15, 6, 10, 40, 15, 15, 20, 15, 10, 25, 5, 15, 15, 5, 10, 35, 5, 15, 20, 20, 10, 25, 15, 5, 15, 10, 20, 15, 20, 5, 30, 15, 25, 20, 15, 10, 15, 25, 10, 15, 5, 20, 10, 20, 20, 35, 15, 5, 15, 10, 20, 10, 15, 15, 15, 15, 10, 10, 15, 10, 20, 20, 15, 5, 15, 10, 20, 16, 5, 20, 30, 25, 30, 5, 5, 10, 10, 15, 15, 20, 20, 15, 15, 5, 15, 30, 26, 10, 35, 10, 20, 20, 10, 5, 5, 25, 15, 20, 20, 10, 10, 15, 10, 15, 10, 20, 15, 10, 10, 10, 25, 5, 20, 10, 15, 15, 20, 15, 15, 30, 20, 20, 20, 15, 45, 20, 21, 10, 10, 15, 25, 25, 25, 10, 15, 20, 15, 15, 25, 11, 20, 25, 15, 25, 15, 20, 25, 15, 20, 25, 25, 23, 20, 20, 20, 10, 15, 20, 15, 5, 20, 30, 20, 15, 15, 15, 15, 5, 25, 10, 20, 35, 15, 10, 15, 15, 10, 20, 20, 20, 5, 40, 35, 20, 30, 25, 10, 28, 15, 20, 25, 25, 10, 10, 25, 25, 20, 20, 20, 45, 30, 15, 15, 25, 25, 20, 20, 20, 15, 15, 5, 10, 25, 35, 38, 10, 35, 20, 20, 15, 20, 25, 10, 7, 15, 15, 35, 15, 10, 15, 15, 20, 35, 30, 10, 20, 10, 30, 20, 20, 15, 5, 10, 15, 10, 20, 5, 15, 15, 20, 10, 20, 30, 10, 10, 15, 15, 20, 20, 25, 15, 25, 20, 15, 15, 30, 10, 10, 15, 15, 20, 15, 30, 25, 25, 10, 15, 30, 10, 30, 25, 20, 10, 30, 20, 30, 25, 25, 30, 20, 30, 35, 5, 10, 30, 30, 11, 15, 10, 10, 15, 10, 5, 15, 15, 10, 20, 20, 15, 10, 35, 15, 15, 10, 10, 25, 35, 35, 15, 20, 20, 10, 6, 20, 5, 15, 40, 10, 20, 10, 16, 25, 15, 15, 35, 10, 25, 10, 15, 10, 10, 20, 10, 30, 15, 30, 10, 10, 30, 25, 20, 30, 40, 15, 20, 30, 15, 20, 10, 20, 5, 28, 20, 30, 15, 25, 15, 20, 25, 15, 30, 25, 25, 50, 15, 35, 15, 15, 10, 20, 10, 15, 30, 20, 25, 10, 20, 15, 10, 25, 30, 10, 5, 35, 10, 20, 20, 15, 10, 15, 10, 30, 15, 15, 20, 10, 10, 15, 10, 15, 15, 10, 20, 10, 30, 20, 15, 25, 30, 27, 20, 20, 30, 20, 25, 20, 15, 25, 30, 10, 16, 20, 20, 30, 15, 20, 20, 10, 20, 5, 10, 19, 25, 15, 15, 30, 9, 10, 10, 30, 27, 20, 20, 10, 20, 40, 15, 20, 10, 36, 20, 30, 15, 25, 10, 13, 30, 10, 43, 20, 20, 40, 40, 40, 10, 25, 20, 25, 35, 15, 15, 35, 10, 5, 15, 10, 35, 20, 15, 15, 30, 30, 25, 25, 10, 20, 16, 10, 20, 35, 10, 15, 20, 30, 25, 20, 15, 20, 10, 14, 20, 20, 15, 10, 15, 35, 25, 15, 15, 10, 10, 20, 25, 10, 25, 35, 32, 15, 20, 18, 30, 15, 20, 25, 20, 36, 35, 25, 25, 17, 5, 30, 10, 35, 17, 25, 10, 10, 20, 40, 20, 10, 10, 30, 10, 20, 25, 15, 5, 46, 15, 15, 10, 20, 15, 15, 5, 5, 15, 15, 32, 30, 40, 15, 30, 30, 25, 25, 25, 30, 21, 15, 15, 30, 20, 35, 35, 5, 5, 25, 20, 20, 20, 10, 20, 20, 25, 15, 16, 5, 15, 10, 15, 20, 15, 5, 30, 25, 10, 15, 30, 30, 30, 15, 35, 25, 35, 20, 25, 10, 30, 35, 10, 25, 15, 20, 35, 5, 10, 5, 25, 20, 15, 25, 20, 15, 10, 5, 18, 
568166, 3
568166, 1579
568166, 3415
568166, 4356
568166, 899
568166, 38037
568167, 1
568167, 
568167, 1
568167, 2346
568167, 4175
568167, 8269
568167, 979
568167, 38091
570019, 2
570019, 5, 5, 5, 5, 5, 5, 5, 5, 5, 5, 5, 5, 5, 5, 5, 5, 5, 5, 5, 5, 5, 5, 5, 5, 5, 5, 5, 5, 5, 5, 5, 10, 5, 5, 5, 5, 5, 5, 5, 5, 5, 5, 5, 5, 5, 5, 5, 5, 5, 5, 5, 5, 5, 5, 5, 5, 5, 5, 5, 5, 5, 5, 5, 10, 5, 5, 5, 5, 5, 5, 5, 5, 5, 5, 5, 5, 5, 15, 10, 10, 5, 10, 5, 5, 5, 5, 10, 5, 5, 5, 5, 5, 5, 5, 5, 5, 5, 5, 5, 5, 5, 5, 5, 5, 5, 5, 5, 5, 5, 10, 5, 5, 5, 5, 5, 5, 5, 5, 5, 5, 5, 5, 5, 5, 5, 5, 5, 5, 5, 5, 5, 10, 5, 5, 5, 5, 10, 5, 5, 5, 5, 5, 10, 5, 10, 5, 5, 5, 5, 5, 5, 5, 5, 5, 5, 10, 5, 5, 5, 5, 5, 5, 5, 15, 5, 10, 10, 1, 5, 5, 5, 5, 5, 10, 10, 5, 15, 5, 5, 5, 5, 5, 5, 5, 5, 5, 5, 5, 5, 5, 5, 5, 5, 10, 5, 5, 5, 5, 5, 5, 5, 5, 5, 5, 10, 10, 5, 10, 10, 5, 10, 10, 10, 5, 5, 10, 5, 5, 1, 10, 5, 5, 5, 5, 10, 5, 5, 5, 5, 5, 5, 10, 10, 5, 10, 5, 5, 5, 5, 5, 5, 5, 5, 5, 5, 5, 5, 5, 1, 5, 5, 5, 5, 5, 7, 10, 10, 5, 5, 5, 10, 5, 5, 5, 10, 5, 15, 5, 20, 5, 10, 5, 10, 5, 10, 10, 5, 5, 5, 5, 5, 5, 10, 10, 5, 5, 5, 10, 5, 5, 5, 10, 5, 10, 10, 15, 5, 5, 10, 5, 5, 10, 5, 5, 5, 5, 5, 5, 5, 5, 5, 5, 5, 
570019, 2
570019, 3070
570019, 7815
570019, 14867
570019, 2594
570019, 38034
576332, 6
576332, 5, 5, 5, 5, 5, 5, 5, 5, 5, 5, 5, 5, 5, 5, 5, 5, 5, 5, 5, 5, 5, 5, 5, 5, 5, 5, 5, 5, 5, 5, 5, 5, 5, 10, 5, 10, 5, 5, 5, 5, 10, 5, 5, 5, 5, 5, 5, 10, 5, 5, 5, 5, 5, 5, 5, 10, 15, 1, 5, 10, 5, 5, 5, 5, 5, 10, 10, 5, 5, 5, 5, 15, 5, 5, 5, 5, 5, 5, 5, 5, 5, 10, 5, 5, 5, 5, 5, 5, 5, 5, 5, 5, 5, 5, 5, 5, 10, 5, 10, 5, 5, 8, 5, 5, 5, 5, 10, 5, 10, 10, 10, 5, 10, 10, 10, 5, 5, 5, 10, 10, 10, 5, 10, 5, 5, 10, 5, 5, 10, 5, 5, 10, 10, 5, 5, 5, 5, 5, 5, 5, 10, 5, 5, 5, 5, 10, 10, 5, 5, 10, 10, 5, 5, 5, 5, 10, 5, 10, 5, 5, 5, 5, 5, 5, 5, 5, 5, 3, 10, 5, 10, 5, 5, 5, 5, 5, 5, 5, 15, 5, 10, 10, 10, 10, 5, 5, 5, 5, 5, 5, 20, 5, 5, 10, 10, 10, 5, 5, 5, 5, 10, 5, 5, 5, 5, 1, 10, 5, 10, 10, 5, 10, 5, 5, 10, 10, 10, 5, 5, 5, 5, 1, 20, 5, 5, 20, 15, 10, 10, 5, 5, 5, 5, 15, 10, 5, 15, 5, 5, 5, 10, 10, 5, 5, 5, 15, 5, 5, 10, 5, 5, 5, 5, 10, 5, 10, 10, 10, 5, 5, 5, 5, 5, 5, 10, 5, 5, 5, 5, 5, 5, 5, 10, 5, 15, 5, 15, 5, 10, 10, 5, 5, 5, 5, 5, 5, 10, 10, 10, 10, 5, 5, 5, 10, 5, 5, 5, 5, 10, 5, 5, 10, 20, 5, 3, 5, 5, 5, 5, 5, 5, 5, 5, 5, 5, 5, 15, 5, 15, 10, 10, 5, 5, 10, 10, 5, 10, 15, 10, 10, 5, 5, 15, 5, 20, 5, 5, 15, 10, 5, 5, 15, 5, 5, 10, 5, 25, 10, 10, 5, 5, 5, 5, 10, 12, 10, 5, 10, 5, 10, 15, 10, 10, 10, 15, 10, 15, 5, 10, 10, 18, 5, 15, 10, 15, 5, 5, 10, 10, 5, 10, 15, 15, 10, 5, 10, 20, 5, 10, 10, 5, 5, 5, 10, 10, 5, 5, 5, 10, 10, 5, 5, 10, 5, 10, 5, 20, 5, 10, 5, 5, 10, 15, 10, 5, 5, 5, 10, 5, 10, 5, 5, 10, 10, 15, 10, 5, 5, 10, 10, 10, 5, 5, 10, 10, 15, 10, 10, 5, 10, 10, 5, 15, 5, 15, 5, 10, 10, 10, 10, 5, 10, 25, 5, 5, 10, 10, 10, 15, 10, 10, 10, 5, 5, 20, 5, 15, 5, 10, 5, 15, 5, 20, 15, 5, 10, 5, 20, 10, 15, 10, 10, 10, 10, 10, 10, 10, 5, 10, 10, 10, 10, 15, 5, 5, 10, 10, 10, 10, 5, 15, 10, 5, 15, 5, 10, 10, 10, 10, 15, 10, 10, 10, 5, 10, 10, 15, 5, 15, 5, 10, 10, 5, 5, 15, 15, 10, 5, 10, 5, 5, 15, 10, 5, 15, 5, 5, 10, 5, 10, 25, 10, 10, 5, 10, 5, 5, 5, 15, 5, 5, 10, 10, 10, 15, 5, 5, 5, 10, 5, 5, 15, 5, 5, 15, 15, 5, 5, 20, 15, 5, 5, 5, 5, 20, 15, 5, 10, 5, 5, 10, 5, 15, 10, 15, 15, 5, 10, 15, 10, 5, 5, 10, 20, 5, 10, 10, 5, 5, 20, 6, 10, 5, 10, 10, 5, 15, 15, 15, 15, 10, 10, 10, 10, 15, 10, 10, 15, 5, 10, 5, 10, 5, 5, 10, 20, 15, 5, 15, 5, 5, 10, 10, 5, 5, 10, 5, 15, 15, 5, 5, 5, 5, 5, 5, 5, 10, 10, 25, 15, 5, 20, 5, 5, 10, 5, 15, 15, 5, 5, 15, 15, 5, 20, 5, 10, 10, 10, 5, 15, 10, 20, 5, 10, 15, 10, 13, 5, 15, 10, 5, 10, 5, 5, 15, 5, 20, 10, 10, 15, 10, 10, 5, 10, 10, 5, 10, 10, 10, 15, 10, 10, 5, 10, 15, 15, 20, 6, 10, 2, 15, 5, 15, 15, 15, 10, 5, 5, 15, 5, 10, 10, 20, 8, 10, 15, 5, 25, 10, 15, 15, 15, 15, 15, 5, 10, 15, 10, 5, 20, 5, 20, 5, 15, 20, 5, 5, 5, 10, 10, 5, 10, 5, 10, 
576332, 1
576332, 2422
576332, 4271
576332, 6432
576332, 1057
576332, 38127
577448, 2
577448, 5, 5, 5, 5, 5, 5, 5, 5, 5, 5, 5, 5, 5, 5, 5, 5, 5, 5, 5, 5, 5, 5, 5, 5, 5, 5, 5, 5, 5, 5, 5, 5, 5, 5, 5, 5, 5, 5, 5, 5, 5, 5, 5, 5, 5, 1, 5, 5, 5, 5, 5, 5, 5, 5, 5, 10, 5, 5, 5, 5, 5, 5, 5, 5, 5, 5, 10, 5, 5, 5, 5, 5, 5, 5, 5, 5, 5, 5, 5, 5, 5, 5, 5, 5, 5, 5, 5, 5, 5, 5, 5, 5, 5, 5, 5, 10, 5, 5, 5, 5, 5, 10, 5, 5, 10, 5, 5, 5, 15, 5, 10, 5, 15, 5, 10, 5, 5, 5, 5, 10, 5, 5, 5, 5, 5, 5, 5, 5, 5, 5, 5, 5, 3, 5, 5, 5, 5, 5, 10, 5, 5, 5, 5, 5, 5, 5, 5, 5, 10, 5, 5, 5, 15, 10, 5, 5, 5, 5, 5, 10, 5, 5, 5, 5, 10, 15, 5, 10, 10, 5, 5, 5, 5, 5, 5, 5, 5, 5, 5, 5, 5, 10, 5, 5, 10, 5, 5, 5, 5, 10, 5, 5, 5, 5, 10, 5, 5, 
577448, 1
577448, 2462
577448, 4209
577448, 14757
577448, 3248
577448, 38102
577458, 3
577458, 5, 2, 
577458, 2
577458, 3244
577458, 4992
577458, 24897
577458, 3958
577458, 38111
577459, 1
577459, 
577459, 1
577459, 4021
577459, 5767
577459, 1492
577459, 271
577459, 38125
579473, 1
579473, 5, 5, 5, 5, 5, 5, 5, 5, 5, 5, 5, 5, 5, 5, 5, 5, 5, 5, 5, 5, 5, 5, 5, 5, 5, 5, 5, 5, 5, 5, 5, 5, 5, 5, 5, 5, 5, 5, 5, 5, 5, 5, 5, 5, 1, 5, 5, 5, 5, 5, 5, 10, 5, 2, 5, 5, 5, 5, 5, 5, 5, 5, 5, 10, 5, 10, 5, 5, 5, 5, 5, 5, 5, 5, 5, 5, 5, 5, 5, 5, 5, 5, 5, 5, 5, 5, 5, 5, 10, 5, 5, 5, 5, 5, 5, 5, 10, 5, 5, 5, 5, 5, 10, 5, 5, 5, 10, 5, 10, 5, 5, 5, 5, 5, 5, 5, 10, 5, 5, 4, 5, 5, 5, 5, 10, 5, 5, 5, 5, 5, 5, 10, 5, 5, 5, 5, 5, 5, 5, 5, 5, 5, 10, 5, 5, 5, 5, 5, 5, 5, 5, 5, 5, 5, 5, 10, 5, 5, 5, 5, 5, 5, 5, 10, 5, 10, 10, 5, 5, 5, 5, 5, 10, 5, 5, 10, 10, 5, 5, 10, 5, 5, 5, 5, 5, 10, 10, 10, 5, 5, 10, 10, 5, 5, 10, 5, 5, 5, 5, 10, 5, 5, 5, 5, 5, 5, 10, 5, 5, 5, 10, 5, 10, 10, 5, 5, 5, 5, 10, 5, 5, 5, 10, 10, 5, 5, 5, 5, 5, 10, 5, 10, 15, 10, 5, 5, 5, 5, 5, 5, 5, 15, 10, 5, 5, 5, 5, 5, 15, 5, 10, 5, 5, 5, 10, 5, 5, 5, 5, 10, 10, 5, 5, 5, 5, 5, 20, 5, 10, 5, 5, 10, 5, 5, 5, 5, 15, 5, 5, 5, 10, 10, 5, 10, 5, 10, 10, 10, 5, 5, 5, 15, 5, 5, 5, 5, 10, 15, 15, 5, 10, 5, 5, 5, 5, 5, 10, 5, 10, 5, 5, 5, 5, 5, 5, 5, 5, 5, 5, 6, 5, 15, 5, 5, 5, 10, 5, 10, 5, 
579473, 2
579473, 3427
579473, 5178
579473, 11419
579473, 2471
579473, 38064
582608, 1
582608, 5, 5, 5, 5, 5, 5, 5, 5, 5, 5, 5, 5, 10, 5, 5, 5, 5, 5, 5, 5, 5, 5, 5, 10, 5, 5, 10, 5, 5, 5, 5, 5, 5, 5, 10, 5, 5, 5, 5, 10, 5, 10, 5, 5, 5, 5, 5, 5, 5, 5, 5, 10, 5, 5, 5, 5, 2, 5, 5, 10, 5, 10, 5, 5, 10, 5, 5, 5, 5, 10, 5, 5, 5, 5, 10, 5, 5, 5, 5, 5, 10, 5, 5, 5, 5, 5, 10, 5, 5, 5, 5, 5, 5, 5, 5, 5, 5, 6, 10, 5, 5, 5, 5, 5, 5, 5, 5, 5, 5, 5, 5, 5, 5, 5, 5, 5, 5, 10, 2, 5, 5, 5, 10, 5, 5, 5, 5, 10, 5, 5, 5, 5, 10, 5, 5, 5, 5, 5, 5, 5, 15, 5, 5, 5, 5, 12, 5, 5, 10, 5, 5, 5, 5, 5, 10, 5, 5, 5, 10, 5, 10, 5, 5, 5, 5, 5, 5, 5, 5, 5, 10, 5, 5, 10, 10, 5, 10, 5, 5, 5, 5, 5, 5, 10, 5, 5, 5, 10, 10, 5, 5, 5, 5, 5, 5, 10, 5, 10, 5, 10, 5, 5, 10, 10, 5, 10, 5, 5, 5, 10, 5, 5, 10, 5, 5, 5, 5, 10, 5, 5, 5, 5, 10, 5, 5, 10, 10, 5, 5, 10, 10, 5, 5, 5, 10, 5, 5, 5, 5, 5, 5, 10, 5, 5, 5, 5, 5, 5, 5, 5, 10, 5, 5, 5, 5, 5, 10, 10, 5, 5, 5, 5, 5, 5, 5, 5, 5, 5, 5, 5, 5, 5, 5, 5, 10, 10, 5, 5, 5, 5, 10, 5, 5, 5, 10, 5, 15, 5, 5, 10, 5, 5, 5, 10, 15, 5, 5, 5, 5, 5, 5, 5, 10, 5, 5, 5, 5, 5, 5, 5, 10, 5, 5, 5, 5, 5, 5, 5, 5, 5, 5, 5, 10, 10, 5, 5, 5, 5, 10, 10, 5, 5, 5, 5, 5, 5, 5, 5, 5, 5, 10, 15, 5, 10, 5, 15, 10, 5, 10, 5, 5, 5, 10, 10, 5, 5, 10, 10, 5, 1, 5, 5, 5, 5, 5, 5, 5, 10, 5, 5, 2, 5, 10, 5, 10, 10, 5, 5, 5, 10, 5, 10, 5, 5, 10, 10, 5, 5, 5, 5, 10, 10, 5, 10, 15, 5, 10, 5, 5, 5, 10, 10, 10, 5, 5, 10, 10, 10, 5, 5, 5, 5, 10, 5, 5, 5, 10, 10, 15, 10, 5, 5, 15, 10, 5, 5, 5, 5, 5, 10, 15, 5, 10, 10, 5, 5, 10, 2, 10, 5, 10, 10, 5, 5, 5, 10, 5, 5, 5, 5, 10, 10, 15, 5, 10, 15, 5, 10, 5, 5, 5, 5, 5, 10, 5, 10, 5, 6, 10, 5, 20, 5, 5, 5, 5, 5, 5, 5, 5, 5, 6, 10, 5, 5, 15, 5, 10, 10, 5, 5, 5, 
582608, 1
582608, 4143
582608, 5892
582608, 17701
582608, 5347
582608, 37959
597936, 14
597936, 5, 5, 5, 5, 5, 5, 5, 5, 5, 5, 5, 5, 15, 5, 5, 5, 5, 5, 5, 10, 5, 5, 5, 5, 5, 5, 10, 5, 5, 5, 5, 5, 5, 10, 5, 5, 5, 5, 10, 5, 10, 15, 10, 5, 5, 5, 5, 5, 5, 10, 10, 5, 5, 5, 10, 15, 15, 10, 5, 15, 10, 5, 5, 5, 10, 10, 5, 5, 10, 25, 5, 15, 10, 10, 10, 5, 10, 10, 10, 15, 5, 15, 10, 5, 10, 15, 5, 15, 10, 10, 5, 10, 5, 10, 5, 20, 15, 5, 10, 10, 5, 16, 5, 15, 10, 10, 10, 10, 10, 10, 10, 5, 5, 10, 15, 5, 15, 15, 5, 10, 5, 15, 10, 10, 15, 10, 5, 5, 5, 10, 5, 15, 20, 25, 15, 5, 20, 20, 5, 10, 10, 5, 20, 10, 5, 20, 5, 5, 10, 5, 10, 5, 15, 10, 5, 15, 15, 5, 20, 5, 15, 15, 5, 5, 10, 20, 20, 10, 15, 20, 5, 10, 5, 25, 10, 5, 10, 30, 10, 20, 5, 10, 20, 15, 10, 10, 5, 20, 10, 10, 20, 15, 5, 15, 5, 15, 5, 25, 5, 20, 30, 5, 10, 15, 15, 15, 10, 15, 20, 25, 5, 5, 10, 5, 20, 15, 10, 10, 15, 15, 10, 15, 20, 10, 20, 20, 15, 15, 15, 10, 10, 10, 10, 15, 15, 20, 5, 5, 10, 10, 20, 10, 10, 5, 5, 10, 15, 25, 15, 15, 15, 10, 10, 15, 15, 5, 5, 10, 5, 10, 10, 15, 25, 5, 5, 5, 21, 10, 10, 10, 5, 10, 5, 10, 15, 10, 10, 15, 10, 25, 20, 10, 5, 20, 10, 20, 20, 10, 25, 25, 5, 15, 25, 15, 22, 15, 11, 15, 15, 10, 10, 10, 20, 5, 15, 5, 15, 15, 10, 15, 10, 10, 20, 5, 8, 10, 25, 20, 15, 5, 25, 15, 15, 15, 10, 10, 10, 10, 10, 5, 10, 10, 15, 15, 10, 15, 25, 5, 5, 20, 25, 15, 15, 20, 15, 15, 10, 10, 20, 15, 25, 20, 5, 15, 15, 20, 20, 5, 10, 20, 25, 15, 25, 10, 10, 10, 20, 10, 8, 10, 20, 5, 20, 35, 5, 25, 10, 10, 11, 15, 20, 20, 10, 10, 10, 10, 25, 15, 13, 20, 10, 5, 20, 17, 10, 15, 20, 15, 25, 10, 15, 19, 25, 20, 16, 20, 20, 25, 10, 15, 10, 20, 10, 10, 20, 5, 15, 25, 15, 25, 25, 15, 20, 10, 10, 10, 15, 25, 10, 21, 35, 10, 5, 10, 5, 5, 5, 16, 25, 5, 10, 15, 10, 5, 15, 10, 15, 10, 5, 15, 20, 15, 10, 10, 15, 5, 15, 10, 10, 5, 25, 20, 10, 15, 20, 15, 25, 30, 10, 10, 20, 20, 5, 15, 31, 15, 15, 25, 15, 15, 10, 15, 30, 10, 15, 20, 20, 30, 10, 20, 20, 15, 20, 5, 13, 38, 10, 15, 20, 15, 10, 30, 20, 25, 5, 15, 10, 10, 25, 20, 15, 25, 5, 15, 5, 10, 30, 20, 20, 20, 15, 15, 11, 10, 15, 10, 15, 10, 10, 10, 20, 15, 15, 5, 10, 25, 20, 15, 20, 10, 10, 20, 25, 30, 15, 15, 21, 10, 10, 20, 10, 20, 15, 20, 5, 15, 20, 30, 25, 15, 15, 34, 20, 25, 10, 20, 5, 15, 20, 30, 10, 17, 40, 15, 15, 15, 30, 15, 20, 25, 10, 25, 35, 10, 15, 15, 10, 25, 25, 10, 15, 30, 5, 15, 10, 10, 15, 15, 15, 15, 10, 28, 5, 30, 15, 5, 25, 30, 25, 10, 10, 10, 30, 15, 35, 15, 30, 20, 10, 25, 15, 15, 15, 30, 25, 10, 10, 20, 15, 10, 25, 18, 20, 15, 20, 25, 20, 10, 35, 25, 30, 20, 15, 25, 15, 25, 15, 18, 25, 35, 15, 20, 15, 35, 25, 10, 15, 10, 10, 10, 15, 15, 10, 15, 10, 15, 20, 45, 15, 20, 10, 10, 20, 20, 15, 10, 26, 15, 35, 10, 30, 15, 5, 20, 30, 15, 10, 10, 20, 10, 10, 5, 5, 20, 10, 10, 10, 5, 10, 45, 20, 25, 10, 10, 15, 25, 30, 20, 15, 25, 25, 10, 15, 5, 30, 20, 15, 15, 15, 10, 10, 45, 10, 15, 20, 15, 15, 10, 35, 20, 25, 5, 30, 10, 30, 15, 10, 15, 20, 20, 30, 40, 15, 20, 15, 20, 15, 25, 15, 15, 20, 25, 15, 20, 20, 11, 15, 20, 25, 15, 20, 10, 5, 15, 15, 15, 15, 10, 25, 35, 15, 25, 30, 20, 30, 40, 25, 10, 25, 30, 10, 30, 30, 20, 15, 25, 25, 15, 15, 5, 25, 20, 15, 35, 10, 10, 5, 20, 20, 15, 10, 10, 20, 25, 25, 11, 15, 10, 15, 5, 15, 10, 10, 20, 25, 15, 15, 10, 26, 15, 12, 15, 30, 15, 10, 30, 10, 15, 20, 15, 5, 10, 35, 25, 25, 15, 25, 20, 5, 25, 15, 20, 15, 25, 16, 5, 15, 15, 15, 15, 10, 15, 25, 30, 30, 25, 10, 20, 25, 20, 25, 15, 30, 40, 10, 15, 20, 15, 10, 25, 15, 20, 10, 10, 15, 40, 15, 15, 15, 20, 26, 5, 20, 5, 25, 25, 15, 25, 5, 15, 35, 20, 10, 11, 20, 25, 25, 10, 15, 20, 25, 20, 10, 30, 15, 10, 35, 15, 20, 20, 25, 26, 20, 36, 30, 20, 25, 15, 20, 25, 10, 10, 10, 26, 25, 15, 25, 20, 25, 15, 5, 25, 10, 15, 5, 10, 5, 20, 20, 20, 5, 25, 10, 15, 20, 15, 15, 20, 15, 13, 15, 10, 10, 15, 5, 10, 20, 10, 10, 35, 15, 30, 25, 20, 20, 30, 15, 30, 20, 20, 10, 20, 25, 12, 15, 15, 25, 15, 25, 20, 10, 5, 15, 26, 25, 5, 20, 10, 13, 15, 40, 15, 20, 25, 15, 14, 20, 20, 10, 20, 20, 11, 10, 20, 30, 25, 10, 35, 
597936, 4
597936, 1763
597936, 3345
597936, 16090
597936, 4543
597936, 38081
623603, 23
623603, 5, 5, 5, 5, 5, 5, 5, 5, 10, 10, 10, 5, 5, 10, 5, 11, 10, 10, 10, 10, 5, 10, 15, 5, 5, 10, 20, 10, 15, 5, 5, 15, 15, 25, 20, 15, 20, 15, 11, 5, 15, 15, 15, 10, 5, 15, 15, 15, 10, 5, 15, 5, 15, 10, 15, 10, 5, 15, 15, 18, 40, 20, 15, 15, 20, 25, 15, 15, 20, 10, 20, 10, 24, 25, 16, 10, 5, 30, 25, 20, 20, 10, 35, 10, 15, 20, 10, 30, 35, 5, 15, 20, 20, 10, 25, 25, 15, 30, 19, 5, 20, 20, 20, 10, 10, 35, 20, 10, 20, 20, 25, 10, 28, 10, 16, 15, 25, 15, 25, 15, 25, 30, 35, 25, 20, 10, 20, 5, 15, 15, 10, 20, 10, 45, 15, 25, 5, 55, 30, 25, 25, 10, 10, 5, 30, 15, 20, 10, 15, 20, 16, 20, 20, 20, 50, 20, 15, 15, 10, 10, 20, 40, 10, 10, 16, 5, 35, 25, 20, 25, 10, 20, 15, 10, 30, 25, 20, 15, 30, 30, 25, 5, 20, 20, 15, 25, 25, 25, 50, 35, 50, 25, 10, 20, 15, 10, 25, 15, 20, 35, 15, 20, 35, 5, 20, 45, 15, 10, 25, 10, 20, 20, 25, 10, 40, 25, 10, 25, 10, 25, 20, 25, 15, 20, 15, 35, 35, 30, 5, 15, 25, 30, 15, 5, 25, 15, 25, 10, 35, 20, 10, 10, 15, 40, 25, 30, 30, 25, 20, 20, 5, 30, 30, 30, 25, 25, 35, 25, 20, 20, 25, 20, 15, 25, 30, 30, 20, 25, 35, 10, 30, 20, 15, 20, 40, 20, 30, 20, 15, 25, 35, 20, 25, 20, 30, 25, 15, 20, 15, 15, 20, 25, 20, 5, 25, 35, 20, 35, 45, 25, 20, 20, 20, 30, 15, 15, 35, 35, 30, 27, 15, 10, 20, 15, 40, 20, 20, 20, 15, 25, 25, 20, 25, 30, 30, 25, 37, 40, 40, 20, 5, 15, 35, 25, 10, 30, 20, 15, 15, 30, 5, 25, 35, 18, 35, 20, 40, 25, 40, 50, 20, 35, 25, 30, 10, 35, 15, 30, 20, 25, 35, 15, 20, 45, 20, 20, 20, 15, 20, 25, 35, 20, 25, 25, 10, 20, 25, 15, 30, 10, 35, 25, 30, 15, 20, 30, 45, 25, 15, 30, 46, 25, 20, 30, 25, 25, 10, 20, 20, 15, 20, 35, 5, 25, 40, 20, 10, 20, 15, 30, 25, 30, 40, 35, 10, 30, 20, 20, 35, 20, 30, 15, 25, 35, 45, 40, 30, 35, 10, 17, 5, 30, 15, 30, 30, 40, 15, 10, 5, 25, 32, 20, 30, 30, 25, 35, 15, 15, 10, 20, 35, 5, 25, 25, 20, 15, 45, 30, 20, 21, 30, 15, 30, 15, 15, 10, 25, 25, 25, 25, 35, 25, 25, 30, 20, 20, 40, 40, 35, 40, 20, 40, 25, 30, 15, 40, 35, 30, 10, 15, 25, 30, 40, 10, 35, 30, 20, 20, 40, 25, 26, 35, 15, 30, 30, 20, 15, 15, 20, 30, 25, 15, 25, 25, 20, 15, 35, 25, 20, 30, 30, 45, 35, 25, 25, 45, 30, 45, 25, 30, 50, 30, 35, 30, 40, 25, 20, 25, 15, 60, 15, 25, 20, 30, 20, 25, 15, 15, 40, 30, 20, 20, 25, 45, 25, 16, 42, 20, 25, 10, 35, 25, 20, 25, 20, 35, 25, 30, 27, 30, 25, 16, 30, 40, 20, 35, 20, 30, 25, 10, 15, 46, 10, 20, 20, 15, 40, 30, 30, 35, 20, 25, 15, 35, 25, 5, 30, 30, 20, 45, 50, 20, 20, 20, 15, 30, 40, 25, 20, 30, 25, 65, 35, 30, 45, 30, 30, 35, 25, 10, 20, 30, 20, 20, 5, 25, 23, 25, 40, 30, 35, 30, 40, 15, 40, 45, 15, 15, 15, 30, 30, 20, 20, 20, 25, 40, 15, 40, 40, 15, 10, 15, 17, 10, 45, 20, 25, 30, 25, 40, 10, 30, 15, 25, 20, 25, 20, 35, 35, 20, 30, 20, 30, 20, 45, 35, 22, 25, 35, 30, 45, 20, 35, 15, 10, 20, 30, 30, 20, 35, 25, 40, 30, 15, 25, 25, 30, 15, 45, 15, 30, 15, 30, 20, 21, 40, 15, 39, 25, 45, 35, 25, 20, 35, 10, 55, 10, 5, 30, 15, 15, 30, 25, 35, 15, 40, 50, 40, 20, 25, 30, 20, 25, 20, 25, 30, 30, 10, 35, 20, 35, 40, 35, 20, 20, 35, 25, 5, 15, 20, 30, 20, 45, 20, 25, 20, 30, 20, 30, 30, 30, 10, 35, 10, 10, 30, 40, 25, 25, 25, 10, 25, 35, 40, 15, 40, 35, 15, 20, 10, 20, 40, 30, 30, 20, 30, 30, 20, 30, 15, 60, 15, 35, 25, 30, 20, 15, 45, 35, 50, 40, 35, 35, 20, 15, 20, 45, 25, 20, 20, 15, 35, 15, 40, 15, 10, 30, 20, 22, 30, 13, 15, 30, 65, 30, 25, 30, 35, 15, 35, 25, 35, 30, 35, 20, 55, 25, 30, 20, 30, 40, 20, 50, 20, 35, 10, 20, 25, 20, 50, 46, 15, 25, 20, 15, 30, 25, 25, 15, 25, 25, 40, 35, 25, 30, 10, 15, 25, 25, 10, 55, 35, 30, 30, 25, 20, 30, 15, 30, 15, 15, 15, 25, 25, 30, 25, 20, 25, 20, 25, 25, 25, 15, 45, 30, 35, 31, 60, 30, 30, 35, 15, 21, 25, 20, 30, 30, 5, 30, 25, 10, 20, 35, 20, 30, 55, 30, 40, 60, 25, 20, 15, 20, 21, 20, 25, 15, 40, 25, 25, 20, 20, 25, 25, 25, 20, 35, 15, 30, 35, 25, 20, 20, 35, 25, 25, 30, 30, 35, 30, 35, 30, 30, 30, 50, 40, 5, 55, 15, 30, 25, 35, 20, 45, 30, 20, 25, 20, 35, 25, 40, 30, 35, 45, 20, 35, 55, 40, 10, 40, 65, 30, 30, 20, 15, 25, 20, 35, 35, 20, 40, 20, 30, 60, 20, 25, 20, 35, 50, 20, 20, 41, 35, 20, 15, 20, 15, 20, 5, 35, 20, 35, 30, 25, 20, 25, 25, 47, 15, 15, 25, 45, 30, 60, 10, 45, 25, 35, 15, 41, 35, 35, 15, 20, 35, 35, 30, 35, 10, 35, 20, 25, 35, 20, 45, 40, 25, 20, 25, 40, 30, 28, 
623603, 1
623603, 1462
623603, 2850
623603, 16360
623603, 4688
623603, 38062
623604, 1
623604, 
623604, 1
623604, 2343
623604, 3793
623604, 12679
623604, 4746
623604, 38111
643300, 22
643300, 5, 5, 5, 5, 10, 5, 10, 5, 10, 5, 20, 10, 5, 5, 5, 5, 5, 5, 10, 10, 10, 5, 5, 10, 10, 5, 10, 5, 10, 20, 10, 5, 10, 15, 5, 5, 5, 13, 15, 5, 15, 5, 15, 5, 10, 20, 10, 10, 5, 10, 15, 15, 15, 10, 15, 10, 5, 10, 10, 10, 15, 5, 5, 5, 25, 5, 5, 5, 15, 10, 5, 10, 5, 10, 10, 10, 20, 5, 15, 10, 20, 10, 5, 10, 6, 25, 10, 10, 25, 5, 30, 5, 5, 10, 20, 15, 25, 15, 5, 10, 25, 15, 10, 10, 25, 10, 15, 5, 10, 15, 10, 5, 20, 5, 30, 10, 20, 20, 10, 10, 15, 30, 15, 10, 10, 20, 5, 15, 10, 15, 15, 15, 15, 15, 15, 10, 15, 10, 20, 35, 20, 10, 10, 10, 10, 15, 20, 15, 15, 10, 5, 10, 25, 15, 10, 10, 25, 20, 15, 15, 10, 5, 5, 10, 15, 5, 20, 20, 10, 10, 6, 25, 20, 10, 15, 15, 10, 15, 30, 5, 15, 30, 5, 15, 20, 10, 25, 10, 20, 20, 25, 5, 15, 25, 20, 15, 20, 10, 20, 20, 15, 15, 5, 10, 5, 20, 15, 5, 15, 20, 20, 5, 20, 15, 10, 15, 20, 10, 20, 10, 5, 15, 10, 25, 20, 25, 25, 25, 25, 15, 30, 30, 10, 5, 30, 10, 10, 21, 10, 15, 20, 10, 30, 20, 10, 35, 16, 10, 15, 20, 15, 10, 10, 5, 15, 25, 10, 20, 5, 10, 5, 20, 15, 30, 15, 15, 20, 15, 25, 20, 30, 40, 16, 30, 15, 15, 20, 20, 15, 10, 35, 10, 20, 20, 10, 30, 20, 30, 25, 15, 25, 15, 15, 16, 15, 15, 10, 10, 10, 10, 30, 10, 20, 5, 10, 20, 15, 10, 15, 20, 25, 15, 15, 20, 30, 30, 10, 35, 5, 10, 10, 25, 30, 5, 20, 20, 25, 15, 20, 35, 20, 20, 10, 12, 40, 20, 40, 20, 20, 15, 26, 5, 15, 15, 15, 25, 25, 15, 15, 5, 15, 15, 10, 10, 25, 26, 20, 5, 25, 10, 20, 5, 25, 20, 20, 15, 5, 15, 10, 15, 25, 30, 15, 20, 15, 35, 10, 10, 5, 10, 20, 10, 10, 15, 15, 23, 20, 20, 20, 25, 20, 5, 10, 15, 20, 17, 10, 15, 15, 25, 20, 25, 15, 15, 25, 7, 5, 30, 15, 30, 20, 15, 20, 35, 10, 20, 40, 20, 20, 30, 20, 15, 10, 30, 10, 20, 15, 25, 15, 10, 25, 15, 15, 15, 15, 20, 10, 25, 31, 10, 15, 15, 25, 25, 25, 20, 15, 10, 40, 30, 30, 15, 25, 15, 15, 35, 25, 25, 6, 30, 45, 10, 20, 20, 30, 15, 15, 35, 20, 10, 10, 25, 15, 15, 15, 30, 20, 15, 35, 15, 10, 31, 30, 5, 25, 27, 5, 20, 10, 15, 15, 25, 15, 10, 5, 30, 35, 30, 25, 35, 5, 10, 31, 20, 15, 10, 15, 30, 20, 5, 15, 25, 15, 15, 30, 25, 10, 30, 30, 15, 15, 25, 35, 25, 30, 40, 15, 25, 15, 15, 30, 15, 15, 5, 25, 20, 16, 15, 30, 20, 25, 20, 35, 10, 30, 10, 10, 25, 44, 50, 25, 5, 35, 5, 20, 25, 25, 20, 25, 15, 10, 10, 45, 15, 5, 20, 25, 35, 20, 15, 25, 25, 20, 36, 30, 31, 30, 15, 20, 20, 25, 15, 20, 35, 25, 20, 20, 30, 17, 20, 30, 30, 41, 10, 35, 20, 25, 5, 20, 25, 25, 20, 20, 35, 25, 10, 25, 30, 25, 20, 25, 15, 20, 25, 20, 20, 10, 15, 20, 25, 25, 25, 15, 20, 10, 20, 20, 35, 35, 25, 20, 10, 20, 15, 10, 15, 26, 15, 20, 25, 25, 40, 10, 30, 30, 30, 20, 20, 25, 10, 15, 6, 15, 10, 25, 20, 15, 5, 25, 15, 15, 35, 16, 35, 15, 15, 25, 30, 25, 15, 10, 45, 15, 30, 20, 20, 10, 10, 15, 15, 15, 15, 35, 25, 20, 10, 10, 20, 5, 40, 15, 10, 25, 30, 10, 40, 25, 30, 25, 20, 25, 10, 20, 35, 25, 23, 25, 20, 30, 30, 25, 15, 5, 30, 15, 25, 15, 20, 30, 15, 35, 15, 20, 45, 20, 35, 15, 40, 20, 25, 48, 30, 20, 20, 15, 15, 15, 20, 30, 20, 30, 15, 25, 30, 5, 15, 20, 20, 25, 20, 20, 20, 35, 30, 20, 15, 25, 20, 10, 20, 15, 40, 15, 25, 15, 20, 20, 30, 20, 25, 20, 25, 30, 20, 20, 25, 10, 15, 20, 25, 10, 30, 15, 20, 35, 25, 25, 36, 40, 20, 15, 9, 25, 20, 40, 45, 20, 5, 15, 10, 10, 20, 10, 15, 20, 20, 20, 21, 15, 15, 25, 25, 25, 10, 20, 30, 25, 25, 5, 5, 15, 15, 25, 15, 15, 35, 15, 15, 30, 25, 15, 25, 20, 30, 35, 25, 30, 30, 58, 15, 35, 35, 15, 20, 35, 35, 15, 30, 30, 10, 25, 20, 25, 20, 15, 20, 30, 20, 35, 25, 25, 25, 15, 30, 25, 30, 15, 15, 20, 20, 35, 25, 15, 15, 15, 21, 20, 25, 10, 15, 20, 30, 30, 45, 47, 22, 25, 20, 25, 30, 15, 20, 15, 32, 25, 20, 25, 15, 25, 34, 30, 35, 35, 20, 20, 20, 15, 20, 20, 30, 30, 15, 15, 25, 15, 45, 10, 20, 35, 30, 42, 25, 20, 10, 15, 20, 40, 10, 20, 10, 10, 15, 5, 5, 30, 15, 45, 15, 30, 35, 25, 20, 14, 30, 20, 25, 40, 15, 15, 30, 5, 30, 35, 10, 15, 35, 20, 15, 5, 55, 10, 20, 25, 30, 35, 25, 35, 7, 15, 20, 30, 40, 35, 40, 15, 20, 30, 10, 20, 30, 20, 25, 10, 30, 30, 16, 20, 40, 25, 50, 30, 30, 25, 20, 45, 20, 35, 25, 11, 35, 15, 35, 25, 20, 20, 25, 10, 5, 15, 5, 25, 45, 21, 20, 20, 15, 35, 40, 25, 15, 40, 25, 20, 23, 
643300, 2
643300, 1419
643300, 2871
643300, 9917
643300, 2602
643300, 38151
643301, 1
643301, 
643301, 2
643301, 2336
643301, 3787
643301, 9829
643301, 2050
643301, 38059
643302, 1
643302, 
643302, 7
643302, 3257
643302, 4715
643302, 17372
643302, 6525
643302, 38199
643303, 1
643303, 
643303, 2
643303, 4159
643303, 5616
643303, 14015
643303, 2274
643303, 38120
645527, 1
645527, 5, 5, 5, 5, 5, 5, 5, 5, 5, 5, 5, 5, 5, 5, 5, 5, 5, 10, 5, 5, 5, 5, 5, 5, 5, 5, 5, 5, 5, 5, 5, 5, 5, 5, 5, 5, 5, 5, 5, 5, 5, 5, 5, 5, 5, 5, 5, 5, 5, 5, 5, 5, 5, 5, 5, 10, 5, 5, 5, 5, 10, 5, 5, 10, 5, 5, 10, 5, 5, 5, 5, 5, 5, 5, 10, 5, 5, 5, 5, 5, 5, 5, 10, 5, 5, 5, 5, 5, 5, 5, 5, 5, 5, 5, 5, 5, 5, 5, 5, 5, 5, 5, 5, 5, 5, 5, 5, 5, 5, 5, 5, 5, 5, 5, 10, 5, 5, 5, 10, 5, 5, 5, 5, 5, 5, 5, 5, 10, 5, 5, 5, 5, 5, 5, 5, 5, 5, 5, 5, 10, 10, 10, 5, 5, 5, 5, 5, 5, 5, 5, 5, 5, 5, 10, 5, 5, 5, 5, 5, 5, 5, 5, 5, 5, 5, 5, 5, 5, 10, 5, 5, 5, 5, 10, 5, 5, 5, 5, 10, 5, 10, 5, 5, 5, 5, 5, 5, 15, 5, 5, 5, 10, 5, 5, 5, 15, 5, 5, 5, 5, 5, 5, 5, 5, 5, 1, 5, 5, 5, 5, 20, 5, 10, 5, 10, 5, 5, 5, 5, 5, 5, 5, 10, 5, 5, 5, 10, 5, 5, 5, 5, 5, 5, 10, 5, 10, 5, 10, 5, 5, 5, 5, 5, 10, 5, 5, 5, 10, 5, 5, 10, 5, 5, 10, 5, 5, 5, 5, 10, 5, 5, 5, 5, 10, 15, 5, 5, 5, 5, 5, 5, 5, 5, 5, 15, 5, 5, 5, 5, 10, 5, 15, 5, 5, 5, 5, 5, 10, 5, 5, 5, 5, 5, 5, 5, 10, 5, 10, 2, 10, 5, 10, 5, 5, 10, 5, 5, 5, 5, 10, 10, 5, 5, 10, 10, 5, 15, 10, 10, 5, 5, 10, 5, 5, 5, 5, 5, 5, 5, 10, 5, 5, 10, 15, 5, 5, 5, 10, 5, 5, 5, 10, 5, 5, 10, 10, 5, 5, 10, 5, 10, 3, 5, 5, 5, 5, 5, 2, 5, 5, 10, 5, 5, 5, 5, 5, 5, 10, 10, 5, 10, 5, 
645527, 1
645527, 4279
645527, 5728
645527, 13082
645527, 3761
645527, 38129
645528, 1
645528, 
645528, 1
645528, 5186
645528, 6636
645528, 11590
645528, 4729
645528, 38175
645529, 1
645529, 
645529, 2
645529, 6092
645529, 7540
645529, 24881
645529, 5537
645529, 38262
645530, 1
645530, 
645530, 1
645530, 6988
645530, 8434
645530, 25056
645530, 4702
645530, 38115
645531, 1
645531, 
645531, 3
645531, 7891
645531, 9340
645531, 34255
645531, 5348
645531, 38191
645532, 1
645532, 
645532, 2
645532, 8781
645532, 10238
645532, 16379
645532, 5252
645532, 38262
645533, 1
645533, 
645533, 1
645533, 9664
645533, 11121
645533, 3751
645533, 967
645533, 38310
645534, 1
645534, 
645534, 1
645534, 10547
645534, 12002
645534, 7244
645534, 2450
645534, 38242
650408, 4
650408, 5, 5, 5, 5, 5, 5, 5, 5, 5, 5, 5, 5, 5, 5, 5, 5, 5, 10, 5, 5, 5, 5, 5, 5, 5, 10, 5, 5, 5, 5, 5, 5, 10, 5, 5, 5, 5, 5, 5, 5, 5, 5, 5, 5, 5, 5, 5, 5, 5, 5, 5, 5, 5, 5, 5, 5, 5, 10, 10, 5, 5, 5, 5, 5, 5, 5, 5, 5, 5, 5, 10, 5, 10, 5, 10, 5, 5, 5, 5, 5, 5, 10, 5, 5, 5, 5, 3, 15, 5, 5, 10, 10, 5, 5, 5, 5, 5, 5, 5, 5, 5, 5, 5, 10, 5, 5, 5, 5, 5, 5, 10, 10, 5, 10, 5, 5, 5, 5, 10, 5, 5, 5, 10, 5, 5, 5, 5, 5, 5, 5, 10, 5, 10, 5, 5, 10, 10, 10, 5, 5, 10, 5, 5, 5, 5, 5, 5, 10, 5, 5, 5, 10, 10, 10, 5, 5, 5, 5, 5, 5, 10, 10, 5, 5, 5, 5, 5, 5, 5, 15, 5, 10, 10, 5, 10, 10, 5, 5, 5, 5, 5, 5, 5, 5, 5, 10, 10, 5, 5, 5, 5, 10, 5, 10, 10, 5, 5, 5, 15, 5, 10, 10, 5, 5, 10, 5, 5, 5, 5, 10, 10, 10, 5, 5, 5, 10, 5, 20, 15, 5, 10, 5, 5, 10, 15, 5, 5, 5, 5, 5, 5, 5, 10, 10, 10, 5, 5, 5, 5, 10, 5, 10, 10, 5, 10, 10, 10, 10, 10, 5, 5, 5, 5, 15, 5, 10, 10, 10, 10, 20, 5, 15, 5, 10, 10, 10, 10, 5, 5, 5, 15, 10, 11, 5, 5, 5, 5, 5, 5, 5, 10, 5, 10, 5, 5, 10, 10, 5, 5, 10, 5, 10, 15, 5, 5, 5, 15, 5, 5, 5, 10, 5, 5, 5, 5, 5, 10, 10, 5, 5, 5, 5, 15, 5, 5, 7, 10, 5, 15, 5, 10, 10, 15, 5, 10, 10, 5, 5, 5, 5, 5, 5, 10, 10, 5, 5, 10, 5, 5, 15, 5, 15, 5, 5, 5, 5, 5, 10, 5, 5, 5, 5, 5, 5, 5, 5, 10, 5, 5, 5, 5, 5, 5, 10, 15, 5, 5, 10, 5, 15, 5, 15, 5, 5, 5, 5, 10, 5, 5, 5, 10, 10, 10, 20, 20, 10, 5, 5, 10, 5, 5, 15, 10, 5, 10, 15, 10, 10, 10, 5, 15, 10, 5, 5, 10, 20, 5, 10, 10, 5, 10, 6, 15, 5, 5, 5, 5, 15, 5, 5, 10, 10, 5, 15, 20, 5, 5, 5, 10, 10, 5, 7, 10, 5, 5, 5, 10, 5, 10, 15, 5, 5, 20, 5, 5, 5, 10, 10, 10, 5, 5, 5, 10, 20, 5, 15, 9, 15, 5, 10, 10, 10, 5, 15, 10, 5, 10, 5, 10, 5, 10, 5, 10, 20, 10, 25, 15, 10, 5, 15, 5, 5, 10, 5, 5, 5, 10, 5, 20, 10, 10, 5, 15, 15, 5, 20, 15, 5, 5, 5, 16, 10, 5, 10, 8, 5, 5, 10, 5, 10, 10, 20, 10, 25, 10, 5, 10, 15, 5, 10, 5, 15, 10, 10, 10, 10, 5, 15, 10, 10, 10, 5, 15, 15, 10, 25, 10, 10, 20, 15, 10, 5, 5, 15, 10, 15, 5, 15, 15, 5, 10, 10, 15, 10, 5, 10, 5, 5, 10, 10, 5, 5, 10, 5, 10, 15, 15, 5, 5, 10, 5, 10, 10, 5, 10, 10, 5, 15, 5, 10, 20, 15, 15, 10, 10, 5, 10, 10, 10, 10, 10, 5, 10, 5, 5, 20, 10, 5, 15, 1, 10, 15, 25, 5, 15, 10, 5, 15, 5, 10, 10, 15, 5, 5, 10, 10, 10, 17, 
650408, 1
650408, 3383
650408, 5565
650408, 15066
650408, 6517
650408, 38211
650409, 1
650409, 
650409, 1
650409, 4285
650409, 6466
650409, 10810
650409, 3485
650409, 38194
650410, 1
650410, 
650410, 1
650410, 5184
650410, 7363
650410, 14867
650410, 3912
650410, 38199
652448, 1
652448, 5, 5, 5, 5, 5, 5, 5, 5, 5, 5, 5, 5, 5, 5, 5, 5, 5, 5, 5, 5, 5, 5, 5, 5, 5, 5, 5, 5, 5, 5, 5, 5, 5, 5, 5, 5, 10, 5, 10, 5, 5, 5, 5, 5, 5, 5, 5, 5, 5, 5, 5, 10, 5, 10, 5, 5, 5, 5, 5, 5, 5, 5, 10, 5, 10, 5, 5, 5, 5, 5, 5, 10, 5, 10, 5, 5, 10, 10, 5, 5, 5, 5, 5, 10, 5, 5, 5, 5, 5, 5, 5, 5, 5, 5, 5, 10, 5, 5, 5, 5, 5, 5, 5, 5, 5, 5, 10, 5, 5, 5, 5, 5, 5, 5, 10, 5, 5, 10, 5, 5, 5, 5, 5, 5, 10, 5, 5, 5, 10, 5, 5, 5, 10, 5, 5, 5, 5, 10, 5, 5, 10, 5, 5, 5, 5, 5, 3, 5, 20, 10, 5, 5, 5, 5, 5, 5, 10, 5, 10, 5, 10, 5, 5, 5, 5, 5, 5, 5, 5, 5, 5, 5, 5, 5, 5, 5, 5, 5, 5, 5, 5, 10, 5, 5, 5, 10, 5, 5, 10, 5, 10, 5, 15, 5, 10, 5, 10, 5, 5, 5, 5, 5, 10, 10, 5, 5, 10, 5, 10, 5, 5, 5, 5, 10, 5, 5, 5, 10, 5, 5, 10, 5, 10, 5, 5, 5, 10, 10, 5, 5, 5, 5, 5, 5, 5, 5, 10, 5, 5, 5, 5, 5, 5, 5, 5, 5, 5, 5, 5, 5, 5, 15, 5, 5, 5, 5, 5, 5, 5, 5, 5, 5, 5, 5, 10, 5, 10, 5, 10, 5, 5, 5, 20, 10, 15, 10, 5, 5, 5, 5, 5, 5, 10, 5, 5, 10, 5, 10, 10, 5, 5, 10, 10, 5, 10, 10, 5, 15, 5, 5, 1, 5, 5, 5, 5, 5, 10, 5, 5, 10, 10, 5, 5, 15, 10, 5, 5, 10, 5, 5, 5, 5, 5, 5, 5, 5, 5, 5, 10, 10, 5, 3, 
652448, 1
652448, 3475
652448, 5658
652448, 14846
652448, 3242
652448, 38365
657866, 3
657866, 5, 5, 5, 5, 5, 5, 5, 5, 5, 5, 5, 10, 5, 5, 5, 5, 5, 5, 5, 5, 5, 5, 5, 5, 5, 5, 5, 5, 5, 5, 5, 5, 5, 5, 5, 5, 5, 5, 5, 5, 5, 5, 5, 5, 5, 5, 5, 10, 5, 5, 5, 5, 5, 5, 10, 5, 5, 5, 5, 5, 10, 5, 5, 5, 5, 1, 5, 5, 5, 5, 5, 5, 5, 5, 5, 5, 5, 5, 5, 5, 15, 5, 5, 5, 5, 5, 5, 10, 5, 5, 5, 5, 15, 5, 10, 10, 5, 5, 10, 5, 5, 5, 5, 10, 5, 1, 10, 5, 5, 4, 10, 5, 5, 5, 5, 5, 10, 5, 10, 5, 10, 10, 5, 5, 5, 5, 5, 5, 5, 5, 5, 5, 10, 5, 5, 5, 5, 10, 5, 10, 5, 5, 10, 5, 5, 5, 10, 5, 5, 15, 5, 10, 5, 5, 5, 10, 5, 5, 15, 5, 5, 15, 10, 5, 5, 10, 15, 10, 5, 5, 5, 10, 5, 15, 10, 5, 5, 5, 5, 5, 5, 15, 5, 10, 20, 5, 10, 5, 10, 15, 5, 10, 10, 5, 15, 5, 5, 9, 5, 5, 5, 10, 5, 5, 5, 5, 5, 5, 5, 5, 5, 10, 5, 10, 15, 5, 5, 10, 10, 5, 10, 5, 5, 15, 5, 10, 5, 20, 10, 10, 5, 5, 10, 5, 5, 5, 5, 10, 10, 5, 5, 15, 5, 5, 15, 10, 10, 10, 5, 5, 5, 5, 5, 5, 5, 10, 10, 15, 5, 11, 5, 5, 10, 5, 10, 5, 5, 5, 5, 15, 5, 15, 5, 5, 10, 5, 5, 15, 5, 5, 10, 5, 5, 5, 10, 10, 15, 10, 10, 10, 5, 15, 5, 20, 5, 5, 10, 10, 5, 5, 10, 10, 10, 5, 5, 5, 5, 5, 15, 5, 10, 5, 15, 10, 10, 5, 5, 5, 5, 5, 10, 5, 5, 10, 1, 15, 5, 10, 15, 15, 10, 5, 7, 5, 15, 15, 5, 10, 5, 10, 5, 10, 10, 8, 15, 5, 10, 25, 5, 15, 10, 10, 10, 10, 15, 10, 15, 5, 5, 10, 5, 5, 5, 10, 5, 15, 5, 5, 15, 5, 5, 10, 5, 10, 10, 10, 10, 5, 5, 5, 10, 5, 15, 10, 5, 15, 5, 5, 5, 10, 5, 5, 5, 15, 10, 5, 5, 10, 11, 10, 5, 10, 10, 5, 5, 10, 5, 10, 10, 10, 5, 10, 15, 10, 15, 10, 20, 10, 10, 15, 10, 10, 10, 10, 10, 10, 5, 5, 5, 5, 5, 15, 5, 15, 5, 10, 10, 10, 15, 10, 5, 10, 5, 5, 5, 10, 5, 20, 5, 10, 15, 10, 5, 5, 15, 5, 5, 5, 15, 5, 5, 10, 5, 10, 10, 5, 10, 15, 15, 5, 10, 5, 10, 5, 5, 15, 10, 14, 5, 5, 15, 10, 10, 10, 5, 10, 5, 5, 5, 10, 5, 10, 10, 5, 5, 10, 5, 15, 10, 5, 15, 5, 10, 15, 5, 15, 10, 10, 10, 5, 10, 10, 15, 10, 20, 10, 10, 10, 10, 5, 5, 15, 10, 15, 5, 5, 10, 10, 15, 10, 5, 5, 10, 10, 25, 10, 10, 5, 10, 10, 10, 5, 15, 5, 5, 5, 10, 5, 10, 5, 5, 10, 10, 20, 10, 15, 10, 10, 10, 7, 20, 15, 20, 5, 5, 10, 15, 5, 5, 5, 5, 10, 20, 16, 10, 10, 10, 15, 5, 10, 5, 15, 20, 5, 10, 5, 5, 10, 5, 10, 5, 15, 5, 10, 10, 10, 5, 15, 10, 10, 20, 15, 10, 10, 15, 15, 10, 10, 5, 10, 10, 10, 10, 5, 5, 15, 10, 10, 5, 5, 5, 20, 5, 6, 6, 15, 10, 5, 5, 25, 5, 10, 15, 5, 10, 16, 10, 15, 5, 20, 5, 15, 5, 10, 10, 5, 10, 10, 10, 5, 15, 10, 5, 15, 15, 20, 10, 15, 20, 10, 2, 
657866, 1
657866, 3074
657866, 4702
657866, 2907
657866, 962
657866, 38253
670418, 30
670418, 5, 5, 5, 5, 5, 5, 5, 5, 5, 5, 5, 5, 5, 10, 5, 5, 5, 10, 5, 5, 5, 5, 5, 5, 10, 5, 5, 5, 5, 10, 5, 5, 10, 10, 10, 5, 5, 15, 5, 5, 5, 5, 10, 5, 10, 10, 5, 5, 5, 5, 5, 5, 5, 5, 5, 5, 5, 5, 10, 5, 20, 5, 5, 5, 10, 5, 5, 5, 15, 5, 5, 5, 10, 15, 10, 5, 5, 5, 5, 5, 5, 5, 5, 10, 5, 10, 5, 10, 5, 15, 10, 10, 5, 5, 5, 10, 5, 15, 5, 5, 5, 10, 5, 15, 15, 10, 10, 5, 15, 10, 5, 10, 5, 10, 10, 5, 10, 10, 5, 10, 5, 10, 5, 10, 5, 5, 5, 5, 10, 10, 5, 5, 10, 5, 10, 20, 15, 5, 10, 10, 5, 15, 15, 15, 10, 15, 15, 5, 20, 5, 5, 10, 5, 5, 10, 10, 20, 15, 10, 15, 10, 17, 15, 10, 5, 10, 25, 15, 10, 10, 20, 5, 10, 10, 5, 5, 10, 15, 10, 10, 20, 20, 10, 5, 15, 15, 5, 5, 10, 10, 5, 15, 5, 5, 10, 5, 20, 20, 15, 20, 15, 5, 10, 10, 5, 10, 5, 15, 5, 10, 10, 5, 10, 5, 20, 5, 15, 5, 15, 20, 5, 10, 20, 10, 5, 15, 10, 5, 15, 5, 5, 20, 5, 10, 10, 15, 15, 5, 15, 5, 10, 5, 10, 15, 10, 10, 5, 15, 5, 15, 10, 15, 5, 10, 10, 5, 10, 5, 15, 10, 25, 15, 10, 10, 15, 5, 15, 5, 20, 20, 5, 10, 5, 15, 5, 20, 20, 25, 15, 10, 10, 5, 10, 10, 15, 35, 10, 5, 10, 25, 10, 10, 5, 15, 15, 10, 15, 10, 15, 5, 10, 15, 5, 20, 10, 10, 15, 15, 25, 15, 10, 20, 5, 15, 5, 15, 20, 20, 10, 10, 10, 5, 5, 5, 10, 10, 5, 15, 15, 10, 15, 15, 30, 10, 10, 5, 15, 5, 15, 15, 1, 10, 15, 10, 5, 5, 5, 10, 5, 20, 5, 5, 10, 15, 10, 5, 25, 10, 15, 10, 20, 15, 10, 10, 15, 20, 25, 5, 15, 15, 10, 15, 5, 10, 10, 5, 15, 5, 10, 10, 10, 15, 10, 20, 10, 5, 5, 10, 15, 5, 25, 15, 5, 15, 20, 10, 5, 10, 10, 10, 15, 10, 10, 10, 20, 10, 10, 15, 5, 10, 15, 10, 15, 10, 5, 20, 20, 5, 15, 10, 10, 10, 20, 20, 10, 15, 15, 10, 5, 10, 10, 20, 20, 20, 10, 25, 10, 10, 20, 15, 10, 30, 15, 10, 5, 15, 27, 10, 15, 10, 25, 10, 20, 15, 10, 15, 15, 35, 5, 10, 10, 15, 30, 5, 10, 10, 10, 15, 5, 30, 25, 10, 20, 30, 15, 5, 25, 10, 5, 10, 10, 25, 10, 10, 5, 5, 10, 5, 15, 15, 5, 25, 15, 20, 40, 10, 25, 10, 10, 20, 5, 10, 25, 22, 25, 5, 5, 10, 15, 5, 15, 15, 5, 10, 25, 15, 15, 5, 10, 10, 15, 10, 5, 15, 30, 20, 10, 15, 15, 25, 25, 15, 15, 25, 10, 16, 25, 5, 25, 15, 20, 10, 15, 5, 15, 10, 20, 10, 5, 10, 25, 20, 15, 20, 15, 15, 20, 20, 10, 10, 15, 5, 15, 10, 10, 25, 25, 25, 5, 10, 10, 20, 10, 5, 10, 20, 10, 25, 15, 15, 20, 10, 5, 25, 10, 10, 15, 15, 5, 20, 25, 15, 21, 15, 5, 20, 5, 15, 10, 15, 5, 10, 5, 10, 35, 10, 25, 15, 20, 5, 10, 21, 15, 10, 15, 15, 15, 15, 20, 5, 20, 15, 10, 10, 10, 10, 20, 10, 10, 15, 20, 15, 40, 10, 10, 5, 10, 20, 10, 5, 16, 15, 5, 10, 10, 15, 15, 5, 15, 15, 10, 30, 15, 15, 5, 10, 20, 10, 25, 5, 10, 15, 20, 25, 25, 10, 15, 5, 25, 15, 20, 5, 10, 15, 35, 15, 10, 30, 10, 10, 5, 30, 20, 20, 5, 10, 15, 5, 10, 15, 15, 10, 10, 15, 20, 5, 10, 10, 10, 20, 10, 15, 15, 20, 5, 25, 25, 10, 25, 5, 15, 20, 50, 15, 15, 15, 15, 25, 5, 10, 20, 20, 5, 15, 20, 15, 10, 15, 15, 10, 18, 15, 10, 5, 20, 10, 5, 30, 10, 15, 10, 25, 10, 15, 20, 10, 15, 15, 20, 20, 30, 20, 20, 30, 25, 25, 15, 10, 25, 7, 10, 15, 25, 30, 10, 15, 15, 20, 5, 25, 5, 10, 15, 10, 10, 40, 20, 10, 20, 15, 10, 20, 15, 10, 15, 20, 20, 10, 10, 10, 30, 15, 20, 20, 25, 5, 15, 30, 15, 15, 30, 10, 10, 10, 15, 20, 10, 20, 25, 15, 10, 10, 10, 15, 10, 20, 15, 20, 25, 10, 10, 10, 15, 15, 25, 15, 15, 25, 10, 10, 10, 10, 30, 10, 5, 10, 15, 20, 10, 20, 30, 5, 10, 15, 15, 20, 5, 15, 20, 15, 10, 10, 15, 10, 20, 10, 15, 20, 20, 20, 10, 15, 5, 25, 10, 15, 25, 10, 25, 20, 25, 25, 20, 26, 10, 20, 20, 10, 15, 5, 20, 25, 10, 25, 30, 35, 15, 10, 15, 15, 15, 20, 15, 25, 10, 20, 15, 30, 10, 12, 25, 40, 5, 20, 20, 10, 15, 10, 15, 20, 15, 20, 10, 10, 5, 20, 15, 20, 15, 15, 20, 10, 13, 10, 10, 30, 10, 25, 15, 30, 25, 30, 25, 16, 5, 15, 5, 15, 5, 10, 10, 15, 25, 10, 30, 25, 20, 15, 11, 10, 20, 20, 20, 15, 15, 20, 10, 15, 20, 15, 10, 23, 
670418, 2
670418, 2649
670418, 4120
670418, 15443
670418, 4312
670418, 38337
670419, 1
670419, 
670419, 18
670419, 3633
670419, 5132
670419, 5976
670419, 2525
670419, 38274
697701, 39
697701, 5, 5, 5, 5, 5, 5, 10, 5, 5, 5, 10, 10, 5, 10, 10, 10, 10, 5, 15, 15, 15, 10, 5, 5, 10, 15, 10, 10, 5, 5, 20, 5, 5, 15, 15, 15, 10, 20, 30, 15, 15, 5, 25, 20, 15, 10, 25, 10, 5, 15, 20, 30, 7, 10, 15, 15, 10, 10, 5, 10, 15, 5, 25, 10, 20, 25, 10, 20, 10, 50, 20, 10, 15, 15, 20, 10, 15, 10, 15, 25, 10, 10, 10, 25, 10, 20, 25, 35, 15, 15, 15, 25, 20, 15, 15, 5, 20, 5, 15, 36, 35, 20, 5, 21, 20, 15, 25, 30, 15, 15, 10, 20, 10, 25, 15, 25, 25, 20, 20, 5, 20, 15, 30, 10, 20, 10, 20, 15, 30, 5, 32, 25, 15, 15, 16, 41, 15, 10, 15, 30, 22, 15, 10, 20, 15, 15, 10, 20, 25, 20, 15, 20, 20, 5, 5, 35, 5, 46, 15, 15, 10, 5, 25, 35, 20, 20, 40, 20, 5, 20, 20, 30, 10, 20, 15, 15, 20, 10, 15, 40, 15, 20, 10, 35, 15, 35, 30, 20, 30, 30, 15, 60, 30, 25, 20, 15, 10, 25, 10, 5, 50, 20, 15, 20, 20, 25, 15, 25, 14, 40, 25, 20, 25, 32, 15, 15, 20, 25, 20, 20, 30, 20, 15, 20, 10, 25, 25, 30, 25, 25, 20, 20, 25, 10, 20, 15, 30, 15, 35, 40, 15, 25, 40, 30, 15, 20, 25, 25, 40, 20, 30, 30, 10, 5, 30, 20, 40, 35, 45, 10, 40, 20, 25, 10, 10, 10, 35, 23, 20, 25, 5, 21, 25, 10, 20, 30, 30, 20, 20, 35, 10, 25, 20, 15, 25, 45, 45, 35, 20, 25, 35, 35, 20, 40, 20, 25, 25, 45, 50, 25, 5, 35, 20, 25, 15, 20, 20, 35, 5, 10, 30, 30, 20, 10, 20, 20, 20, 40, 28, 25, 35, 35, 25, 15, 30, 35, 25, 10, 55, 35, 30, 20, 25, 15, 16, 35, 16, 20, 35, 40, 25, 5, 20, 25, 25, 20, 10, 20, 30, 20, 15, 35, 15, 20, 15, 15, 35, 15, 15, 25, 20, 25, 15, 35, 20, 20, 15, 25, 25, 45, 15, 20, 15, 25, 30, 35, 5, 10, 20, 20, 30, 45, 30, 20, 15, 20, 20, 50, 35, 35, 30, 25, 40, 20, 25, 30, 20, 40, 25, 45, 15, 36, 30, 25, 25, 60, 25, 32, 25, 30, 25, 35, 20, 15, 30, 30, 35, 15, 19, 25, 25, 25, 30, 47, 25, 25, 15, 25, 35, 28, 25, 42, 30, 20, 45, 15, 40, 30, 30, 20, 30, 25, 45, 20, 35, 25, 25, 25, 25, 15, 20, 10, 20, 25, 35, 20, 15, 20, 35, 15, 30, 30, 15, 15, 40, 30, 25, 10, 15, 25, 30, 20, 20, 20, 35, 25, 25, 20, 40, 15, 25, 40, 10, 20, 25, 10, 35, 20, 15, 30, 30, 20, 30, 50, 10, 14, 30, 15, 20, 30, 30, 27, 25, 30, 35, 50, 10, 15, 25, 25, 20, 22, 25, 25, 30, 20, 30, 30, 35, 10, 15, 25, 30, 30, 20, 50, 10, 30, 20, 15, 20, 21, 15, 10, 21, 20, 25, 20, 40, 25, 10, 15, 15, 45, 35, 35, 25, 35, 55, 10, 25, 30, 25, 25, 25, 20, 35, 35, 15, 20, 40, 35, 30, 40, 15, 45, 25, 25, 15, 35, 30, 20, 30, 20, 20, 10, 20, 25, 30, 25, 30, 25, 40, 35, 40, 53, 40, 15, 35, 40, 17, 25, 30, 35, 35, 20, 20, 40, 35, 15, 25, 30, 45, 30, 25, 45, 35, 65, 10, 20, 20, 30, 20, 15, 45, 50, 35, 22, 25, 10, 20, 25, 25, 30, 15, 15, 15, 35, 10, 35, 35, 10, 30, 10, 30, 40, 10, 26, 10, 36, 40, 20, 35, 20, 30, 10, 31, 10, 25, 25, 30, 35, 25, 55, 20, 41, 37, 40, 45, 35, 25, 31, 30, 21, 30, 40, 30, 20, 40, 35, 20, 20, 30, 10, 45, 20, 25, 20, 15, 45, 31, 10, 20, 25, 20, 45, 25, 50, 25, 10, 35, 50, 25, 40, 30, 25, 15, 15, 20, 30, 40, 10, 45, 20, 20, 35, 30, 25, 30, 40, 10, 25, 30, 30, 25, 30, 20, 15, 20, 20, 30, 40, 30, 30, 5, 20, 30, 23, 30, 20, 30, 25, 60, 20, 25, 35, 35, 25, 60, 20, 20, 35, 30, 15, 35, 25, 20, 16, 35, 45, 35, 5, 40, 30, 30, 30, 25, 40, 27, 5, 20, 15, 26, 25, 20, 15, 15, 10, 41, 10, 20, 20, 20, 35, 50, 10, 35, 30, 25, 40, 20, 25, 25, 10, 10, 30, 40, 30, 25, 30, 25, 20, 25, 25, 45, 15, 15, 30, 35, 25, 20, 35, 25, 40, 30, 30, 30, 25, 30, 45, 35, 37, 20, 15, 20, 30, 30, 36, 35, 25, 35, 20, 45, 40, 10, 35, 20, 45, 25, 30, 40, 20, 25, 45, 26, 45, 40, 50, 25, 30, 25, 15, 45, 20, 35, 25, 40, 20, 20, 40, 30, 30, 10, 35, 25, 25, 32, 20, 35, 30, 30, 25, 30, 25, 15, 45, 40, 50, 20, 25, 25, 15, 20, 20, 40, 20, 30, 30, 35, 32, 25, 20, 75, 35, 15, 20, 25, 30, 35, 40, 55, 15, 20, 40, 20, 31, 20, 50, 30, 30, 35, 20, 40, 15, 45, 40, 20, 35, 35, 25, 45, 30, 25, 30, 40, 20, 30, 21, 50, 35, 35, 40, 30, 25, 10, 35, 50, 45, 30, 25, 25, 30, 10, 30, 25, 50, 30, 25, 15, 20, 25, 25, 40, 15, 45, 20, 40, 40, 45, 45, 45, 15, 45, 30, 10, 36, 10, 20, 56, 25, 40, 30, 20, 30, 25, 30, 45, 30, 20, 65, 25, 20, 30, 25, 15, 35, 30, 45, 40, 30, 40, 45, 35, 45, 20, 40, 20, 30, 36, 35, 20, 35, 35, 30, 35, 10, 65, 25, 30, 40, 35, 55, 21, 30, 40, 35, 40, 40, 25, 45, 5, 35, 35, 25, 50, 30, 25, 30, 35, 30, 45, 35, 35, 25, 30, 45, 35, 30, 20, 25, 35, 15, 30, 25, 30, 30, 25, 25, 10, 25, 30, 30, 25, 30, 25, 35, 25, 50, 35, 15, 10, 35, 20, 15, 40, 15, 35, 25, 55, 20, 20, 20, 30, 30, 60, 26, 50, 45, 25, 25, 20, 49, 
697701, 42
697701, 1575
697701, 3030
697701, 12523
697701, 3142
697701, 38371
697702, 1
697702, 
697702, 2
697702, 2565
697702, 4270
697702, 5839
697702, 1723
697702, 38271
698943, 2
698943, 5, 5, 5, 5, 5, 5, 5, 5, 5, 5, 5, 5, 5, 5, 5, 5, 5, 5, 5, 5, 5, 5, 5, 5, 5, 5, 5, 5, 5, 5, 5, 5, 5, 5, 5, 5, 5, 5, 5, 5, 5, 5, 5, 5, 10, 5, 5, 5, 5, 5, 5, 5, 5, 5, 5, 5, 5, 5, 5, 5, 5, 5, 5, 5, 5, 5, 5, 1, 5, 5, 5, 5, 3, 5, 5, 10, 5, 5, 5, 5, 5, 5, 5, 10, 5, 5, 5, 5, 5, 5, 5, 5, 5, 5, 3, 5, 5, 5, 5, 5, 5, 5, 10, 5, 5, 5, 5, 10, 5, 5, 10, 5, 5, 10, 10, 5, 5, 5, 5, 5, 5, 2, 5, 5, 10, 5, 5, 5, 5, 5, 5, 5, 5, 5, 5, 5, 5, 5, 5, 5, 5, 5, 10, 10, 10, 5, 5, 5, 10, 5, 5, 10, 5, 5, 5, 10, 5, 5, 5, 5, 5, 5, 5, 5, 5, 10, 5, 5, 5, 5, 5, 5, 5, 5, 5, 5, 5, 5, 5, 5, 5, 5, 15, 5, 5, 5, 5, 5, 5, 5, 5, 5, 5, 5, 5, 5, 5, 5, 5, 5, 10, 5, 5, 10, 5, 5, 5, 5, 5, 5, 10, 5, 5, 5, 10, 10, 5, 5, 5, 5, 5, 5, 5, 5, 5, 5, 5, 
698943, 2
698943, 3535
698943, 5237
698943, 11620
698943, 2101
698943, 38376
698944, 1
698944, 
698944, 3
698944, 6442
698944, 8141
698944, 11068
698944, 1969
698944, 38289
698945, 1
698945, 
698945, 1
698945, 4973
698945, 10550
698945, 8758
698945, 3073
698945, 38433
731471, 36
731471, 5, 5, 5, 15, 10, 15, 5, 10, 15, 15, 10, 15, 15, 20, 15, 25, 10, 20, 10, 5, 20, 25, 5, 20, 20, 20, 10, 20, 20, 15, 20, 15, 15, 10, 10, 15, 15, 20, 20, 15, 10, 5, 35, 30, 30, 35, 15, 10, 15, 20, 15, 10, 10, 35, 15, 10, 30, 31, 20, 30, 45, 20, 15, 15, 25, 15, 15, 10, 25, 10, 5, 5, 25, 25, 15, 35, 36, 45, 40, 15, 20, 25, 25, 15, 20, 15, 20, 15, 5, 30, 10, 20, 40, 10, 25, 25, 20, 25, 10, 15, 20, 25, 15, 5, 10, 31, 25, 20, 30, 25, 15, 15, 20, 15, 25, 20, 10, 35, 35, 25, 10, 20, 25, 30, 25, 20, 25, 25, 15, 20, 20, 15, 35, 25, 25, 10, 30, 30, 15, 15, 25, 10, 15, 30, 20, 23, 30, 20, 15, 45, 10, 20, 35, 30, 35, 40, 20, 10, 30, 10, 25, 20, 15, 25, 15, 20, 15, 30, 25, 40, 10, 20, 15, 50, 25, 22, 25, 15, 30, 25, 15, 12, 25, 30, 30, 15, 25, 15, 30, 25, 45, 20, 15, 35, 20, 20, 45, 10, 35, 30, 10, 20, 10, 15, 20, 10, 25, 15, 40, 30, 20, 40, 45, 20, 15, 45, 15, 15, 30, 30, 25, 20, 45, 25, 30, 35, 20, 25, 35, 25, 25, 35, 20, 40, 35, 15, 45, 35, 15, 15, 32, 15, 10, 40, 10, 20, 10, 20, 20, 15, 20, 30, 25, 30, 30, 35, 35, 40, 25, 25, 25, 25, 20, 15, 25, 31, 45, 10, 30, 15, 45, 25, 15, 30, 10, 10, 20, 29, 25, 25, 25, 35, 30, 20, 30, 25, 25, 25, 20, 15, 20, 20, 35, 35, 15, 30, 25, 20, 50, 20, 50, 25, 25, 45, 15, 25, 25, 35, 20, 15, 25, 25, 15, 30, 45, 25, 30, 32, 15, 40, 35, 45, 25, 60, 25, 45, 15, 35, 25, 20, 15, 35, 50, 40, 45, 20, 25, 25, 25, 35, 15, 30, 15, 20, 35, 30, 20, 45, 35, 40, 20, 35, 30, 30, 30, 20, 55, 20, 35, 32, 26, 25, 20, 30, 50, 25, 40, 15, 25, 15, 40, 25, 35, 35, 35, 45, 25, 40, 15, 35, 40, 35, 20, 15, 25, 25, 30, 30, 25, 15, 60, 25, 35, 71, 35, 20, 45, 25, 25, 45, 40, 30, 20, 30, 15, 10, 20, 50, 30, 20, 30, 15, 35, 25, 20, 40, 30, 20, 28, 40, 55, 50, 40, 25, 35, 20, 35, 30, 30, 45, 25, 25, 10, 37, 60, 40, 25, 25, 25, 20, 35, 45, 30, 30, 60, 55, 65, 35, 30, 45, 35, 25, 35, 35, 25, 25, 35, 45, 45, 45, 30, 25, 45, 40, 50, 30, 16, 15, 30, 30, 45, 20, 25, 20, 45, 33, 50, 40, 15, 20, 45, 30, 30, 30, 55, 30, 15, 30, 35, 30, 20, 25, 25, 10, 40, 25, 35, 25, 35, 15, 20, 20, 30, 35, 40, 25, 40, 50, 20, 40, 40, 35, 35, 35, 40, 40, 30, 25, 65, 20, 75, 20, 35, 40, 35, 33, 30, 6, 20, 35, 30, 25, 50, 40, 25, 40, 25, 20, 30, 30, 15, 35, 15, 25, 30, 60, 26, 40, 30, 30, 30, 45, 25, 30, 40, 60, 20, 36, 50, 35, 40, 30, 40, 11, 25, 40, 35, 30, 50, 20, 40, 60, 45, 25, 40, 35, 40, 35, 40, 25, 25, 35, 30, 45, 55, 35, 40, 45, 10, 30, 45, 75, 25, 20, 15, 35, 35, 15, 20, 51, 25, 45, 45, 35, 40, 25, 30, 15, 25, 30, 56, 40, 25, 25, 30, 25, 21, 35, 15, 31, 50, 32, 26, 20, 25, 45, 55, 17, 25, 30, 35, 20, 40, 40, 25, 40, 21, 40, 40, 40, 25, 40, 20, 36, 50, 20, 45, 50, 45, 15, 45, 30, 30, 30, 40, 30, 45, 55, 35, 30, 30, 15, 35, 25, 40, 30, 40, 20, 30, 30, 25, 40, 40, 30, 35, 35, 50, 30, 50, 40, 20, 20, 50, 30, 40, 30, 15, 25, 55, 35, 30, 40, 30, 55, 30, 20, 15, 20, 55, 35, 15, 30, 25, 45, 20, 15, 20, 55, 20, 46, 25, 45, 25, 30, 25, 50, 50, 30, 40, 38, 26, 40, 50, 30, 25, 25, 20, 30, 27, 40, 30, 55, 35, 20, 25, 30, 65, 30, 35, 40, 30, 35, 40, 35, 30, 50, 20, 20, 50, 15, 30, 20, 40, 15, 25, 20, 15, 35, 35, 60, 45, 30, 35, 30, 10, 45, 35, 45, 35, 35, 30, 56, 25, 25, 30, 35, 35, 15, 25, 45, 10, 45, 35, 45, 45, 36, 15, 20, 25, 25, 20, 20, 45, 25, 35, 30, 40, 40, 35, 30, 25, 55, 15, 25, 40, 25, 30, 35, 20, 40, 35, 25, 60, 50, 40, 35, 40, 25, 25, 40, 50, 15, 30, 10, 16, 25, 15, 25, 20, 50, 55, 40, 45, 40, 15, 45, 15, 30, 17, 20, 20, 55, 25, 25, 45, 30, 30, 35, 30, 55, 35, 35, 65, 35, 35, 30, 45, 15, 30, 25, 45, 20, 30, 30, 47, 35, 25, 30, 65, 35, 10, 30, 20, 30, 20, 50, 40, 40, 30, 70, 26, 15, 35, 40, 25, 25, 55, 45, 30, 40, 36, 50, 40, 45, 35, 31, 35, 30, 20, 25, 30, 35, 35, 30, 21, 15, 30, 25, 30, 30, 30, 20, 50, 35, 35, 45, 45, 70, 35, 40, 32, 60, 35, 20, 40, 40, 35, 35, 35, 45, 60, 10, 40, 50, 30, 35, 38, 55, 20, 35, 50, 35, 41, 25, 35, 45, 30, 20, 55, 40, 20, 50, 40, 42, 55, 35, 25, 74, 30, 45, 25, 20, 45, 40, 20, 50, 30, 35, 65, 60, 40, 40, 42, 35, 30, 15, 40, 35, 20, 30, 40, 35, 15, 35, 30, 30, 30, 35, 35, 40, 15, 40, 35, 40, 25, 30, 30, 25, 31, 30, 35, 30, 40, 40, 40, 35, 30, 40, 15, 20, 15, 50, 55, 45, 25, 45, 20, 30, 47, 15, 35, 40, 35, 30, 31, 20, 20, 40, 25, 5, 35, 15, 65, 50, 30, 45, 45, 20, 65, 30, 35, 35, 35, 30, 40, 25, 35, 20, 60, 45, 30, 15, 35, 30, 30, 25, 61, 30, 35, 45, 35, 25, 45, 25, 35, 25, 25, 55, 50, 55, 45, 15, 20, 65, 35, 42, 40, 25, 20, 21, 
731471, 2
731471, 1464
731471, 2836
731471, 18564
731471, 3944
731471, 38410
731472, 1
731472, 
731472, 1
731472, 2522
731472, 3911
731472, 26555
731472, 4265
731472, 38430
736357, 1
736357, 5, 5, 5, 5, 5, 5, 5, 5, 5, 5, 5, 10, 5, 5, 5, 5, 5, 5, 5, 5, 5, 5, 5, 5, 5, 5, 5, 5, 5, 5, 5, 2, 5, 5, 5, 5, 5, 5, 5, 5, 5, 5, 5, 5, 10, 5, 5, 5, 5, 5, 5, 5, 5, 5, 5, 5, 5, 5, 5, 10, 5, 5, 5, 5, 5, 10, 5, 5, 5, 5, 5, 5, 5, 5, 5, 5, 10, 5, 5, 5, 10, 5, 5, 5, 5, 5, 5, 5, 5, 5, 5, 5, 5, 10, 5, 10, 5, 5, 5, 5, 5, 5, 5, 5, 5, 5, 5, 10, 10, 5, 5, 5, 5, 5, 10, 5, 5, 10, 5, 5, 5, 5, 5, 5, 5, 5, 5, 5, 5, 5, 10, 5, 5, 5, 5, 10, 5, 10, 5, 5, 5, 10, 5, 5, 5, 5, 5, 5, 5, 5, 5, 5, 5, 5, 10, 5, 5, 5, 5, 10, 10, 5, 10, 10, 10, 5, 8, 5, 5, 15, 10, 10, 5, 5, 10, 10, 13, 5, 5, 10, 5, 5, 10, 10, 5, 5, 5, 10, 5, 5, 10, 10, 5, 5, 5, 5, 10, 5, 10, 5, 10, 10, 5, 5, 10, 15, 5, 5, 10, 10, 10, 5, 5, 10, 10, 10, 10, 5, 10, 10, 5, 5, 5, 5, 10, 5, 5, 5, 5, 10, 5, 5, 5, 15, 5, 5, 5, 5, 5, 5, 5, 5, 5, 5, 5, 5, 5, 10, 5, 5, 5, 5, 5, 10, 10, 15, 5, 5, 5, 5, 5, 6, 10, 5, 10, 5, 5, 10, 10, 5, 5, 5, 5, 10, 10, 10, 5, 5, 5, 5, 15, 5, 5, 5, 10, 5, 5, 5, 5, 5, 5, 10, 5, 10, 5, 11, 5, 15, 7, 10, 5, 10, 5, 10, 5, 10, 5, 5, 5, 10, 5, 5, 10, 5, 5, 10, 5, 15, 5, 5, 5, 5, 5, 10, 10, 5, 10, 5, 5, 5, 15, 10, 10, 10, 5, 10, 5, 10, 5, 5, 10, 5, 5, 10, 5, 5, 5, 5, 5, 5, 5, 5, 5, 7, 10, 5, 10, 5, 10, 5, 5, 5, 5, 5, 5, 5, 5, 5, 5, 15, 5, 10, 10, 5, 5, 5, 5, 5, 5, 5, 5, 5, 10, 10, 1, 10, 15, 5, 5, 5, 10, 10, 5, 10, 5, 10, 5, 10, 20, 5, 15, 10, 5, 5, 10, 5, 15, 5, 15, 5, 5, 10, 5, 5, 5, 10, 5, 15, 10, 5, 15, 10, 5, 15, 5, 10, 5, 5, 5, 15, 5, 5, 30, 5, 15, 5, 5, 10, 10, 5, 10, 5, 5, 10, 5, 10, 10, 5, 5, 5, 5, 10, 5, 5, 10, 5, 12, 5, 15, 10, 10, 5, 10, 5, 15, 10, 5, 5, 5, 5, 5, 5, 10, 5, 5, 5, 5, 5, 5, 5, 10, 5, 10, 10, 10, 15, 10, 5, 15, 10, 5, 5, 5, 10, 5, 10, 10, 10, 5, 15, 5, 10, 5, 5, 5, 5, 15, 10, 5, 20, 5, 5, 5, 10, 5, 15, 15, 5, 5, 5, 10, 1, 5, 15, 20, 10, 15, 10, 5, 15, 10, 10, 5, 5, 5, 10, 5, 10, 5, 5, 10, 5, 20, 5, 15, 10, 5, 5, 10, 10, 10, 10, 15, 10, 10, 15, 10, 10, 10, 15, 5, 5, 10, 5, 5, 5, 5, 15, 15, 15, 10, 10, 10, 15, 5, 10, 15, 5, 5, 5, 20, 5, 10, 5, 10, 10, 10, 5, 5, 25, 5, 5, 5, 20, 5, 5, 5, 5, 10, 15, 10, 5, 5, 10, 20, 15, 5, 5, 15, 5, 5, 10, 5, 10, 10, 5, 5, 5, 5, 5, 5, 5, 5, 5, 5, 10, 10, 10, 15, 20, 5, 5, 10, 1, 10, 5, 15, 5, 5, 15, 10, 10, 5, 15, 10, 10, 10, 10, 10, 10, 15, 10, 10, 5, 15, 10, 5, 15, 10, 10, 5, 15, 5, 5, 15, 5, 
736357, 1
736357, 2650
736357, 4050
736357, 8521
736357, 2822
736357, 38405
737253, 1
737253, 5, 5, 5, 5, 5, 5, 5, 5, 5, 5, 5, 5, 5, 5, 10, 5, 5, 5, 5, 5, 5, 5, 5, 5, 5, 5, 5, 5, 3, 5, 5, 5, 5, 5, 5, 5, 5, 5, 10, 5, 5, 5, 5, 10, 5, 5, 5, 5, 5, 5, 5, 5, 5, 5, 5, 5, 5, 5, 5, 5, 5, 5, 5, 5, 5, 5, 5, 5, 5, 5, 5, 5, 5, 5, 5, 5, 5, 5, 5, 5, 5, 5, 5, 5, 5, 5, 5, 5, 5, 5, 5, 5, 5, 5, 5, 5, 5, 5, 5, 5, 5, 5, 5, 5, 5, 5, 5, 5, 5, 5, 5, 5, 5, 5, 5, 5, 5, 5, 5, 5, 10, 5, 5, 5, 5, 5, 5, 5, 5, 5, 5, 5, 5, 5, 10, 5, 5, 5, 5, 5, 5, 5, 5, 5, 5, 5, 1, 5, 5, 5, 5, 5, 20, 5, 10, 5, 5, 5, 5, 5, 5, 5, 5, 5, 5, 5, 5, 5, 5, 5, 5, 1, 
737253, 4
737253, 3711
737253, 5111
737253, 12165
737253, 3308
737253, 38385
737254, 1
737254, 
737254, 1
737254, 4762
737254, 6161
737254, 15368
737254, 6875
737254, 38349
754346, 31
754346, 5, 5, 5, 5, 5, 5, 5, 5, 5, 5, 3, 5, 5, 5, 5, 5, 5, 10, 10, 5, 2, 5, 5, 5, 10, 5, 10, 5, 10, 5, 5, 10, 10, 5, 5, 10, 5, 10, 5, 5, 5, 5, 5, 10, 5, 5, 10, 5, 10, 5, 5, 10, 5, 5, 10, 10, 10, 10, 15, 25, 5, 5, 5, 5, 15, 10, 10, 15, 5, 5, 10, 5, 5, 20, 15, 5, 15, 5, 5, 5, 5, 10, 10, 10, 15, 10, 20, 5, 10, 15, 20, 15, 5, 5, 10, 5, 10, 5, 20, 5, 5, 15, 10, 5, 5, 5, 5, 11, 5, 20, 10, 10, 25, 10, 5, 5, 15, 5, 5, 5, 5, 5, 15, 10, 15, 5, 5, 5, 15, 10, 5, 20, 10, 10, 15, 15, 10, 25, 10, 10, 5, 15, 10, 10, 15, 10, 15, 10, 15, 15, 10, 20, 17, 15, 5, 20, 20, 10, 25, 20, 20, 10, 15, 15, 10, 10, 10, 25, 10, 15, 10, 10, 10, 10, 10, 10, 10, 20, 5, 15, 10, 20, 20, 15, 20, 20, 10, 10, 20, 15, 25, 10, 5, 20, 6, 10, 20, 5, 20, 5, 20, 5, 20, 20, 5, 5, 20, 15, 20, 15, 5, 5, 15, 20, 10, 5, 20, 20, 5, 20, 35, 20, 15, 20, 10, 15, 20, 10, 20, 10, 20, 10, 15, 15, 20, 5, 25, 10, 15, 5, 10, 5, 5, 20, 5, 25, 10, 10, 10, 10, 5, 10, 15, 10, 15, 10, 10, 30, 10, 20, 15, 9, 20, 10, 10, 10, 15, 5, 5, 15, 30, 5, 5, 6, 15, 10, 20, 10, 10, 10, 5, 15, 5, 15, 20, 20, 20, 10, 15, 20, 15, 25, 10, 5, 5, 10, 20, 30, 15, 15, 10, 15, 27, 15, 15, 10, 15, 25, 20, 20, 15, 5, 10, 15, 15, 37, 5, 15, 15, 15, 10, 15, 15, 25, 15, 20, 5, 15, 15, 20, 20, 30, 35, 10, 5, 15, 10, 30, 20, 10, 15, 25, 35, 10, 10, 10, 10, 30, 10, 10, 10, 10, 5, 15, 15, 5, 10, 20, 20, 20, 30, 5, 20, 20, 15, 35, 5, 10, 20, 10, 10, 5, 5, 10, 20, 30, 11, 15, 20, 5, 20, 20, 5, 25, 12, 15, 20, 20, 25, 15, 5, 10, 10, 15, 15, 30, 30, 20, 20, 10, 15, 15, 20, 10, 15, 15, 10, 25, 16, 15, 10, 15, 20, 25, 10, 10, 25, 30, 45, 25, 20, 20, 10, 15, 25, 15, 40, 30, 25, 20, 25, 20, 20, 25, 15, 25, 30, 10, 10, 15, 30, 10, 5, 10, 10, 10, 25, 25, 40, 25, 5, 15, 20, 10, 10, 10, 10, 10, 5, 20, 30, 10, 15, 20, 25, 35, 15, 10, 10, 30, 5, 25, 15, 10, 25, 5, 30, 20, 30, 5, 25, 15, 25, 1, 20, 5, 20, 5, 15, 35, 10, 30, 10, 10, 10, 15, 10, 20, 10, 30, 10, 15, 25, 10, 10, 15, 20, 35, 15, 10, 15, 25, 15, 25, 10, 20, 20, 15, 10, 15, 15, 15, 25, 5, 25, 10, 40, 10, 20, 25, 10, 10, 10, 5, 15, 20, 30, 5, 21, 15, 15, 20, 10, 20, 20, 10, 20, 25, 30, 15, 15, 10, 15, 10, 10, 10, 24, 25, 30, 10, 20, 15, 15, 5, 20, 25, 10, 10, 20, 15, 30, 25, 5, 35, 15, 15, 30, 30, 20, 5, 20, 20, 25, 10, 35, 20, 10, 20, 20, 15, 15, 30, 10, 10, 15, 15, 20, 15, 10, 10, 15, 10, 20, 15, 15, 40, 10, 12, 20, 15, 10, 15, 5, 29, 5, 15, 20, 10, 15, 10, 10, 5, 15, 20, 10, 5, 20, 35, 35, 20, 5, 35, 15, 15, 10, 5, 15, 10, 20, 35, 25, 20, 25, 20, 23, 15, 10, 10, 25, 15, 25, 15, 25, 20, 18, 20, 10, 15, 15, 15, 5, 10, 20, 25, 35, 30, 25, 15, 26, 25, 15, 15, 10, 15, 20, 20, 20, 5, 15, 15, 25, 30, 30, 20, 20, 25, 10, 10, 15, 20, 20, 25, 25, 25, 15, 25, 25, 25, 10, 10, 20, 5, 15, 15, 20, 36, 20, 20, 35, 20, 15, 20, 25, 20, 20, 20, 25, 15, 20, 5, 20, 25, 10, 15, 25, 15, 20, 25, 25, 25, 25, 20, 25, 15, 30, 15, 20, 15, 10, 20, 35, 20, 15, 20, 15, 15, 15, 15, 15, 15, 5, 15, 20, 11, 20, 15, 20, 15, 50, 25, 15, 10, 25, 20, 20, 15, 10, 10, 20, 15, 20, 20, 15, 10, 41, 20, 15, 25, 15, 5, 35, 15, 15, 25, 10, 20, 20, 20, 15, 15, 15, 10, 10, 30, 20, 10, 20, 30, 20, 21, 10, 20, 20, 15, 21, 20, 10, 30, 25, 15, 15, 35, 25, 10, 15, 30, 20, 5, 10, 25, 10, 15, 20, 5, 25, 20, 15, 15, 15, 20, 25, 20, 20, 30, 15, 30, 35, 5, 15, 20, 15, 30, 35, 15, 25, 5, 35, 17, 35, 15, 24, 20, 10, 20, 15, 30, 10, 25, 20, 15, 20, 25, 25, 20, 25, 10, 20, 20, 20, 15, 15, 15, 30, 25, 25, 25, 40, 20, 15, 20, 15, 10, 23, 15, 25, 25, 10, 10, 30, 10, 20, 20, 25, 15, 10, 20, 25, 15, 20, 10, 5, 20, 25, 15, 25, 25, 35, 25, 15, 15, 20, 30, 10, 17, 20, 35, 15, 20, 25, 10, 15, 15, 20, 10, 20, 20, 20, 15, 25, 20, 5, 30, 20, 15, 25, 20, 25, 30, 10, 25, 10, 40, 15, 15, 20, 10, 20, 10, 20, 15, 35, 15, 15, 10, 15, 20, 40, 15, 15, 15, 10, 20, 10, 15, 30, 15, 10, 20, 20, 15, 10, 10, 25, 20, 10, 15, 10, 10, 15, 25, 10, 20, 25, 5, 25, 25, 35, 20, 5, 30, 25, 25, 10, 25, 25, 25, 25, 15, 20, 10, 30, 25, 10, 21, 30, 10, 35, 20, 15, 35, 5, 25, 20, 25, 10, 25, 11, 25, 30, 25, 25, 5, 25, 10, 35, 5, 20, 10, 10, 25, 15, 30, 25, 40, 20, 25, 15, 10, 17, 30, 15, 15, 20, 35, 10, 20, 30, 5, 25, 40, 25, 15, 
754346, 1
754346, 1506
754346, 2875
754346, 12264
754346, 4140
754346, 38440
754347, 1
754347, 
754347, 1
754347, 2595
754347, 3964
754347, 32554
754347, 7003
754347, 38409
759294, 6
759294, 5, 5, 5, 5, 5, 5, 5, 5, 5, 5, 5, 5, 5, 5, 5, 5, 5, 5, 5, 5, 5, 5, 5, 5, 5, 5, 10, 5, 5, 5, 5, 5, 5, 5, 5, 5, 5, 5, 5, 5, 5, 5, 5, 5, 5, 5, 5, 10, 5, 5, 10, 5, 5, 5, 5, 10, 5, 5, 5, 5, 5, 15, 5, 10, 5, 5, 5, 10, 5, 10, 5, 5, 5, 10, 1, 5, 5, 5, 5, 5, 5, 5, 10, 5, 10, 10, 5, 5, 5, 10, 5, 5, 10, 5, 5, 10, 10, 5, 10, 5, 5, 5, 5, 5, 5, 5, 10, 5, 10, 5, 5, 5, 5, 10, 5, 5, 10, 5, 5, 5, 10, 5, 5, 5, 5, 5, 5, 5, 5, 10, 10, 15, 5, 10, 10, 5, 5, 5, 15, 5, 5, 10, 19, 5, 5, 10, 10, 15, 5, 15, 10, 5, 2, 10, 5, 5, 10, 10, 5, 5, 5, 5, 5, 5, 5, 5, 10, 5, 10, 5, 5, 5, 5, 5, 5, 5, 10, 10, 5, 5, 5, 10, 5, 5, 10, 10, 5, 5, 5, 5, 5, 10, 5, 10, 5, 5, 10, 10, 15, 5, 10, 10, 5, 15, 5, 5, 5, 10, 5, 9, 5, 5, 1, 5, 5, 5, 10, 5, 5, 10, 5, 10, 15, 5, 5, 10, 10, 5, 10, 10, 5, 5, 5, 5, 5, 15, 5, 5, 15, 10, 5, 5, 5, 10, 15, 15, 10, 5, 5, 5, 15, 10, 5, 5, 10, 5, 10, 15, 15, 5, 10, 4, 5, 10, 5, 5, 5, 5, 5, 15, 5, 5, 10, 5, 5, 5, 10, 5, 10, 15, 10, 15, 10, 15, 5, 10, 10, 5, 10, 5, 10, 10, 5, 10, 20, 5, 10, 5, 5, 5, 10, 5, 5, 5, 5, 5, 5, 15, 5, 5, 5, 5, 5, 5, 5, 10, 5, 10, 5, 5, 5, 5, 5, 15, 5, 5, 5, 10, 5, 5, 10, 5, 5, 5, 5, 10, 5, 5, 5, 5, 10, 5, 5, 10, 5, 15, 5, 5, 10, 15, 5, 10, 15, 10, 5, 10, 5, 5, 5, 10, 10, 10, 10, 7, 5, 5, 15, 5, 5, 10, 10, 5, 5, 10, 10, 5, 10, 10, 5, 5, 5, 5, 5, 15, 5, 5, 10, 10, 23, 10, 15, 5, 5, 10, 10, 20, 5, 15, 5, 10, 15, 5, 5, 5, 5, 11, 10, 10, 5, 5, 5, 5, 10, 5, 5, 10, 5, 5, 10, 5, 10, 10, 10, 5, 20, 5, 15, 10, 10, 10, 5, 10, 5, 10, 20, 10, 5, 10, 10, 5, 5, 5, 10, 5, 5, 5, 10, 5, 5, 15, 15, 5, 5, 5, 10, 7, 5, 10, 5, 5, 10, 15, 5, 5, 10, 5, 10, 20, 15, 5, 5, 10, 15, 10, 10, 15, 5, 10, 10, 10, 10, 5, 10, 5, 5, 10, 20, 10, 5, 11, 10, 5, 5, 10, 5, 5, 5, 15, 5, 10, 5, 5, 5, 10, 10, 10, 5, 5, 21, 10, 5, 5, 5, 10, 10, 10, 10, 10, 20, 15, 5, 15, 5, 5, 5, 10, 10, 10, 5, 10, 5, 5, 10, 10, 5, 5, 10, 5, 10, 15, 10, 5, 10, 5, 5, 10, 5, 25, 25, 5, 5, 5, 5, 5, 10, 5, 5, 5, 5, 5, 10, 15, 5, 10, 10, 15, 10, 10, 10, 10, 10, 10, 10, 15, 15, 15, 15, 5, 15, 15, 10, 15, 15, 5, 5, 10, 10, 15, 5, 10, 10, 10, 10, 15, 10, 5, 10, 5, 5, 15, 5, 5, 5, 5, 10, 5, 10, 5, 5, 10, 10, 5, 15, 5, 10, 5, 5, 15, 5, 10, 10, 10, 10, 5, 5, 10, 6, 10, 5, 10, 10, 10, 10, 5, 10, 5, 10, 10, 5, 15, 4, 
759294, 3
759294, 2629
759294, 3994
759294, 17111
759294, 3945
759294, 38436
759847, 2
759847, 5, 5, 5, 5, 5, 5, 5, 5, 5, 5, 5, 5, 5, 5, 5, 5, 5, 5, 5, 5, 5, 5, 5, 5, 5, 5, 5, 5, 2, 5, 5, 5, 5, 5, 5, 5, 5, 5, 5, 5, 5, 5, 5, 5, 5, 5, 5, 5, 5, 5, 5, 5, 5, 5, 5, 5, 5, 5, 5, 5, 5, 5, 5, 10, 5, 5, 5, 5, 5, 5, 5, 5, 5, 5, 5, 5, 5, 5, 5, 5, 5, 5, 5, 5, 5, 5, 5, 5, 5, 5, 5, 5, 5, 5, 5, 10, 5, 5, 5, 5, 5, 10, 5, 5, 5, 5, 5, 4, 
759847, 1
759847, 3719
759847, 5086
759847, 21400
759847, 4337
759847, 38460
759848, 1
759848, 
759848, 1
759848, 4813
759848, 6653
759848, 34117
759848, 6485
759848, 38407
765867, 11
765867, 5, 5, 5, 5, 5, 5, 5, 5, 5, 5, 5, 5, 5, 5, 5, 10, 5, 5, 5, 10, 5, 5, 5, 5, 5, 5, 5, 5, 5, 5, 5, 5, 5, 5, 5, 5, 5, 5, 5, 5, 10, 5, 5, 5, 5, 5, 5, 5, 5, 5, 5, 5, 5, 5, 5, 5, 5, 5, 5, 10, 5, 5, 5, 5, 10, 5, 5, 5, 5, 5, 10, 5, 5, 5, 5, 5, 10, 5, 5, 5, 5, 5, 5, 5, 5, 5, 5, 5, 5, 5, 5, 5, 5, 5, 10, 5, 5, 10, 5, 5, 10, 5, 10, 5, 10, 5, 5, 5, 5, 5, 5, 10, 10, 5, 10, 5, 5, 10, 10, 5, 5, 5, 5, 15, 5, 5, 10, 5, 5, 5, 10, 5, 5, 5, 5, 5, 5, 5, 20, 10, 15, 5, 5, 15, 5, 5, 5, 15, 10, 10, 5, 5, 5, 10, 5, 5, 5, 5, 5, 10, 5, 5, 5, 5, 5, 5, 5, 5, 5, 5, 10, 5, 10, 5, 5, 5, 10, 10, 5, 5, 5, 6, 10, 5, 15, 5, 5, 10, 10, 15, 10, 5, 10, 5, 10, 5, 5, 5, 5, 5, 5, 5, 10, 15, 5, 10, 5, 10, 5, 10, 5, 5, 10, 10, 5, 10, 5, 5, 5, 15, 10, 5, 10, 5, 10, 5, 10, 5, 5, 5, 5, 15, 5, 5, 5, 5, 10, 5, 5, 5, 5, 5, 5, 10, 5, 5, 5, 5, 5, 10, 5, 10, 10, 5, 4, 5, 5, 10, 10, 10, 15, 5, 5, 10, 15, 10, 5, 5, 5, 10, 5, 5, 5, 15, 5, 10, 10, 15, 5, 10, 15, 5, 5, 5, 10, 10, 5, 10, 5, 5, 5, 5, 5, 5, 5, 5, 5, 5, 10, 10, 5, 10, 5, 5, 15, 5, 5, 5, 10, 15, 10, 10, 5, 15, 15, 10, 5, 5, 10, 5, 5, 5, 10, 5, 5, 10, 5, 10, 10, 10, 10, 15, 5, 5, 10, 15, 5, 15, 5, 5, 15, 10, 5, 5, 5, 10, 1, 5, 5, 5, 10, 5, 10, 10, 5, 5, 15, 10, 10, 5, 5, 5, 15, 5, 15, 5, 10, 15, 10, 5, 10, 5, 10, 5, 5, 15, 15, 5, 5, 10, 5, 5, 10, 5, 16, 5, 10, 5, 15, 10, 5, 5, 5, 10, 10, 10, 5, 10, 25, 15, 5, 10, 15, 10, 5, 15, 10, 10, 10, 5, 10, 10, 15, 15, 5, 10, 5, 5, 5, 20, 10, 5, 10, 20, 5, 10, 10, 5, 10, 5, 5, 5, 15, 5, 10, 5, 5, 25, 5, 10, 5, 10, 10, 20, 5, 10, 10, 10, 5, 5, 11, 5, 5, 10, 10, 6, 5, 5, 10, 15, 5, 10, 7, 5, 5, 10, 10, 10, 10, 10, 15, 10, 10, 10, 25, 5, 5, 5, 15, 5, 5, 15, 10, 10, 10, 5, 15, 15, 5, 15, 10, 10, 10, 5, 5, 15, 10, 5, 10, 5, 10, 5, 5, 5, 5, 10, 5, 5, 5, 5, 10, 10, 10, 5, 15, 5, 10, 5, 15, 20, 10, 5, 10, 20, 5, 5, 10, 10, 20, 5, 15, 12, 5, 5, 20, 15, 15, 10, 5, 5, 10, 10, 10, 10, 5, 15, 5, 10, 15, 10, 5, 5, 10, 5, 5, 5, 5, 10, 10, 20, 10, 15, 10, 10, 5, 15, 25, 5, 10, 5, 5, 5, 15, 5, 10, 20, 10, 15, 5, 5, 10, 5, 5, 15, 5, 10, 15, 5, 10, 5, 10, 20, 10, 10, 15, 5, 15, 15, 15, 15, 15, 15, 10, 15, 10, 10, 5, 20, 5, 10, 5, 5, 15, 5, 5, 20, 15, 15, 10, 10, 10, 5, 5, 5, 10, 5, 15, 15, 15, 5, 5, 15, 5, 15, 5, 15, 15, 15, 10, 5, 5, 10, 15, 10, 5, 5, 10, 5, 10, 5, 5, 16, 5, 10, 5, 5, 5, 15, 10, 15, 10, 5, 5, 15, 10, 5, 15, 10, 5, 15, 10, 5, 5, 5, 5, 15, 10, 10, 5, 10, 15, 15, 10, 5, 10, 5, 10, 15, 10, 20, 5, 10, 10, 10, 10, 10, 15, 5, 10, 20, 5, 15, 15, 10, 10, 5, 5, 10, 10, 10, 20, 10, 5, 15, 5, 5, 15, 20, 10, 10, 10, 15, 5, 15, 15, 10, 5, 15, 9, 
765867, 1
765867, 1944
765867, 4217
765867, 6320
765867, 2144
765867, 38528
765868, 1
765868, 
765868, 2
765868, 3055
765868, 5337
765868, 8432
765868, 2049
765868, 38449
765869, 1
765869, 
765869, 1
765869, 4152
765869, 6437
765869, 10311
765869, 3138
765869, 38587
767940, 11
767940, 5, 5, 5, 5, 5, 5, 5, 5, 5, 5, 5, 5, 5, 5, 5, 5, 5, 5, 5, 5, 10, 5, 5, 5, 5, 5, 5, 5, 5, 5, 5, 5, 5, 5, 5, 10, 5, 5, 5, 5, 5, 10, 5, 5, 5, 10, 5, 5, 10, 5, 5, 5, 5, 5, 5, 5, 5, 5, 5, 5, 5, 5, 5, 5, 5, 5, 5, 5, 10, 5, 1, 1, 5, 5, 5, 5, 5, 5, 5, 5, 10, 5, 5, 5, 5, 5, 5, 5, 5, 5, 5, 5, 5, 5, 5, 5, 5, 5, 5, 5, 5, 5, 5, 5, 5, 5, 5, 5, 5, 5, 5, 5, 10, 5, 5, 5, 15, 5, 5, 5, 5, 5, 5, 5, 5, 5, 10, 5, 5, 5, 10, 5, 5, 5, 5, 5, 10, 5, 5, 5, 10, 5, 5, 10, 5, 5, 5, 5, 5, 5, 10, 5, 5, 1, 5, 5, 10, 5, 10, 5, 5, 5, 10, 5, 10, 5, 5, 10, 5, 5, 5, 5, 5, 5, 5, 5, 5, 5, 5, 5, 5, 5, 5, 5, 5, 5, 5, 5, 4, 5, 5, 5, 5, 5, 10, 15, 5, 5, 10, 5, 5, 5, 5, 5, 10, 10, 5, 5, 5, 20, 5, 5, 5, 5, 5, 5, 10, 5, 5, 10, 5, 5, 5, 5, 10, 5, 5, 5, 5, 10, 5, 5, 10, 5, 5, 5, 10, 15, 5, 10, 5, 5, 5, 5, 5, 5, 5, 5, 10, 10, 5, 5, 5, 5, 10, 5, 10, 5, 10, 5, 5, 5, 5, 5, 5, 5, 5, 5, 5, 5, 1, 15, 10, 5, 5, 5, 5, 5, 5, 10, 5, 5, 10, 5, 5, 5, 5, 5, 5, 5, 10, 5, 5, 10, 10, 5, 10, 5, 5, 10, 5, 5, 5, 10, 5, 5, 10, 5, 5, 10, 5, 5, 5, 5, 10, 5, 5, 15, 20, 5, 10, 10, 10, 5, 5, 5, 10, 10, 15, 10, 15, 5, 10, 10, 5, 5, 5, 5, 5, 5, 2, 
767940, 1
767940, 4126
767940, 5720
767940, 11031
767940, 1889
767940, 38510
782538, 7
782538, 5, 5, 5, 5, 5, 5, 5, 10, 5, 5, 5, 5, 5, 5, 10, 1, 5, 5, 5, 5, 5, 10, 5, 5, 10, 10, 5, 10, 5, 10, 5, 5, 5, 10, 5, 10, 5, 5, 5, 10, 10, 20, 5, 10, 5, 3, 5, 5, 5, 5, 10, 10, 10, 5, 5, 5, 5, 10, 5, 10, 10, 10, 10, 5, 10, 5, 10, 15, 10, 10, 10, 20, 15, 15, 5, 15, 10, 5, 10, 5, 5, 20, 10, 15, 10, 10, 5, 5, 10, 5, 5, 5, 5, 10, 15, 10, 25, 10, 10, 5, 10, 5, 5, 20, 5, 5, 10, 15, 5, 10, 5, 10, 5, 10, 10, 10, 10, 5, 5, 10, 15, 15, 5, 10, 5, 16, 10, 5, 15, 10, 5, 15, 15, 10, 5, 15, 5, 5, 5, 10, 10, 10, 15, 5, 5, 15, 5, 10, 15, 15, 5, 5, 15, 10, 10, 10, 5, 10, 10, 10, 5, 5, 6, 10, 15, 25, 10, 10, 15, 5, 20, 5, 20, 15, 5, 5, 5, 10, 10, 5, 15, 5, 10, 5, 15, 5, 10, 10, 15, 10, 20, 16, 15, 10, 12, 5, 10, 15, 10, 5, 5, 15, 20, 20, 10, 15, 5, 20, 10, 10, 10, 15, 15, 10, 10, 10, 10, 15, 10, 10, 10, 10, 10, 10, 20, 15, 5, 10, 10, 5, 15, 15, 15, 20, 10, 20, 10, 10, 10, 5, 15, 10, 20, 10, 21, 15, 15, 5, 15, 20, 10, 20, 5, 5, 10, 10, 40, 15, 15, 15, 5, 25, 10, 5, 10, 30, 15, 15, 15, 10, 25, 20, 5, 15, 10, 20, 15, 5, 10, 10, 15, 20, 10, 10, 25, 5, 15, 25, 9, 25, 15, 15, 15, 15, 20, 15, 10, 15, 5, 10, 5, 20, 20, 5, 20, 20, 5, 20, 15, 20, 15, 15, 5, 10, 10, 5, 12, 15, 5, 5, 10, 10, 5, 9, 25, 15, 10, 20, 10, 15, 15, 15, 10, 5, 10, 10, 10, 10, 15, 15, 10, 5, 5, 20, 20, 20, 25, 10, 10, 15, 10, 15, 10, 15, 10, 5, 10, 5, 5, 10, 10, 10, 15, 25, 5, 10, 10, 10, 5, 10, 20, 20, 5, 15, 20, 10, 5, 5, 10, 15, 10, 16, 20, 20, 10, 5, 15, 10, 10, 15, 25, 20, 10, 15, 20, 10, 15, 20, 20, 5, 10, 25, 20, 10, 15, 10, 10, 15, 15, 20, 5, 10, 20, 15, 20, 10, 10, 5, 15, 25, 15, 5, 25, 10, 15, 20, 5, 40, 10, 25, 25, 15, 20, 5, 25, 10, 30, 15, 15, 20, 15, 11, 10, 20, 15, 15, 5, 15, 20, 10, 15, 10, 15, 10, 10, 10, 25, 5, 13, 10, 25, 20, 30, 5, 20, 10, 25, 15, 10, 15, 10, 20, 10, 10, 15, 15, 15, 10, 5, 10, 10, 5, 10, 40, 20, 10, 15, 20, 5, 20, 15, 30, 6, 20, 15, 25, 25, 15, 20, 5, 5, 10, 20, 10, 21, 15, 15, 10, 15, 5, 15, 15, 10, 10, 10, 15, 15, 25, 30, 10, 15, 25, 25, 5, 25, 5, 25, 30, 35, 10, 15, 5, 5, 10, 25, 20, 10, 5, 15, 10, 5, 20, 15, 15, 10, 15, 20, 10, 30, 20, 20, 15, 20, 20, 15, 25, 10, 10, 15, 15, 10, 15, 30, 5, 30, 25, 5, 10, 25, 20, 30, 15, 10, 20, 15, 20, 15, 20, 5, 15, 30, 5, 20, 10, 15, 15, 15, 30, 25, 20, 15, 15, 10, 20, 5, 10, 15, 10, 20, 32, 15, 5, 10, 5, 10, 15, 15, 25, 15, 5, 15, 30, 20, 10, 5, 15, 35, 10, 15, 5, 25, 25, 20, 25, 10, 20, 10, 15, 10, 5, 10, 30, 15, 15, 15, 20, 25, 10, 20, 15, 10, 30, 5, 30, 20, 20, 10, 20, 15, 16, 25, 10, 10, 20, 10, 20, 25, 10, 10, 15, 15, 12, 15, 10, 10, 10, 15, 20, 15, 15, 5, 20, 25, 30, 30, 25, 5, 20, 20, 20, 10, 20, 15, 15, 10, 5, 15, 25, 15, 15, 20, 20, 30, 5, 15, 20, 15, 15, 25, 20, 10, 20, 20, 25, 5, 15, 10, 35, 30, 10, 30, 15, 10, 15, 20, 5, 15, 24, 11, 20, 10, 15, 10, 20, 20, 17, 15, 20, 20, 17, 15, 50, 5, 20, 20, 20, 15, 25, 5, 10, 15, 15, 25, 15, 35, 15, 20, 5, 25, 20, 10, 20, 20, 8, 15, 5, 20, 15, 20, 30, 30, 15, 10, 10, 20, 20, 35, 20, 25, 10, 5, 20, 35, 25, 5, 10, 25, 10, 25, 15, 30, 20, 15, 5, 10, 25, 25, 10, 25, 15, 30, 10, 15, 15, 10, 15, 25, 15, 15, 15, 30, 40, 5, 10, 35, 15, 15, 15, 30, 15, 25, 15, 30, 10, 15, 20, 20, 10, 30, 10, 15, 15, 10, 5, 30, 20, 20, 25, 15, 25, 10, 22, 30, 5, 15, 15, 20, 10, 5, 15, 15, 25, 15, 15, 10, 15, 15, 30, 20, 10, 35, 15, 5, 15, 20, 40, 15, 20, 20, 5, 25, 15, 5, 15, 25, 10, 40, 20, 30, 15, 10, 10, 20, 15, 40, 15, 15, 10, 20, 25, 35, 30, 15, 20, 25, 20, 20, 25, 10, 10, 10, 10, 25, 20, 10, 10, 20, 15, 25, 20, 15, 15, 15, 10, 17, 10, 15, 10, 5, 20, 5, 30, 10, 10, 25, 20, 25, 35, 5, 30, 20, 10, 30, 15, 20, 20, 25, 20, 25, 25, 35, 15, 20, 5, 25, 15, 15, 15, 30, 15, 10, 45, 28, 17, 20, 15, 15, 20, 20, 25, 5, 35, 15, 10, 10, 20, 15, 10, 5, 5, 10, 25, 35, 11, 15, 15, 10, 30, 20, 10, 15, 5, 30, 10, 20, 5, 20, 15, 10, 35, 25, 15, 20, 20, 25, 15, 10, 15, 15, 15, 20, 20, 30, 15, 25, 10, 15, 20, 30, 5, 20, 20, 15, 15, 15, 12, 
782538, 4
782538, 1766
782538, 3394
782538, 18518
782538, 5980
782538, 38498
782539, 1
782539, 
782539, 3
782539, 2984
782539, 4689
782539, 10075
782539, 3734
782539, 38493
791633, 9
791633, 5, 5, 5, 5, 5, 5, 5, 5, 5, 5, 5, 5, 5, 5, 5, 5, 5, 5, 5, 5, 5, 5, 5, 5, 5, 5, 5, 5, 5, 5, 5, 5, 5, 5, 5, 5, 5, 10, 5, 5, 10, 5, 5, 5, 5, 5, 5, 5, 5, 5, 10, 10, 5, 5, 5, 5, 10, 5, 5, 5, 5, 5, 10, 1, 5, 5, 5, 5, 10, 10, 5, 5, 10, 5, 10, 5, 5, 5, 5, 5, 5, 5, 5, 5, 5, 5, 5, 5, 5, 5, 5, 5, 5, 15, 5, 10, 5, 5, 5, 15, 5, 5, 10, 5, 5, 10, 10, 5, 10, 5, 5, 5, 5, 5, 5, 5, 10, 1, 5, 10, 15, 10, 5, 5, 10, 5, 10, 5, 10, 5, 6, 10, 5, 5, 10, 5, 5, 15, 20, 5, 5, 5, 15, 5, 5, 10, 15, 10, 5, 5, 10, 5, 10, 5, 5, 5, 10, 10, 10, 5, 10, 5, 16, 5, 3, 5, 5, 10, 5, 5, 20, 10, 5, 5, 15, 10, 10, 15, 5, 5, 5, 10, 10, 15, 10, 5, 10, 5, 5, 10, 15, 5, 5, 5, 15, 5, 5, 10, 5, 5, 20, 5, 5, 5, 15, 10, 10, 10, 5, 5, 20, 10, 5, 15, 5, 10, 5, 10, 5, 5, 10, 10, 15, 15, 10, 10, 5, 5, 5, 10, 10, 10, 5, 6, 10, 10, 15, 10, 5, 15, 5, 10, 5, 5, 5, 10, 10, 5, 5, 5, 15, 10, 10, 5, 15, 5, 20, 10, 10, 5, 10, 10, 5, 10, 10, 10, 10, 5, 10, 5, 5, 10, 10, 5, 15, 5, 5, 15, 15, 5, 15, 10, 5, 10, 5, 10, 5, 15, 5, 15, 5, 5, 10, 5, 10, 10, 10, 10, 25, 10, 20, 15, 15, 10, 15, 10, 15, 5, 5, 5, 5, 10, 5, 5, 10, 10, 5, 5, 10, 5, 10, 5, 10, 15, 10, 25, 10, 5, 10, 5, 5, 15, 10, 5, 10, 10, 5, 10, 5, 10, 5, 15, 10, 5, 10, 5, 5, 5, 10, 10, 10, 10, 5, 5, 10, 10, 10, 5, 10, 15, 10, 5, 15, 30, 10, 10, 10, 5, 10, 5, 10, 5, 5, 5, 10, 5, 5, 5, 5, 5, 15, 5, 5, 10, 10, 5, 5, 15, 20, 20, 5, 15, 15, 5, 10, 13, 15, 5, 10, 5, 10, 15, 20, 5, 10, 10, 25, 15, 5, 10, 5, 15, 10, 10, 10, 10, 10, 15, 10, 10, 10, 20, 10, 10, 5, 10, 15, 5, 20, 5, 10, 5, 5, 5, 5, 10, 20, 5, 10, 5, 10, 10, 5, 10, 5, 5, 15, 10, 10, 20, 5, 5, 5, 30, 15, 15, 5, 15, 5, 10, 15, 5, 5, 20, 10, 10, 10, 10, 20, 15, 5, 15, 10, 15, 10, 15, 10, 15, 5, 5, 10, 5, 15, 10, 5, 5, 10, 10, 20, 10, 15, 5, 10, 5, 10, 10, 10, 25, 10, 15, 10, 5, 15, 10, 20, 5, 10, 5, 20, 10, 5, 25, 10, 16, 10, 5, 25, 5, 10, 5, 15, 25, 14, 10, 5, 10, 5, 5, 5, 10, 15, 5, 10, 5, 10, 15, 5, 5, 15, 10, 15, 15, 10, 10, 5, 10, 10, 5, 15, 5, 20, 10, 15, 10, 20, 10, 5, 25, 10, 15, 20, 5, 5, 26, 5, 10, 5, 10, 10, 10, 10, 5, 5, 5, 10, 10, 10, 15, 20, 15, 10, 10, 10, 5, 5, 20, 10, 10, 10, 5, 20, 5, 5, 15, 25, 5, 15, 15, 15, 15, 16, 5, 5, 15, 20, 5, 15, 5, 10, 5, 10, 20, 15, 10, 15, 20, 5, 10, 25, 10, 5, 15, 10, 25, 10, 15, 5, 10, 5, 10, 10, 10, 10, 10, 20, 15, 5, 10, 5, 10, 15, 5, 25, 10, 20, 5, 5, 10, 5, 15, 15, 10, 10, 10, 15, 15, 10, 20, 10, 15, 5, 10, 15, 20, 15, 15, 10, 15, 4, 15, 15, 15, 10, 15, 5, 5, 20, 5, 5, 30, 10, 11, 5, 10, 15, 15, 25, 10, 5, 5, 15, 12, 10, 10, 15, 15, 11, 15, 5, 15, 10, 10, 15, 20, 20, 15, 5, 15, 5, 20, 15, 5, 5, 5, 20, 30, 30, 30, 5, 10, 15, 15, 20, 10, 15, 5, 10, 10, 5, 5, 10, 10, 10, 10, 10, 10, 15, 5, 15, 10, 15, 15, 10, 25, 5, 10, 20, 15, 10, 10, 10, 10, 15, 10, 15, 10, 15, 5, 5, 10, 15, 20, 20, 10, 10, 15, 10, 15, 5, 15, 10, 1, 10, 20, 5, 15, 15, 15, 15, 10, 5, 20, 10, 15, 20, 15, 20, 15, 5, 15, 15, 10, 10, 10, 15, 5, 30, 20, 15, 20, 15, 10, 10, 15, 15, 15, 15, 5, 10, 15, 25, 20, 5, 10, 10, 20, 20, 5, 15, 15, 10, 15, 5, 15, 30, 5, 15, 20, 20, 10, 20, 15, 6, 21, 5, 20, 10, 20, 10, 20, 15, 10, 10, 5, 5, 20, 25, 15, 15, 15, 25, 15, 20, 15, 15, 10, 25, 5, 5, 10, 20, 20, 15, 20, 26, 5, 20, 15, 5, 10, 15, 5, 5, 15, 15, 5, 12, 15, 5, 20, 16, 10, 10, 20, 17, 5, 11, 20, 15, 5, 10, 9, 
791633, 5
791633, 1901
791633, 3534
791633, 34764
791633, 5334
791633, 38596
812467, 38
812467, 5, 5, 5, 5, 5, 5, 5, 5, 5, 15, 5, 5, 5, 5, 5, 5, 5, 10, 10, 15, 10, 5, 5, 5, 10, 5, 5, 15, 10, 25, 5, 15, 10, 5, 5, 5, 5, 10, 15, 20, 10, 10, 20, 10, 5, 5, 15, 5, 5, 5, 15, 5, 15, 5, 15, 5, 6, 5, 15, 10, 10, 10, 10, 20, 10, 12, 25, 15, 15, 20, 10, 10, 5, 15, 5, 15, 5, 15, 15, 10, 20, 10, 10, 5, 15, 20, 10, 10, 20, 10, 15, 10, 10, 10, 15, 25, 15, 15, 10, 10, 35, 5, 30, 25, 16, 15, 10, 25, 20, 15, 30, 15, 20, 10, 15, 15, 5, 15, 20, 5, 25, 2, 20, 20, 15, 15, 15, 20, 15, 20, 10, 10, 20, 5, 10, 10, 25, 15, 5, 10, 20, 15, 10, 5, 10, 10, 10, 25, 15, 5, 10, 15, 10, 10, 20, 25, 30, 15, 5, 20, 20, 25, 15, 10, 5, 5, 10, 15, 15, 25, 10, 25, 5, 10, 10, 25, 10, 10, 5, 5, 20, 10, 15, 15, 5, 5, 20, 10, 15, 15, 20, 20, 15, 10, 5, 10, 10, 25, 25, 5, 15, 15, 25, 25, 15, 5, 20, 20, 10, 10, 6, 10, 10, 15, 10, 15, 20, 10, 10, 25, 10, 10, 20, 25, 20, 30, 10, 20, 16, 10, 20, 10, 20, 16, 10, 20, 5, 15, 25, 15, 30, 25, 20, 26, 10, 15, 20, 15, 10, 30, 5, 10, 10, 10, 15, 5, 40, 20, 15, 5, 15, 20, 15, 20, 20, 15, 25, 10, 10, 5, 20, 25, 10, 5, 20, 35, 15, 15, 18, 15, 40, 5, 10, 35, 5, 10, 5, 15, 20, 20, 15, 15, 20, 15, 20, 15, 30, 20, 25, 20, 30, 20, 25, 20, 5, 30, 5, 15, 20, 10, 10, 35, 15, 5, 20, 15, 15, 10, 25, 20, 15, 20, 15, 15, 20, 30, 40, 10, 10, 20, 25, 15, 15, 25, 15, 10, 10, 10, 30, 20, 20, 20, 20, 20, 25, 20, 20, 25, 20, 30, 20, 20, 10, 15, 15, 15, 25, 20, 35, 25, 25, 40, 25, 6, 20, 15, 20, 20, 10, 10, 25, 20, 5, 10, 25, 10, 10, 35, 10, 20, 23, 10, 10, 15, 20, 30, 25, 10, 35, 25, 10, 30, 40, 25, 10, 25, 20, 25, 45, 15, 35, 20, 20, 10, 10, 35, 30, 15, 15, 10, 25, 25, 25, 10, 15, 15, 35, 30, 20, 30, 20, 15, 25, 25, 20, 15, 20, 30, 15, 25, 20, 15, 15, 15, 35, 15, 20, 20, 40, 20, 25, 5, 5, 20, 10, 15, 5, 15, 40, 21, 5, 15, 10, 20, 25, 40, 15, 15, 30, 20, 25, 20, 25, 40, 20, 15, 25, 15, 10, 40, 10, 25, 20, 15, 20, 35, 15, 10, 5, 5, 25, 15, 20, 45, 15, 35, 20, 25, 35, 25, 30, 25, 30, 30, 18, 25, 25, 10, 25, 20, 25, 15, 25, 10, 25, 25, 20, 10, 20, 15, 15, 15, 30, 10, 10, 5, 25, 11, 25, 15, 5, 35, 5, 10, 15, 25, 5, 5, 15, 35, 20, 20, 20, 15, 25, 40, 16, 15, 20, 5, 6, 5, 15, 20, 25, 20, 15, 5, 30, 20, 5, 20, 20, 20, 15, 40, 30, 30, 25, 35, 15, 10, 5, 25, 25, 15, 40, 15, 25, 15, 25, 15, 35, 25, 10, 50, 20, 20, 35, 20, 40, 15, 30, 15, 15, 20, 20, 5, 20, 39, 30, 15, 20, 20, 25, 25, 25, 15, 10, 20, 10, 20, 20, 35, 30, 35, 30, 40, 5, 25, 20, 35, 20, 15, 30, 20, 15, 30, 15, 20, 15, 45, 20, 10, 15, 25, 15, 38, 10, 15, 10, 35, 10, 15, 10, 20, 30, 15, 10, 30, 25, 20, 30, 20, 30, 15, 20, 30, 15, 35, 30, 15, 20, 25, 25, 20, 10, 20, 10, 55, 35, 10, 20, 10, 25, 25, 10, 25, 15, 10, 20, 25, 15, 20, 20, 5, 25, 35, 20, 30, 40, 5, 15, 45, 25, 25, 20, 30, 25, 20, 15, 25, 30, 10, 35, 20, 25, 15, 10, 35, 20, 10, 15, 25, 35, 10, 15, 20, 25, 20, 40, 15, 35, 25, 20, 5, 15, 25, 20, 10, 15, 40, 10, 15, 15, 15, 26, 15, 15, 20, 30, 10, 5, 20, 40, 20, 15, 10, 20, 30, 10, 30, 20, 20, 10, 10, 40, 25, 15, 40, 20, 25, 35, 25, 20, 20, 30, 40, 25, 35, 30, 15, 20, 20, 5, 30, 20, 15, 30, 30, 25, 10, 20, 20, 25, 15, 35, 15, 35, 15, 25, 20, 5, 21, 25, 10, 30, 30, 20, 25, 20, 20, 15, 10, 35, 25, 20, 15, 30, 40, 20, 20, 20, 15, 45, 35, 40, 20, 15, 45, 10, 25, 20, 35, 25, 30, 35, 15, 20, 50, 20, 25, 15, 10, 10, 10, 20, 20, 20, 15, 30, 20, 15, 10, 20, 20, 20, 15, 25, 20, 25, 10, 21, 25, 5, 25, 5, 30, 35, 25, 20, 40, 25, 35, 35, 20, 25, 30, 15, 15, 20, 20, 20, 20, 10, 25, 30, 5, 40, 10, 10, 25, 10, 30, 35, 25, 20, 50, 25, 20, 25, 15, 35, 40, 25, 40, 15, 25, 20, 30, 20, 30, 30, 15, 30, 30, 30, 31, 10, 20, 15, 15, 5, 15, 15, 25, 20, 25, 20, 15, 25, 20, 15, 40, 25, 25, 35, 15, 15, 50, 35, 20, 25, 30, 10, 35, 20, 5, 20, 10, 10, 30, 35, 35, 20, 25, 10, 30, 20, 10, 20, 35, 20, 35, 15, 25, 55, 15, 15, 15, 20, 25, 15, 25, 5, 16, 20, 15, 25, 20, 20, 40, 15, 37, 5, 25, 10, 36, 30, 25, 35, 5, 15, 30, 25, 20, 35, 10, 30, 25, 30, 20, 30, 26, 40, 5, 35, 25, 15, 20, 30, 10, 20, 35, 25, 25, 20, 15, 15, 25, 15, 25, 35, 10, 20, 20, 30, 20, 5, 15, 20, 5, 21, 20, 25, 25, 45, 15, 15, 35, 25, 25, 20, 10, 30, 15, 35, 20, 55, 20, 30, 20, 20, 15, 35, 25, 25, 35, 25, 10, 25, 15, 25, 25, 20, 15, 10, 25, 15, 20, 26, 10, 5, 35, 5, 10, 25, 41, 20, 15, 40, 30, 10, 35, 40, 10, 15, 44, 30, 20, 45, 25, 15, 21, 10, 18, 
812467, 2
812467, 1554
812467, 3146
812467, 17393
812467, 3279
812467, 38660
820995, 12
820995, 5, 5, 5, 5, 5, 10, 5, 5, 5, 5, 5, 5, 5, 5, 6, 10, 5, 5, 5, 5, 5, 5, 5, 5, 5, 5, 10, 5, 5, 5, 5, 5, 1, 5, 5, 15, 5, 5, 10, 10, 5, 5, 5, 5, 5, 5, 5, 5, 5, 5, 5, 5, 10, 10, 5, 5, 5, 5, 5, 5, 5, 5, 5, 10, 5, 5, 5, 5, 5, 5, 5, 5, 10, 5, 5, 5, 5, 5, 5, 10, 5, 5, 5, 5, 5, 5, 5, 5, 5, 5, 5, 5, 5, 15, 5, 10, 5, 10, 5, 15, 5, 10, 5, 5, 10, 15, 10, 5, 10, 5, 5, 5, 5, 10, 5, 5, 5, 5, 5, 5, 5, 15, 5, 10, 5, 5, 10, 5, 5, 15, 10, 5, 5, 5, 10, 2, 5, 5, 10, 10, 5, 10, 5, 5, 5, 10, 10, 5, 10, 5, 5, 5, 5, 5, 5, 10, 5, 10, 5, 5, 5, 10, 10, 10, 10, 10, 15, 5, 5, 5, 5, 5, 10, 5, 5, 5, 5, 5, 10, 10, 5, 10, 15, 5, 10, 5, 5, 15, 10, 20, 5, 5, 5, 5, 15, 10, 5, 5, 10, 10, 15, 5, 5, 5, 5, 10, 10, 5, 5, 5, 10, 5, 20, 5, 5, 5, 10, 10, 5, 10, 5, 10, 10, 5, 5, 5, 10, 5, 5, 5, 5, 20, 5, 15, 5, 10, 5, 5, 5, 5, 10, 5, 5, 5, 10, 5, 15, 10, 10, 5, 5, 10, 5, 5, 10, 10, 5, 10, 15, 5, 5, 10, 5, 5, 5, 5, 10, 5, 13, 5, 10, 5, 5, 10, 15, 5, 10, 15, 5, 15, 5, 5, 5, 5, 5, 10, 10, 5, 5, 5, 10, 5, 5, 10, 10, 15, 10, 10, 5, 15, 10, 10, 5, 15, 10, 10, 15, 5, 10, 15, 10, 10, 5, 5, 10, 20, 15, 15, 5, 10, 5, 10, 15, 5, 10, 15, 10, 5, 5, 10, 5, 20, 5, 15, 5, 10, 5, 5, 20, 5, 10, 10, 10, 15, 10, 20, 15, 10, 10, 10, 5, 10, 10, 5, 5, 10, 5, 10, 5, 10, 5, 15, 10, 5, 10, 10, 15, 15, 5, 10, 5, 5, 5, 10, 20, 20, 5, 20, 10, 10, 15, 5, 5, 5, 10, 15, 30, 10, 10, 5, 15, 10, 12, 15, 5, 5, 25, 5, 10, 10, 15, 10, 5, 10, 20, 10, 5, 15, 5, 15, 5, 15, 10, 10, 5, 5, 10, 15, 10, 15, 15, 10, 15, 10, 5, 5, 10, 10, 10, 5, 20, 5, 15, 20, 5, 11, 15, 15, 15, 10, 5, 5, 10, 5, 10, 10, 5, 5, 10, 10, 5, 10, 5, 15, 10, 10, 10, 10, 10, 10, 10, 5, 10, 15, 15, 5, 10, 10, 15, 5, 10, 10, 10, 15, 15, 15, 20, 10, 6, 10, 5, 10, 15, 5, 5, 20, 15, 10, 20, 15, 5, 15, 5, 5, 10, 10, 5, 10, 5, 10, 10, 10, 10, 10, 20, 20, 15, 10, 25, 15, 5, 10, 20, 15, 5, 5, 15, 20, 15, 5, 10, 5, 10, 5, 5, 10, 15, 5, 8, 10, 10, 10, 5, 10, 15, 5, 10, 15, 10, 10, 10, 10, 10, 10, 15, 15, 5, 15, 15, 5, 20, 15, 25, 5, 15, 15, 15, 10, 10, 25, 10, 10, 20, 16, 5, 20, 25, 10, 10, 10, 15, 10, 5, 10, 10, 10, 10, 10, 16, 5, 20, 15, 5, 15, 15, 5, 10, 5, 5, 10, 10, 10, 15, 10, 15, 10, 5, 20, 5, 15, 10, 5, 5, 10, 10, 5, 1, 10, 20, 20, 15, 10, 15, 5, 20, 25, 15, 5, 10, 5, 10, 10, 10, 5, 15, 5, 5, 10, 10, 10, 5, 11, 5, 5, 15, 20, 10, 20, 10, 5, 5, 5, 15, 5, 10, 5, 5, 5, 5, 20, 15, 10, 15, 5, 10, 10, 10, 5, 20, 15, 15, 15, 15, 5, 15, 5, 10, 15, 20, 10, 10, 10, 5, 10, 20, 10, 5, 31, 5, 5, 5, 10, 10, 20, 5, 10, 15, 5, 5, 10, 5, 5, 10, 5, 15, 20, 20, 25, 10, 5, 20, 10, 5, 20, 5, 15, 10, 15, 10, 10, 15, 15, 10, 10, 15, 5, 10, 10, 15, 20, 5, 15, 20, 10, 5, 30, 10, 10, 10, 10, 15, 15, 20, 25, 25, 5, 10, 20, 15, 10, 10, 5, 10, 5, 15, 10, 15, 10, 10, 15, 5, 5, 10, 5, 20, 20, 20, 15, 20, 10, 5, 10, 20, 20, 10, 15, 5, 10, 10, 10, 25, 5, 30, 10, 5, 15, 10, 10, 5, 10, 15, 5, 5, 25, 15, 10, 5, 15, 20, 15, 10, 10, 10, 5, 15, 15, 15, 15, 5, 15, 15, 23, 15, 15, 5, 15, 15, 10, 20, 10, 15, 15, 10, 20, 15, 5, 20, 10, 10, 20, 5, 10, 25, 5, 15, 15, 15, 5, 15, 5, 20, 10, 25, 5, 20, 15, 20, 35, 15, 15, 15, 10, 5, 10, 5, 10, 10, 10, 15, 5, 20, 15, 10, 5, 5, 20, 25, 15, 25, 10, 15, 10, 35, 4, 
820995, 7
820995, 1588
820995, 4427
820995, 7256
820995, 1575
820995, 38599
820996, 1
820996, 
820996, 2
820996, 4022
820996, 58687
820996, 5919
820996, 1954
820996, 38518
821517, 1
821517, 5, 5, 5, 5, 5, 5, 5, 5, 5, 5, 5, 5, 5, 5, 5, 5, 5, 5, 5, 5, 5, 5, 5, 5, 5, 5, 5, 5, 5, 5, 5, 5, 5, 5, 5, 5, 5, 5, 5, 5, 5, 5, 5, 5, 5, 5, 5, 5, 5, 5, 5, 5, 5, 10, 5, 5, 5, 5, 5, 10, 5, 5, 10, 5, 5, 5, 5, 5, 5, 5, 5, 5, 5, 5, 5, 5, 5, 5, 5, 5, 5, 5, 5, 5, 5, 5, 10, 5, 5, 5, 5, 5, 10, 5, 5, 5, 5, 5, 5, 
821517, 1
821517, 5256
821517, 59941
821517, 21339
821517, 4973
821517, 38568
822385, 4
822385, 5, 5, 5, 5, 5, 5, 5, 5, 5, 5, 5, 5, 5, 5, 5, 5, 5, 5, 5, 5, 5, 5, 5, 10, 5, 5, 5, 5, 5, 5, 5, 5, 5, 5, 5, 5, 5, 5, 5, 5, 5, 5, 5, 5, 5, 5, 5, 5, 5, 5, 5, 5, 5, 5, 5, 5, 5, 5, 5, 5, 10, 5, 5, 5, 5, 5, 5, 10, 5, 5, 10, 5, 5, 5, 5, 5, 5, 5, 5, 5, 10, 5, 5, 5, 10, 5, 5, 5, 10, 5, 5, 5, 5, 5, 5, 5, 5, 5, 5, 5, 5, 5, 10, 5, 5, 5, 5, 5, 5, 5, 5, 5, 5, 5, 5, 5, 5, 10, 5, 10, 5, 5, 5, 5, 5, 5, 5, 10, 5, 5, 5, 5, 5, 5, 5, 5, 5, 5, 5, 10, 5, 5, 5, 5, 5, 5, 5, 5, 5, 5, 5, 5, 10, 5, 5, 5, 10, 5, 4, 
822385, 1
822385, 6460
822385, 59881
822385, 21026
822385, 4751
822385, 38609
822386, 1
822386, 
822386, 1
822386, 7683
822386, 60997
822386, 8145
822386, 3115
822386, 38578
832008, 11
832008, 5, 5, 5, 5, 5, 5, 5, 5, 5, 5, 5, 5, 5, 5, 5, 10, 5, 5, 5, 5, 5, 5, 5, 5, 5, 5, 5, 10, 5, 10, 5, 5, 5, 5, 5, 10, 5, 10, 5, 10, 5, 5, 5, 5, 5, 5, 10, 5, 10, 10, 10, 5, 5, 5, 5, 10, 5, 5, 5, 20, 5, 5, 5, 5, 10, 10, 5, 10, 5, 5, 5, 5, 5, 5, 5, 5, 1, 5, 5, 10, 10, 10, 5, 5, 10, 10, 5, 5, 5, 15, 5, 5, 5, 5, 10, 5, 10, 15, 5, 10, 5, 5, 5, 5, 5, 5, 5, 10, 5, 10, 15, 10, 15, 5, 10, 7, 10, 5, 5, 5, 10, 5, 5, 5, 5, 10, 5, 5, 10, 10, 10, 5, 5, 5, 5, 4, 5, 5, 5, 5, 5, 5, 5, 5, 5, 10, 5, 15, 5, 10, 10, 10, 5, 5, 5, 5, 5, 5, 10, 5, 10, 6, 10, 10, 10, 5, 10, 10, 5, 5, 5, 1, 5, 5, 10, 5, 10, 5, 5, 10, 5, 5, 10, 10, 5, 10, 5, 5, 5, 5, 5, 10, 15, 10, 10, 5, 5, 5, 5, 20, 5, 10, 5, 5, 5, 10, 15, 15, 15, 10, 5, 20, 10, 10, 10, 5, 5, 5, 5, 15, 20, 5, 10, 25, 5, 15, 10, 15, 10, 15, 10, 5, 15, 10, 10, 10, 5, 5, 15, 15, 5, 5, 10, 10, 15, 10, 5, 15, 5, 5, 11, 5, 15, 15, 5, 10, 10, 10, 10, 10, 10, 20, 15, 5, 10, 15, 10, 15, 10, 10, 5, 15, 5, 5, 15, 15, 5, 5, 5, 10, 10, 25, 15, 20, 5, 10, 5, 15, 10, 15, 5, 5, 10, 10, 10, 10, 10, 10, 10, 5, 5, 10, 5, 5, 10, 10, 25, 10, 10, 11, 15, 10, 5, 15, 20, 15, 10, 5, 5, 10, 5, 10, 10, 20, 5, 5, 5, 20, 30, 5, 5, 5, 5, 15, 5, 5, 10, 10, 10, 10, 10, 10, 5, 25, 10, 10, 15, 15, 15, 10, 5, 15, 15, 10, 10, 10, 10, 5, 10, 5, 5, 10, 5, 20, 20, 5, 20, 15, 15, 25, 10, 5, 10, 10, 5, 5, 10, 5, 5, 5, 5, 10, 10, 10, 5, 10, 5, 10, 10, 10, 10, 5, 10, 10, 10, 5, 5, 15, 5, 15, 20, 15, 17, 25, 10, 10, 15, 5, 15, 5, 5, 15, 10, 15, 15, 10, 15, 20, 5, 5, 10, 10, 15, 15, 10, 10, 10, 10, 15, 5, 15, 10, 15, 10, 15, 11, 15, 5, 15, 5, 10, 5, 15, 5, 5, 5, 10, 15, 25, 10, 10, 10, 5, 15, 10, 10, 5, 5, 10, 5, 15, 10, 30, 10, 25, 5, 10, 20, 10, 20, 15, 10, 10, 10, 5, 5, 5, 10, 5, 5, 5, 20, 20, 10, 15, 5, 15, 10, 10, 5, 20, 10, 20, 15, 30, 15, 20, 5, 10, 10, 25, 15, 15, 10, 5, 5, 5, 10, 15, 10, 15, 10, 30, 10, 10, 15, 20, 5, 5, 20, 10, 15, 10, 10, 5, 5, 5, 10, 20, 16, 10, 20, 10, 10, 5, 15, 5, 20, 10, 5, 15, 15, 5, 10, 5, 15, 15, 5, 5, 20, 10, 15, 15, 20, 8, 10, 10, 5, 15, 5, 15, 5, 20, 5, 5, 15, 10, 10, 20, 5, 10, 10, 5, 10, 25, 5, 5, 5, 5, 5, 15, 10, 25, 15, 20, 15, 15, 5, 10, 15, 20, 10, 25, 25, 5, 20, 10, 10, 5, 5, 15, 5, 15, 10, 20, 10, 10, 15, 25, 15, 10, 15, 5, 5, 10, 10, 2, 10, 15, 5, 15, 10, 10, 10, 20, 5, 10, 5, 15, 5, 10, 20, 10, 10, 15, 10, 5, 10, 10, 15, 11, 5, 15, 10, 30, 10, 30, 5, 10, 5, 10, 15, 20, 15, 5, 10, 15, 15, 15, 15, 20, 15, 10, 15, 5, 5, 10, 5, 25, 15, 5, 15, 17, 25, 15, 10, 15, 15, 5, 5, 10, 5, 6, 10, 10, 15, 20, 20, 7, 15, 10, 10, 15, 10, 5, 15, 10, 15, 20, 5, 10, 20, 10, 10, 15, 5, 5, 25, 20, 10, 10, 15, 10, 20, 15, 10, 10, 25, 20, 15, 10, 5, 15, 5, 10, 16, 20, 20, 10, 20, 20, 5, 10, 15, 25, 10, 5, 15, 15, 10, 15, 20, 5, 11, 25, 20, 15, 5, 25, 5, 25, 15, 10, 15, 25, 10, 15, 10, 20, 5, 16, 25, 10, 15, 10, 5, 20, 15, 15, 40, 10, 15, 10, 10, 10, 10, 5, 20, 10, 15, 24, 15, 10, 25, 20, 5, 5, 25, 10, 15, 15, 20, 10, 10, 10, 10, 10, 15, 35, 5, 15, 10, 15, 10, 10, 10, 10, 15, 10, 10, 15, 30, 5, 20, 20, 15, 10, 25, 5, 5, 5, 35, 10, 5, 10, 15, 12, 10, 20, 15, 15, 5, 35, 15, 10, 10, 15, 10, 5, 10, 15, 15, 5, 10, 10, 20, 15, 5, 10, 10, 10, 5, 10, 10, 5, 15, 10, 5, 15, 15, 10, 5, 10, 5, 15, 15, 10, 10, 10, 20, 5, 10, 25, 10, 10, 10, 15, 15, 15, 10, 10, 10, 10, 20, 10, 15, 5, 5, 5, 15, 10, 15, 20, 15, 20, 15, 15, 20, 5, 5, 10, 15, 15, 11, 
832008, 1
832008, 1843
832008, 4440
832008, 11397
832008, 2271
832008, 38713
832009, 1
832009, 
832009, 1
832009, 3114
832009, 5730
832009, 10211
832009, 2264
832009, 38646
838426, 9
838426, 5, 5, 5, 5, 5, 5, 5, 5, 5, 5, 5, 5, 5, 5, 5, 5, 5, 5, 5, 5, 5, 5, 5, 5, 5, 5, 5, 5, 5, 5, 5, 10, 5, 5, 10, 5, 5, 5, 5, 5, 5, 5, 10, 5, 5, 15, 5, 5, 5, 5, 10, 5, 5, 5, 5, 5, 5, 5, 5, 5, 10, 5, 5, 5, 5, 5, 5, 5, 10, 15, 5, 5, 5, 5, 5, 5, 5, 5, 5, 5, 5, 10, 5, 5, 10, 5, 5, 5, 5, 5, 10, 5, 5, 5, 5, 5, 5, 5, 5, 5, 5, 5, 5, 5, 5, 10, 15, 5, 5, 10, 8, 5, 5, 5, 5, 5, 10, 10, 5, 5, 15, 5, 5, 5, 5, 5, 5, 5, 5, 5, 5, 5, 10, 5, 10, 5, 5, 5, 10, 5, 10, 5, 10, 5, 5, 15, 5, 5, 5, 5, 5, 20, 5, 10, 5, 5, 5, 5, 5, 5, 10, 5, 10, 10, 5, 5, 5, 5, 5, 5, 5, 10, 5, 10, 5, 5, 10, 10, 5, 10, 5, 15, 5, 10, 5, 5, 5, 10, 5, 5, 5, 15, 5, 10, 5, 5, 5, 10, 5, 5, 5, 10, 10, 10, 5, 15, 10, 5, 10, 10, 5, 10, 10, 10, 5, 15, 10, 10, 5, 15, 10, 5, 5, 5, 5, 15, 5, 10, 5, 10, 5, 5, 5, 5, 5, 5, 10, 5, 5, 10, 5, 5, 5, 5, 5, 10, 5, 5, 5, 10, 5, 7, 10, 15, 10, 5, 10, 10, 20, 1, 5, 5, 5, 5, 5, 10, 10, 5, 5, 10, 5, 10, 5, 5, 5, 5, 10, 5, 10, 5, 5, 5, 5, 5, 5, 10, 5, 10, 10, 5, 10, 10, 10, 6, 20, 5, 15, 10, 5, 5, 10, 5, 5, 5, 5, 15, 10, 10, 5, 10, 5, 5, 20, 5, 10, 10, 5, 15, 5, 15, 10, 10, 10, 5, 5, 5, 5, 5, 5, 5, 5, 5, 15, 5, 10, 10, 10, 5, 5, 10, 15, 5, 10, 15, 10, 15, 10, 10, 5, 5, 10, 5, 10, 15, 5, 5, 10, 5, 5, 5, 10, 10, 15, 5, 5, 10, 10, 5, 10, 10, 5, 5, 5, 10, 15, 5, 5, 10, 10, 5, 5, 5, 5, 5, 5, 5, 10, 10, 5, 5, 5, 30, 15, 5, 5, 5, 10, 5, 5, 25, 5, 10, 10, 5, 5, 10, 7, 10, 18, 5, 10, 10, 25, 10, 5, 5, 15, 5, 5, 5, 10, 15, 5, 5, 5, 5, 5, 5, 15, 15, 5, 5, 10, 10, 5, 10, 10, 10, 10, 15, 10, 5, 10, 15, 15, 10, 5, 5, 5, 10, 15, 5, 15, 5, 5, 15, 5, 15, 5, 20, 10, 5, 5, 10, 5, 5, 5, 15, 5, 10, 10, 15, 10, 10, 10, 10, 20, 10, 5, 10, 5, 5, 10, 5, 15, 5, 10, 5, 5, 10, 15, 5, 20, 15, 10, 5, 5, 10, 5, 10, 10, 10, 5, 5, 15, 15, 5, 10, 5, 5, 20, 10, 15, 10, 5, 10, 15, 5, 15, 10, 5, 10, 10, 10, 10, 15, 10, 12, 5, 10, 10, 15, 10, 5, 5, 5, 10, 10, 10, 15, 5, 10, 10, 10, 5, 15, 10, 5, 5, 10, 15, 10, 10, 20, 5, 15, 5, 5, 10, 10, 10, 5, 5, 10, 5, 10, 10, 15, 15, 15, 15, 10, 10, 5, 10, 5, 10, 20, 20, 5, 15, 15, 20, 10, 10, 15, 10, 20, 10, 20, 10, 10, 15, 5, 10, 5, 5, 10, 10, 10, 10, 10, 20, 10, 5, 10, 5, 5, 30, 15, 10, 10, 10, 5, 5, 20, 10, 25, 20, 5, 15, 10, 10, 10, 15, 20, 20, 20, 10, 15, 5, 20, 5, 5, 15, 5, 10, 5, 10, 10, 5, 10, 10, 5, 5, 5, 5, 5, 5, 10, 5, 15, 5, 5, 15, 15, 10, 5, 13, 15, 5, 20, 15, 5, 10, 5, 15, 5, 15, 10, 12, 5, 10, 5, 5, 10, 10, 10, 20, 10, 10, 10, 15, 13, 15, 15, 10, 5, 5, 5, 5, 5, 15, 10, 15, 10, 5, 5, 15, 5, 13, 5, 20, 15, 10, 5, 5, 10, 5, 10, 5, 15, 5, 20, 3, 5, 5, 15, 5, 15, 5, 10, 5, 5, 5, 5, 15, 15, 10, 10, 15, 20, 5, 15, 5, 10, 5, 20, 10, 25, 5, 10, 5, 5, 10, 5, 5, 15, 10, 10, 5, 15, 10, 5, 10, 10, 10, 15, 5, 10, 15, 
838426, 1
838426, 1864
838426, 4061
838426, 13198
838426, 2784
838426, 38628
838427, 1
838427, 
838427, 1
838427, 3138
838427, 5333
838427, 20047
838427, 3887
838427, 38629
846812, 9
846812, 5, 5, 5, 5, 5, 5, 5, 5, 10, 5, 5, 5, 5, 10, 5, 5, 5, 5, 5, 5, 5, 5, 5, 5, 5, 5, 5, 5, 5, 5, 5, 5, 5, 5, 5, 5, 5, 5, 5, 5, 5, 5, 5, 5, 5, 10, 5, 5, 5, 5, 5, 5, 5, 5, 10, 5, 5, 5, 5, 5, 5, 5, 10, 5, 5, 5, 5, 10, 5, 5, 5, 5, 10, 10, 10, 5, 5, 10, 5, 5, 5, 5, 10, 5, 5, 5, 5, 5, 5, 10, 10, 5, 10, 5, 5, 10, 5, 5, 1, 10, 5, 5, 5, 5, 5, 5, 5, 10, 5, 5, 5, 5, 5, 10, 5, 5, 15, 4, 10, 5, 10, 10, 10, 5, 5, 5, 5, 10, 5, 5, 5, 5, 5, 5, 5, 5, 10, 5, 5, 5, 10, 10, 10, 5, 10, 5, 10, 5, 10, 5, 5, 15, 15, 5, 10, 15, 10, 5, 5, 5, 5, 5, 5, 10, 5, 1, 5, 5, 10, 10, 10, 15, 10, 10, 10, 5, 10, 5, 5, 10, 5, 15, 10, 5, 10, 5, 5, 5, 5, 5, 5, 10, 10, 5, 10, 15, 20, 5, 15, 10, 5, 5, 10, 10, 5, 5, 10, 10, 5, 10, 5, 5, 5, 10, 5, 5, 10, 10, 10, 5, 10, 5, 5, 5, 10, 15, 10, 5, 5, 20, 10, 5, 10, 5, 15, 5, 10, 5, 15, 5, 5, 5, 5, 5, 10, 10, 5, 10, 5, 5, 5, 5, 5, 5, 5, 10, 5, 10, 10, 1, 15, 15, 10, 5, 10, 15, 10, 15, 10, 5, 5, 15, 10, 10, 5, 5, 5, 20, 5, 5, 5, 5, 5, 15, 10, 10, 5, 10, 5, 10, 10, 5, 5, 30, 15, 5, 5, 5, 5, 5, 5, 10, 5, 15, 5, 5, 5, 20, 10, 10, 10, 5, 5, 10, 10, 5, 5, 5, 5, 5, 15, 5, 15, 5, 5, 5, 5, 5, 15, 10, 10, 5, 10, 5, 15, 10, 5, 5, 10, 5, 10, 5, 5, 5, 10, 10, 10, 10, 5, 5, 10, 10, 5, 5, 10, 5, 15, 5, 6, 10, 5, 15, 10, 5, 10, 5, 10, 10, 5, 10, 25, 15, 5, 5, 15, 5, 10, 5, 10, 20, 10, 15, 5, 10, 15, 5, 20, 10, 10, 5, 10, 10, 10, 5, 10, 5, 20, 10, 10, 15, 5, 15, 10, 10, 15, 15, 15, 15, 5, 5, 10, 10, 5, 15, 20, 10, 15, 5, 15, 5, 10, 5, 16, 15, 15, 5, 5, 10, 15, 5, 15, 10, 10, 10, 10, 5, 5, 10, 5, 5, 10, 5, 10, 10, 10, 20, 15, 10, 20, 20, 15, 10, 15, 15, 10, 10, 10, 5, 5, 5, 10, 6, 5, 5, 20, 10, 10, 25, 15, 15, 5, 10, 15, 10, 10, 10, 10, 5, 5, 5, 5, 5, 15, 10, 10, 5, 10, 10, 15, 15, 10, 10, 10, 5, 20, 15, 5, 5, 5, 10, 10, 25, 5, 5, 15, 25, 10, 10, 5, 10, 5, 5, 5, 10, 10, 10, 5, 10, 20, 10, 15, 5, 5, 5, 10, 20, 10, 5, 15, 15, 15, 5, 15, 15, 15, 5, 5, 10, 10, 5, 5, 5, 15, 20, 15, 15, 10, 5, 10, 15, 20, 15, 10, 15, 10, 5, 5, 15, 5, 5, 10, 10, 15, 15, 20, 5, 5, 5, 10, 5, 5, 10, 5, 5, 15, 10, 15, 5, 10, 20, 5, 20, 5, 5, 5, 5, 10, 15, 15, 10, 10, 5, 10, 15, 20, 15, 10, 5, 5, 5, 30, 10, 5, 20, 5, 10, 5, 10, 17, 10, 15, 15, 10, 10, 5, 5, 5, 15, 15, 10, 10, 20, 5, 20, 10, 20, 20, 15, 5, 15, 15, 10, 5, 10, 5, 10, 15, 10, 10, 15, 25, 10, 15, 10, 10, 15, 5, 5, 10, 5, 15, 5, 15, 10, 25, 5, 10, 5, 15, 15, 5, 15, 10, 5, 5, 15, 10, 15, 15, 10, 5, 10, 5, 15, 5, 15, 15, 5, 5, 10, 15, 10, 5, 10, 15, 5, 5, 5, 5, 15, 10, 25, 15, 15, 10, 5, 5, 10, 10, 10, 5, 10, 10, 10, 10, 10, 10, 20, 15, 5, 10, 5, 5, 20, 15, 2, 10, 10, 5, 5, 5, 5, 10, 10, 20, 10, 15, 15, 15, 5, 11, 10, 10, 10, 32, 10, 10, 20, 10, 10, 5, 25, 10, 15, 10, 25, 15, 10, 10, 10, 5, 10, 15, 25, 10, 15, 15, 15, 10, 20, 20, 10, 20, 20, 10, 5, 10, 10, 10, 15, 5, 35, 10, 15, 20, 30, 10, 5, 15, 10, 20, 30, 10, 20, 15, 10, 25, 10, 20, 15, 15, 15, 10, 10, 10, 5, 10, 10, 10, 10, 15, 5, 20, 10, 10, 5, 10, 5, 10, 5, 15, 10, 5, 15, 10, 10, 5, 15, 15, 10, 15, 10, 5, 20, 10, 25, 15, 15, 25, 20, 15, 10, 23, 5, 10, 10, 10, 5, 5, 10, 10, 15, 20, 15, 10, 5, 10, 15, 5, 15, 20, 20, 15, 20, 10, 5, 15, 10, 5, 20, 15, 5, 5, 5, 15, 10, 20, 5, 15, 15, 15, 15, 20, 26, 
846812, 1
846812, 1905
846812, 3338
846812, 21673
846812, 5520
846812, 38732
847247, 2
847247, 5, 5, 5, 5, 5, 5, 5, 5, 5, 5, 5, 5, 5, 5, 5, 5, 5, 5, 5, 5, 5, 5, 5, 5, 5, 5, 5, 5, 5, 5, 5, 5, 5, 5, 5, 5, 5, 5, 5, 5, 10, 5, 5, 5, 5, 5, 5, 5, 10, 5, 5, 5, 5, 5, 5, 5, 5, 5, 5, 5, 5, 5, 5, 5, 5, 5, 5, 5, 5, 5, 5, 5, 5, 5, 5, 5, 5, 5, 5, 5, 5, 5, 5, 5, 3, 
847247, 2
847247, 3198
847247, 4637
847247, 26516
847247, 9514
847247, 38806
851834, 9
851834, 5, 5, 5, 5, 5, 5, 5, 5, 5, 5, 5, 5, 5, 5, 5, 5, 5, 5, 5, 5, 5, 5, 5, 5, 5, 5, 5, 5, 5, 5, 5, 5, 5, 10, 5, 5, 5, 5, 5, 5, 10, 10, 5, 5, 5, 5, 5, 5, 5, 5, 5, 5, 5, 5, 5, 5, 5, 5, 5, 5, 5, 5, 5, 5, 5, 10, 5, 5, 5, 10, 5, 15, 5, 5, 5, 10, 5, 5, 5, 5, 5, 5, 5, 5, 5, 5, 10, 5, 5, 5, 5, 10, 5, 5, 5, 5, 5, 5, 5, 5, 5, 5, 10, 5, 5, 10, 5, 5, 5, 5, 5, 10, 5, 5, 5, 5, 5, 5, 5, 10, 5, 5, 5, 5, 10, 5, 10, 5, 5, 5, 10, 10, 5, 5, 10, 5, 5, 10, 5, 10, 5, 5, 10, 5, 10, 5, 5, 10, 15, 5, 10, 15, 5, 5, 5, 5, 10, 5, 5, 5, 5, 5, 10, 5, 5, 5, 5, 5, 5, 5, 5, 10, 5, 5, 5, 5, 5, 5, 5, 5, 5, 5, 5, 5, 10, 15, 5, 10, 10, 5, 10, 5, 5, 5, 5, 5, 10, 10, 5, 5, 10, 5, 5, 5, 5, 10, 5, 10, 5, 10, 5, 2, 5, 20, 5, 5, 10, 5, 5, 5, 10, 10, 5, 5, 5, 5, 5, 5, 5, 10, 5, 10, 5, 5, 5, 10, 10, 5, 10, 5, 5, 5, 5, 5, 5, 10, 5, 5, 5, 5, 10, 10, 5, 5, 5, 5, 10, 5, 5, 5, 5, 5, 5, 15, 15, 5, 5, 5, 5, 10, 5, 5, 5, 5, 5, 10, 15, 5, 5, 10, 5, 20, 5, 10, 5, 5, 5, 10, 5, 20, 10, 15, 5, 5, 15, 5, 5, 5, 10, 5, 5, 10, 5, 5, 15, 5, 5, 5, 10, 10, 5, 5, 5, 5, 10, 5, 10, 10, 10, 10, 5, 5, 10, 10, 5, 5, 10, 10, 10, 5, 5, 5, 10, 5, 5, 10, 5, 5, 6, 10, 20, 5, 5, 10, 10, 5, 5, 5, 15, 5, 20, 5, 10, 10, 5, 10, 5, 20, 10, 5, 15, 5, 10, 5, 5, 10, 5, 5, 10, 10, 10, 5, 5, 10, 15, 5, 15, 5, 10, 15, 5, 10, 5, 10, 10, 10, 5, 5, 10, 15, 5, 5, 10, 5, 10, 5, 5, 10, 10, 5, 5, 5, 10, 5, 5, 10, 10, 10, 5, 5, 10, 10, 5, 5, 20, 10, 5, 10, 10, 10, 5, 5, 15, 15, 5, 11, 5, 5, 10, 5, 6, 10, 5, 20, 5, 10, 10, 10, 10, 5, 5, 10, 15, 5, 10, 10, 5, 10, 10, 5, 5, 15, 5, 25, 5, 15, 5, 5, 5, 5, 5, 5, 10, 15, 10, 5, 15, 5, 20, 10, 10, 5, 5, 15, 10, 15, 10, 5, 25, 5, 15, 5, 5, 20, 5, 10, 10, 15, 5, 5, 10, 10, 10, 5, 5, 10, 15, 10, 5, 10, 5, 15, 10, 10, 5, 5, 5, 10, 5, 10, 15, 5, 15, 5, 5, 5, 10, 10, 5, 5, 10, 5, 5, 10, 10, 5, 5, 15, 15, 10, 5, 10, 5, 15, 10, 5, 25, 5, 5, 10, 5, 10, 10, 10, 10, 5, 10, 5, 10, 25, 15, 5, 5, 5, 5, 10, 10, 15, 20, 25, 5, 15, 15, 10, 6, 15, 15, 5, 5, 5, 15, 5, 20, 5, 10, 5, 5, 10, 10, 5, 10, 5, 15, 10, 10, 10, 20, 10, 10, 5, 15, 5, 5, 10, 5, 5, 5, 10, 5, 5, 15, 20, 5, 2, 
851834, 1
851834, 2093
851834, 3484
851834, 6641
851834, 1130
851834, 38713
852076, 1
852076, 5, 5, 5, 5, 5, 5, 5, 5, 5, 5, 5, 5, 5, 5, 5, 5, 5, 5, 10, 5, 5, 5, 5, 10, 5, 5, 5, 5, 5, 5, 5, 5, 5, 5, 5, 5, 1, 5, 5, 5, 10, 5, 5, 5, 5, 5, 
852076, 2
852076, 3392
852076, 4783
852076, 24962
852076, 5490
852076, 38779
855572, 5
855572, 5, 5, 5, 5, 5, 5, 5, 5, 5, 5, 5, 5, 5, 5, 5, 5, 10, 5, 5, 5, 5, 5, 5, 5, 5, 5, 5, 5, 10, 5, 5, 5, 5, 5, 5, 5, 5, 5, 5, 5, 5, 5, 5, 5, 5, 5, 5, 5, 5, 5, 13, 5, 5, 5, 5, 5, 5, 5, 10, 5, 5, 5, 5, 5, 10, 10, 5, 5, 5, 5, 5, 5, 5, 5, 5, 5, 5, 5, 5, 10, 5, 5, 5, 10, 5, 5, 5, 5, 5, 10, 5, 10, 5, 5, 5, 5, 5, 5, 5, 5, 5, 10, 5, 5, 5, 5, 5, 5, 5, 5, 5, 5, 5, 5, 5, 5, 6, 5, 5, 1, 10, 5, 5, 5, 5, 5, 10, 5, 5, 5, 10, 5, 5, 5, 5, 5, 10, 5, 10, 1, 5, 10, 5, 10, 5, 10, 5, 5, 5, 5, 10, 5, 5, 5, 10, 5, 5, 15, 5, 5, 10, 5, 5, 5, 5, 5, 5, 5, 5, 5, 5, 5, 5, 5, 15, 5, 10, 5, 5, 10, 5, 5, 5, 5, 5, 5, 5, 15, 10, 10, 10, 5, 5, 5, 5, 5, 5, 10, 5, 5, 5, 10, 5, 5, 5, 5, 5, 5, 10, 10, 10, 5, 20, 5, 5, 5, 5, 5, 10, 10, 5, 5, 10, 5, 10, 5, 5, 5, 5, 10, 5, 5, 10, 10, 5, 5, 15, 10, 5, 5, 5, 5, 5, 5, 5, 5, 5, 15, 5, 10, 5, 5, 5, 5, 5, 10, 5, 5, 5, 5, 5, 5, 5, 5, 10, 15, 5, 5, 5, 5, 10, 5, 10, 5, 5, 5, 5, 5, 5, 5, 5, 5, 5, 5, 5, 10, 10, 10, 5, 10, 5, 5, 10, 5, 10, 5, 5, 5, 10, 5, 5, 5, 5, 5, 5, 15, 5, 5, 10, 10, 10, 5, 6, 10, 10, 5, 5, 5, 10, 10, 5, 10, 15, 10, 10, 5, 10, 10, 5, 15, 10, 5, 5, 5, 5, 20, 10, 5, 5, 5, 15, 5, 15, 5, 5, 10, 5, 15, 10, 5, 10, 5, 5, 10, 15, 15, 5, 5, 5, 5, 10, 5, 5, 10, 5, 10, 10, 10, 5, 5, 10, 10, 5, 15, 10, 10, 5, 5, 5, 5, 10, 10, 10, 5, 5, 10, 5, 15, 5, 5, 5, 5, 10, 10, 5, 5, 5, 5, 5, 10, 5, 10, 5, 10, 5, 5, 5, 10, 5, 5, 10, 10, 5, 10, 5, 5, 5, 10, 10, 5, 5, 5, 5, 10, 5, 10, 10, 10, 5, 5, 15, 10, 5, 5, 5, 5, 5, 5, 5, 10, 15, 5, 5, 5, 5, 5, 10, 10, 10, 15, 5, 5, 5, 5, 5, 5, 5, 10, 10, 5, 5, 5, 5, 5, 5, 15, 5, 5, 5, 5, 10, 15, 5, 10, 5, 15, 5, 15, 5, 10, 5, 5, 5, 5, 5, 5, 5, 5, 5, 5, 10, 10, 5, 15, 20, 10, 5, 10, 15, 10, 5, 10, 5, 15, 15, 5, 10, 15, 5, 10, 15, 15, 9, 
855572, 1
855572, 2298
855572, 3665
855572, 28441
855572, 4390
855572, 38814
855573, 1
855573, 
855573, 2
855573, 3609
855573, 5081
855573, 17742
855573, 5554
855573, 38881
857624, 3
857624, 5, 5, 5, 5, 5, 5, 5, 3, 5, 5, 5, 5, 5, 5, 5, 5, 5, 5, 5, 5, 5, 5, 5, 5, 5, 5, 5, 5, 10, 5, 5, 5, 5, 5, 5, 5, 5, 5, 5, 10, 5, 5, 5, 5, 5, 5, 5, 5, 5, 10, 10, 5, 5, 5, 5, 5, 5, 10, 1, 10, 5, 5, 5, 5, 5, 5, 5, 5, 5, 5, 5, 5, 5, 5, 5, 5, 5, 5, 5, 10, 5, 5, 5, 5, 5, 5, 5, 5, 10, 5, 5, 10, 5, 5, 10, 5, 5, 10, 5, 5, 5, 5, 5, 5, 5, 5, 5, 5, 5, 5, 5, 5, 5, 5, 5, 5, 5, 5, 5, 5, 5, 5, 5, 5, 5, 5, 5, 5, 5, 5, 5, 5, 5, 5, 5, 5, 5, 5, 5, 5, 5, 5, 5, 5, 5, 5, 5, 5, 5, 5, 10, 5, 5, 10, 5, 10, 5, 5, 5, 15, 5, 5, 5, 5, 10, 5, 10, 5, 5, 5, 5, 5, 5, 5, 5, 5, 5, 5, 5, 5, 10, 10, 5, 10, 10, 10, 5, 5, 5, 5, 5, 5, 5, 10, 5, 5, 5, 5, 10, 5, 5, 10, 5, 5, 5, 5, 5, 5, 5, 5, 5, 5, 5, 10, 5, 5, 5, 5, 5, 5, 10, 10, 5, 10, 5, 10, 5, 5, 5, 5, 10, 5, 5, 5, 5, 5, 15, 5, 6, 5, 10, 5, 5, 10, 5, 5, 10, 10, 10, 10, 5, 5, 5, 10, 10, 10, 5, 5, 5, 5, 5, 5, 5, 5, 5, 5, 5, 5, 5, 10, 10, 5, 5, 5, 10, 10, 5, 5, 15, 5, 5, 5, 5, 5, 5, 5, 5, 5, 5, 5, 5, 5, 5, 5, 5, 5, 5, 5, 5, 5, 5, 5, 10, 5, 5, 5, 10, 5, 10, 5, 5, 15, 5, 5, 5, 10, 5, 5, 5, 5, 5, 5, 5, 5, 5, 5, 15, 5, 5, 5, 5, 10, 5, 5, 5, 5, 5, 5, 10, 5, 5, 5, 5, 10, 10, 5, 5, 8, 5, 
857624, 2
857624, 2489
857624, 3908
857624, 5691
857624, 1278
857624, 38785
857625, 1
857625, 
857625, 4
857625, 3792
857625, 5212
857625, 3382
857625, 786
857625, 38816
858046, 1
858046, 5, 5, 5, 5, 5, 5, 5, 5, 5, 5, 5, 5, 5, 5, 5, 5, 5, 5, 5, 5, 5, 10, 5, 5, 5, 5, 5, 5, 5, 5, 5, 5, 5, 5, 5, 10, 5, 10, 5, 5, 5, 5, 5, 5, 5, 5, 10, 5, 5, 5, 5, 5, 5, 5, 5, 5, 5, 5, 10, 5, 5, 10, 5, 10, 5, 5, 10, 5, 5, 5, 5, 5, 5, 5, 5, 5, 
858046, 1
858046, 3885
858046, 5306
858046, 20022
858046, 5511
858046, 38883
881060, 41
881060, 5, 5, 5, 5, 5, 5, 5, 10, 20, 10, 5, 25, 10, 10, 15, 10, 10, 15, 10, 5, 5, 5, 5, 5, 10, 10, 10, 5, 10, 5, 15, 15, 15, 5, 10, 10, 10, 15, 15, 10, 16, 10, 15, 10, 5, 10, 15, 10, 25, 10, 15, 15, 15, 20, 15, 10, 5, 15, 5, 5, 6, 10, 15, 10, 15, 16, 20, 25, 15, 10, 5, 10, 20, 30, 30, 15, 10, 10, 20, 10, 10, 5, 10, 20, 20, 15, 20, 10, 15, 30, 15, 10, 5, 5, 10, 10, 25, 20, 15, 10, 10, 10, 10, 25, 20, 20, 20, 10, 25, 15, 10, 20, 15, 10, 20, 5, 15, 10, 10, 10, 5, 25, 5, 5, 10, 15, 10, 10, 15, 10, 10, 35, 10, 20, 5, 25, 20, 10, 20, 30, 5, 5, 25, 25, 15, 15, 10, 18, 10, 10, 20, 25, 15, 5, 20, 15, 5, 20, 15, 15, 15, 10, 10, 15, 10, 10, 20, 10, 5, 15, 10, 10, 15, 15, 15, 20, 20, 25, 10, 13, 40, 30, 20, 35, 25, 15, 30, 15, 10, 15, 15, 18, 20, 10, 5, 10, 15, 10, 15, 30, 10, 15, 10, 25, 15, 45, 15, 15, 40, 20, 5, 20, 25, 15, 30, 25, 10, 25, 10, 15, 20, 15, 20, 20, 15, 20, 15, 25, 5, 25, 5, 5, 10, 25, 5, 5, 10, 10, 25, 25, 25, 10, 20, 10, 15, 10, 20, 20, 10, 30, 20, 5, 15, 15, 15, 10, 10, 15, 20, 5, 20, 10, 20, 10, 10, 5, 30, 20, 25, 15, 5, 10, 25, 25, 25, 15, 15, 20, 25, 10, 15, 10, 27, 15, 20, 10, 20, 10, 15, 20, 5, 15, 11, 45, 5, 20, 10, 20, 25, 10, 20, 10, 15, 40, 20, 10, 10, 20, 10, 20, 42, 20, 30, 35, 10, 25, 5, 10, 26, 20, 15, 10, 10, 10, 25, 25, 10, 30, 20, 20, 30, 5, 5, 20, 10, 20, 25, 20, 25, 25, 15, 10, 35, 15, 20, 5, 15, 25, 15, 5, 25, 20, 35, 10, 20, 15, 5, 25, 30, 5, 15, 10, 25, 15, 35, 15, 10, 5, 30, 10, 20, 20, 25, 25, 25, 10, 15, 25, 35, 30, 10, 15, 30, 25, 15, 16, 35, 15, 30, 20, 5, 30, 10, 25, 10, 20, 20, 25, 20, 15, 10, 35, 25, 20, 30, 30, 40, 30, 10, 20, 30, 40, 30, 20, 35, 10, 10, 20, 40, 30, 40, 15, 25, 65, 10, 10, 20, 20, 10, 35, 20, 5, 25, 20, 15, 5, 15, 15, 25, 26, 25, 25, 15, 10, 25, 30, 20, 30, 15, 20, 20, 15, 21, 20, 40, 20, 20, 35, 25, 10, 10, 27, 15, 35, 15, 30, 20, 35, 15, 25, 40, 20, 25, 20, 10, 25, 15, 30, 20, 40, 10, 15, 35, 26, 20, 10, 20, 35, 25, 20, 20, 10, 15, 15, 20, 25, 20, 25, 15, 25, 30, 10, 25, 15, 40, 20, 20, 10, 5, 25, 10, 50, 15, 20, 15, 40, 30, 30, 25, 10, 15, 35, 35, 25, 40, 25, 20, 15, 30, 25, 25, 20, 25, 15, 20, 25, 25, 15, 45, 15, 10, 10, 10, 15, 15, 25, 30, 36, 15, 25, 20, 30, 15, 15, 30, 25, 15, 5, 20, 20, 45, 25, 25, 20, 25, 25, 15, 30, 20, 15, 20, 25, 30, 10, 30, 25, 20, 25, 10, 20, 30, 45, 15, 15, 15, 25, 20, 30, 20, 35, 25, 10, 35, 10, 10, 20, 10, 20, 15, 30, 10, 15, 40, 10, 15, 25, 25, 25, 25, 20, 15, 16, 20, 15, 25, 25, 10, 5, 30, 20, 20, 25, 40, 16, 10, 32, 15, 20, 20, 20, 50, 30, 20, 10, 10, 25, 20, 20, 25, 25, 30, 35, 25, 30, 35, 40, 30, 25, 15, 40, 10, 20, 15, 40, 15, 5, 21, 40, 30, 20, 25, 30, 30, 25, 11, 40, 20, 35, 30, 20, 30, 10, 25, 35, 30, 30, 30, 25, 50, 15, 30, 10, 40, 30, 45, 20, 15, 20, 21, 25, 25, 40, 25, 25, 11, 36, 15, 15, 25, 15, 30, 10, 20, 10, 30, 35, 35, 25, 15, 10, 35, 16, 15, 30, 20, 20, 20, 15, 10, 25, 35, 25, 20, 15, 25, 20, 20, 15, 20, 20, 75, 30, 5, 15, 25, 15, 15, 30, 25, 45, 10, 25, 25, 25, 20, 20, 20, 25, 20, 10, 30, 30, 10, 15, 20, 25, 35, 20, 20, 35, 15, 25, 20, 25, 30, 25, 35, 30, 5, 50, 40, 30, 35, 35, 25, 10, 34, 30, 15, 20, 15, 20, 10, 25, 20, 25, 15, 15, 10, 20, 20, 25, 55, 20, 10, 50, 25, 45, 40, 30, 30, 10, 35, 20, 35, 35, 20, 15, 20, 25, 15, 35, 20, 25, 30, 30, 30, 25, 20, 25, 25, 35, 30, 30, 10, 30, 10, 29, 15, 20, 20, 35, 55, 40, 25, 30, 10, 20, 10, 15, 15, 15, 45, 30, 20, 20, 20, 35, 35, 15, 25, 5, 20, 25, 25, 20, 20, 20, 25, 35, 35, 25, 25, 10, 15, 30, 25, 15, 17, 10, 15, 25, 15, 30, 22, 15, 40, 10, 25, 20, 25, 30, 25, 25, 15, 15, 25, 20, 20, 40, 35, 10, 15, 20, 25, 5, 60, 45, 35, 15, 10, 15, 15, 25, 25, 20, 10, 20, 30, 40, 31, 15, 25, 35, 10, 30, 20, 50, 25, 25, 35, 35, 10, 20, 25, 10, 15, 20, 35, 20, 10, 25, 15, 25, 15, 20, 10, 30, 35, 35, 20, 15, 15, 15, 15, 45, 45, 20, 15, 35, 15, 20, 45, 20, 30, 35, 20, 25, 15, 15, 20, 30, 20, 20, 30, 30, 25, 20, 25, 35, 30, 25, 15, 15, 45, 10, 20, 40, 35, 35, 35, 22, 15, 25, 10, 25, 25, 20, 20, 36, 30, 20, 60, 45, 40, 35, 30, 20, 20, 5, 30, 20, 10, 15, 25, 15, 30, 50, 40, 35, 20, 40, 15, 20, 30, 15, 10, 35, 20, 15, 10, 10, 15, 40, 35, 35, 30, 15, 25, 35, 30, 35, 15, 40, 30, 25, 20, 20, 15, 25, 30, 35, 30, 30, 15, 45, 20, 25, 25, 40, 30, 26, 10, 20, 20, 25, 25, 10, 15, 40, 40, 25, 15, 20, 15, 15, 20, 45, 15, 20, 25, 40, 25, 25, 25, 35, 30, 35, 35, 5, 20, 20, 35, 20, 20, 15, 20, 10, 20, 30, 35, 20, 20, 30, 20, 10, 15, 15, 25, 25, 30, 30, 15, 6, 20, 
881060, 2
881060, 1833
881060, 3280
881060, 39663
881060, 13383
881060, 38888
896678, 17
896678, 5, 5, 5, 5, 5, 5, 5, 5, 5, 5, 5, 5, 5, 5, 5, 5, 5, 5, 5, 5, 10, 5, 5, 5, 5, 5, 5, 5, 5, 5, 10, 5, 15, 5, 10, 5, 5, 5, 10, 5, 10, 5, 5, 5, 5, 10, 5, 10, 10, 15, 15, 5, 5, 10, 5, 5, 10, 15, 5, 10, 5, 5, 10, 15, 5, 10, 5, 10, 10, 10, 5, 5, 10, 5, 20, 5, 10, 5, 5, 10, 10, 5, 10, 10, 10, 10, 10, 5, 5, 10, 10, 5, 5, 5, 10, 10, 10, 5, 5, 5, 5, 5, 20, 30, 10, 5, 15, 5, 5, 20, 5, 5, 5, 16, 10, 10, 5, 20, 10, 15, 15, 5, 10, 5, 10, 5, 15, 10, 20, 10, 5, 15, 10, 5, 10, 10, 20, 10, 5, 10, 5, 10, 10, 15, 5, 10, 5, 10, 5, 10, 5, 15, 10, 15, 15, 5, 10, 15, 10, 10, 15, 5, 15, 15, 15, 15, 10, 15, 5, 15, 5, 5, 5, 20, 15, 5, 5, 25, 5, 20, 5, 5, 15, 15, 10, 5, 10, 5, 10, 20, 10, 10, 30, 10, 5, 10, 30, 25, 5, 5, 10, 15, 10, 20, 20, 10, 20, 20, 20, 10, 15, 10, 5, 15, 10, 5, 10, 10, 10, 10, 8, 15, 20, 5, 10, 20, 5, 10, 5, 20, 10, 20, 15, 5, 15, 5, 10, 10, 10, 10, 5, 10, 10, 15, 5, 10, 5, 10, 10, 10, 10, 10, 20, 15, 5, 25, 10, 5, 15, 15, 15, 5, 20, 15, 5, 15, 15, 25, 5, 10, 15, 15, 10, 15, 20, 10, 15, 5, 15, 25, 5, 10, 5, 10, 10, 18, 15, 20, 5, 10, 25, 5, 10, 30, 10, 5, 15, 25, 20, 5, 10, 15, 10, 10, 5, 6, 10, 15, 15, 10, 20, 10, 20, 20, 10, 15, 5, 15, 10, 15, 15, 15, 10, 15, 10, 20, 10, 15, 10, 5, 10, 5, 10, 10, 20, 5, 10, 15, 10, 20, 10, 5, 10, 10, 20, 10, 5, 20, 15, 25, 5, 20, 10, 5, 15, 10, 15, 15, 20, 20, 15, 20, 10, 20, 40, 15, 20, 5, 5, 30, 10, 25, 10, 20, 25, 10, 10, 15, 15, 20, 15, 5, 10, 25, 15, 25, 15, 10, 10, 20, 25, 20, 10, 15, 15, 15, 30, 5, 15, 35, 20, 5, 20, 20, 15, 10, 15, 10, 5, 10, 20, 5, 10, 10, 20, 5, 20, 20, 5, 15, 35, 15, 10, 20, 25, 20, 20, 20, 20, 5, 10, 20, 5, 5, 5, 10, 10, 20, 20, 15, 20, 15, 5, 10, 5, 20, 10, 20, 25, 15, 15, 20, 10, 10, 25, 20, 17, 5, 5, 15, 5, 5, 10, 15, 20, 35, 20, 15, 15, 10, 5, 5, 20, 10, 10, 15, 5, 10, 15, 10, 15, 20, 10, 35, 10, 20, 15, 15, 15, 10, 20, 20, 20, 15, 20, 15, 15, 25, 10, 10, 20, 10, 10, 30, 10, 20, 25, 10, 20, 10, 10, 10, 20, 5, 15, 40, 25, 15, 16, 20, 25, 20, 15, 10, 10, 10, 20, 10, 20, 15, 15, 20, 15, 15, 30, 25, 15, 10, 20, 15, 25, 20, 10, 15, 25, 25, 10, 10, 10, 20, 5, 10, 15, 10, 20, 15, 15, 25, 15, 10, 10, 10, 15, 25, 10, 20, 5, 15, 25, 25, 15, 10, 25, 20, 10, 20, 15, 15, 15, 5, 15, 5, 15, 10, 20, 15, 16, 35, 20, 20, 40, 15, 10, 30, 30, 20, 35, 5, 10, 10, 5, 15, 10, 20, 15, 20, 25, 15, 20, 5, 20, 30, 10, 30, 15, 15, 25, 15, 33, 20, 15, 15, 15, 10, 15, 20, 15, 15, 10, 10, 15, 15, 15, 25, 5, 10, 20, 10, 25, 25, 5, 20, 10, 10, 15, 15, 15, 15, 25, 20, 25, 20, 15, 11, 15, 10, 15, 20, 15, 15, 25, 25, 40, 10, 5, 15, 10, 10, 20, 10, 15, 20, 15, 15, 21, 20, 25, 20, 10, 25, 15, 25, 10, 20, 10, 15, 10, 25, 10, 20, 15, 15, 10, 30, 15, 10, 11, 10, 20, 20, 5, 35, 10, 10, 25, 20, 20, 25, 15, 25, 5, 25, 10, 15, 15, 10, 25, 10, 20, 10, 20, 10, 15, 10, 15, 20, 10, 15, 25, 10, 15, 10, 10, 20, 10, 15, 25, 15, 20, 30, 20, 15, 15, 25, 15, 5, 10, 15, 40, 20, 20, 20, 10, 30, 30, 15, 15, 20, 20, 5, 25, 40, 15, 5, 10, 15, 10, 15, 25, 20, 15, 20, 10, 15, 25, 40, 5, 15, 20, 20, 15, 10, 15, 20, 25, 15, 35, 20, 15, 25, 30, 25, 5, 15, 25, 20, 15, 25, 30, 5, 20, 15, 25, 15, 15, 45, 10, 15, 30, 10, 15, 20, 25, 15, 15, 5, 20, 30, 10, 15, 15, 20, 20, 15, 15, 20, 20, 15, 15, 10, 20, 20, 20, 10, 15, 5, 30, 15, 10, 15, 15, 40, 20, 25, 15, 15, 5, 15, 25, 5, 20, 20, 6, 25, 10, 10, 10, 15, 30, 20, 10, 30, 25, 15, 25, 20, 15, 5, 25, 20, 25, 25, 20, 20, 35, 20, 10, 20, 10, 10, 10, 25, 20, 10, 15, 20, 20, 5, 20, 20, 15, 25, 10, 30, 25, 25, 20, 15, 10, 15, 20, 15, 30, 10, 25, 20, 10, 30, 20, 10, 35, 15, 10, 15, 15, 20, 20, 10, 15, 30, 35, 10, 24, 25, 30, 30, 25, 25, 30, 38, 5, 15, 40, 15, 10, 30, 40, 15, 5, 20, 20, 25, 10, 15, 15, 20, 10, 25, 10, 15, 15, 25, 20, 25, 30, 15, 10, 20, 5, 35, 20, 15, 15, 45, 20, 15, 10, 15, 20, 25, 20, 15, 20, 25, 20, 25, 20, 20, 25, 10, 10, 40, 25, 20, 20, 22, 5, 20, 10, 30, 20, 10, 5, 20, 30, 5, 10, 25, 15, 25, 35, 10, 20, 35, 10, 25, 10, 5, 20, 20, 5, 10, 15, 5, 10, 10, 25, 15, 10, 15, 25, 10, 15, 15, 5, 40, 10, 5, 15, 15, 20, 20, 35, 15, 20, 15, 15, 10, 15, 20, 10, 20, 10, 30, 10, 40, 10, 20, 10, 18, 
896678, 5
896678, 1666
896678, 2943
896678, 26850
896678, 6204
896678, 38888
896679, 1
896679, 
896679, 1
896679, 3065
896679, 4347
896679, 12289
896679, 1962
896679, 38964
896680, 1
896680, 
896680, 1
896680, 4455
896680, 5735
896680, 12303
896680, 2382
896680, 38905
896681, 1
896681, 
896681, 1
896681, 5837
896681, 7116
896681, 36342
896681, 7481
896681, 38894
896682, 1
896682, 
896682, 2
896682, 7217
896682, 8495
896682, 43816
896682, 10688
896682, 39005
924614, 23
924614, 15, 5, 10, 5, 5, 5, 5, 10, 10, 5, 15, 5, 15, 20, 10, 10, 10, 10, 20, 15, 5, 10, 5, 10, 5, 15, 10, 15, 20, 10, 10, 30, 15, 25, 11, 15, 15, 15, 10, 5, 30, 10, 5, 15, 20, 15, 5, 15, 25, 15, 10, 25, 10, 20, 15, 10, 5, 30, 5, 10, 10, 10, 10, 10, 20, 25, 15, 10, 10, 15, 30, 10, 10, 10, 5, 15, 15, 25, 15, 20, 15, 25, 10, 20, 10, 15, 15, 10, 15, 10, 25, 20, 15, 15, 15, 15, 25, 20, 20, 25, 15, 20, 10, 25, 15, 25, 15, 15, 5, 20, 35, 15, 20, 25, 25, 15, 10, 25, 15, 5, 10, 25, 20, 20, 20, 25, 20, 30, 10, 30, 25, 25, 20, 26, 15, 10, 15, 10, 20, 15, 15, 35, 20, 15, 30, 20, 20, 25, 10, 30, 15, 15, 5, 20, 25, 15, 35, 15, 30, 20, 5, 10, 20, 10, 35, 20, 35, 20, 30, 30, 35, 35, 20, 25, 15, 20, 30, 10, 15, 15, 25, 5, 5, 5, 35, 10, 10, 20, 40, 40, 25, 25, 25, 15, 30, 15, 20, 22, 25, 5, 25, 20, 25, 20, 20, 25, 25, 10, 15, 20, 10, 25, 10, 10, 15, 15, 10, 35, 30, 25, 25, 10, 15, 10, 20, 20, 25, 30, 35, 30, 15, 25, 20, 10, 20, 30, 15, 40, 25, 15, 10, 40, 25, 35, 25, 10, 30, 15, 15, 25, 30, 30, 35, 15, 17, 20, 15, 15, 40, 15, 20, 10, 30, 25, 11, 40, 20, 45, 25, 25, 15, 10, 20, 15, 25, 30, 10, 15, 15, 30, 30, 35, 15, 25, 65, 30, 30, 20, 10, 25, 15, 20, 10, 20, 30, 35, 10, 25, 20, 5, 15, 15, 20, 20, 15, 15, 20, 35, 35, 35, 55, 37, 20, 27, 10, 20, 25, 20, 15, 25, 25, 25, 10, 20, 25, 20, 20, 15, 15, 35, 30, 15, 35, 45, 11, 26, 10, 25, 15, 30, 30, 25, 20, 10, 20, 25, 25, 10, 20, 15, 25, 20, 15, 20, 45, 20, 20, 30, 10, 40, 30, 15, 15, 5, 40, 15, 20, 10, 25, 15, 35, 10, 15, 25, 30, 20, 23, 35, 35, 30, 10, 15, 10, 35, 20, 10, 15, 20, 20, 20, 15, 20, 30, 10, 15, 25, 35, 20, 30, 28, 15, 25, 10, 35, 40, 25, 40, 30, 20, 15, 30, 30, 30, 30, 15, 40, 15, 15, 20, 20, 60, 30, 20, 20, 15, 20, 30, 30, 10, 35, 30, 15, 10, 30, 25, 30, 30, 20, 35, 15, 25, 25, 40, 40, 25, 20, 30, 15, 15, 10, 50, 15, 10, 25, 20, 15, 30, 10, 30, 40, 30, 20, 30, 10, 35, 25, 35, 20, 15, 50, 30, 30, 25, 30, 5, 40, 40, 25, 15, 25, 45, 55, 30, 15, 25, 20, 15, 15, 35, 15, 15, 15, 20, 20, 30, 20, 30, 10, 25, 35, 20, 20, 25, 20, 40, 35, 5, 15, 35, 25, 20, 30, 15, 35, 40, 5, 25, 21, 55, 25, 35, 20, 40, 30, 25, 20, 25, 25, 35, 35, 29, 25, 25, 10, 15, 20, 20, 45, 20, 35, 30, 20, 55, 35, 30, 36, 30, 35, 20, 10, 30, 35, 20, 20, 35, 15, 15, 20, 15, 25, 30, 10, 25, 20, 25, 15, 25, 45, 30, 40, 30, 35, 30, 5, 20, 20, 20, 35, 25, 15, 34, 30, 15, 15, 30, 10, 30, 35, 20, 25, 30, 40, 20, 30, 30, 20, 36, 20, 20, 15, 45, 15, 15, 20, 40, 15, 35, 22, 45, 35, 30, 20, 15, 30, 25, 32, 25, 40, 20, 35, 10, 35, 25, 15, 45, 45, 5, 30, 20, 15, 50, 15, 25, 30, 15, 35, 20, 40, 35, 30, 27, 30, 40, 25, 30, 15, 30, 30, 10, 20, 25, 25, 30, 41, 30, 25, 25, 25, 30, 5, 30, 20, 45, 15, 45, 40, 25, 21, 20, 30, 25, 10, 40, 10, 40, 30, 40, 30, 50, 50, 5, 30, 10, 30, 15, 15, 15, 37, 20, 25, 35, 25, 20, 35, 25, 20, 20, 15, 35, 15, 20, 30, 45, 5, 35, 20, 25, 30, 45, 20, 10, 40, 40, 15, 30, 45, 40, 15, 15, 15, 25, 35, 45, 40, 35, 35, 30, 60, 30, 40, 11, 20, 40, 45, 27, 40, 25, 50, 5, 30, 40, 35, 30, 15, 25, 20, 15, 25, 46, 20, 25, 30, 35, 55, 35, 40, 30, 35, 20, 35, 15, 15, 30, 5, 35, 40, 35, 25, 30, 20, 35, 35, 70, 15, 20, 35, 30, 10, 30, 40, 25, 30, 40, 40, 10, 12, 35, 20, 30, 45, 15, 20, 35, 60, 35, 10, 30, 25, 45, 25, 15, 25, 15, 30, 35, 15, 40, 32, 35, 35, 10, 20, 10, 20, 15, 5, 46, 45, 30, 30, 40, 45, 40, 30, 35, 35, 10, 30, 30, 35, 20, 45, 30, 15, 40, 30, 35, 25, 40, 35, 40, 20, 35, 35, 10, 40, 40, 30, 20, 25, 26, 45, 20, 30, 15, 30, 40, 20, 35, 35, 35, 50, 45, 45, 25, 45, 35, 25, 25, 35, 35, 20, 25, 25, 45, 30, 45, 15, 20, 50, 30, 20, 25, 30, 30, 30, 45, 15, 40, 40, 30, 40, 7, 25, 20, 30, 30, 30, 20, 35, 10, 30, 50, 35, 35, 10, 10, 40, 65, 15, 30, 30, 40, 35, 25, 40, 35, 20, 25, 20, 30, 50, 55, 60, 15, 30, 25, 15, 5, 22, 20, 30, 35, 30, 45, 20, 25, 30, 15, 30, 15, 35, 40, 20, 15, 35, 20, 45, 15, 60, 21, 30, 15, 45, 30, 40, 25, 25, 34, 15, 35, 40, 30, 10, 40, 15, 35, 25, 25, 30, 25, 40, 35, 15, 20, 35, 25, 35, 30, 25, 20, 10, 30, 10, 30, 10, 15, 15, 25, 20, 40, 10, 40, 10, 25, 45, 25, 35, 35, 30, 30, 5, 35, 45, 45, 50, 15, 35, 45, 20, 30, 30, 15, 20, 40, 20, 45, 11, 50, 45, 40, 20, 30, 35, 20, 20, 30, 30, 15, 30, 40, 45, 35, 25, 15, 70, 20, 20, 15, 30, 25, 50, 30, 45, 30, 30, 20, 55, 20, 15, 25, 30, 25, 30, 50, 35, 20, 20, 20, 35, 20, 54, 15, 30, 40, 25, 15, 35, 25, 20, 35, 30, 55, 20, 25, 35, 35, 25, 10, 45, 45, 35, 35, 35, 35, 20, 25, 30, 20, 35, 55, 35, 25, 22, 5, 30, 15, 15, 25, 30, 40, 20, 30, 35, 20, 30, 25, 15, 50, 50, 50, 15, 31, 40, 40, 25, 22, 
924614, 1
924614, 1652
924614, 2845
924614, 14072
924614, 3750
924614, 38957
927184, 8
927184, 5, 5, 1, 5, 5, 5, 5, 5, 5, 5, 5, 5, 5, 5, 5, 5, 5, 5, 5, 5, 5, 5, 5, 5, 5, 5, 5, 5, 5, 5, 5, 5, 5, 5, 5, 5, 5, 5, 5, 5, 5, 5, 5, 5, 5, 5, 5, 5, 5, 5, 5, 5, 5, 5, 5, 5, 5, 5, 5, 10, 5, 15, 5, 5, 5, 5, 5, 5, 5, 5, 5, 5, 10, 5, 5, 5, 10, 5, 5, 5, 5, 15, 5, 5, 5, 5, 5, 5, 5, 5, 5, 5, 5, 5, 5, 5, 5, 5, 10, 5, 5, 10, 6, 5, 5, 5, 5, 5, 5, 10, 3, 5, 5, 10, 5, 5, 5, 5, 5, 5, 5, 10, 5, 10, 5, 5, 5, 10, 5, 5, 5, 5, 5, 5, 5, 5, 10, 5, 5, 20, 5, 5, 5, 5, 5, 5, 10, 5, 10, 10, 5, 5, 5, 15, 5, 5, 5, 5, 5, 5, 10, 10, 5, 5, 10, 5, 5, 5, 5, 5, 5, 5, 5, 5, 5, 5, 5, 5, 5, 5, 10, 5, 5, 5, 15, 10, 5, 5, 10, 5, 5, 10, 5, 10, 5, 10, 10, 10, 5, 5, 5, 5, 5, 5, 5, 5, 5, 5, 10, 5, 5, 5, 5, 5, 5, 5, 10, 5, 5, 5, 5, 5, 5, 15, 5, 5, 5, 5, 5, 5, 5, 5, 10, 5, 5, 5, 5, 10, 5, 10, 5, 10, 10, 10, 15, 5, 5, 6, 5, 5, 5, 5, 10, 5, 10, 5, 10, 5, 5, 5, 10, 10, 5, 5, 5, 5, 10, 5, 10, 5, 5, 15, 5, 5, 10, 10, 7, 5, 15, 5, 10, 5, 5, 5, 5, 5, 5, 5, 5, 5, 10, 5, 10, 5, 5, 20, 10, 10, 5, 5, 5, 5, 5, 5, 5, 10, 5, 5, 5, 5, 10, 5, 5, 10, 5, 5, 15, 10, 5, 10, 5, 5, 10, 10, 5, 10, 10, 5, 5, 5, 5, 5, 5, 10, 10, 5, 10, 5, 5, 5, 15, 5, 15, 5, 10, 10, 5, 10, 5, 5, 5, 5, 5, 5, 5, 15, 5, 5, 10, 15, 5, 5, 10, 15, 10, 10, 10, 5, 5, 15, 5, 5, 5, 5, 5, 5, 5, 15, 5, 10, 10, 5, 10, 5, 10, 5, 5, 5, 10, 5, 5, 5, 5, 5, 5, 15, 10, 5, 5, 4, 
927184, 2
927184, 1846
927184, 3031
927184, 29801
927184, 4370
927184, 38985
927185, 1
927185, 
927185, 2
927185, 3317
927185, 4513
927185, 30425
927185, 4994
927185, 39026
927210, 5
927210, 5, 5, 5, 5, 
927210, 1
927210, 4774
927210, 5972
927210, 19532
927210, 5439
927210, 38938
930831, 1
930831, 5, 5, 5, 5, 5, 5, 5, 5, 5, 5, 5, 5, 5, 5, 5, 5, 5, 5, 5, 5, 5, 5, 5, 5, 5, 5, 5, 5, 5, 5, 5, 5, 5, 10, 5, 5, 5, 10, 10, 5, 5, 10, 5, 5, 5, 5, 5, 5, 5, 5, 5, 5, 5, 10, 5, 5, 5, 5, 5, 5, 5, 5, 5, 10, 5, 5, 5, 5, 5, 10, 5, 5, 5, 5, 5, 10, 5, 5, 5, 5, 5, 5, 5, 5, 5, 5, 10, 5, 5, 5, 5, 5, 10, 5, 5, 5, 5, 10, 5, 5, 5, 10, 5, 5, 5, 10, 5, 5, 10, 5, 5, 5, 5, 5, 5, 5, 5, 5, 10, 5, 5, 5, 10, 5, 5, 5, 5, 5, 10, 5, 5, 5, 5, 10, 5, 5, 5, 10, 5, 10, 10, 5, 5, 5, 5, 5, 5, 5, 5, 5, 5, 5, 10, 5, 5, 5, 5, 5, 5, 5, 5, 10, 5, 5, 5, 10, 5, 15, 10, 5, 5, 5, 5, 10, 5, 5, 5, 5, 10, 5, 5, 5, 5, 10, 5, 5, 5, 5, 5, 5, 5, 10, 5, 5, 5, 10, 5, 5, 10, 5, 5, 10, 5, 3, 5, 5, 5, 5, 5, 5, 5, 10, 10, 10, 5, 5, 5, 10, 5, 10, 10, 10, 5, 5, 5, 10, 5, 5, 5, 15, 5, 10, 5, 10, 10, 5, 5, 5, 5, 5, 5, 5, 10, 10, 5, 6, 10, 5, 5, 5, 5, 5, 5, 10, 5, 10, 10, 5, 5, 5, 5, 5, 5, 5, 5, 15, 5, 10, 10, 5, 15, 10, 10, 5, 5, 5, 5, 10, 15, 5, 5, 5, 5, 5, 5, 5, 5, 5, 10, 10, 10, 5, 5, 10, 10, 5, 10, 5, 5, 5, 10, 10, 5, 5, 10, 10, 5, 5, 5, 10, 5, 5, 10, 15, 5, 5, 10, 5, 15, 5, 5, 10, 5, 5, 5, 5, 5, 5, 5, 5, 15, 5, 5, 5, 5, 10, 5, 5, 5, 5, 15, 10, 15, 5, 5, 15, 5, 5, 10, 5, 5, 15, 10, 5, 5, 5, 5, 10, 5, 5, 5, 5, 10, 5, 5, 15, 15, 5, 10, 5, 5, 5, 5, 10, 5, 5, 5, 3, 10, 5, 5, 5, 5, 5, 10, 5, 10, 10, 5, 10, 5, 5, 10, 8, 15, 10, 5, 5, 10, 5, 10, 5, 5, 5, 5, 5, 5, 15, 10, 10, 5, 10, 5, 5, 5, 5, 10, 10, 5, 20, 10, 5, 3, 10, 10, 15, 15, 5, 5, 5, 15, 10, 5, 5, 5, 5, 10, 5, 10, 5, 5, 5, 10, 5, 5, 10, 5, 6, 5, 10, 5, 10, 15, 10, 10, 5, 5, 5, 5, 5, 10, 5, 5, 5, 10, 5, 10, 5, 10, 5, 5, 5, 10, 10, 10, 5, 5, 10, 5, 10, 5, 5, 5, 15, 5, 5, 5, 5, 10, 10, 15, 5, 5, 15, 15, 5, 10, 5, 15, 5, 5, 10, 10, 5, 5, 10, 5, 10, 10, 5, 10, 10, 15, 10, 10, 5, 5, 5, 5, 5, 20, 10, 5, 5, 10, 5, 10, 5, 10, 5, 10, 5, 10, 5, 10, 6, 
930831, 1
930831, 2022
930831, 3861
930831, 10909
930831, 4354
930831, 38969
930832, 1
930832, 
930832, 1
930832, 3495
930832, 5344
930832, 40292
930832, 6801
930832, 39076
944481, 12
944481, 5, 5, 5, 5, 5, 5, 5, 5, 5, 5, 5, 5, 5, 5, 10, 5, 5, 5, 5, 5, 5, 10, 5, 5, 10, 10, 10, 5, 5, 5, 10, 5, 10, 5, 5, 5, 10, 5, 20, 5, 5, 5, 5, 5, 10, 5, 5, 5, 5, 5, 5, 5, 15, 5, 5, 5, 5, 5, 5, 5, 5, 5, 15, 10, 10, 5, 5, 10, 5, 15, 5, 10, 5, 5, 10, 5, 10, 5, 5, 5, 10, 5, 6, 10, 10, 5, 5, 5, 5, 5, 15, 10, 5, 5, 1, 15, 5, 10, 5, 10, 5, 5, 5, 10, 10, 5, 5, 5, 15, 10, 10, 15, 15, 10, 10, 15, 5, 10, 15, 5, 5, 1, 10, 10, 5, 15, 5, 5, 5, 5, 5, 5, 5, 5, 10, 5, 15, 15, 15, 5, 5, 5, 5, 10, 8, 10, 15, 5, 10, 10, 10, 10, 10, 5, 10, 5, 20, 15, 10, 5, 20, 5, 5, 10, 5, 5, 5, 5, 5, 20, 10, 10, 10, 25, 25, 10, 10, 5, 5, 5, 10, 5, 10, 10, 5, 15, 10, 10, 10, 5, 5, 10, 10, 25, 15, 20, 10, 10, 5, 5, 10, 10, 5, 15, 10, 10, 5, 20, 15, 5, 10, 10, 5, 5, 10, 15, 10, 5, 10, 10, 15, 15, 5, 5, 5, 15, 5, 10, 10, 10, 15, 5, 15, 10, 10, 15, 10, 5, 15, 10, 5, 10, 10, 10, 10, 25, 5, 5, 10, 10, 10, 5, 5, 15, 5, 20, 10, 20, 10, 10, 5, 5, 10, 15, 10, 20, 15, 10, 10, 20, 5, 20, 5, 5, 5, 5, 10, 15, 10, 10, 5, 25, 5, 5, 5, 5, 10, 15, 15, 10, 5, 10, 15, 5, 5, 15, 15, 10, 6, 15, 15, 10, 10, 5, 15, 5, 15, 10, 5, 20, 30, 10, 20, 5, 15, 10, 5, 17, 25, 10, 5, 5, 15, 13, 20, 20, 20, 15, 20, 10, 15, 5, 5, 15, 25, 5, 10, 15, 10, 5, 15, 5, 5, 20, 15, 15, 10, 15, 10, 10, 10, 5, 25, 5, 15, 10, 30, 5, 10, 10, 5, 10, 5, 20, 15, 10, 15, 5, 10, 10, 5, 10, 5, 15, 20, 5, 20, 15, 15, 15, 10, 5, 15, 10, 10, 5, 15, 15, 10, 10, 5, 30, 15, 5, 15, 15, 10, 10, 15, 15, 10, 15, 15, 10, 15, 10, 15, 30, 5, 10, 20, 25, 10, 5, 15, 10, 15, 20, 20, 5, 10, 5, 5, 20, 15, 5, 15, 10, 15, 5, 15, 5, 20, 5, 20, 10, 30, 15, 25, 15, 5, 10, 15, 5, 15, 5, 20, 15, 10, 10, 15, 25, 15, 15, 10, 25, 10, 5, 10, 15, 20, 5, 10, 20, 25, 35, 25, 10, 10, 15, 5, 10, 10, 30, 20, 10, 15, 15, 5, 10, 10, 10, 20, 10, 12, 15, 25, 10, 15, 5, 10, 10, 10, 10, 10, 10, 10, 20, 15, 20, 20, 25, 10, 5, 15, 5, 20, 20, 25, 10, 15, 15, 15, 5, 5, 25, 20, 10, 5, 10, 20, 5, 10, 10, 15, 20, 5, 15, 20, 20, 35, 15, 15, 10, 10, 15, 5, 20, 20, 15, 5, 15, 15, 20, 30, 10, 25, 20, 5, 15, 10, 10, 5, 5, 15, 15, 25, 30, 5, 15, 20, 15, 10, 25, 15, 20, 23, 10, 5, 15, 10, 10, 10, 10, 10, 5, 25, 25, 10, 10, 10, 5, 20, 15, 15, 15, 10, 20, 5, 35, 5, 10, 17, 20, 20, 15, 35, 15, 15, 15, 15, 25, 20, 20, 25, 15, 25, 15, 20, 10, 15, 15, 10, 15, 15, 15, 20, 10, 15, 20, 5, 15, 10, 15, 10, 10, 5, 10, 15, 5, 10, 20, 5, 45, 10, 25, 15, 20, 15, 20, 10, 10, 10, 25, 15, 20, 5, 35, 10, 30, 20, 15, 5, 10, 5, 20, 20, 11, 10, 20, 20, 10, 15, 20, 15, 15, 10, 20, 10, 25, 20, 20, 20, 15, 10, 50, 15, 10, 20, 10, 5, 20, 15, 10, 20, 10, 10, 10, 10, 15, 15, 20, 10, 20, 10, 5, 25, 25, 15, 20, 20, 10, 10, 10, 15, 20, 15, 20, 25, 31, 20, 15, 15, 15, 15, 10, 25, 10, 10, 15, 25, 15, 20, 10, 15, 10, 10, 25, 20, 15, 15, 10, 10, 30, 15, 10, 5, 10, 5, 10, 15, 20, 15, 15, 20, 15, 15, 10, 10, 5, 15, 20, 20, 1, 15, 15, 15, 10, 30, 15, 20, 10, 25, 20, 5, 5, 25, 15, 20, 30, 10, 15, 15, 10, 20, 5, 5, 10, 15, 5, 10, 25, 5, 20, 20, 10, 35, 13, 5, 20, 15, 20, 20, 5, 25, 10, 20, 15, 5, 5, 10, 25, 10, 5, 15, 15, 25, 25, 5, 20, 15, 15, 10, 5, 15, 20, 17, 15, 25, 30, 20, 10, 20, 20, 15, 30, 15, 10, 30, 10, 20, 20, 15, 16, 15, 20, 20, 25, 10, 15, 15, 15, 15, 15, 10, 15, 20, 10, 20, 15, 10, 15, 10, 15, 20, 15, 10, 5, 15, 15, 25, 25, 15, 15, 15, 20, 25, 5, 10, 20, 5, 25, 25, 25, 20, 20, 30, 25, 25, 15, 15, 25, 15, 20, 30, 10, 15, 10, 15, 25, 15, 10, 15, 15, 10, 10, 20, 10, 20, 30, 25, 20, 20, 10, 10, 10, 15, 15, 15, 10, 20, 30, 30, 10, 20, 20, 10, 15, 10, 20, 10, 10, 30, 5, 15, 20, 20, 15, 15, 15, 25, 20, 35, 5, 20, 30, 15, 20, 15, 20, 25, 25, 15, 15, 20, 25, 20, 5, 5, 10, 25, 10, 5, 15, 10, 15, 15, 15, 10, 30, 30, 20, 30, 30, 25, 10, 25, 5, 5, 30, 26, 5, 20, 15, 5, 15, 30, 17, 25, 20, 15, 15, 20, 15, 15, 10, 25, 20, 10, 20, 20, 10, 20, 10, 25, 5, 15, 15, 10, 11, 20, 25, 10, 20, 20, 30, 15, 20, 25, 30, 20, 15, 20, 25, 10, 20, 10, 20, 10, 30, 25, 10, 25, 30, 25, 
944481, 1
944481, 1811
944481, 2919
944481, 27851
944481, 7179
944481, 39103
952406, 12
952406, 5, 5, 5, 5, 5, 5, 5, 5, 5, 5, 5, 5, 5, 5, 5, 10, 5, 5, 5, 10, 5, 5, 5, 5, 5, 5, 5, 5, 5, 10, 5, 10, 5, 5, 5, 5, 5, 5, 10, 5, 5, 5, 10, 10, 5, 10, 5, 5, 10, 5, 5, 5, 5, 5, 5, 5, 10, 5, 5, 5, 5, 10, 5, 5, 5, 5, 10, 5, 5, 10, 5, 10, 5, 10, 5, 5, 5, 10, 5, 5, 5, 10, 5, 5, 5, 5, 5, 10, 5, 5, 5, 5, 5, 5, 5, 5, 5, 5, 5, 5, 5, 10, 5, 5, 15, 5, 5, 5, 5, 10, 10, 10, 5, 5, 10, 5, 10, 10, 10, 5, 5, 5, 10, 5, 5, 10, 5, 10, 5, 5, 6, 10, 5, 5, 5, 5, 5, 5, 10, 5, 10, 5, 15, 5, 5, 10, 5, 5, 10, 5, 5, 10, 5, 5, 5, 5, 5, 5, 5, 5, 5, 5, 15, 2, 10, 5, 5, 10, 10, 10, 10, 5, 5, 5, 10, 10, 10, 10, 5, 5, 10, 10, 5, 5, 5, 5, 15, 5, 10, 5, 10, 5, 5, 20, 5, 25, 10, 5, 10, 5, 5, 5, 10, 5, 10, 8, 10, 5, 5, 5, 5, 10, 5, 5, 10, 5, 15, 15, 5, 15, 10, 5, 5, 5, 10, 10, 15, 5, 5, 5, 10, 5, 15, 10, 5, 10, 5, 10, 5, 5, 10, 20, 10, 10, 10, 5, 5, 5, 5, 5, 30, 15, 10, 15, 15, 5, 5, 15, 5, 5, 5, 5, 15, 16, 5, 5, 10, 20, 5, 5, 5, 5, 10, 5, 20, 10, 15, 5, 10, 10, 15, 15, 10, 15, 15, 5, 10, 10, 15, 5, 15, 5, 5, 5, 10, 5, 5, 15, 5, 10, 5, 10, 15, 10, 5, 5, 5, 5, 15, 10, 15, 5, 10, 10, 5, 10, 10, 5, 10, 5, 15, 10, 20, 10, 15, 10, 15, 5, 5, 5, 5, 5, 5, 10, 10, 10, 10, 10, 10, 10, 5, 5, 15, 5, 5, 15, 10, 5, 15, 5, 10, 10, 5, 15, 10, 5, 10, 5, 20, 10, 5, 10, 5, 10, 10, 10, 5, 5, 15, 10, 20, 5, 30, 5, 15, 10, 15, 10, 10, 5, 5, 10, 5, 10, 20, 5, 10, 10, 5, 5, 5, 5, 5, 10, 15, 20, 10, 5, 15, 5, 10, 15, 15, 25, 15, 5, 10, 15, 10, 5, 5, 10, 10, 10, 10, 10, 5, 5, 5, 5, 5, 10, 10, 5, 5, 5, 10, 10, 20, 5, 10, 15, 10, 10, 5, 20, 15, 5, 10, 10, 5, 5, 15, 5, 5, 5, 5, 5, 10, 10, 15, 5, 15, 10, 5, 5, 10, 10, 5, 10, 15, 10, 10, 10, 10, 5, 10, 10, 10, 15, 5, 10, 10, 5, 5, 10, 5, 10, 5, 10, 10, 15, 10, 5, 10, 10, 10, 15, 10, 5, 10, 5, 5, 5, 15, 5, 10, 5, 10, 5, 5, 10, 10, 15, 5, 5, 10, 10, 10, 15, 10, 5, 15, 10, 5, 15, 15, 10, 10, 10, 5, 5, 5, 15, 15, 15, 10, 5, 5, 10, 10, 10, 5, 5, 20, 15, 15, 10, 5, 15, 5, 15, 10, 10, 10, 5, 10, 10, 15, 15, 10, 5, 10, 10, 5, 5, 12, 15, 5, 15, 10, 10, 5, 10, 5, 15, 5, 10, 10, 5, 15, 20, 11, 5, 5, 5, 15, 20, 15, 5, 20, 15, 5, 5, 15, 15, 5, 10, 15, 15, 15, 20, 10, 5, 15, 5, 10, 10, 20, 15, 15, 10, 25, 10, 10, 10, 20, 20, 5, 5, 5, 15, 10, 10, 10, 15, 10, 20, 10, 15, 15, 10, 5, 15, 10, 10, 15, 5, 5, 10, 10, 15, 5, 15, 5, 5, 20, 15, 20, 20, 15, 10, 10, 15, 5, 5, 5, 10, 15, 5, 20, 15, 10, 10, 5, 15, 10, 5, 5, 25, 5, 10, 5, 12, 25, 5, 5, 15, 5, 15, 20, 25, 5, 5, 10, 20, 10, 10, 15, 5, 15, 5, 10, 10, 5, 5, 10, 5, 15, 10, 10, 20, 5, 5, 5, 10, 15, 10, 5, 20, 20, 5, 15, 15, 11, 15, 10, 15, 5, 10, 5, 10, 10, 20, 15, 5, 15, 5, 5, 15, 16, 10, 25, 5, 25, 15, 20, 5, 20, 15, 25, 10, 10, 15, 10, 20, 10, 10, 5, 20, 15, 25, 21, 5, 15, 30, 5, 10, 10, 5, 20, 25, 5, 10, 10, 10, 20, 5, 5, 10, 10, 10, 20, 25, 5, 10, 10, 5, 20, 10, 20, 10, 5, 10, 10, 5, 15, 15, 15, 10, 25, 10, 20, 35, 5, 20, 10, 10, 15, 20, 15, 10, 15, 15, 16, 5, 15, 10, 5, 10, 5, 5, 11, 10, 10, 20, 5, 10, 15, 10, 15, 5, 5, 15, 5, 10, 20, 15, 5, 10, 20, 5, 20, 5, 30, 5, 16, 5, 10, 15, 15, 10, 15, 
952406, 1
952406, 1732
952406, 2880
952406, 31724
952406, 4816
952406, 39022
953093, 3
953093, 5, 5, 5, 5, 5, 5, 5, 5, 5, 5, 5, 5, 5, 5, 5, 5, 5, 5, 5, 5, 5, 5, 5, 5, 5, 5, 5, 5, 5, 5, 5, 5, 5, 5, 5, 5, 5, 5, 5, 5, 5, 5, 5, 5, 10, 5, 5, 5, 5, 5, 5, 5, 5, 5, 5, 5, 5, 5, 5, 5, 5, 5, 5, 5, 5, 5, 5, 5, 5, 5, 5, 5, 5, 5, 5, 5, 5, 5, 5, 5, 5, 5, 5, 10, 5, 5, 5, 5, 5, 5, 5, 5, 5, 5, 5, 5, 5, 5, 5, 5, 5, 5, 5, 5, 10, 5, 5, 5, 5, 5, 5, 5, 5, 10, 5, 10, 5, 5, 5, 5, 5, 5, 5, 5, 10, 5, 5, 5, 5, 5, 4, 
953093, 1
953093, 3246
953093, 4367
953093, 16888
953093, 4976
953093, 39064
962712, 21
962712, 5, 5, 5, 5, 5, 5, 5, 5, 5, 5, 5, 5, 5, 5, 5, 5, 5, 5, 5, 10, 2, 5, 5, 5, 5, 5, 10, 5, 5, 5, 5, 5, 5, 10, 5, 5, 5, 5, 5, 5, 5, 5, 10, 5, 10, 5, 5, 10, 5, 5, 10, 5, 5, 5, 5, 5, 5, 5, 5, 5, 5, 5, 10, 5, 5, 10, 5, 5, 5, 4, 5, 5, 5, 5, 10, 5, 5, 5, 5, 5, 5, 5, 5, 5, 15, 5, 5, 10, 10, 5, 10, 10, 5, 5, 15, 10, 5, 5, 5, 10, 5, 5, 5, 15, 5, 5, 5, 5, 5, 5, 10, 5, 5, 10, 10, 10, 15, 20, 15, 5, 10, 5, 5, 5, 5, 10, 10, 5, 5, 5, 10, 5, 10, 10, 5, 15, 5, 5, 5, 5, 5, 5, 5, 5, 5, 5, 5, 5, 5, 5, 10, 10, 10, 5, 15, 5, 5, 5, 10, 15, 10, 10, 10, 5, 10, 10, 5, 10, 5, 5, 5, 5, 5, 5, 10, 5, 10, 6, 5, 5, 5, 5, 10, 5, 5, 10, 5, 10, 10, 10, 10, 10, 10, 10, 5, 7, 5, 5, 5, 5, 5, 5, 15, 5, 10, 5, 5, 5, 10, 5, 10, 10, 20, 5, 5, 5, 10, 15, 10, 10, 5, 15, 5, 5, 15, 10, 15, 10, 5, 5, 10, 5, 15, 10, 10, 20, 5, 10, 10, 5, 10, 15, 15, 10, 10, 10, 5, 10, 10, 5, 5, 5, 10, 10, 15, 15, 5, 5, 10, 5, 10, 10, 5, 10, 5, 5, 5, 10, 10, 15, 15, 15, 10, 10, 5, 20, 5, 5, 5, 10, 5, 5, 5, 10, 20, 10, 10, 10, 10, 15, 5, 15, 5, 5, 5, 25, 5, 10, 15, 10, 15, 11, 10, 10, 5, 15, 10, 5, 10, 10, 10, 10, 5, 5, 5, 15, 5, 10, 10, 15, 10, 5, 5, 5, 10, 5, 10, 5, 5, 5, 5, 5, 5, 5, 5, 10, 5, 5, 5, 5, 5, 10, 10, 10, 10, 10, 10, 5, 5, 5, 5, 10, 5, 10, 10, 10, 10, 10, 5, 10, 15, 21, 5, 5, 10, 10, 15, 10, 10, 5, 15, 5, 20, 15, 10, 10, 5, 5, 15, 10, 21, 5, 15, 10, 10, 20, 10, 5, 10, 5, 5, 5, 10, 5, 10, 10, 5, 5, 10, 5, 5, 5, 10, 15, 15, 10, 10, 5, 15, 10, 10, 20, 5, 10, 5, 15, 10, 15, 10, 15, 20, 10, 15, 10, 20, 5, 10, 10, 5, 5, 5, 10, 10, 20, 10, 5, 20, 10, 15, 10, 10, 5, 10, 30, 5, 5, 5, 5, 20, 15, 10, 10, 5, 10, 5, 10, 10, 10, 10, 10, 10, 15, 20, 10, 15, 10, 5, 20, 5, 5, 10, 20, 5, 25, 10, 10, 10, 15, 15, 33, 5, 20, 5, 10, 10, 10, 5, 15, 20, 15, 25, 10, 15, 30, 10, 10, 10, 10, 10, 10, 30, 5, 5, 20, 15, 15, 5, 15, 10, 10, 5, 15, 20, 10, 15, 5, 5, 10, 10, 10, 5, 10, 20, 10, 20, 10, 30, 15, 10, 15, 15, 5, 5, 5, 10, 10, 15, 5, 10, 10, 5, 15, 20, 5, 15, 15, 15, 10, 5, 10, 15, 5, 20, 5, 5, 10, 15, 10, 10, 20, 10, 10, 21, 10, 20, 15, 15, 10, 10, 10, 15, 10, 10, 15, 5, 10, 10, 10, 5, 20, 15, 10, 15, 15, 10, 10, 25, 5, 5, 10, 15, 15, 5, 15, 10, 15, 5, 5, 5, 10, 20, 10, 10, 20, 15, 10, 5, 15, 5, 5, 15, 10, 10, 10, 10, 10, 5, 5, 15, 5, 10, 10, 20, 10, 15, 15, 5, 25, 10, 15, 10, 10, 10, 10, 15, 5, 10, 5, 10, 10, 15, 15, 5, 25, 10, 5, 10, 10, 10, 5, 25, 15, 15, 15, 10, 5, 10, 10, 5, 5, 10, 10, 5, 20, 20, 15, 25, 10, 5, 20, 10, 10, 20, 10, 5, 15, 20, 30, 25, 5, 12, 15, 10, 20, 20, 15, 5, 20, 15, 10, 20, 5, 15, 15, 10, 15, 5, 5, 5, 15, 5, 30, 20, 10, 5, 10, 20, 10, 15, 10, 5, 10, 10, 15, 10, 20, 15, 10, 10, 5, 15, 25, 10, 10, 10, 10, 15, 5, 15, 20, 35, 15, 20, 15, 5, 10, 15, 5, 10, 15, 20, 5, 15, 5, 15, 10, 5, 10, 5, 20, 6, 20, 10, 10, 5, 11, 10, 15, 20, 10, 15, 20, 15, 10, 10, 5, 10, 10, 10, 5, 5, 5, 15, 10, 15, 15, 15, 10, 20, 20, 10, 10, 15, 5, 10, 10, 10, 10, 30, 10, 30, 20, 10, 5, 10, 5, 5, 20, 5, 10, 5, 5, 10, 20, 5, 10, 10, 15, 5, 10, 25, 20, 5, 25, 5, 10, 15, 10, 10, 10, 10, 20, 20, 5, 15, 25, 10, 20, 15, 5, 15, 5, 10, 20, 15, 5, 11, 15, 20, 15, 15, 21, 5, 5, 15, 15, 5, 10, 5, 15, 10, 10, 10, 10, 10, 15, 20, 6, 10, 20, 20, 10, 20, 25, 25, 10, 5, 15, 20, 10, 15, 10, 15, 6, 10, 10, 9, 15, 15, 5, 15, 15, 5, 5, 5, 5, 15, 15, 25, 20, 5, 10, 20, 20, 5, 10, 10, 10, 10, 5, 15, 15, 10, 20, 10, 30, 10, 15, 10, 10, 20, 10, 15, 10, 15, 20, 30, 5, 15, 25, 5, 15, 15, 10, 10, 10, 25, 10, 10, 20, 10, 15, 
962712, 1
962712, 1824
962712, 3013
962712, 19079
962712, 4599
962712, 39124
962713, 1
962713, 
962713, 4
962713, 3383
962713, 4570
962713, 14555
962713, 3760
962713, 39118
962714, 1
962714, 
962714, 1
962714, 4925
962714, 6132
962714, 25351
962714, 9640
962714, 39183
962715, 1
962715, 
962715, 1
962715, 6455
962715, 7674
962715, 28094
962715, 7815
962715, 39183
963274, 5
963274, 5, 5, 5, 5, 5, 5, 5, 5, 5, 5, 5, 5, 5, 5, 5, 5, 5, 5, 5, 5, 5, 5, 5, 5, 5, 5, 5, 5, 5, 5, 5, 5, 5, 5, 5, 5, 5, 5, 5, 5, 5, 5, 5, 5, 10, 5, 5, 5, 5, 5, 5, 5, 5, 5, 5, 5, 5, 5, 5, 5, 5, 5, 5, 5, 5, 5, 5, 5, 5, 5, 5, 5, 5, 5, 5, 10, 5, 5, 5, 5, 5, 5, 5, 10, 5, 5, 5, 5, 5, 5, 5, 5, 5, 5, 10, 5, 5, 5, 5, 5, 5, 10, 5, 5, 5, 4, 
963274, 1
963274, 6700
963274, 7919
963274, 26800
963274, 7264
963274, 39164
970074, 5
970074, 5, 5, 5, 5, 5, 5, 5, 5, 5, 5, 5, 5, 5, 5, 10, 5, 5, 5, 5, 5, 5, 5, 5, 5, 5, 5, 5, 5, 5, 5, 5, 5, 5, 5, 5, 5, 5, 5, 5, 5, 5, 5, 5, 5, 5, 5, 5, 5, 5, 5, 5, 5, 5, 5, 10, 5, 10, 5, 5, 5, 5, 5, 5, 5, 5, 5, 5, 5, 5, 5, 5, 5, 10, 10, 5, 5, 5, 5, 5, 5, 5, 5, 5, 5, 5, 5, 5, 5, 5, 5, 10, 5, 5, 5, 5, 5, 5, 5, 5, 5, 5, 5, 2, 5, 5, 5, 5, 5, 15, 5, 10, 5, 5, 5, 10, 5, 5, 5, 5, 5, 5, 5, 10, 5, 5, 5, 5, 10, 5, 5, 10, 5, 5, 5, 5, 5, 5, 5, 5, 5, 10, 5, 5, 5, 5, 5, 10, 5, 5, 5, 10, 5, 5, 5, 5, 5, 10, 5, 10, 5, 5, 5, 5, 5, 5, 5, 5, 10, 5, 5, 10, 15, 10, 10, 5, 5, 5, 5, 10, 5, 5, 5, 5, 5, 10, 6, 5, 10, 5, 5, 5, 5, 5, 15, 5, 15, 5, 10, 30, 5, 5, 5, 5, 5, 10, 5, 10, 5, 10, 15, 10, 5, 5, 10, 5, 5, 5, 10, 5, 5, 10, 15, 5, 5, 10, 10, 5, 5, 5, 5, 5, 10, 15, 5, 20, 15, 5, 10, 15, 5, 10, 5, 10, 5, 5, 5, 5, 5, 5, 15, 5, 5, 10, 5, 5, 10, 5, 10, 5, 5, 5, 5, 5, 10, 10, 10, 25, 5, 10, 5, 10, 5, 5, 15, 5, 10, 5, 10, 5, 10, 15, 10, 5, 10, 10, 5, 5, 5, 15, 10, 15, 15, 5, 20, 5, 5, 10, 25, 5, 10, 5, 5, 5, 1, 5, 5, 5, 5, 15, 25, 20, 10, 20, 10, 5, 5, 10, 5, 10, 5, 10, 15, 5, 5, 5, 20, 10, 5, 5, 5, 10, 10, 5, 5, 10, 10, 5, 5, 10, 10, 5, 15, 10, 10, 5, 5, 5, 12, 10, 10, 15, 10, 5, 5, 5, 10, 5, 10, 10, 15, 5, 15, 20, 10, 5, 10, 5, 10, 10, 5, 5, 15, 5, 10, 5, 5, 15, 10, 10, 5, 10, 15, 5, 5, 5, 5, 5, 5, 10, 10, 5, 15, 10, 10, 10, 5, 5, 10, 15, 25, 10, 5, 15, 15, 10, 5, 15, 10, 5, 10, 10, 5, 5, 10, 15, 5, 10, 5, 5, 5, 15, 5, 15, 5, 15, 20, 10, 5, 5, 5, 10, 10, 15, 5, 10, 15, 2, 5, 15, 10, 10, 20, 20, 5, 10, 10, 5, 10, 10, 10, 10, 10, 10, 15, 10, 5, 15, 5, 10, 5, 15, 5, 5, 10, 10, 10, 5, 15, 10, 15, 15, 5, 5, 10, 5, 10, 10, 5, 5, 15, 15, 5, 5, 5, 5, 10, 5, 10, 20, 15, 5, 5, 15, 5, 15, 5, 10, 15, 15, 5, 5, 5, 5, 5, 10, 10, 5, 5, 5, 5, 5, 15, 5, 6, 5, 15, 5, 15, 5, 5, 5, 13, 5, 5, 15, 10, 10, 15, 5, 15, 5, 5, 5, 10, 15, 5, 15, 5, 10, 10, 5, 15, 15, 5, 30, 15, 5, 10, 10, 15, 10, 10, 15, 5, 5, 15, 15, 5, 5, 10, 5, 5, 10, 5, 10, 10, 5, 15, 10, 15, 5, 10, 10, 5, 5, 10, 10, 15, 5, 10, 5, 10, 5, 10, 10, 10, 10, 15, 15, 10, 10, 5, 15, 10, 15, 5, 10, 20, 5, 10, 15, 5, 20, 5, 15, 10, 5, 10, 5, 20, 5, 5, 5, 5, 15, 10, 30, 10, 10, 10, 15, 10, 10, 10, 5, 5, 5, 10, 15, 5, 5, 10, 10, 10, 10, 15, 5, 5, 20, 10, 10, 15, 5, 15, 10, 15, 15, 10, 5, 5, 10, 5, 10, 10, 10, 10, 10, 10, 10, 10, 5, 15, 10, 5, 5, 10, 10, 5, 25, 5, 10, 5, 5, 10, 20, 5, 15, 15, 5, 15, 10, 5, 5, 10, 5, 5, 5, 5, 10, 15, 5, 10, 10, 10, 10, 15, 5, 5, 10, 10, 8, 5, 10, 10, 5, 5, 5, 15, 5, 5, 10, 20, 5, 5, 10, 10, 15, 10, 15, 10, 5, 5, 10, 5, 10, 10, 20, 10, 10, 15, 10, 5, 15, 5, 10, 5, 5, 10, 5, 10, 5, 10, 10, 5, 20, 20, 5, 15, 10, 5, 5, 15, 15, 10, 5, 10, 10, 10, 5, 10, 10, 10, 5, 30, 10, 10, 10, 10, 20, 15, 15, 10, 10, 10, 10, 10, 20, 5, 5, 5, 10, 5, 15, 5, 5, 10, 5, 15, 10, 5, 10, 10, 15, 15, 20, 15, 10, 10, 20, 5, 10, 10, 10, 5, 10, 
970074, 1
970074, 2498
970074, 4460
970074, 29533
970074, 8404
970074, 39208
970075, 1
970075, 
970075, 3
970075, 4057
970075, 6025
970075, 20034
970075, 7112
970075, 39183
970076, 1
970076, 
970076, 1
970076, 5605
970076, 7572
970076, 21419
970076, 4245
970076, 39194
985033, 21
985033, 5, 1, 5, 5, 5, 5, 5, 5, 10, 5, 5, 5, 5, 5, 5, 5, 5, 5, 5, 5, 5, 5, 5, 5, 5, 10, 5, 5, 5, 10, 5, 5, 5, 5, 10, 5, 5, 5, 5, 5, 10, 10, 5, 5, 5, 5, 10, 10, 5, 10, 5, 5, 10, 5, 5, 10, 10, 10, 5, 10, 5, 10, 5, 5, 5, 5, 5, 10, 10, 10, 5, 5, 10, 5, 5, 10, 15, 5, 5, 10, 10, 10, 20, 5, 10, 5, 10, 5, 5, 10, 5, 10, 5, 5, 5, 10, 10, 10, 10, 5, 5, 5, 15, 5, 15, 5, 5, 5, 5, 5, 5, 15, 10, 5, 5, 10, 5, 10, 10, 5, 5, 5, 5, 5, 5, 5, 5, 5, 5, 10, 5, 5, 5, 15, 10, 10, 10, 5, 5, 5, 5, 10, 15, 20, 5, 5, 10, 5, 11, 15, 10, 5, 5, 10, 20, 10, 20, 15, 20, 20, 10, 20, 5, 10, 15, 10, 5, 15, 10, 10, 10, 5, 5, 10, 15, 5, 5, 10, 10, 5, 15, 5, 5, 10, 10, 10, 10, 5, 5, 5, 5, 10, 5, 25, 10, 5, 15, 15, 15, 15, 15, 10, 5, 25, 5, 10, 5, 15, 5, 10, 15, 10, 15, 25, 10, 15, 5, 10, 10, 10, 15, 5, 5, 10, 15, 5, 25, 10, 5, 20, 10, 20, 10, 5, 5, 10, 15, 15, 5, 15, 20, 20, 10, 20, 5, 15, 10, 5, 5, 10, 15, 5, 10, 25, 5, 11, 5, 15, 10, 15, 15, 10, 10, 5, 5, 15, 5, 20, 5, 5, 15, 15, 5, 15, 5, 10, 10, 15, 15, 15, 10, 10, 5, 15, 10, 25, 25, 5, 10, 25, 15, 10, 20, 5, 5, 20, 20, 10, 5, 30, 20, 10, 15, 15, 5, 10, 10, 20, 10, 5, 20, 5, 15, 15, 15, 5, 15, 24, 5, 20, 10, 20, 25, 10, 15, 10, 25, 5, 10, 20, 10, 25, 10, 15, 25, 10, 15, 10, 20, 15, 15, 10, 10, 10, 15, 5, 5, 10, 5, 15, 10, 10, 10, 15, 20, 10, 10, 16, 15, 5, 5, 10, 5, 5, 15, 25, 16, 15, 15, 10, 5, 15, 25, 5, 15, 5, 15, 10, 5, 10, 10, 30, 25, 15, 30, 20, 5, 10, 25, 25, 5, 10, 15, 5, 20, 10, 10, 15, 15, 25, 10, 15, 10, 15, 10, 5, 5, 10, 5, 10, 20, 5, 25, 10, 10, 10, 10, 20, 20, 5, 25, 5, 10, 25, 10, 10, 20, 15, 15, 10, 10, 20, 40, 15, 25, 5, 20, 10, 15, 30, 7, 5, 15, 10, 21, 5, 35, 20, 15, 10, 10, 15, 15, 10, 10, 5, 20, 20, 15, 10, 10, 20, 10, 25, 5, 30, 15, 5, 16, 15, 10, 30, 10, 10, 5, 20, 20, 15, 15, 5, 5, 25, 15, 20, 15, 25, 10, 15, 15, 20, 15, 15, 20, 10, 25, 15, 10, 20, 10, 20, 20, 15, 10, 15, 15, 15, 20, 10, 20, 5, 10, 5, 30, 30, 15, 30, 35, 10, 5, 20, 15, 10, 10, 10, 15, 15, 10, 20, 15, 15, 25, 15, 10, 5, 5, 15, 5, 15, 10, 5, 5, 15, 15, 15, 5, 20, 15, 5, 15, 10, 20, 10, 25, 10, 5, 5, 20, 10, 15, 30, 15, 10, 40, 15, 10, 5, 15, 20, 15, 20, 10, 15, 20, 20, 15, 10, 10, 20, 5, 10, 20, 25, 25, 5, 10, 40, 15, 5, 15, 20, 20, 10, 10, 20, 10, 15, 15, 30, 15, 30, 25, 15, 30, 12, 15, 15, 5, 15, 15, 10, 15, 10, 25, 15, 5, 20, 15, 20, 20, 20, 5, 10, 15, 25, 20, 28, 10, 30, 20, 15, 10, 10, 10, 10, 5, 15, 20, 20, 10, 30, 5, 10, 25, 15, 5, 10, 20, 15, 21, 25, 5, 10, 10, 10, 10, 15, 10, 25, 15, 15, 10, 25, 15, 10, 20, 20, 15, 5, 5, 5, 25, 20, 20, 10, 25, 15, 30, 35, 15, 20, 10, 10, 20, 11, 10, 15, 5, 35, 10, 5, 30, 20, 35, 25, 5, 10, 15, 10, 30, 20, 5, 25, 15, 10, 25, 20, 10, 10, 10, 35, 40, 10, 15, 15, 15, 25, 10, 25, 20, 15, 20, 20, 15, 25, 20, 5, 5, 10, 8, 15, 10, 15, 20, 15, 30, 30, 20, 5, 20, 20, 25, 20, 10, 15, 10, 10, 20, 15, 30, 10, 35, 25, 10, 20, 35, 15, 25, 10, 10, 30, 25, 15, 10, 15, 25, 25, 15, 10, 30, 5, 7, 10, 15, 45, 15, 15, 5, 10, 25, 15, 10, 10, 10, 15, 15, 20, 20, 5, 20, 15, 10, 20, 40, 31, 25, 25, 30, 10, 35, 35, 25, 20, 15, 15, 10, 10, 21, 15, 10, 5, 10, 25, 15, 20, 15, 10, 5, 10, 25, 25, 10, 21, 20, 5, 15, 20, 20, 20, 15, 15, 10, 10, 15, 15, 10, 25, 15, 15, 30, 10, 25, 15, 15, 20, 15, 35, 21, 35, 20, 15, 25, 30, 30, 15, 10, 35, 15, 15, 15, 15, 10, 15, 20, 15, 25, 15, 20, 10, 25, 10, 20, 1, 20, 20, 10, 10, 15, 10, 25, 10, 5, 40, 10, 15, 10, 15, 25, 10, 40, 10, 10, 35, 10, 15, 20, 10, 25, 25, 10, 10, 40, 20, 25, 15, 20, 30, 30, 25, 20, 10, 5, 30, 20, 25, 30, 15, 5, 20, 15, 25, 45, 15, 10, 10, 20, 10, 10, 20, 5, 10, 25, 20, 10, 5, 10, 25, 5, 15, 30, 15, 20, 15, 30, 15, 20, 5, 15, 15, 30, 20, 20, 15, 20, 15, 10, 20, 24, 10, 15, 35, 15, 25, 5, 10, 30, 21, 15, 30, 10, 20, 15, 10, 15, 25, 15, 10, 15, 20, 10, 10, 10, 5, 10, 20, 25, 30, 20, 35, 15, 10, 20, 10, 30, 10, 20, 25, 10, 10, 11, 10, 10, 25, 20, 10, 20, 15, 25, 5, 15, 15, 20, 15, 20, 10, 5, 10, 50, 10, 25, 25, 5, 30, 20, 10, 25, 15, 10, 5, 25, 10, 10, 10, 15, 20, 20, 30, 25, 28, 20, 35, 10, 15, 10, 30, 5, 21, 20, 15, 15, 45, 20, 20, 20, 5, 10, 20, 6, 
985033, 1
985033, 1947
985033, 3363
985033, 16812
985033, 3456
985033, 39230
985034, 1
985034, 
985034, 1
985034, 3555
985034, 5036
985034, 20590
985034, 5160
985034, 39138
990503, 7
990503, 5, 5, 5, 5, 5, 5, 5, 5, 5, 5, 5, 5, 10, 5, 5, 10, 5, 5, 5, 5, 5, 5, 5, 5, 5, 5, 5, 5, 5, 5, 5, 5, 5, 5, 5, 5, 5, 5, 5, 5, 5, 5, 5, 5, 10, 5, 5, 5, 5, 5, 5, 5, 5, 10, 5, 5, 5, 10, 10, 5, 5, 10, 1, 5, 10, 5, 5, 5, 5, 5, 5, 5, 5, 10, 5, 5, 5, 5, 10, 5, 5, 5, 5, 5, 5, 5, 5, 5, 5, 5, 5, 10, 5, 5, 10, 5, 10, 1, 5, 5, 10, 5, 5, 5, 5, 5, 5, 5, 5, 5, 5, 5, 5, 5, 5, 5, 10, 10, 5, 10, 5, 10, 10, 5, 5, 10, 10, 10, 5, 5, 5, 5, 5, 5, 10, 5, 10, 5, 5, 5, 5, 5, 5, 5, 5, 5, 5, 5, 10, 5, 10, 10, 15, 5, 5, 10, 5, 10, 5, 5, 20, 10, 5, 10, 5, 5, 5, 10, 5, 5, 10, 5, 10, 5, 5, 5, 5, 5, 5, 5, 10, 5, 5, 5, 5, 5, 10, 5, 5, 5, 5, 10, 5, 8, 5, 10, 5, 5, 5, 5, 5, 5, 5, 5, 5, 5, 5, 5, 5, 5, 5, 10, 5, 5, 5, 5, 10, 5, 5, 5, 5, 5, 10, 10, 5, 5, 5, 5, 5, 10, 5, 5, 5, 10, 10, 15, 5, 5, 5, 15, 10, 10, 5, 10, 5, 5, 10, 5, 5, 15, 5, 5, 5, 10, 5, 5, 10, 10, 5, 10, 10, 5, 10, 5, 15, 5, 5, 10, 15, 5, 5, 10, 5, 10, 5, 15, 10, 5, 5, 5, 10, 15, 10, 10, 5, 20, 5, 5, 5, 10, 10, 5, 5, 5, 5, 5, 5, 10, 10, 5, 5, 5, 5, 10, 10, 5, 10, 5, 5, 5, 5, 5, 5, 5, 15, 15, 5, 15, 10, 10, 10, 5, 5, 5, 5, 5, 5, 5, 10, 5, 5, 5, 5, 5, 5, 10, 5, 5, 5, 5, 5, 10, 5, 5, 10, 10, 10, 10, 15, 5, 5, 10, 10, 5, 5, 5, 5, 10, 10, 10, 10, 15, 15, 15, 10, 5, 10, 10, 5, 5, 10, 5, 10, 10, 10, 10, 5, 10, 10, 5, 5, 5, 5, 5, 5, 5, 10, 5, 10, 10, 15, 10, 10, 5, 10, 10, 5, 10, 5, 10, 10, 5, 5, 5, 5, 10, 10, 15, 20, 5, 5, 10, 5, 5, 15, 10, 5, 10, 10, 5, 10, 5, 10, 5, 10, 10, 5, 5, 20, 5, 10, 5, 5, 10, 15, 10, 10, 10, 25, 15, 10, 5, 5, 5, 5, 15, 5, 5, 5, 15, 5, 10, 5, 10, 10, 10, 20, 15, 10, 15, 5, 15, 5, 15, 20, 14, 15, 5, 5, 5, 5, 5, 5, 5, 25, 10, 10, 5, 5, 10, 15, 5, 5, 10, 10, 10, 5, 15, 15, 15, 10, 5, 5, 5, 15, 10, 10, 15, 15, 10, 5, 10, 5, 5, 5, 5, 5, 15, 10, 5, 5, 5, 10, 10, 5, 5, 5, 5, 10, 10, 10, 5, 5, 5, 10, 25, 5, 10, 10, 10, 10, 5, 5, 5, 5, 10, 15, 5, 5, 5, 5, 10, 10, 15, 15, 5, 5, 5, 10, 10, 10, 5, 10, 10, 10, 10, 10, 10, 5, 5, 10, 10, 5, 10, 15, 15, 10, 25, 10, 5, 5, 10, 5, 10, 15, 5, 10, 5, 5, 10, 10, 10, 5, 10, 5, 5, 5, 10, 15, 20, 10, 5, 5, 5, 5, 15, 15, 15, 10, 5, 5, 10, 5, 5, 10, 10, 5, 15, 5, 15, 5, 10, 5, 3, 5, 20, 15, 15, 20, 5, 5, 5, 5, 5, 5, 5, 10, 15, 5, 10, 5, 10, 10, 15, 15, 10, 5, 15, 5, 5, 10, 10, 10, 25, 5, 5, 10, 5, 15, 10, 5, 5, 10, 10, 5, 10, 10, 5, 10, 10, 10, 10, 20, 5, 10, 5, 10, 10, 15, 5, 5, 15, 20, 10, 15, 15, 10, 5, 20, 15, 5, 10, 10, 10, 5, 5, 15, 5, 10, 10, 10, 5, 20, 10, 10, 10, 10, 5, 5, 10, 
990503, 3
990503, 3803
990503, 5187
990503, 2190
990503, 494
990503, 39174
990504, 1
990504, 
990504, 2
990504, 5449
990504, 6828
990504, 15446
990504, 5281
990504, 39220
1010436, 14
1010436, 5, 5, 5, 5, 5, 10, 5, 10, 5, 10, 5, 10, 5, 10, 5, 5, 5, 5, 10, 5, 5, 5, 5, 5, 5, 10, 10, 5, 10, 5, 10, 5, 10, 5, 10, 5, 5, 5, 5, 10, 5, 5, 15, 5, 10, 5, 15, 10, 5, 15, 5, 5, 5, 15, 5, 5, 15, 10, 20, 10, 15, 15, 15, 10, 5, 5, 10, 15, 10, 5, 15, 10, 10, 5, 5, 5, 5, 5, 5, 15, 10, 10, 30, 5, 10, 20, 15, 5, 15, 5, 20, 20, 10, 5, 5, 10, 5, 20, 5, 20, 15, 10, 10, 15, 20, 10, 10, 5, 10, 15, 5, 20, 10, 5, 10, 15, 10, 10, 5, 20, 10, 10, 10, 5, 5, 20, 20, 5, 10, 10, 10, 15, 5, 15, 5, 5, 10, 5, 10, 5, 25, 5, 10, 15, 5, 10, 5, 30, 5, 5, 10, 15, 25, 20, 15, 10, 10, 5, 10, 20, 5, 15, 30, 15, 10, 15, 20, 5, 15, 20, 15, 20, 20, 10, 15, 15, 10, 10, 10, 5, 20, 10, 5, 5, 10, 15, 15, 10, 20, 5, 5, 25, 10, 20, 20, 40, 20, 20, 20, 20, 25, 20, 15, 10, 20, 10, 25, 10, 5, 5, 20, 20, 20, 20, 5, 20, 10, 10, 10, 15, 30, 25, 20, 15, 15, 20, 15, 5, 10, 20, 10, 10, 10, 15, 5, 15, 5, 20, 5, 25, 9, 20, 15, 25, 10, 10, 10, 15, 27, 15, 10, 10, 15, 25, 10, 20, 15, 10, 15, 15, 5, 20, 15, 10, 10, 10, 10, 10, 10, 25, 10, 10, 15, 20, 30, 25, 5, 20, 15, 15, 25, 15, 10, 30, 15, 20, 10, 5, 10, 10, 25, 20, 15, 20, 30, 35, 10, 22, 10, 10, 5, 10, 35, 10, 25, 15, 25, 10, 5, 15, 15, 10, 35, 35, 20, 30, 24, 10, 15, 15, 20, 25, 10, 10, 20, 15, 30, 20, 35, 15, 10, 20, 20, 25, 15, 20, 10, 10, 25, 10, 15, 10, 10, 15, 10, 5, 20, 10, 20, 15, 15, 15, 20, 30, 5, 20, 15, 20, 20, 20, 20, 10, 20, 15, 10, 25, 10, 20, 10, 20, 35, 20, 30, 20, 10, 20, 5, 10, 25, 20, 25, 15, 15, 30, 20, 15, 25, 25, 20, 15, 10, 5, 5, 15, 15, 15, 10, 5, 20, 10, 15, 5, 20, 15, 30, 5, 15, 25, 10, 20, 5, 25, 20, 10, 15, 25, 15, 25, 15, 10, 15, 10, 5, 40, 5, 5, 20, 10, 5, 5, 10, 30, 25, 25, 10, 6, 25, 25, 5, 10, 25, 15, 15, 20, 10, 35, 20, 10, 10, 45, 25, 30, 20, 30, 15, 25, 15, 15, 15, 15, 15, 30, 15, 20, 10, 20, 15, 30, 20, 15, 15, 5, 15, 25, 20, 30, 25, 10, 20, 20, 10, 16, 15, 20, 25, 5, 25, 20, 15, 30, 10, 10, 20, 10, 25, 20, 10, 30, 35, 15, 5, 25, 10, 35, 5, 20, 15, 10, 10, 20, 15, 15, 25, 15, 10, 15, 10, 15, 10, 30, 25, 20, 25, 20, 15, 10, 35, 15, 15, 25, 35, 5, 40, 20, 27, 10, 15, 30, 40, 25, 35, 10, 20, 10, 15, 6, 15, 15, 25, 20, 20, 20, 25, 5, 20, 5, 20, 5, 20, 25, 10, 10, 30, 15, 10, 30, 10, 5, 15, 25, 5, 25, 20, 20, 15, 30, 25, 25, 5, 30, 30, 20, 30, 5, 20, 20, 25, 30, 35, 25, 15, 35, 40, 30, 20, 40, 10, 25, 15, 20, 5, 20, 5, 5, 10, 10, 20, 46, 30, 25, 25, 10, 5, 25, 5, 25, 25, 25, 10, 25, 20, 10, 25, 30, 20, 20, 15, 30, 10, 10, 15, 15, 35, 20, 15, 20, 25, 5, 20, 30, 25, 20, 30, 15, 15, 5, 5, 15, 20, 10, 10, 15, 25, 10, 10, 30, 15, 20, 15, 30, 10, 25, 10, 20, 20, 15, 35, 15, 25, 15, 15, 10, 50, 20, 25, 20, 20, 25, 5, 20, 40, 5, 30, 10, 35, 5, 20, 5, 25, 5, 25, 25, 5, 15, 15, 20, 20, 15, 10, 10, 25, 15, 20, 10, 20, 10, 20, 20, 25, 35, 5, 30, 25, 20, 30, 30, 20, 10, 35, 25, 20, 25, 20, 10, 15, 10, 25, 15, 20, 38, 20, 10, 15, 25, 25, 20, 10, 20, 20, 20, 35, 30, 25, 10, 35, 15, 5, 20, 35, 20, 30, 15, 11, 20, 15, 10, 20, 45, 20, 20, 30, 15, 15, 25, 20, 15, 25, 15, 40, 20, 20, 20, 30, 25, 40, 40, 25, 15, 15, 35, 15, 15, 15, 35, 25, 5, 15, 10, 15, 10, 35, 25, 5, 15, 20, 25, 20, 25, 25, 15, 25, 10, 20, 20, 20, 10, 15, 35, 27, 15, 30, 15, 25, 16, 15, 20, 10, 10, 20, 15, 30, 10, 20, 20, 15, 20, 15, 25, 10, 25, 20, 10, 15, 5, 20, 35, 25, 15, 35, 20, 10, 35, 15, 15, 35, 20, 35, 10, 15, 20, 35, 10, 15, 5, 25, 55, 5, 20, 10, 15, 15, 20, 10, 20, 30, 16, 15, 20, 20, 35, 25, 10, 10, 20, 5, 25, 15, 30, 15, 20, 25, 10, 15, 25, 20, 25, 20, 35, 40, 20, 30, 15, 10, 20, 15, 35, 10, 20, 30, 15, 15, 20, 30, 25, 20, 15, 45, 30, 5, 25, 20, 15, 25, 5, 15, 45, 30, 50, 40, 5, 20, 20, 20, 30, 20, 35, 35, 15, 20, 30, 30, 40, 55, 15, 15, 20, 25, 25, 10, 20, 10, 10, 30, 25, 5, 15, 20, 32, 35, 20, 15, 10, 20, 10, 10, 30, 18, 25, 15, 20, 15, 35, 20, 30, 16, 20, 10, 37, 25, 20, 20, 20, 15, 15, 35, 10, 30, 30, 45, 15, 26, 40, 20, 10, 15, 35, 25, 15, 15, 21, 25, 20, 25, 20, 15, 10, 20, 10, 30, 35, 30, 15, 25, 5, 30, 5, 15, 25, 35, 35, 20, 35, 30, 20, 20, 25, 30, 50, 25, 25, 30, 25, 30, 30, 25, 20, 20, 25, 30, 35, 15, 25, 25, 25, 20, 35, 20, 15, 25, 15, 55, 15, 10, 40, 40, 20, 30, 15, 35, 10, 5, 25, 10, 15, 5, 15, 15, 20, 25, 25, 10, 20, 45, 10, 30, 35, 25, 15, 15, 20, 20, 20, 20, 35, 20, 31, 15, 10, 15, 25, 35, 15, 25, 24, 20, 40, 25, 10, 25, 15, 15, 5, 20, 20, 10, 26, 15, 20, 25, 15, 20, 25, 25, 10, 20, 20, 50, 50, 25, 15, 25, 30, 25, 10, 5, 36, 
1010436, 1
1010436, 1791
1010436, 3086
1010436, 15291
1010436, 3038
1010436, 39258
1015363, 11
1015363, 5, 5, 5, 5, 5, 5, 5, 5, 5, 5, 5, 5, 5, 5, 5, 5, 5, 5, 5, 5, 5, 5, 5, 5, 5, 5, 5, 5, 5, 5, 5, 5, 5, 5, 5, 5, 5, 5, 5, 5, 5, 5, 5, 5, 5, 5, 5, 5, 5, 5, 10, 5, 5, 5, 5, 5, 5, 5, 5, 5, 5, 5, 5, 5, 5, 5, 10, 5, 5, 5, 5, 5, 5, 10, 5, 5, 5, 5, 5, 5, 5, 5, 5, 5, 5, 5, 5, 10, 5, 5, 6, 5, 5, 15, 10, 5, 5, 5, 5, 5, 5, 5, 5, 10, 5, 5, 5, 10, 5, 5, 5, 10, 5, 5, 10, 5, 5, 5, 10, 5, 10, 10, 5, 5, 5, 5, 5, 5, 5, 5, 5, 15, 15, 5, 5, 5, 5, 5, 5, 10, 5, 10, 10, 5, 10, 5, 5, 5, 5, 10, 5, 5, 10, 5, 5, 5, 5, 5, 5, 10, 5, 5, 5, 10, 5, 5, 5, 5, 15, 5, 10, 5, 5, 5, 5, 5, 5, 5, 10, 5, 5, 10, 10, 5, 5, 5, 5, 5, 5, 10, 5, 10, 5, 5, 5, 5, 5, 5, 5, 10, 5, 5, 5, 5, 10, 10, 10, 5, 5, 5, 5, 10, 5, 5, 10, 5, 5, 5, 5, 5, 5, 10, 15, 5, 5, 10, 5, 5, 5, 5, 5, 5, 5, 5, 5, 5, 5, 5, 10, 5, 5, 5, 10, 10, 10, 5, 10, 5, 10, 10, 5, 5, 10, 10, 10, 5, 10, 5, 15, 10, 5, 10, 10, 10, 5, 10, 5, 10, 8, 5, 15, 5, 5, 10, 5, 6, 5, 10, 5, 5, 10, 10, 10, 10, 5, 10, 10, 15, 5, 15, 15, 10, 10, 5, 15, 5, 20, 5, 5, 5, 5, 10, 5, 5, 5, 5, 10, 5, 10, 10, 10, 5, 5, 15, 5, 15, 5, 5, 15, 5, 10, 5, 10, 5, 10, 5, 5, 10, 5, 10, 5, 5, 10, 5, 5, 5, 5, 10, 5, 5, 5, 5, 5, 5, 15, 5, 5, 5, 5, 10, 10, 5, 5, 5, 10, 10, 5, 5, 10, 5, 5, 5, 10, 5, 5, 5, 10, 5, 10, 5, 5, 11, 10, 5, 10, 15, 5, 5, 5, 15, 5, 10, 5, 10, 10, 5, 5, 5, 5, 20, 5, 5, 20, 5, 5, 10, 10, 5, 10, 5, 5, 5, 5, 15, 10, 5, 20, 5, 5, 10, 10, 5, 5, 5, 10, 5, 10, 20, 10, 5, 10, 5, 5, 5, 10, 15, 10, 10, 5, 10, 15, 5, 15, 5, 10, 10, 5, 5, 5, 10, 10, 10, 10, 5, 5, 5, 10, 5, 5, 10, 5, 10, 10, 15, 5, 10, 10, 5, 25, 15, 5, 5, 5, 10, 15, 7, 15, 5, 10, 5, 15, 10, 5, 10, 15, 10, 5, 10, 5, 5, 10, 5, 10, 10, 5, 10, 5, 5, 15, 10, 5, 5, 10, 10, 5, 5, 10, 5, 10, 10, 5, 5, 5, 5, 15, 10, 5, 10, 10, 15, 15, 10, 10, 15, 5, 10, 10, 10, 5, 6, 5, 15, 5, 5, 5, 10, 5, 15, 10, 10, 5, 10, 10, 15, 10, 10, 10, 10, 5, 5, 10, 5, 5, 10, 10, 5, 15, 5, 5, 5, 5, 10, 10, 5, 15, 20, 10, 5, 10, 5, 10, 10, 10, 10, 5, 5, 5, 5, 10, 5, 5, 5, 5, 20, 10, 5, 20, 5, 5, 5, 15, 5, 10, 5, 5, 5, 5, 25, 15, 20, 5, 10, 10, 15, 5, 5, 10, 10, 5, 5, 10, 5, 5, 10, 10, 10, 15, 10, 10, 5, 10, 10, 5, 10, 5, 10, 5, 5, 20, 5, 5, 10, 10, 15, 10, 5, 15, 15, 10, 10, 5, 5, 10, 10, 10, 10, 5, 10, 25, 20, 10, 5, 10, 5, 25, 5, 10, 5, 5, 15, 20, 5, 2, 
1015363, 1
1015363, 1843
1015363, 3118
1015363, 15674
1015363, 2648
1015363, 39231
1015364, 1
1015364, 
1015364, 1
1015364, 3498
1015364, 4771
1015364, 30044
1015364, 8756
1015364, 39262
1015365, 1
1015365, 
1015365, 5
1015365, 5170
1015365, 6458
1015365, 19837
1015365, 6163
1015365, 39205
1015366, 1
1015366, 
1015366, 1
1015366, 6791
1015366, 8080
1015366, 6343
1015366, 1977
1015366, 39272
1015367, 1
1015367, 
1015367, 1
1015367, 8416
1015367, 9705
1015367, 12228
1015367, 4070
1015367, 39277
1015374, 1
1015374, 5, 1, 
1015374, 10
1015374, 8958
1015374, 10245
1015374, 5449
1015374, 1211
1015374, 39317
1017076, 12
1017076, 5, 5, 5, 5, 5, 5, 5, 5, 5, 5, 5, 5, 5, 5, 5, 5, 5, 5, 5, 5, 5, 5, 5, 5, 5, 5, 5, 5, 5, 5, 5, 5, 10, 5, 5, 5, 5, 5, 5, 5, 5, 5, 5, 5, 5, 5, 5, 5, 5, 5, 5, 5, 5, 5, 5, 5, 5, 5, 5, 10, 5, 10, 5, 5, 5, 5, 5, 5, 5, 5, 5, 5, 5, 5, 5, 5, 5, 5, 5, 5, 5, 5, 5, 5, 5, 5, 5, 5, 5, 5, 5, 5, 5, 5, 5, 5, 5, 5, 5, 5, 10, 10, 5, 5, 5, 5, 5, 10, 5, 15, 5, 10, 5, 5, 5, 5, 10, 5, 5, 5, 5, 5, 5, 5, 10, 5, 5, 5, 5, 10, 10, 5, 5, 5, 5, 5, 5, 5, 10, 5, 5, 5, 5, 10, 5, 5, 5, 5, 5, 5, 5, 5, 10, 5, 10, 5, 5, 5, 5, 5, 5, 5, 5, 5, 5, 10, 5, 5, 5, 5, 5, 5, 5, 5, 10, 5, 5, 5, 5, 10, 5, 5, 5, 10, 5, 5, 5, 5, 5, 5, 5, 10, 5, 5, 5, 5, 5, 5, 5, 5, 5, 5, 10, 5, 5, 5, 5, 5, 5, 5, 5, 5, 10, 5, 10, 10, 10, 5, 10, 5, 5, 5, 5, 5, 5, 5, 5, 10, 5, 5, 5, 5, 5, 5, 5, 10, 5, 5, 5, 5, 5, 5, 5, 5, 5, 5, 5, 5, 5, 5, 5, 5, 5, 5, 5, 5, 5, 5, 10, 5, 15, 10, 10, 10, 5, 5, 5, 5, 5, 5, 5, 10, 5, 5, 5, 5, 5, 10, 5, 5, 10, 10, 5, 5, 10, 5, 10, 5, 5, 5, 5, 5, 5, 5, 5, 5, 
1017076, 1
1017076, 7730
1017076, 9090
1017076, 29735
1017076, 6298
1017076, 39271
1017090, 4
1017090, 5, 5, 
1017090, 1
1017090, 9340
1017090, 10697
1017090, 6326
1017090, 1657
1017090, 39326
1017091, 1
1017091, 
1017091, 8
1017091, 22146
1017091, 37967
1017091, 47648
1017091, 9878
1017091, 39263
1030429, 16
1030429, 5, 5, 5, 5, 5, 10, 5, 5, 5, 5, 5, 5, 5, 5, 5, 5, 5, 5, 5, 5, 5, 5, 5, 5, 10, 5, 10, 5, 5, 10, 5, 5, 10, 5, 5, 5, 5, 5, 5, 10, 5, 5, 5, 10, 5, 5, 15, 5, 5, 5, 5, 5, 5, 10, 10, 5, 10, 5, 5, 5, 5, 5, 10, 10, 15, 5, 10, 20, 10, 5, 5, 20, 20, 15, 10, 5, 5, 10, 15, 10, 15, 10, 5, 10, 5, 5, 5, 5, 5, 15, 20, 10, 5, 5, 10, 5, 10, 5, 10, 5, 10, 5, 5, 5, 5, 5, 10, 15, 5, 5, 5, 15, 20, 5, 5, 10, 5, 10, 5, 5, 10, 18, 10, 15, 7, 5, 5, 10, 10, 5, 10, 15, 5, 5, 15, 5, 15, 10, 15, 10, 5, 10, 5, 10, 10, 5, 10, 5, 5, 5, 5, 5, 5, 5, 5, 10, 15, 5, 15, 10, 10, 15, 20, 10, 10, 10, 10, 5, 5, 5, 5, 15, 5, 10, 10, 5, 5, 20, 10, 5, 15, 5, 10, 10, 5, 10, 15, 10, 5, 15, 15, 5, 10, 5, 15, 10, 24, 5, 20, 5, 15, 25, 5, 5, 10, 5, 5, 5, 10, 5, 5, 5, 15, 5, 20, 15, 20, 5, 10, 10, 15, 10, 10, 5, 15, 10, 10, 5, 5, 10, 10, 10, 10, 15, 10, 10, 5, 10, 15, 15, 5, 15, 5, 10, 5, 5, 5, 20, 15, 10, 10, 10, 5, 10, 5, 20, 25, 5, 10, 5, 5, 5, 10, 16, 5, 5, 15, 5, 5, 5, 20, 5, 5, 20, 20, 10, 30, 10, 10, 15, 25, 5, 10, 20, 10, 10, 10, 10, 20, 10, 5, 10, 10, 10, 15, 15, 5, 10, 15, 10, 10, 10, 15, 5, 10, 5, 5, 10, 10, 5, 10, 20, 5, 15, 5, 10, 15, 10, 10, 15, 5, 15, 10, 15, 15, 10, 10, 15, 30, 10, 10, 10, 5, 5, 15, 5, 25, 15, 10, 10, 10, 15, 10, 10, 10, 21, 15, 15, 30, 5, 20, 10, 20, 10, 5, 5, 10, 30, 5, 10, 15, 5, 10, 20, 5, 15, 15, 10, 5, 10, 5, 10, 10, 20, 25, 5, 10, 20, 15, 15, 15, 10, 20, 15, 15, 19, 25, 15, 10, 10, 15, 5, 15, 20, 10, 10, 11, 10, 10, 5, 5, 10, 15, 15, 15, 20, 25, 20, 15, 5, 15, 10, 15, 15, 20, 25, 15, 15, 5, 15, 20, 10, 15, 5, 15, 15, 10, 10, 5, 20, 15, 5, 20, 10, 10, 21, 5, 20, 25, 10, 5, 10, 5, 5, 15, 10, 10, 15, 15, 20, 5, 15, 15, 15, 5, 10, 15, 10, 15, 5, 30, 40, 10, 15, 10, 15, 20, 10, 15, 5, 25, 5, 20, 15, 5, 15, 15, 5, 5, 15, 10, 15, 10, 15, 20, 25, 15, 15, 10, 15, 15, 5, 10, 35, 20, 5, 10, 5, 5, 25, 5, 25, 10, 15, 15, 5, 5, 10, 5, 10, 15, 5, 10, 20, 25, 20, 15, 15, 15, 10, 10, 15, 20, 10, 10, 5, 5, 10, 10, 15, 5, 10, 5, 10, 5, 5, 15, 20, 10, 35, 10, 10, 15, 15, 15, 10, 20, 5, 10, 5, 5, 15, 20, 20, 5, 10, 15, 20, 15, 25, 5, 10, 15, 10, 25, 16, 10, 20, 27, 5, 10, 15, 20, 5, 15, 10, 15, 25, 10, 20, 10, 10, 21, 15, 10, 5, 15, 20, 5, 5, 15, 15, 5, 5, 10, 15, 10, 15, 10, 5, 30, 10, 5, 20, 25, 10, 10, 15, 30, 10, 5, 25, 20, 5, 5, 10, 10, 10, 25, 25, 35, 30, 7, 10, 15, 15, 15, 5, 15, 15, 15, 15, 5, 20, 10, 25, 20, 5, 20, 25, 10, 15, 10, 25, 20, 5, 15, 5, 12, 10, 20, 5, 5, 25, 10, 25, 5, 5, 10, 20, 20, 30, 15, 10, 30, 15, 15, 15, 25, 12, 10, 20, 10, 5, 10, 5, 20, 15, 10, 15, 11, 10, 25, 10, 10, 20, 5, 10, 10, 30, 10, 15, 30, 20, 15, 20, 20, 15, 15, 10, 15, 10, 20, 20, 10, 10, 20, 10, 10, 10, 10, 5, 10, 5, 10, 20, 10, 5, 20, 12, 5, 10, 10, 5, 5, 10, 15, 10, 7, 10, 5, 15, 5, 20, 15, 10, 10, 15, 15, 25, 20, 15, 10, 5, 30, 10, 40, 25, 15, 15, 10, 30, 5, 10, 12, 10, 35, 15, 20, 25, 5, 10, 15, 5, 20, 5, 20, 15, 20, 30, 15, 15, 20, 25, 40, 25, 20, 15, 15, 5, 10, 15, 30, 25, 15, 15, 15, 25, 15, 15, 15, 20, 25, 20, 25, 10, 20, 30, 20, 10, 10, 15, 20, 25, 15, 15, 10, 15, 20, 10, 10, 15, 20, 21, 10, 10, 10, 20, 20, 20, 27, 15, 5, 20, 10, 20, 15, 5, 20, 5, 20, 20, 20, 15, 25, 20, 10, 25, 10, 20, 15, 10, 10, 20, 15, 10, 10, 10, 15, 15, 20, 30, 10, 10, 10, 25, 5, 15, 25, 15, 15, 5, 20, 15, 10, 10, 30, 30, 20, 10, 5, 15, 25, 25, 15, 20, 20, 15, 15, 15, 10, 20, 15, 10, 5, 10, 10, 20, 20, 10, 15, 15, 10, 15, 25, 20, 25, 10, 10, 35, 25, 5, 20, 10, 15, 15, 10, 25, 15, 25, 10, 10, 25, 25, 15, 15, 10, 5, 30, 20, 15, 15, 10, 20, 10, 20, 20, 20, 10, 20, 15, 15, 15, 35, 15, 10, 5, 5, 20, 5, 10, 25, 10, 20, 25, 5, 30, 15, 15, 20, 10, 10, 15, 20, 20, 30, 10, 35, 10, 15, 10, 15, 10, 10, 15, 5, 15, 15, 15, 5, 25, 10, 25, 15, 10, 40, 15, 30, 5, 15, 20, 15, 10, 15, 25, 10, 20, 20, 5, 20, 40, 20, 20, 25, 10, 5, 20, 10, 20, 15, 15, 21, 10, 20, 5, 24, 5, 30, 30, 20, 15, 5, 20, 20, 25, 20, 15, 25, 38, 30, 27, 20, 10, 10, 10, 25, 35, 
1030429, 1
1030429, 2647
1030429, 5437
1030429, 6114
1030429, 1708
1030429, 39234
1030430, 1
1030430, 
1030430, 9
1030430, 4460
1030430, 7268
1030430, 27690
1030430, 4603
1030430, 39256
1030431, 1
1030431, 
1030431, 10
1030431, 6126
1030431, 8959
1030431, 14517
1030431, 4224
1030431, 39266
1044699, 27
1044699, 5, 5, 5, 5, 5, 10, 5, 5, 5, 5, 15, 5, 5, 5, 10, 5, 5, 5, 5, 5, 5, 5, 5, 5, 10, 10, 5, 10, 5, 5, 5, 5, 5, 5, 5, 5, 5, 5, 5, 5, 5, 5, 10, 10, 5, 5, 5, 4, 5, 10, 10, 10, 5, 5, 5, 5, 5, 5, 15, 10, 15, 10, 5, 5, 5, 5, 5, 10, 10, 5, 5, 10, 5, 5, 5, 10, 5, 5, 10, 10, 5, 10, 15, 15, 10, 20, 5, 5, 10, 10, 5, 10, 15, 15, 5, 15, 10, 10, 10, 10, 5, 5, 10, 10, 5, 10, 10, 10, 15, 10, 5, 5, 10, 15, 10, 15, 10, 10, 20, 10, 5, 5, 15, 10, 5, 15, 20, 10, 10, 15, 15, 5, 10, 10, 5, 5, 5, 15, 15, 20, 5, 10, 15, 15, 5, 10, 10, 10, 5, 5, 15, 5, 10, 5, 10, 5, 15, 10, 10, 21, 10, 10, 15, 15, 10, 5, 15, 5, 5, 15, 15, 10, 15, 15, 10, 10, 10, 10, 5, 10, 10, 15, 15, 25, 10, 5, 20, 5, 25, 10, 10, 5, 5, 10, 5, 15, 10, 15, 15, 5, 10, 5, 15, 10, 5, 10, 5, 5, 15, 15, 10, 15, 10, 10, 10, 5, 5, 5, 10, 5, 10, 5, 5, 5, 15, 5, 10, 10, 5, 15, 5, 15, 10, 5, 10, 5, 10, 10, 15, 10, 15, 15, 16, 20, 15, 10, 20, 5, 10, 5, 5, 10, 15, 5, 10, 15, 10, 10, 10, 5, 15, 15, 10, 5, 20, 10, 10, 5, 25, 5, 20, 5, 5, 5, 15, 10, 25, 5, 5, 5, 20, 15, 10, 10, 15, 5, 10, 10, 15, 5, 5, 15, 15, 10, 5, 10, 10, 5, 20, 10, 15, 5, 5, 10, 15, 10, 10, 10, 20, 15, 20, 10, 20, 15, 15, 15, 20, 10, 10, 5, 15, 20, 10, 15, 5, 15, 5, 10, 10, 20, 10, 20, 30, 15, 5, 15, 10, 5, 10, 5, 20, 10, 5, 10, 15, 10, 25, 11, 5, 10, 10, 10, 15, 15, 5, 30, 10, 10, 20, 15, 20, 10, 20, 10, 15, 10, 10, 10, 20, 5, 5, 10, 10, 20, 10, 10, 15, 10, 15, 10, 20, 10, 10, 10, 20, 5, 25, 20, 10, 5, 15, 30, 10, 10, 15, 20, 20, 5, 20, 20, 20, 10, 10, 15, 10, 15, 15, 20, 10, 10, 10, 15, 5, 5, 10, 25, 10, 10, 10, 15, 10, 10, 10, 10, 10, 20, 25, 5, 10, 5, 10, 5, 20, 15, 10, 20, 5, 15, 5, 10, 10, 10, 10, 15, 20, 15, 15, 5, 10, 15, 25, 17, 10, 30, 25, 10, 10, 35, 15, 15, 20, 10, 10, 15, 15, 10, 15, 5, 20, 15, 5, 10, 20, 10, 10, 20, 15, 20, 10, 5, 10, 15, 15, 25, 15, 15, 10, 15, 10, 5, 15, 5, 6, 10, 15, 20, 10, 15, 15, 15, 10, 10, 15, 15, 20, 15, 15, 10, 20, 20, 5, 10, 10, 15, 20, 10, 15, 10, 20, 5, 10, 5, 5, 10, 10, 15, 10, 10, 5, 10, 10, 5, 25, 15, 15, 15, 30, 20, 15, 10, 5, 25, 10, 5, 5, 15, 20, 5, 20, 25, 5, 10, 20, 10, 10, 10, 15, 5, 10, 20, 10, 25, 20, 10, 10, 20, 15, 25, 30, 20, 15, 10, 20, 15, 15, 35, 10, 10, 20, 25, 20, 20, 5, 10, 30, 20, 15, 5, 10, 10, 5, 15, 15, 10, 25, 20, 5, 5, 15, 15, 35, 45, 15, 30, 15, 10, 12, 10, 10, 10, 10, 15, 25, 5, 5, 15, 10, 10, 30, 15, 20, 10, 25, 10, 10, 15, 15, 15, 25, 15, 15, 25, 20, 30, 20, 15, 20, 10, 15, 20, 20, 10, 15, 15, 10, 15, 10, 10, 15, 35, 10, 5, 25, 30, 20, 5, 20, 30, 30, 15, 15, 5, 20, 10, 27, 10, 10, 20, 20, 10, 10, 10, 10, 20, 5, 25, 10, 10, 15, 5, 25, 20, 15, 15, 20, 25, 10, 5, 20, 50, 10, 15, 10, 15, 15, 15, 15, 5, 20, 30, 10, 20, 15, 10, 10, 20, 20, 10, 15, 10, 15, 10, 10, 10, 10, 20, 10, 20, 13, 25, 20, 20, 20, 15, 15, 15, 15, 20, 15, 15, 10, 15, 5, 10, 15, 40, 10, 20, 5, 10, 10, 25, 15, 20, 10, 25, 20, 15, 15, 20, 15, 5, 5, 20, 10, 10, 10, 25, 35, 10, 25, 15, 15, 25, 5, 10, 15, 15, 15, 5, 25, 15, 25, 30, 20, 10, 20, 10, 10, 20, 15, 15, 15, 15, 10, 10, 25, 15, 20, 15, 10, 15, 10, 10, 10, 35, 15, 21, 10, 20, 25, 35, 10, 15, 15, 15, 20, 15, 5, 10, 11, 31, 20, 10, 5, 16, 5, 10, 25, 20, 20, 15, 25, 5, 25, 30, 35, 25, 15, 15, 15, 25, 20, 35, 15, 25, 31, 15, 15, 25, 20, 15, 25, 10, 30, 30, 15, 20, 25, 20, 5, 20, 10, 25, 10, 15, 20, 15, 20, 20, 25, 20, 5, 15, 20, 15, 25, 10, 20, 20, 20, 20, 25, 20, 10, 25, 20, 10, 5, 10, 15, 5, 5, 10, 15, 15, 35, 10, 20, 15, 25, 5, 20, 5, 20, 10, 10, 5, 5, 15, 25, 10, 30, 5, 10, 10, 15, 20, 25, 15, 15, 15, 30, 10, 15, 15, 25, 15, 10, 14, 30, 15, 25, 20, 30, 20, 5, 15, 20, 15, 10, 25, 25, 5, 20, 10, 30, 15, 5, 15, 25, 10, 10, 20, 20, 20, 15, 10, 20, 15, 15, 15, 30, 10, 20, 20, 20, 30, 30, 25, 25, 15, 15, 15, 30, 15, 5, 35, 5, 10, 10, 25, 10, 11, 10, 20, 25, 25, 10, 15, 40, 15, 15, 15, 20, 30, 25, 10, 10, 10, 10, 15, 10, 15, 20, 46, 10, 10, 20, 15, 15, 15, 15, 5, 25, 15, 5, 30, 10, 20, 20, 10, 40, 10, 30, 15, 25, 10, 10, 20, 20, 15, 10, 5, 15, 20, 5, 15, 15, 20, 20, 20, 20, 15, 5, 25, 30, 15, 20, 15, 10, 15, 13, 
1044699, 2
1044699, 2158
1044699, 4333
1044699, 11176
1044699, 4030
1044699, 39315
1055531, 21
1055531, 5, 5, 5, 5, 5, 5, 5, 5, 5, 5, 5, 10, 5, 5, 5, 5, 5, 5, 5, 5, 5, 5, 5, 5, 5, 5, 10, 5, 10, 10, 5, 5, 10, 5, 5, 5, 5, 5, 5, 5, 10, 5, 5, 5, 5, 5, 5, 5, 5, 5, 5, 5, 5, 5, 10, 5, 5, 10, 5, 5, 15, 5, 5, 5, 5, 10, 5, 5, 5, 5, 5, 5, 5, 5, 5, 5, 5, 5, 10, 5, 5, 5, 10, 5, 5, 5, 5, 10, 5, 10, 5, 5, 5, 5, 5, 5, 5, 5, 5, 10, 10, 5, 5, 5, 5, 10, 5, 5, 5, 15, 5, 25, 5, 10, 5, 5, 5, 5, 12, 15, 5, 15, 5, 10, 5, 10, 10, 10, 5, 15, 15, 10, 10, 5, 10, 15, 10, 5, 5, 5, 5, 20, 1, 15, 5, 5, 5, 5, 15, 5, 10, 10, 5, 5, 5, 15, 5, 5, 10, 15, 10, 15, 5, 5, 10, 15, 5, 15, 10, 5, 10, 5, 5, 5, 5, 5, 10, 10, 10, 10, 5, 10, 10, 10, 5, 5, 10, 5, 10, 10, 5, 15, 5, 5, 15, 15, 5, 5, 10, 5, 5, 5, 5, 10, 10, 10, 5, 20, 5, 10, 10, 5, 15, 5, 10, 10, 10, 10, 10, 10, 10, 15, 10, 15, 10, 5, 10, 5, 10, 10, 10, 10, 10, 10, 5, 5, 5, 10, 5, 5, 10, 15, 10, 10, 20, 5, 14, 5, 5, 10, 5, 10, 20, 5, 20, 5, 10, 10, 5, 15, 15, 5, 5, 10, 5, 4, 10, 5, 5, 20, 5, 10, 5, 15, 10, 5, 20, 10, 10, 10, 5, 10, 5, 5, 5, 10, 20, 5, 10, 10, 10, 5, 5, 10, 15, 15, 15, 10, 20, 15, 10, 20, 10, 5, 15, 10, 25, 10, 5, 5, 5, 7, 5, 10, 20, 5, 10, 20, 5, 15, 15, 10, 15, 10, 5, 10, 10, 5, 15, 10, 15, 5, 10, 10, 20, 5, 10, 10, 10, 5, 5, 10, 30, 15, 15, 10, 10, 5, 5, 10, 10, 15, 15, 10, 25, 15, 10, 5, 10, 15, 7, 10, 5, 10, 20, 10, 5, 5, 10, 15, 5, 10, 15, 10, 20, 5, 10, 15, 5, 5, 10, 10, 10, 5, 15, 10, 10, 10, 15, 5, 25, 10, 5, 10, 15, 10, 10, 20, 5, 5, 10, 5, 5, 25, 30, 15, 15, 15, 10, 10, 15, 5, 15, 10, 10, 15, 25, 15, 5, 20, 15, 20, 20, 20, 10, 10, 5, 10, 5, 10, 5, 15, 5, 5, 25, 10, 10, 10, 10, 10, 25, 5, 15, 5, 5, 10, 10, 5, 15, 10, 5, 15, 5, 15, 5, 10, 5, 10, 20, 15, 10, 10, 20, 1, 5, 20, 5, 20, 15, 10, 5, 5, 10, 5, 15, 5, 25, 20, 5, 10, 5, 10, 20, 10, 5, 10, 15, 20, 20, 5, 10, 5, 15, 15, 20, 10, 5, 25, 10, 5, 10, 15, 15, 5, 20, 5, 20, 5, 15, 15, 5, 15, 5, 20, 30, 10, 10, 15, 10, 10, 5, 15, 10, 15, 15, 5, 5, 15, 10, 5, 20, 15, 10, 20, 5, 20, 10, 5, 10, 5, 25, 15, 10, 5, 5, 10, 5, 10, 15, 15, 15, 10, 5, 15, 15, 10, 15, 10, 10, 10, 15, 20, 8, 15, 10, 35, 20, 15, 10, 8, 15, 10, 10, 10, 10, 25, 7, 10, 15, 5, 20, 5, 15, 5, 5, 11, 20, 10, 15, 25, 15, 30, 5, 5, 10, 10, 5, 25, 25, 10, 5, 15, 30, 25, 10, 20, 5, 10, 10, 20, 10, 15, 5, 20, 20, 10, 10, 15, 15, 5, 5, 30, 10, 30, 5, 10, 15, 5, 10, 5, 10, 5, 15, 10, 15, 5, 10, 10, 10, 20, 15, 5, 5, 12, 10, 5, 10, 20, 15, 20, 20, 15, 5, 10, 15, 10, 5, 10, 25, 20, 15, 5, 10, 15, 5, 15, 5, 10, 25, 10, 10, 10, 15, 20, 15, 15, 20, 5, 35, 35, 15, 10, 10, 5, 35, 15, 10, 5, 25, 15, 5, 25, 10, 5, 10, 5, 5, 15, 15, 10, 15, 5, 15, 5, 10, 15, 10, 25, 20, 10, 10, 25, 15, 30, 10, 10, 20, 20, 10, 10, 15, 10, 20, 5, 15, 5, 20, 5, 5, 5, 10, 10, 15, 5, 10, 15, 5, 10, 15, 10, 5, 5, 10, 15, 20, 5, 5, 15, 10, 10, 5, 20, 10, 10, 15, 10, 5, 15, 5, 10, 10, 20, 15, 25, 25, 10, 10, 25, 10, 5, 30, 10, 10, 25, 5, 5, 15, 15, 10, 10, 15, 5, 5, 30, 25, 20, 15, 10, 20, 10, 6, 5, 15, 15, 20, 10, 5, 20, 5, 10, 20, 20, 15, 10, 5, 15, 25, 30, 15, 16, 10, 5, 25, 5, 10, 15, 20, 10, 30, 15, 5, 10, 10, 10, 10, 15, 25, 10, 15, 15, 10, 10, 10, 10, 15, 21, 10, 25, 10, 30, 15, 20, 15, 25, 10, 5, 6, 15, 10, 15, 15, 10, 5, 20, 20, 15, 20, 15, 15, 25, 20, 10, 10, 15, 15, 5, 10, 15, 20, 15, 15, 5, 15, 35, 20, 5, 20, 20, 15, 10, 10, 15, 5, 5, 10, 5, 10, 15, 10, 25, 15, 15, 10, 15, 15, 10, 15, 15, 5, 5, 10, 15, 10, 15, 25, 10, 15, 5, 10, 10, 10, 20, 10, 10, 15, 10, 20, 25, 5, 10, 30, 20, 5, 15, 27, 10, 10, 15, 15, 5, 5, 10, 10, 20, 20, 5, 20, 20, 10, 10, 15, 20, 30, 9, 25, 10, 20, 15, 35, 20, 10, 20, 15, 15, 10, 15, 25, 15, 10, 25, 10, 39, 
1055531, 1
1055531, 1934
1055531, 3631
1055531, 22903
1055531, 4356
1055531, 39237
1055532, 1
1055532, 
1055532, 1
1055532, 3598
1055532, 5296
1055532, 16466
1055532, 3834
1055532, 39234
1056238, 4
1056238, 5, 5, 5, 5, 5, 5, 5, 5, 5, 5, 5, 5, 5, 5, 5, 5, 5, 5, 5, 5, 5, 5, 5, 5, 5, 5, 5, 5, 5, 5, 10, 5, 5, 5, 10, 5, 5, 5, 5, 5, 5, 10, 5, 5, 5, 5, 5, 5, 5, 5, 5, 10, 10, 5, 5, 5, 5, 5, 5, 15, 5, 5, 5, 5, 5, 5, 5, 5, 5, 5, 5, 5, 5, 5, 5, 5, 5, 5, 5, 5, 5, 5, 5, 5, 5, 5, 5, 5, 5, 5, 15, 5, 5, 5, 5, 5, 5, 10, 5, 5, 5, 5, 5, 5, 5, 5, 5, 5, 5, 5, 5, 5, 10, 5, 10, 5, 5, 5, 5, 5, 5, 5, 5, 5, 10, 5, 5, 2, 
1056238, 1
1056238, 2391
1056238, 4052
1056238, 19302
1056238, 3008
1056238, 39207
1056239, 1
1056239, 
1056239, 2
1056239, 4050
1056239, 5716
1056239, 4205
1056239, 893
1056239, 39236
1056240, 1
1056240, 
1056240, 3
1056240, 5703
1056240, 7366
1056240, 8476
1056240, 2167
1056240, 39305
1059536, 1
1059536, 5, 5, 5, 5, 5, 5, 5, 5, 5, 5, 5, 5, 5, 5, 5, 5, 5, 5, 5, 5, 5, 5, 5, 5, 5, 5, 5, 5, 5, 10, 5, 5, 5, 5, 5, 5, 5, 5, 5, 5, 5, 5, 5, 5, 5, 5, 5, 5, 5, 10, 5, 5, 5, 5, 10, 5, 5, 5, 5, 5, 5, 5, 5, 5, 10, 10, 10, 5, 5, 5, 5, 5, 10, 5, 5, 5, 5, 10, 5, 5, 5, 5, 5, 5, 5, 5, 5, 5, 5, 10, 10, 5, 5, 5, 5, 10, 5, 2, 5, 10, 5, 5, 5, 5, 5, 5, 5, 5, 10, 5, 5, 5, 5, 10, 10, 5, 5, 5, 5, 15, 5, 5, 5, 5, 5, 5, 5, 5, 5, 5, 5, 5, 5, 5, 5, 5, 5, 5, 10, 5, 5, 5, 5, 5, 5, 5, 5, 5, 5, 5, 5, 5, 5, 5, 5, 15, 10, 5, 5, 10, 5, 5, 5, 5, 10, 10, 5, 5, 5, 5, 5, 5, 5, 5, 5, 10, 5, 1, 10, 5, 5, 5, 5, 10, 5, 5, 5, 5, 10, 5, 15, 5, 5, 5, 5, 5, 10, 5, 5, 5, 5, 10, 5, 10, 5, 10, 10, 10, 5, 5, 5, 15, 5, 10, 5, 10, 10, 5, 5, 10, 5, 5, 5, 10, 5, 10, 5, 5, 5, 5, 5, 5, 5, 10, 5, 5, 10, 10, 10, 10, 5, 5, 5, 5, 5, 10, 5, 5, 10, 10, 5, 10, 5, 5, 5, 5, 5, 5, 5, 5, 10, 5, 5, 5, 20, 5, 5, 5, 5, 10, 5, 5, 10, 5, 5, 10, 5, 5, 15, 5, 5, 5, 5, 5, 5, 5, 10, 5, 5, 5, 5, 10, 5, 10, 10, 5, 5, 5, 5, 5, 5, 15, 15, 15, 10, 10, 10, 5, 5, 5, 5, 5, 5, 10, 10, 5, 5, 5, 5, 15, 5, 5, 10, 15, 5, 10, 5, 5, 5, 5, 10, 10, 10, 10, 5, 5, 5, 10, 5, 10, 5, 5, 5, 10, 5, 10, 15, 10, 5, 5, 5, 10, 10, 5, 15, 5, 10, 5, 5, 10, 10, 5, 10, 5, 5, 5, 10, 10, 5, 5, 20, 10, 5, 10, 5, 5, 10, 5, 15, 5, 10, 15, 10, 10, 10, 5, 15, 5, 5, 10, 5, 5, 5, 5, 5, 10, 5, 15, 5, 5, 20, 5, 20, 15, 5, 10, 10, 5, 5, 10, 10, 10, 20, 20, 10, 5, 20, 10, 5, 15, 5, 5, 5, 5, 5, 5, 5, 10, 15, 15, 10, 5, 5, 5, 10, 10, 10, 10, 5, 10, 5, 5, 10, 10, 5, 15, 10, 10, 5, 5, 5, 5, 5, 20, 5, 15, 10, 5, 5, 5, 5, 15, 15, 5, 10, 5, 10, 5, 10, 5, 10, 10, 10, 5, 5, 10, 2, 
1059536, 1
1059536, 5818
1059536, 7472
1059536, 9538
1059536, 3488
1059536, 39302
1059537, 1
1059537, 
1059537, 2
1059537, 7465
1059537, 9116
1059537, 10722
1059537, 2634
1059537, 39261
1062154, 5
1062154, 5, 5, 5, 5, 5, 5, 5, 5, 5, 5, 5, 5, 5, 5, 5, 5, 5, 5, 5, 5, 5, 5, 5, 5, 5, 5, 5, 5, 5, 5, 5, 5, 5, 5, 5, 5, 5, 5, 5, 5, 5, 5, 5, 5, 5, 5, 5, 5, 5, 5, 5, 5, 5, 5, 5, 5, 5, 5, 5, 10, 5, 5, 5, 5, 5, 5, 5, 5, 5, 10, 5, 5, 5, 5, 5, 5, 5, 5, 5, 5, 5, 5, 5, 5, 10, 5, 5, 5, 5, 5, 5, 5, 5, 5, 5, 5, 5, 10, 5, 5, 5, 5, 5, 5, 5, 5, 10, 5, 10, 5, 5, 5, 5, 5, 5, 5, 5, 5, 5, 5, 5, 5, 5, 5, 5, 5, 5, 10, 5, 5, 5, 10, 5, 5, 5, 5, 5, 5, 10, 5, 5, 10, 5, 5, 5, 5, 5, 10, 5, 5, 5, 5, 5, 5, 5, 5, 5, 5, 5, 5, 5, 5, 5, 5, 5, 5, 5, 5, 5, 10, 5, 5, 10, 5, 5, 5, 5, 5, 5, 10, 5, 5, 5, 5, 10, 5, 5, 5, 5, 10, 5, 5, 5, 5, 5, 5, 5, 5, 10, 5, 5, 5, 10, 5, 5, 5, 5, 5, 15, 10, 5, 5, 5, 5, 5, 10, 10, 5, 5, 5, 5, 5, 5, 5, 5, 5, 5, 5, 1, 5, 5, 5, 5, 10, 5, 15, 5, 5, 5, 5, 10, 5, 5, 5, 5, 10, 10, 5, 5, 5, 10, 5, 4, 5, 5, 5, 5, 5, 5, 10, 5, 5, 5, 1, 10, 5, 5, 5, 5, 5, 5, 5, 5, 5, 5, 5, 5, 5, 5, 4, 10, 10, 5, 5, 15, 5, 10, 5, 5, 5, 5, 5, 5, 10, 10, 10, 5, 5, 5, 1, 5, 5, 10, 5, 5, 10, 15, 5, 5, 10, 5, 5, 5, 10, 5, 5, 5, 10, 5, 5, 5, 10, 5, 10, 10, 10, 5, 5, 10, 10, 5, 5, 5, 5, 15, 5, 10, 5, 5, 10, 5, 5, 5, 5, 5, 11, 5, 5, 10, 10, 2, 5, 15, 5, 15, 5, 1, 10, 5, 5, 5, 10, 1, 5, 5, 5, 5, 5, 5, 10, 10, 5, 5, 10, 5, 10, 5, 10, 5, 15, 5, 5, 1, 10, 5, 10, 5, 15, 5, 5, 10, 5, 5, 10, 5, 5, 15, 5, 5, 5, 10, 15, 5, 15, 5, 10, 5, 5, 5, 15, 5, 5, 5, 5, 5, 5, 1, 5, 15, 15, 5, 5, 5, 15, 5, 5, 15, 5, 5, 14, 
1062154, 2
1062154, 3472
1062154, 5856
1062154, 42293
1062154, 9050
1062154, 39183
1062341, 1
1062341, 5, 5, 5, 5, 5, 5, 5, 5, 5, 5, 5, 5, 5, 5, 5, 5, 5, 5, 5, 5, 5, 5, 5, 5, 5, 5, 5, 5, 5, 5, 5, 5, 5, 5, 5, 5, 5, 1, 
1062341, 1
1062341, 5093
1062341, 7469
1062341, 11290
1062341, 1576
1062341, 39233
1062342, 1
1062342, 
1062342, 1
1062342, 6733
1062342, 9107
1062342, 24481
1062342, 4191
1062342, 39242
1064101, 1
1064101, 5, 5, 5, 5, 5, 5, 5, 5, 5, 5, 5, 5, 5, 5, 5, 5, 5, 5, 5, 5, 5, 5, 5, 5, 5, 5, 5, 5, 5, 5, 5, 5, 10, 5, 5, 5, 5, 5, 5, 5, 5, 5, 10, 10, 10, 5, 5, 5, 5, 10, 5, 5, 5, 5, 5, 5, 5, 5, 5, 5, 5, 5, 5, 8, 5, 5, 5, 10, 5, 5, 5, 1, 5, 5, 5, 5, 5, 5, 5, 5, 5, 5, 5, 5, 5, 5, 5, 10, 5, 10, 5, 5, 5, 5, 5, 5, 10, 5, 5, 5, 10, 5, 5, 5, 5, 5, 5, 5, 5, 5, 10, 5, 10, 5, 5, 5, 5, 5, 10, 5, 5, 5, 10, 10, 5, 5, 10, 5, 5, 10, 5, 5, 5, 10, 5, 5, 5, 5, 10, 10, 10, 5, 5, 5, 5, 5, 3, 5, 5, 5, 5, 5, 5, 5, 5, 5, 5, 5, 5, 5, 5, 5, 10, 5, 5, 5, 5, 10, 5, 10, 5, 10, 10, 5, 5, 5, 5, 5, 10, 5, 5, 5, 5, 5, 5, 10, 5, 5, 5, 10, 5, 5, 5, 5, 5, 5, 5, 5, 5, 5, 5, 5, 5, 15, 5, 5, 5, 5, 5, 5, 5, 5, 5, 5, 10, 5, 5, 5, 5, 5, 5, 10, 5, 10, 10, 15, 5, 10, 5, 15, 10, 5, 5, 5, 15, 5, 1, 10, 10, 5, 5, 5, 5, 5, 5, 5, 5, 5, 5, 5, 5, 5, 5, 5, 5, 10, 10, 10, 5, 5, 5, 15, 10, 5, 10, 10, 5, 5, 10, 5, 5, 5, 10, 5, 5, 5, 5, 5, 5, 5, 5, 5, 7, 10, 5, 5, 5, 5, 5, 5, 5, 5, 5, 5, 10, 3, 
1064101, 3
1064101, 7906
1064101, 9853
1064101, 9720
1064101, 3227
1064101, 39225
1064102, 1
1064102, 
1064102, 10
1064102, 9626
1064102, 11638
1064102, 42560
1064102, 7523
1064102, 39215
1064103, 1
1064103, 
1064103, 10
1064103, 11256
1064103, 13258
1064103, 35178
1064103, 7852
1064103, 39215
1064104, 1
1064104, 
1064104, 2
1064104, 12797
1064104, 14796
1064104, 27353
1064104, 6574
1064104, 39297
1066370, 4
1066370, 5, 5, 5, 5, 5, 5, 5, 5, 5, 5, 5, 5, 5, 5, 5, 5, 5, 5, 5, 5, 5, 5, 5, 5, 5, 5, 5, 5, 5, 5, 5, 5, 5, 5, 5, 5, 10, 5, 5, 5, 5, 5, 5, 5, 5, 5, 5, 5, 5, 5, 5, 5, 5, 5, 5, 5, 5, 5, 5, 5, 5, 5, 5, 5, 5, 5, 5, 5, 5, 5, 5, 5, 5, 5, 5, 5, 5, 5, 10, 5, 5, 5, 5, 5, 5, 5, 5, 5, 5, 5, 5, 5, 5, 5, 5, 5, 5, 5, 5, 10, 5, 5, 5, 5, 5, 5, 5, 5, 5, 5, 5, 5, 6, 5, 5, 10, 5, 10, 5, 5, 5, 5, 5, 5, 5, 5, 10, 5, 5, 5, 10, 5, 10, 5, 5, 5, 5, 5, 10, 5, 5, 5, 5, 5, 5, 10, 5, 5, 15, 5, 5, 5, 5, 5, 10, 5, 10, 15, 5, 5, 5, 15, 5, 5, 5, 10, 5, 5, 5, 5, 5, 5, 10, 10, 5, 10, 5, 5, 10, 5, 5, 10, 5, 15, 10, 5, 10, 10, 5, 5, 5, 5, 5, 5, 5, 5, 5, 5, 5, 5, 10, 5, 5, 5, 15, 5, 5, 5, 5, 5, 5, 10, 5, 5, 5, 10, 10, 10, 5, 5, 5, 5, 10, 5, 10, 5, 5, 5, 5, 5, 5, 5, 5, 5, 5, 5, 5, 10, 5, 10, 5, 10, 20, 5, 5, 10, 5, 5, 5, 10, 15, 5, 5, 5, 5, 5, 5, 1, 5, 10, 5, 5, 15, 5, 5, 10, 10, 5, 5, 5, 5, 10, 5, 10, 5, 10, 5, 15, 5, 10, 5, 10, 5, 5, 10, 10, 5, 5, 5, 5, 5, 5, 5, 10, 5, 10, 10, 10, 10, 10, 5, 10, 5, 10, 5, 10, 5, 5, 10, 5, 5, 10, 10, 5, 5, 5, 10, 5, 5, 5, 5, 5, 5, 15, 10, 5, 10, 5, 10, 10, 15, 5, 10, 5, 10, 5, 10, 5, 5, 10, 5, 5, 5, 15, 10, 5, 5, 5, 5, 5, 5, 10, 10, 10, 10, 5, 10, 5, 
1066370, 2
1066370, 8971
1066370, 11674
1066370, 11634
1066370, 2327
1066370, 39255
1066371, 1
1066371, 
1066371, 1
1066371, 10566
1066371, 13266
1066371, 1753
1066371, 336
1066371, 39265
1068066, 5
1068066, 5, 5, 5, 5, 5, 5, 5, 5, 5, 5, 5, 5, 5, 5, 5, 5, 5, 5, 5, 5, 5, 5, 5, 5, 5, 5, 5, 5, 5, 5, 5, 5, 5, 5, 5, 5, 5, 5, 5, 5, 5, 5, 5, 5, 5, 5, 5, 5, 5, 5, 5, 5, 5, 5, 5, 5, 5, 10, 5, 5, 5, 5, 5, 5, 15, 5, 5, 5, 5, 5, 5, 5, 5, 5, 5, 5, 5, 5, 5, 5, 10, 5, 10, 5, 5, 5, 5, 5, 5, 5, 10, 5, 5, 5, 5, 5, 5, 5, 5, 5, 10, 5, 5, 5, 5, 5, 5, 5, 5, 5, 5, 5, 5, 10, 5, 5, 5, 5, 5, 5, 5, 5, 10, 5, 15, 5, 5, 5, 5, 10, 5, 5, 5, 5, 5, 5, 5, 5, 5, 5, 5, 5, 10, 5, 5, 5, 5, 10, 5, 5, 5, 5, 5, 10, 5, 5, 5, 5, 5, 5, 5, 5, 10, 5, 1, 5, 10, 10, 5, 5, 5, 5, 5, 5, 5, 5, 5, 5, 5, 5, 5, 5, 5, 5, 5, 5, 5, 5, 5, 5, 5, 5, 5, 5, 5, 5, 10, 5, 5, 5, 10, 5, 5, 5, 10, 5, 5, 5, 5, 10, 5, 5, 5, 10, 5, 5, 5, 5, 5, 10, 5, 5, 5, 5, 10, 5, 10, 5, 5, 10, 5, 5, 5, 5, 10, 10, 10, 5, 5, 5, 5, 5, 5, 5, 5, 5, 5, 5, 5, 5, 5, 10, 5, 5, 5, 5, 10, 10, 5, 5, 5, 5, 5, 5, 5, 10, 5, 5, 5, 13, 5, 5, 5, 5, 5, 5, 5, 5, 6, 5, 5, 5, 5, 5, 5, 5, 5, 10, 10, 5, 10, 10, 10, 5, 5, 5, 5, 5, 
1068066, 1
1068066, 8506
1068066, 11384
1068066, 7214
1068066, 1478
1068066, 39196
1069244, 2
1069244, 5, 5, 5, 5, 5, 5, 5, 5, 5, 5, 5, 5, 5, 5, 5, 5, 5, 5, 5, 5, 5, 5, 5, 5, 5, 5, 5, 5, 5, 5, 5, 5, 5, 5, 2, 5, 5, 5, 5, 5, 5, 5, 5, 10, 5, 5, 10, 5, 5, 5, 5, 5, 5, 10, 5, 5, 5, 5, 5, 5, 5, 5, 5, 5, 5, 5, 5, 5, 5, 5, 5, 10, 5, 5, 5, 5, 5, 5, 5, 5, 5, 5, 5, 5, 5, 5, 10, 5, 5, 5, 5, 5, 5, 5, 5, 10, 5, 5, 5, 5, 5, 5, 5, 10, 5, 5, 5, 5, 5, 5, 5, 5, 5, 5, 5, 5, 5, 5, 10, 5, 5, 5, 10, 5, 5, 5, 5, 5, 5, 5, 5, 5, 5, 5, 5, 5, 5, 5, 5, 5, 5, 5, 5, 5, 5, 5, 5, 5, 5, 5, 5, 5, 10, 10, 5, 5, 5, 5, 5, 5, 5, 5, 5, 5, 5, 10, 10, 5, 5, 5, 10, 5, 5, 5, 5, 5, 5, 5, 5, 5, 5, 10, 5, 10, 5, 5, 5, 5, 5, 5, 10, 5, 5, 5, 5, 5, 10, 5, 5, 5, 5, 5, 5, 5, 10, 5, 5, 5, 5, 5, 5, 5, 5, 5, 5, 5, 4, 
1069244, 1
1069244, 7303
1069244, 10186
1069244, 13985
1069244, 3157
1069244, 39176
1074829, 5
1074829, 5, 5, 5, 5, 5, 5, 5, 5, 5, 5, 5, 5, 5, 5, 5, 5, 5, 5, 5, 5, 5, 5, 5, 5, 5, 5, 10, 5, 5, 5, 5, 5, 5, 5, 5, 5, 5, 5, 5, 5, 5, 5, 5, 5, 5, 5, 5, 10, 5, 5, 5, 5, 5, 5, 5, 5, 5, 5, 5, 5, 5, 5, 5, 5, 10, 10, 5, 5, 5, 5, 5, 5, 5, 5, 10, 5, 5, 5, 5, 5, 5, 10, 5, 5, 5, 5, 5, 5, 5, 10, 10, 5, 5, 5, 5, 5, 5, 5, 10, 5, 5, 5, 5, 5, 5, 10, 5, 10, 5, 10, 5, 5, 5, 5, 5, 5, 5, 5, 5, 5, 5, 5, 5, 5, 5, 5, 10, 5, 5, 10, 5, 5, 5, 5, 5, 5, 5, 5, 10, 5, 5, 5, 5, 5, 5, 5, 10, 15, 5, 5, 5, 5, 10, 5, 5, 10, 5, 5, 5, 5, 5, 5, 5, 5, 10, 10, 5, 5, 5, 10, 5, 10, 10, 5, 5, 10, 5, 5, 5, 5, 10, 10, 5, 10, 10, 5, 5, 10, 10, 5, 5, 15, 10, 5, 10, 5, 5, 5, 5, 5, 10, 5, 15, 5, 10, 13, 10, 5, 5, 5, 5, 10, 10, 5, 10, 10, 10, 10, 5, 5, 10, 5, 10, 5, 5, 10, 5, 5, 5, 5, 5, 5, 5, 5, 5, 10, 5, 5, 5, 5, 15, 5, 5, 5, 10, 10, 5, 5, 15, 10, 5, 15, 10, 10, 5, 5, 10, 5, 5, 5, 15, 10, 15, 7, 5, 5, 5, 5, 5, 11, 5, 15, 5, 5, 10, 5, 5, 5, 10, 10, 5, 5, 5, 5, 5, 5, 5, 5, 5, 10, 5, 15, 5, 10, 5, 10, 10, 5, 10, 10, 5, 5, 5, 5, 5, 10, 10, 10, 5, 10, 5, 10, 5, 5, 10, 20, 5, 10, 5, 5, 5, 5, 15, 10, 15, 10, 10, 5, 10, 5, 10, 5, 10, 5, 5, 5, 5, 5, 5, 5, 5, 15, 5, 10, 5, 5, 15, 10, 20, 5, 5, 5, 15, 5, 5, 7, 5, 5, 5, 5, 10, 15, 5, 10, 5, 5, 5, 5, 5, 10, 15, 10, 5, 5, 5, 5, 15, 5, 5, 10, 5, 5, 5, 5, 5, 5, 20, 10, 10, 5, 5, 10, 10, 5, 5, 5, 5, 5, 10, 20, 10, 10, 10, 15, 5, 5, 10, 5, 5, 5, 5, 10, 5, 5, 10, 10, 15, 10, 5, 5, 10, 5, 5, 10, 15, 10, 5, 5, 15, 5, 5, 10, 5, 5, 10, 5, 5, 5, 5, 15, 10, 5, 15, 5, 5, 5, 15, 10, 5, 5, 10, 5, 5, 5, 15, 15, 15, 5, 5, 5, 15, 5, 10, 5, 5, 5, 10, 5, 15, 10, 10, 5, 15, 10, 5, 5, 10, 5, 10, 5, 5, 5, 5, 5, 5, 5, 10, 5, 20, 10, 5, 5, 15, 5, 5, 5, 5, 10, 10, 10, 5, 5, 5, 5, 10, 5, 5, 20, 15, 10, 5, 10, 10, 5, 10, 10, 10, 10, 15, 10, 5, 5, 5, 20, 5, 10, 10, 25, 5, 10, 5, 10, 5, 10, 10, 5, 5, 5, 10, 10, 5, 5, 10, 10, 10, 10, 10, 5, 5, 5, 5, 10, 5, 20, 15, 5, 10, 10, 5, 15, 15, 10, 5, 5, 10, 10, 10, 10, 5, 10, 5, 10, 5, 15, 10, 5, 10, 20, 10, 10, 5, 5, 17, 10, 5, 5, 10, 15, 5, 10, 15, 5, 10, 5, 10, 15, 5, 15, 10, 5, 10, 15, 7, 10, 10, 20, 10, 5, 10, 15, 5, 10, 20, 5, 5, 10, 5, 10, 5, 10, 5, 5, 10, 15, 1, 10, 5, 5, 20, 15, 5, 10, 10, 20, 5, 10, 15, 10, 5, 5, 15, 5, 10, 5, 10, 5, 5, 5, 5, 5, 5, 10, 10, 10, 5, 10, 5, 10, 15, 10, 5, 15, 15, 5, 25, 5, 5, 10, 5, 10, 10, 5, 5, 10, 15, 10, 5, 15, 10, 10, 20, 10, 10, 5, 15, 15, 5, 10, 10, 20, 15, 15, 9, 5, 15, 10, 5, 15, 5, 20, 15, 5, 10, 10, 5, 5, 5, 5, 5, 25, 10, 5, 5, 20, 10, 10, 5, 5, 10, 10, 5, 10, 28, 
1074829, 1
1074829, 3771
1074829, 7286
1074829, 8506
1074829, 2075
1074829, 39137
1074908, 1
1074908, 5, 5, 5, 5, 5, 5, 5, 5, 5, 5, 5, 5, 5, 5, 5, 3, 
1074908, 1
1074908, 5390
1074908, 8898
1074908, 50132
1074908, 7208
1074908, 39118
1074909, 1
1074909, 
1074909, 3
1074909, 7008
1074909, 10538
1074909, 9126
1074909, 2481
1074909, 39075
1074910, 1
1074910, 
1074910, 2
1074910, 8779
1074910, 12851
1074910, 15703
1074910, 3363
1074910, 38941
1074911, 1
1074911, 
1074911, 1
1074911, 10367
1074911, 14602
1074911, 18998
1074911, 4815
1074911, 38853
1074912, 1
1074912, 
1074912, 1
1074912, 11959
1074912, 16198
1074912, 94276
1074912, 14088
1074912, 38696
1096931, 16
1096931, 5, 5, 5, 15, 5, 5, 10, 5, 10, 5, 5, 5, 5, 5, 10, 5, 5, 5, 5, 10, 10, 10, 10, 5, 15, 5, 10, 5, 10, 5, 5, 5, 10, 10, 5, 5, 15, 10, 5, 10, 6, 10, 10, 15, 10, 5, 5, 5, 10, 10, 5, 10, 10, 15, 10, 20, 5, 15, 10, 5, 5, 2, 10, 10, 5, 15, 5, 10, 5, 5, 15, 15, 10, 20, 5, 20, 5, 20, 20, 10, 5, 5, 15, 25, 5, 5, 5, 15, 5, 10, 5, 25, 15, 20, 15, 5, 20, 15, 15, 25, 10, 10, 10, 5, 15, 5, 15, 20, 10, 15, 5, 15, 15, 15, 10, 5, 5, 20, 5, 10, 15, 5, 10, 10, 5, 10, 10, 10, 10, 10, 10, 20, 10, 5, 40, 5, 10, 20, 10, 15, 5, 20, 25, 15, 15, 15, 20, 20, 15, 15, 15, 10, 10, 20, 15, 20, 10, 10, 20, 10, 20, 5, 5, 25, 15, 25, 9, 5, 15, 20, 30, 20, 15, 25, 10, 15, 25, 15, 10, 25, 10, 15, 15, 20, 15, 25, 25, 10, 5, 10, 15, 15, 5, 35, 10, 20, 30, 20, 15, 25, 25, 10, 15, 10, 10, 20, 15, 20, 25, 10, 15, 20, 20, 15, 5, 5, 15, 20, 10, 20, 40, 20, 15, 10, 10, 10, 10, 15, 5, 15, 15, 25, 25, 20, 15, 30, 15, 20, 30, 15, 30, 10, 10, 15, 20, 30, 20, 30, 30, 15, 5, 35, 10, 10, 15, 10, 20, 20, 15, 15, 5, 35, 5, 10, 20, 15, 15, 15, 15, 20, 10, 50, 25, 15, 15, 10, 25, 20, 10, 25, 15, 20, 10, 25, 25, 25, 20, 25, 15, 10, 11, 15, 5, 10, 15, 10, 20, 20, 25, 25, 20, 15, 5, 15, 30, 20, 10, 20, 15, 15, 20, 10, 10, 10, 5, 10, 30, 20, 15, 25, 5, 20, 15, 5, 30, 25, 15, 20, 20, 5, 10, 10, 25, 31, 15, 35, 20, 15, 40, 10, 5, 15, 10, 20, 15, 10, 25, 15, 10, 20, 10, 25, 15, 15, 25, 15, 5, 40, 20, 15, 30, 15, 25, 15, 5, 10, 20, 20, 36, 15, 10, 15, 15, 15, 30, 15, 10, 15, 15, 25, 30, 5, 15, 10, 15, 10, 15, 20, 30, 25, 5, 15, 30, 15, 35, 10, 25, 20, 35, 20, 10, 5, 20, 10, 20, 30, 20, 20, 15, 10, 40, 10, 10, 20, 10, 15, 25, 15, 15, 5, 20, 40, 20, 25, 10, 15, 25, 25, 15, 30, 22, 15, 10, 25, 15, 40, 5, 15, 20, 10, 25, 10, 20, 20, 10, 20, 10, 15, 15, 20, 20, 5, 11, 15, 25, 10, 15, 20, 5, 35, 30, 20, 25, 25, 20, 10, 15, 20, 25, 10, 10, 5, 25, 15, 10, 20, 25, 20, 20, 35, 15, 21, 35, 45, 25, 25, 25, 25, 15, 15, 20, 15, 20, 10, 25, 25, 32, 25, 25, 25, 5, 10, 30, 35, 15, 25, 30, 35, 10, 10, 10, 25, 15, 25, 25, 25, 35, 40, 20, 15, 45, 20, 15, 25, 30, 10, 15, 25, 20, 35, 35, 15, 20, 18, 10, 15, 15, 20, 15, 10, 20, 30, 20, 30, 15, 25, 5, 25, 35, 15, 20, 5, 20, 21, 5, 20, 15, 15, 15, 30, 20, 15, 20, 25, 10, 20, 10, 15, 20, 25, 20, 30, 20, 25, 15, 40, 25, 5, 16, 20, 35, 25, 5, 25, 20, 30, 30, 15, 25, 10, 15, 30, 35, 35, 20, 20, 10, 20, 20, 20, 15, 25, 20, 15, 20, 30, 15, 5, 10, 15, 46, 10, 15, 5, 10, 35, 20, 40, 31, 35, 30, 10, 15, 15, 40, 30, 30, 20, 26, 25, 20, 25, 30, 5, 25, 20, 15, 20, 10, 35, 25, 20, 15, 25, 15, 10, 25, 30, 15, 15, 30, 20, 20, 15, 30, 20, 20, 25, 25, 30, 35, 20, 30, 25, 15, 10, 15, 30, 15, 25, 15, 10, 30, 20, 20, 30, 15, 25, 25, 20, 25, 10, 25, 35, 35, 20, 15, 25, 20, 10, 40, 10, 45, 25, 10, 25, 25, 20, 15, 20, 10, 25, 15, 20, 20, 5, 20, 20, 20, 35, 30, 20, 10, 15, 15, 15, 30, 15, 10, 15, 25, 30, 25, 15, 20, 25, 15, 10, 10, 25, 10, 20, 24, 15, 20, 5, 15, 10, 25, 40, 20, 10, 15, 20, 10, 25, 25, 30, 30, 40, 15, 45, 35, 25, 20, 5, 15, 30, 20, 30, 10, 25, 50, 10, 15, 25, 15, 10, 15, 15, 20, 15, 10, 25, 15, 20, 10, 15, 25, 25, 20, 10, 10, 25, 10, 20, 20, 20, 25, 25, 20, 15, 5, 40, 45, 40, 10, 20, 25, 35, 25, 50, 15, 5, 25, 5, 20, 30, 40, 25, 20, 10, 20, 15, 15, 10, 10, 15, 30, 30, 15, 25, 15, 20, 45, 15, 15, 15, 35, 35, 10, 20, 30, 15, 25, 45, 20, 20, 35, 30, 30, 20, 35, 25, 5, 30, 25, 35, 30, 35, 20, 25, 15, 70, 15, 30, 45, 25, 30, 15, 25, 15, 20, 15, 40, 20, 15, 45, 25, 15, 30, 25, 20, 15, 15, 15, 25, 25, 30, 15, 31, 25, 15, 22, 20, 25, 15, 25, 25, 15, 15, 45, 30, 15, 25, 35, 20, 10, 10, 15, 15, 40, 5, 25, 20, 15, 10, 20, 20, 30, 20, 40, 25, 10, 15, 25, 30, 25, 20, 15, 25, 10, 15, 20, 20, 25, 35, 5, 15, 20, 20, 25, 35, 15, 10, 15, 20, 10, 20, 20, 20, 30, 25, 20, 26, 20, 25, 15, 10, 25, 30, 5, 15, 30, 30, 50, 15, 35, 15, 20, 25, 15, 25, 25, 15, 35, 30, 20, 20, 35, 25, 15, 34, 20, 25, 20, 15, 25, 10, 15, 15, 15, 15, 15, 30, 10, 35, 40, 15, 35, 10, 25, 30, 25, 25, 10, 21, 25, 15, 15, 10, 15, 20, 10, 15, 30, 25, 20, 10, 10, 25, 35, 40, 15, 20, 15, 30, 30, 30, 20, 15, 25, 40, 35, 15, 25, 25, 15, 10, 30, 15, 35, 25, 45, 15, 20, 20, 25, 10, 20, 20, 30, 10, 10, 30, 20, 20, 25, 25, 25, 20, 30, 55, 25, 10, 20, 40, 10, 14, 15, 25, 30, 15, 40, 40, 40, 30, 30, 20, 25, 25, 10, 10, 15, 35, 40, 20, 40, 10, 10, 25, 20, 30, 20, 25, 25, 15, 20, 45, 15, 26, 15, 40, 30, 15, 15, 25, 10, 40, 10, 25, 15, 30, 15, 30, 20, 15, 35, 10, 40, 15, 20, 15, 15, 25, 35, 15, 32, 35, 25, 40, 30, 5, 20, 25, 10, 30, 25, 15, 20, 40, 10, 30, 15, 25, 20, 25, 30, 20, 15, 30, 24, 35, 20, 25, 15, 20, 30, 
1096931, 7
1096931, 2592
1096931, 4618
1096931, 30497
1096931, 5929
1096931, 38594
1096932, 1
1096932, 
1096932, 2
1096932, 4423
1096932, 6569
1096932, 19230
1096932, 9002
1096932, 38409
1100957, 2
1100957, 5, 5, 5, 5, 5, 5, 5, 5, 5, 5, 5, 5, 5, 5, 5, 5, 5, 5, 5, 5, 5, 5, 5, 5, 5, 5, 5, 5, 5, 5, 5, 5, 1, 5, 5, 5, 5, 5, 5, 5, 5, 5, 5, 5, 5, 5, 5, 5, 5, 10, 5, 5, 5, 5, 5, 5, 5, 5, 5, 5, 5, 5, 5, 10, 10, 5, 5, 5, 5, 10, 10, 5, 5, 5, 5, 5, 5, 5, 5, 5, 5, 5, 5, 5, 10, 5, 5, 10, 5, 5, 5, 5, 10, 5, 5, 5, 5, 5, 5, 10, 5, 5, 5, 5, 5, 5, 5, 10, 5, 10, 5, 5, 1, 5, 5, 5, 15, 5, 5, 5, 10, 5, 5, 10, 5, 10, 10, 5, 10, 5, 5, 5, 5, 5, 10, 5, 5, 5, 5, 5, 5, 5, 5, 5, 10, 5, 5, 5, 5, 5, 5, 5, 20, 5, 5, 5, 5, 10, 5, 5, 5, 5, 5, 5, 5, 5, 10, 5, 5, 5, 5, 10, 5, 5, 5, 5, 10, 5, 5, 5, 5, 5, 5, 5, 10, 5, 5, 5, 5, 5, 15, 15, 10, 5, 5, 5, 5, 5, 5, 10, 5, 10, 10, 10, 5, 5, 5, 10, 15, 5, 10, 5, 10, 5, 10, 5, 5, 10, 10, 10, 5, 5, 10, 10, 5, 10, 5, 5, 5, 5, 10, 5, 10, 5, 5, 10, 5, 15, 5, 15, 5, 5, 5, 5, 5, 5, 10, 15, 5, 15, 5, 10, 5, 2, 5, 5, 5, 10, 5, 5, 5, 10, 5, 20, 5, 5, 5, 15, 5, 10, 5, 10, 10, 10, 10, 5, 5, 5, 5, 10, 5, 5, 20, 10, 5, 5, 5, 5, 5, 5, 5, 5, 5, 5, 10, 5, 5, 5, 5, 5, 5, 5, 10, 5, 5, 5, 10, 5, 5, 10, 5, 10, 10, 5, 10, 5, 10, 5, 5, 10, 10, 5, 5, 10, 5, 10, 5, 10, 5, 5, 5, 5, 5, 5, 15, 10, 10, 10, 5, 5, 10, 5, 5, 5, 5, 5, 10, 5, 5, 5, 5, 5, 5, 5, 5, 5, 5, 15, 5, 5, 5, 15, 5, 5, 5, 5, 10, 5, 5, 10, 5, 5, 5, 5, 10, 10, 6, 5, 20, 5, 5, 10, 15, 10, 15, 5, 5, 5, 15, 5, 5, 10, 10, 5, 5, 15, 5, 15, 5, 5, 5, 5, 10, 5, 5, 10, 5, 15, 10, 5, 10, 5, 5, 15, 10, 5, 5, 10, 5, 5, 15, 7, 5, 5, 5, 5, 10, 10, 5, 15, 5, 10, 5, 10, 5, 5, 10, 5, 10, 10, 5, 5, 5, 20, 5, 5, 5, 5, 5, 5, 10, 5, 5, 5, 10, 5, 20, 10, 5, 5, 5, 5, 5, 10, 5, 10, 5, 5, 5, 10, 10, 10, 10, 5, 5, 5, 10, 15, 10, 5, 5, 5, 15, 5, 10, 10, 5, 5, 5, 10, 5, 5, 5, 5, 10, 15, 10, 5, 10, 10, 5, 5, 15, 10, 5, 10, 10, 10, 10, 5, 5, 15, 5, 5, 15, 10, 5, 5, 10, 5, 5, 5, 5, 10, 5, 5, 15, 5, 5, 10, 10, 5, 5, 5, 25, 10, 10, 10, 10, 5, 15, 10, 5, 15, 10, 5, 5, 5, 15, 10, 5, 5, 10, 5, 10, 5, 10, 10, 15, 10, 15, 20, 5, 5, 5, 5, 5, 5, 5, 5, 10, 5, 10, 15, 5, 10, 5, 11, 
1100957, 1
1100957, 2810
1100957, 5366
1100957, 50966
1100957, 6485
1100957, 38276
1103452, 6
1103452, 5, 5, 5, 5, 5, 5, 5, 5, 5, 5, 5, 10, 5, 5, 5, 5, 5, 5, 5, 5, 5, 5, 5, 5, 5, 5, 5, 5, 5, 5, 5, 5, 5, 5, 5, 5, 5, 5, 5, 5, 5, 5, 5, 5, 5, 5, 5, 5, 5, 5, 5, 5, 5, 5, 5, 5, 5, 5, 5, 5, 5, 5, 5, 5, 5, 5, 5, 5, 5, 5, 10, 5, 5, 5, 5, 5, 5, 10, 5, 5, 5, 5, 5, 5, 5, 5, 5, 10, 10, 5, 5, 5, 5, 10, 5, 5, 5, 5, 5, 5, 5, 5, 5, 5, 5, 5, 5, 5, 5, 5, 5, 5, 5, 5, 5, 5, 5, 5, 5, 5, 15, 5, 5, 5, 10, 10, 5, 5, 5, 10, 5, 5, 5, 5, 5, 5, 10, 5, 5, 10, 10, 10, 5, 10, 5, 10, 5, 5, 5, 10, 5, 20, 10, 5, 5, 5, 5, 5, 5, 5, 10, 5, 10, 5, 5, 5, 5, 5, 5, 5, 5, 10, 10, 10, 5, 5, 10, 5, 10, 10, 5, 5, 5, 10, 5, 5, 10, 5, 5, 10, 5, 5, 10, 5, 5, 5, 5, 5, 5, 5, 5, 5, 5, 5, 5, 5, 5, 5, 5, 5, 5, 5, 5, 5, 5, 5, 5, 5, 10, 5, 5, 10, 5, 5, 5, 5, 5, 5, 5, 10, 5, 5, 5, 10, 5, 5, 5, 5, 5, 10, 10, 5, 10, 5, 15, 5, 5, 5, 5, 5, 5, 5, 5, 5, 1, 5, 5, 5, 5, 5, 5, 5, 10, 5, 5, 5, 5, 10, 5, 10, 5, 5, 5, 5, 5, 5, 10, 5, 10, 5, 10, 5, 15, 5, 5, 5, 5, 5, 10, 10, 5, 5, 5, 5, 5, 5, 10, 5, 10, 5, 5, 5, 5, 10, 5, 10, 10, 11, 5, 10, 5, 10, 5, 5, 10, 1, 5, 10, 10, 5, 5, 5, 5, 10, 5, 5, 5, 10, 5, 5, 10, 10, 5, 5, 5, 5, 15, 5, 10, 10, 10, 5, 5, 10, 5, 5, 10, 10, 5, 10, 5, 5, 5, 5, 20, 5, 10, 5, 5, 5, 5, 10, 10, 5, 10, 5, 5, 10, 5, 5, 5, 10, 10, 5, 10, 10, 5, 5, 10, 10, 5, 5, 5, 5, 5, 5, 10, 5, 10, 5, 10, 5, 5, 10, 5, 5, 5, 5, 5, 5, 5, 16, 
1103452, 2
1103452, 2803
1103452, 5054
1103452, 42400
1103452, 6939
1103452, 38155
1105446, 3
1105446, 5, 5, 5, 5, 5, 5, 5, 5, 5, 5, 5, 5, 5, 5, 5, 5, 5, 5, 5, 5, 5, 5, 5, 5, 5, 5, 5, 5, 5, 5, 5, 5, 5, 5, 5, 5, 5, 5, 5, 5, 5, 5, 5, 5, 5, 5, 5, 5, 5, 5, 5, 5, 5, 5, 10, 5, 5, 5, 5, 5, 5, 5, 5, 5, 5, 5, 5, 5, 5, 5, 5, 5, 5, 5, 5, 5, 5, 10, 5, 5, 5, 5, 5, 5, 5, 5, 5, 5, 5, 4, 5, 5, 5, 5, 5, 5, 10, 5, 5, 10, 5, 5, 5, 10, 5, 5, 5, 5, 5, 5, 5, 5, 5, 5, 5, 5, 5, 5, 5, 5, 5, 5, 5, 10, 5, 5, 5, 5, 5, 5, 5, 5, 10, 10, 5, 5, 5, 5, 10, 5, 5, 5, 5, 5, 5, 5, 5, 5, 5, 10, 5, 5, 5, 5, 15, 5, 5, 5, 5, 5, 5, 5, 5, 5, 5, 5, 5, 5, 5, 5, 5, 5, 5, 5, 5, 5, 5, 10, 5, 5, 5, 5, 5, 5, 5, 10, 5, 5, 5, 10, 5, 10, 5, 5, 5, 5, 5, 5, 10, 10, 10, 5, 5, 10, 10, 10, 5, 5, 10, 10, 5, 5, 20, 10, 5, 5, 10, 5, 10, 10, 5, 5, 5, 5, 5, 5, 5, 5, 10, 5, 5, 15, 10, 5, 5, 5, 5, 5, 5, 5, 4, 5, 5, 5, 5, 5, 10, 5, 5, 5, 5, 5, 5, 10, 5, 10, 5, 5, 5, 5, 5, 5, 5, 5, 5, 5, 5, 5, 5, 5, 1, 5, 5, 5, 15, 5, 10, 10, 5, 10, 10, 5, 5, 5, 5, 5, 5, 5, 5, 10, 10, 10, 5, 5, 10, 5, 5, 10, 5, 5, 5, 5, 20, 5, 5, 10, 6, 10, 5, 10, 10, 5, 5, 5, 15, 5, 5, 5, 10, 5, 5, 5, 5, 10, 10, 10, 15, 5, 5, 5, 10, 5, 5, 6, 
1105446, 2
1105446, 4442
1105446, 6624
1105446, 12406
1105446, 2619
1105446, 38126
1115243, 1
1115243, 5, 5, 5, 5, 5, 5, 5, 5, 5, 5, 5, 5, 5, 5, 5, 5, 5, 5, 5, 5, 5, 5, 5, 5, 5, 5, 5, 5, 5, 5, 5, 5, 5, 5, 5, 5, 5, 5, 5, 5, 10, 10, 5, 5, 5, 5, 10, 10, 5, 10, 5, 5, 5, 10, 10, 15, 5, 5, 5, 10, 5, 5, 10, 10, 10, 5, 5, 5, 10, 10, 5, 10, 5, 5, 5, 10, 5, 5, 5, 5, 5, 5, 5, 5, 5, 5, 5, 10, 10, 10, 5, 5, 5, 5, 10, 5, 5, 10, 10, 5, 5, 5, 5, 5, 5, 5, 5, 15, 15, 5, 5, 5, 10, 5, 5, 5, 5, 5, 10, 5, 5, 5, 10, 10, 5, 10, 5, 5, 5, 5, 10, 5, 5, 5, 10, 5, 5, 15, 15, 5, 5, 5, 15, 5, 5, 5, 5, 5, 10, 5, 10, 5, 5, 5, 10, 5, 10, 5, 15, 5, 5, 10, 5, 5, 10, 10, 5, 10, 10, 5, 15, 10, 10, 5, 5, 10, 10, 10, 5, 25, 5, 5, 15, 5, 10, 10, 5, 5, 5, 5, 5, 5, 15, 5, 5, 5, 20, 5, 10, 5, 15, 5, 10, 5, 5, 10, 10, 5, 15, 15, 10, 5, 5, 10, 5, 10, 10, 15, 15, 5, 15, 5, 5, 5, 5, 5, 15, 5, 5, 10, 10, 5, 15, 10, 5, 5, 10, 5, 10, 10, 10, 10, 20, 10, 5, 15, 5, 5, 5, 15, 20, 25, 15, 5, 5, 5, 5, 5, 5, 10, 5, 10, 5, 5, 10, 15, 5, 5, 20, 10, 25, 5, 20, 10, 5, 5, 15, 5, 10, 16, 10, 5, 5, 10, 5, 10, 5, 10, 20, 10, 10, 10, 5, 10, 10, 15, 15, 15, 10, 5, 5, 10, 5, 10, 5, 5, 5, 10, 15, 15, 5, 15, 5, 10, 10, 5, 5, 5, 5, 10, 10, 10, 10, 5, 10, 15, 20, 10, 15, 25, 5, 10, 5, 5, 15, 10, 8, 5, 5, 5, 5, 5, 20, 15, 10, 5, 20, 5, 5, 20, 10, 10, 10, 15, 20, 5, 10, 15, 5, 25, 5, 5, 15, 5, 15, 10, 25, 5, 15, 10, 5, 10, 10, 10, 5, 10, 10, 15, 5, 15, 10, 10, 5, 10, 20, 20, 10, 5, 15, 10, 5, 5, 20, 11, 10, 10, 5, 10, 5, 25, 10, 5, 20, 10, 10, 10, 5, 5, 15, 25, 10, 10, 5, 8, 15, 5, 25, 10, 5, 5, 10, 10, 5, 5, 9, 10, 10, 10, 5, 5, 10, 5, 5, 10, 20, 5, 15, 16, 10, 5, 10, 15, 10, 5, 5, 15, 10, 10, 3, 15, 5, 15, 10, 15, 10, 5, 10, 10, 10, 10, 10, 10, 15, 5, 10, 10, 5, 10, 20, 15, 26, 10, 5, 5, 15, 5, 10, 5, 20, 20, 10, 10, 5, 10, 25, 15, 5, 15, 15, 15, 10, 10, 20, 10, 10, 5, 5, 5, 5, 10, 5, 5, 5, 10, 5, 5, 10, 5, 20, 10, 15, 5, 15, 20, 15, 10, 5, 20, 20, 15, 10, 10, 15, 5, 10, 5, 10, 10, 10, 5, 5, 5, 15, 15, 15, 5, 5, 15, 20, 20, 15, 10, 10, 10, 10, 15, 30, 15, 15, 15, 15, 15, 15, 12, 10, 15, 10, 20, 10, 10, 15, 10, 15, 5, 20, 20, 15, 15, 10, 10, 15, 10, 15, 5, 20, 5, 5, 15, 10, 10, 10, 10, 5, 5, 10, 25, 15, 15, 10, 15, 15, 15, 15, 5, 5, 10, 15, 10, 10, 10, 5, 5, 20, 10, 10, 10, 15, 15, 10, 10, 10, 15, 10, 25, 15, 15, 15, 5, 5, 5, 15, 15, 20, 10, 5, 20, 5, 15, 15, 15, 15, 5, 5, 5, 15, 10, 10, 10, 15, 10, 15, 10, 5, 11, 15, 10, 15, 20, 10, 5, 15, 10, 5, 5, 5, 15, 20, 5, 20, 5, 10, 5, 20, 10, 5, 10, 10, 10, 5, 10, 10, 10, 15, 10, 15, 15, 5, 5, 10, 5, 10, 10, 10, 25, 10, 10, 15, 13, 5, 10, 15, 5, 15, 15, 25, 5, 15, 10, 10, 5, 5, 10, 15, 5, 10, 16, 10, 10, 10, 15, 10, 15, 20, 15, 5, 10, 5, 15, 5, 10, 20, 5, 25, 5, 10, 15, 10, 15, 10, 5, 5, 5, 5, 5, 15, 25, 20, 15, 5, 15, 20, 5, 15, 5, 5, 15, 20, 5, 20, 10, 10, 10, 15, 5, 10, 10, 22, 15, 15, 25, 10, 10, 5, 5, 5, 15, 15, 10, 10, 5, 10, 5, 5, 15, 10, 10, 5, 25, 15, 25, 10, 15, 10, 5, 5, 10, 10, 5, 10, 11, 20, 5, 5, 5, 20, 15, 10, 10, 10, 5, 10, 10, 5, 10, 5, 10, 15, 15, 10, 15, 15, 10, 20, 15, 5, 10, 5, 30, 5, 10, 20, 20, 5, 5, 15, 20, 25, 20, 15, 20, 10, 25, 15, 15, 35, 10, 15, 20, 10, 20, 20, 20, 10, 15, 25, 15, 10, 15, 10, 15, 5, 20, 10, 10, 10, 10, 10, 5, 20, 10, 5, 29, 10, 20, 10, 10, 26, 10, 10, 5, 5, 10, 10, 10, 5, 10, 10, 5, 20, 10, 5, 10, 30, 25, 10, 10, 10, 15, 15, 15, 30, 5, 20, 20, 5, 5, 10, 10, 10, 5, 15, 20, 15, 10, 10, 15, 20, 15, 20, 30, 5, 10, 15, 10, 10, 10, 15, 15, 10, 20, 5, 15, 10, 25, 5, 10, 20, 20, 10, 25, 10, 5, 10, 10, 20, 10, 10, 10, 15, 10, 20, 10, 10, 5, 10, 15, 5, 10, 10, 10, 10, 19, 
1115243, 3
1115243, 2439
1115243, 4964
1115243, 27001
1115243, 10229
1115243, 37908
1115244, 1
1115244, 
1115244, 2
1115244, 4231
1115244, 6749
1115244, 24183
1115244, 6522
1115244, 37878
1123449, 11
1123449, 5, 5, 5, 5, 5, 5, 5, 5, 5, 5, 5, 5, 5, 5, 5, 5, 5, 5, 10, 5, 5, 5, 5, 5, 5, 5, 5, 5, 5, 5, 5, 5, 5, 5, 5, 5, 5, 5, 5, 5, 5, 5, 5, 5, 5, 5, 5, 5, 5, 5, 5, 5, 5, 5, 1, 5, 10, 10, 5, 5, 5, 10, 5, 10, 5, 5, 10, 5, 5, 5, 5, 10, 5, 5, 5, 5, 5, 5, 5, 5, 5, 5, 5, 5, 5, 5, 5, 5, 10, 5, 5, 5, 5, 5, 5, 5, 5, 10, 5, 5, 5, 5, 10, 6, 10, 5, 5, 5, 5, 10, 5, 5, 5, 5, 5, 5, 5, 5, 5, 5, 10, 5, 10, 5, 5, 5, 5, 5, 5, 10, 20, 5, 10, 5, 10, 5, 10, 5, 5, 5, 5, 10, 10, 10, 5, 10, 5, 5, 5, 10, 10, 5, 5, 5, 5, 5, 10, 4, 10, 5, 10, 5, 5, 5, 5, 5, 10, 5, 5, 5, 5, 5, 10, 5, 5, 15, 5, 10, 5, 5, 1, 20, 10, 5, 5, 5, 10, 10, 10, 5, 20, 5, 5, 5, 5, 5, 5, 5, 5, 10, 5, 5, 10, 5, 5, 10, 15, 10, 5, 10, 10, 5, 10, 10, 5, 5, 5, 5, 5, 5, 5, 5, 5, 5, 5, 5, 10, 5, 10, 10, 5, 5, 10, 5, 10, 10, 10, 5, 5, 5, 5, 5, 5, 10, 10, 10, 5, 5, 10, 10, 10, 5, 5, 5, 5, 10, 10, 15, 10, 5, 10, 5, 10, 10, 10, 20, 10, 5, 5, 5, 5, 5, 5, 5, 5, 5, 5, 5, 1, 10, 10, 10, 10, 5, 5, 5, 10, 10, 5, 5, 5, 5, 10, 5, 5, 5, 5, 5, 10, 5, 10, 5, 10, 15, 10, 5, 10, 5, 5, 5, 10, 10, 10, 10, 5, 10, 5, 15, 5, 10, 5, 10, 20, 10, 5, 20, 15, 10, 5, 5, 5, 5, 25, 10, 5, 20, 5, 10, 5, 15, 5, 5, 5, 5, 5, 15, 20, 15, 10, 5, 10, 5, 5, 10, 5, 5, 5, 10, 5, 5, 5, 5, 10, 5, 10, 20, 10, 15, 10, 10, 10, 5, 5, 10, 10, 15, 10, 10, 10, 5, 5, 10, 15, 5, 10, 5, 5, 15, 5, 5, 15, 5, 5, 10, 5, 15, 5, 5, 10, 5, 10, 15, 15, 20, 25, 5, 5, 10, 10, 15, 5, 15, 5, 10, 5, 10, 10, 10, 15, 5, 5, 10, 10, 5, 5, 15, 5, 5, 15, 5, 10, 10, 5, 5, 10, 15, 5, 5, 15, 20, 10, 10, 10, 20, 5, 5, 20, 10, 10, 5, 11, 5, 10, 10, 5, 10, 5, 15, 5, 5, 10, 10, 10, 5, 20, 10, 10, 5, 15, 5, 10, 5, 10, 5, 5, 5, 5, 10, 5, 5, 5, 15, 15, 5, 5, 10, 5, 10, 10, 10, 10, 5, 20, 10, 10, 10, 5, 15, 5, 15, 5, 10, 15, 10, 10, 10, 5, 10, 10, 15, 10, 5, 10, 5, 15, 5, 5, 15, 15, 5, 10, 5, 15, 15, 10, 15, 5, 15, 6, 5, 10, 10, 5, 15, 5, 10, 10, 15, 5, 10, 5, 10, 10, 10, 5, 5, 5, 5, 5, 5, 5, 10, 10, 5, 5, 5, 15, 30, 25, 15, 5, 10, 20, 15, 25, 10, 5, 5, 10, 7, 10, 5, 5, 10, 5, 15, 5, 15, 10, 15, 15, 5, 5, 5, 20, 5, 10, 5, 10, 20, 10, 5, 15, 5, 10, 5, 15, 5, 10, 10, 5, 10, 10, 15, 10, 15, 10, 5, 10, 5, 15, 15, 10, 20, 5, 5, 10, 20, 10, 10, 10, 5, 15, 5, 5, 10, 10, 10, 5, 5, 10, 15, 5, 15, 10, 20, 10, 10, 5, 20, 10, 10, 10, 10, 15, 15, 10, 10, 5, 20, 10, 10, 15, 20, 15, 5, 10, 5, 15, 20, 15, 5, 10, 25, 22, 5, 5, 20, 20, 5, 15, 5, 10, 5, 10, 10, 10, 15, 10, 10, 10, 10, 25, 15, 20, 10, 10, 10, 10, 15, 15, 6, 10, 15, 15, 5, 15, 10, 15, 5, 5, 5, 20, 15, 10, 6, 15, 5, 15, 15, 5, 15, 10, 15, 17, 5, 20, 20, 10, 10, 5, 10, 10, 20, 5, 20, 15, 20, 5, 25, 10, 15, 10, 5, 5, 15, 15, 10, 20, 10, 15, 10, 15, 10, 10, 10, 10, 15, 15, 10, 15, 15, 10, 15, 6, 5, 10, 10, 25, 10, 15, 10, 10, 10, 10, 5, 10, 10, 20, 5, 5, 10, 5, 15, 5, 15, 5, 10, 10, 20, 10, 15, 20, 10, 5, 15, 15, 15, 25, 5, 15, 15, 5, 10, 10, 20, 15, 5, 10, 5, 15, 10, 5, 10, 5, 15, 35, 15, 5, 10, 15, 5, 15, 10, 20, 5, 15, 10, 10, 20, 10, 15, 10, 25, 20, 10, 17, 15, 7, 5, 15, 10, 15, 10, 15, 15, 10, 20, 20, 10, 10, 10, 15, 5, 25, 30, 5, 15, 15, 20, 20, 10, 15, 10, 5, 15, 10, 10, 10, 20, 15, 10, 5, 15, 20, 10, 5, 13, 10, 15, 30, 5, 10, 10, 5, 5, 10, 5, 10, 20, 10, 5, 25, 20, 25, 10, 23, 
1123449, 1
1123449, 2478
1123449, 4574
1123449, 29340
1123449, 8955
1123449, 37731
1167739, 67
1167739, 15, 15, 5, 10, 10, 10, 23, 20, 20, 15, 20, 45, 20, 40, 10, 25, 30, 45, 15, 5, 50, 50, 26, 25, 20, 10, 40, 30, 30, 15, 5, 35, 30, 20, 25, 15, 15, 30, 20, 15, 20, 30, 15, 20, 15, 15, 25, 35, 30, 35, 35, 25, 25, 20, 25, 15, 40, 30, 20, 35, 20, 25, 35, 15, 45, 15, 20, 20, 25, 25, 5, 40, 25, 15, 20, 25, 25, 30, 30, 5, 45, 25, 30, 40, 15, 20, 10, 25, 33, 15, 15, 30, 45, 20, 25, 25, 20, 35, 25, 10, 45, 15, 40, 35, 10, 45, 30, 35, 15, 25, 30, 35, 60, 60, 25, 5, 32, 20, 20, 30, 65, 30, 25, 40, 45, 25, 25, 20, 25, 30, 55, 18, 5, 35, 40, 35, 17, 20, 30, 25, 35, 25, 30, 25, 40, 30, 20, 30, 45, 30, 45, 25, 35, 10, 45, 25, 21, 25, 20, 35, 30, 40, 35, 45, 25, 25, 40, 25, 20, 15, 30, 40, 30, 30, 35, 15, 45, 20, 25, 25, 88, 35, 25, 25, 30, 20, 35, 25, 35, 25, 20, 30, 55, 25, 30, 20, 30, 40, 35, 25, 15, 30, 50, 25, 10, 20, 23, 40, 15, 15, 35, 45, 20, 20, 25, 30, 40, 30, 25, 30, 35, 20, 35, 45, 25, 50, 40, 40, 51, 35, 15, 20, 15, 45, 30, 15, 30, 25, 30, 25, 40, 10, 25, 25, 30, 10, 20, 10, 40, 45, 60, 30, 20, 45, 30, 20, 25, 25, 66, 50, 20, 30, 45, 30, 40, 25, 20, 45, 15, 55, 30, 40, 20, 50, 20, 55, 15, 30, 30, 40, 45, 30, 50, 25, 28, 30, 25, 25, 45, 71, 15, 60, 35, 30, 45, 20, 25, 40, 20, 30, 35, 35, 50, 20, 40, 20, 25, 20, 45, 35, 45, 45, 25, 20, 40, 30, 30, 35, 35, 20, 40, 25, 20, 55, 45, 20, 55, 15, 15, 28, 35, 20, 30, 45, 80, 40, 25, 45, 40, 25, 107, 30, 60, 35, 30, 45, 10, 55, 35, 25, 25, 30, 45, 51, 30, 10, 25, 40, 40, 35, 21, 35, 30, 60, 50, 40, 60, 55, 30, 35, 35, 20, 35, 60, 40, 30, 45, 25, 30, 30, 20, 10, 20, 15, 25, 15, 70, 20, 25, 10, 35, 25, 27, 31, 60, 45, 30, 31, 25, 32, 25, 15, 30, 60, 50, 50, 20, 40, 55, 40, 55, 30, 30, 20, 30, 55, 45, 30, 15, 35, 15, 15, 45, 40, 25, 46, 30, 15, 32, 30, 65, 65, 45, 25, 45, 50, 55, 30, 46, 15, 25, 35, 40, 25, 31, 33, 52, 45, 25, 30, 30, 65, 30, 10, 45, 75, 50, 40, 25, 50, 51, 25, 30, 40, 87, 20, 35, 40, 25, 25, 30, 20, 60, 40, 35, 20, 45, 15, 20, 45, 25, 40, 62, 65, 15, 40, 30, 50, 55, 50, 40, 35, 45, 45, 25, 35, 25, 35, 10, 70, 40, 30, 55, 45, 45, 40, 45, 30, 45, 45, 25, 5, 35, 50, 30, 35, 20, 45, 30, 55, 45, 25, 75, 30, 35, 20, 50, 35, 20, 30, 85, 50, 30, 60, 45, 30, 35, 45, 35, 20, 35, 25, 45, 25, 45, 15, 40, 20, 55, 30, 50, 20, 50, 35, 20, 25, 90, 40, 30, 35, 25, 25, 35, 45, 35, 50, 45, 30, 35, 45, 25, 50, 20, 90, 40, 60, 65, 45, 20, 50, 76, 75, 40, 60, 40, 35, 30, 40, 50, 40, 45, 55, 50, 30, 25, 60, 35, 55, 20, 75, 60, 35, 25, 20, 30, 35, 65, 40, 30, 30, 45, 35, 35, 60, 20, 45, 25, 70, 40, 15, 35, 70, 35, 45, 45, 35, 55, 50, 25, 30, 35, 35, 50, 10, 20, 65, 45, 55, 45, 50, 40, 55, 20, 40, 35, 30, 45, 45, 25, 70, 55, 55, 40, 60, 55, 45, 45, 35, 25, 66, 40, 94, 21, 25, 20, 35, 50, 45, 35, 65, 45, 35, 40, 35, 35, 30, 60, 25, 60, 40, 30, 40, 70, 20, 50, 50, 50, 25, 30, 45, 35, 50, 20, 30, 20, 60, 40, 35, 25, 49, 30, 40, 76, 60, 25, 30, 60, 30, 60, 75, 50, 45, 30, 54, 45, 35, 45, 10, 60, 45, 60, 50, 55, 45, 45, 50, 20, 15, 50, 50, 70, 75, 30, 35, 55, 30, 55, 30, 45, 60, 20, 50, 50, 40, 50, 20, 50, 60, 25, 45, 20, 45, 30, 30, 15, 40, 40, 30, 30, 40, 35, 45, 20, 30, 40, 15, 30, 40, 75, 35, 20, 47, 25, 55, 25, 20, 25, 60, 30, 80, 60, 35, 25, 20, 45, 20, 40, 40, 40, 26, 55, 25, 35, 40, 30, 45, 35, 30, 60, 30, 20, 50, 30, 15, 60, 30, 40, 25, 56, 80, 30, 45, 25, 45, 30, 35, 60, 25, 35, 40, 45, 25, 40, 50, 40, 30, 30, 45, 40, 30, 45, 45, 40, 46, 25, 45, 55, 15, 20, 45, 40, 30, 35, 45, 65, 100, 50, 30, 25, 35, 30, 45, 40, 70, 40, 75, 30, 40, 80, 40, 30, 30, 30, 45, 60, 35, 45, 50, 30, 88, 30, 40, 45, 30, 20, 50, 50, 40, 40, 30, 35, 55, 55, 45, 35, 36, 45, 34, 45, 19, 40, 20, 45, 45, 30, 30, 55, 45, 30, 45, 35, 30, 30, 30, 35, 40, 35, 40, 45, 45, 20, 30, 30, 45, 20, 50, 50, 45, 20, 20, 40, 35, 50, 30, 45, 20, 30, 60, 20, 41, 35, 55, 45, 25, 25, 40, 35, 30, 20, 35, 50, 15, 35, 50, 45, 30, 25, 20, 30, 67, 30, 55, 50, 20, 55, 30, 65, 36, 55, 40, 40, 25, 55, 50, 25, 35, 45, 50, 35, 55, 50, 55, 35, 45, 75, 55, 35, 20, 25, 25, 60, 30, 25, 45, 35, 65, 35, 51, 30, 45, 30, 50, 35, 50, 60, 30, 15, 30, 20, 30, 65, 30, 10, 65, 40, 20, 111, 35, 55, 25, 30, 70, 56, 20, 30, 80, 35, 40, 40, 30, 50, 25, 40, 45, 60, 45, 40, 40, 35, 45, 25, 35, 50, 45, 50, 40, 25, 15, 25, 40, 40, 45, 45, 20, 45, 45, 15, 30, 30, 30, 75, 50, 80, 65, 55, 45, 25, 40, 30, 45, 45, 70, 35, 40, 15, 30, 45, 40, 15, 55, 35, 45, 45, 52, 30, 25, 20, 30, 30, 70, 60, 45, 30, 50, 45, 55, 30, 55, 25, 60, 25, 55, 35, 70, 36, 30, 65, 35, 35, 50, 30, 55, 40, 40, 35, 75, 40, 30, 45, 45, 100, 60, 50, 51, 50, 35, 30, 25, 50, 40, 30, 65, 30, 30, 25, 35, 55, 45, 30, 25, 50, 60, 40, 55, 55, 35, 20, 43, 30, 50, 30, 73, 100, 40, 100, 65, 40, 35, 40, 45, 20, 55, 30, 40, 25, 30, 40, 30, 45, 55, 40, 50, 40, 58, 20, 55, 45, 45, 30, 40, 60, 50, 50, 30, 60, 65, 60, 35, 45, 75, 25, 35, 80, 55, 40, 65, 30, 30, 55, 45, 85, 
1167739, 1
1167739, 1747
1167739, 3485
1167739, 45139
1167739, 10104
1167739, 37513
1167740, 1
1167740, 
1167740, 1
1167740, 3708
1167740, 5481
1167740, 39207
1167740, 11456
1167740, 37418
1167741, 1
1167741, 
1167741, 2
1167741, 5645
1167741, 7415
1167741, 45201
1167741, 8030
1167741, 37333
1177710, 10
1177710, 5, 5, 5, 5, 5, 5, 5, 5, 5, 5, 5, 5, 5, 5, 5, 5, 5, 5, 5, 5, 5, 5, 5, 5, 5, 5, 5, 5, 5, 5, 5, 5, 5, 5, 5, 5, 5, 5, 5, 15, 5, 5, 5, 5, 5, 10, 5, 5, 10, 5, 5, 5, 10, 5, 5, 5, 5, 5, 5, 5, 15, 5, 5, 5, 10, 5, 5, 5, 5, 5, 5, 5, 1, 5, 5, 5, 5, 10, 5, 5, 5, 5, 5, 5, 5, 5, 5, 10, 5, 5, 5, 5, 10, 5, 10, 5, 5, 10, 5, 5, 5, 5, 10, 10, 5, 5, 5, 5, 10, 10, 5, 10, 15, 5, 5, 5, 5, 5, 10, 6, 5, 5, 10, 10, 10, 5, 5, 5, 10, 5, 5, 10, 10, 10, 5, 5, 15, 15, 10, 5, 10, 10, 15, 10, 10, 5, 10, 15, 20, 5, 10, 5, 10, 10, 5, 5, 10, 5, 5, 10, 10, 5, 5, 10, 5, 10, 5, 5, 5, 5, 10, 10, 5, 10, 10, 10, 5, 15, 5, 5, 10, 10, 20, 5, 5, 15, 5, 10, 5, 10, 15, 20, 10, 10, 5, 10, 5, 15, 10, 10, 5, 10, 5, 5, 10, 5, 5, 5, 5, 5, 5, 10, 10, 5, 5, 5, 10, 10, 5, 3, 5, 10, 5, 10, 10, 5, 10, 5, 5, 10, 10, 15, 10, 5, 5, 5, 5, 5, 10, 5, 5, 15, 10, 5, 20, 15, 6, 10, 10, 10, 10, 10, 10, 5, 10, 10, 20, 10, 5, 5, 10, 15, 15, 10, 5, 15, 5, 5, 5, 10, 5, 10, 10, 5, 5, 5, 1, 5, 15, 10, 5, 15, 5, 10, 5, 15, 5, 10, 10, 5, 5, 10, 10, 10, 5, 15, 5, 5, 5, 10, 15, 10, 10, 5, 10, 10, 10, 5, 10, 5, 20, 5, 5, 10, 5, 5, 10, 10, 15, 10, 5, 10, 10, 15, 5, 10, 5, 5, 15, 10, 5, 10, 10, 15, 5, 5, 5, 5, 5, 10, 5, 15, 5, 10, 10, 10, 5, 10, 10, 5, 10, 5, 15, 10, 5, 15, 5, 15, 5, 5, 10, 11, 10, 35, 10, 20, 10, 10, 10, 10, 25, 10, 10, 10, 15, 5, 15, 5, 5, 10, 5, 5, 15, 5, 5, 5, 5, 10, 10, 5, 10, 20, 5, 10, 10, 10, 15, 5, 15, 5, 5, 15, 15, 5, 5, 5, 10, 10, 15, 10, 15, 20, 5, 15, 10, 15, 10, 10, 10, 5, 20, 10, 10, 10, 5, 10, 10, 5, 5, 5, 10, 15, 5, 15, 15, 10, 15, 5, 10, 10, 20, 25, 5, 10, 15, 25, 5, 20, 15, 5, 20, 5, 5, 10, 15, 5, 10, 10, 15, 25, 5, 15, 5, 10, 15, 20, 15, 15, 10, 10, 10, 10, 5, 15, 15, 15, 15, 15, 10, 20, 20, 5, 5, 15, 10, 10, 5, 15, 5, 20, 25, 5, 10, 10, 20, 5, 20, 10, 5, 5, 10, 15, 10, 11, 10, 15, 10, 20, 15, 5, 10, 5, 25, 16, 15, 5, 15, 10, 10, 10, 10, 5, 20, 15, 10, 5, 10, 10, 10, 21, 10, 15, 5, 5, 10, 10, 5, 10, 5, 5, 10, 5, 20, 15, 5, 5, 10, 5, 10, 5, 15, 10, 10, 5, 5, 10, 10, 20, 15, 20, 15, 5, 5, 10, 20, 10, 10, 15, 5, 20, 25, 15, 5, 25, 25, 10, 20, 15, 10, 10, 5, 10, 15, 10, 15, 10, 5, 15, 10, 15, 10, 5, 5, 15, 15, 5, 10, 5, 10, 5, 5, 20, 15, 5, 20, 5, 10, 10, 20, 5, 20, 10, 10, 15, 10, 10, 10, 5, 10, 10, 20, 5, 15, 15, 5, 20, 15, 10, 10, 25, 15, 10, 25, 15, 10, 10, 10, 16, 15, 5, 15, 5, 5, 5, 5, 30, 5, 10, 5, 5, 15, 5, 20, 20, 10, 10, 5, 15, 15, 5, 10, 15, 5, 10, 20, 5, 15, 5, 10, 5, 25, 10, 5, 10, 5, 5, 15, 15, 15, 10, 15, 10, 15, 20, 10, 10, 5, 21, 10, 5, 20, 10, 5, 15, 10, 20, 15, 20, 10, 5, 5, 20, 15, 15, 5, 20, 10, 15, 15, 20, 5, 10, 25, 5, 10, 10, 10, 10, 10, 20, 15, 10, 5, 5, 5, 10, 5, 15, 10, 20, 10, 20, 10, 10, 15, 5, 20, 10, 20, 31, 15, 10, 10, 20, 25, 20, 5, 15, 15, 20, 15, 20, 10, 5, 10, 5, 15, 10, 20, 10, 5, 15, 10, 25, 10, 15, 10, 15, 10, 20, 15, 15, 15, 5, 20, 20, 20, 5, 20, 5, 5, 15, 8, 10, 15, 15, 10, 18, 10, 15, 5, 25, 15, 5, 15, 5, 25, 10, 5, 10, 15, 10, 15, 10, 10, 35, 10, 10, 20, 15, 15, 10, 10, 10, 5, 25, 15, 10, 15, 10, 20, 10, 35, 5, 10, 10, 15, 15, 15, 5, 5, 10, 15, 5, 10, 5, 15, 20, 10, 25, 5, 10, 10, 10, 15, 10, 10, 25, 30, 5, 5, 15, 20, 25, 5, 5, 10, 15, 10, 15, 15, 5, 15, 10, 5, 10, 5, 5, 11, 25, 10, 15, 10, 5, 20, 5, 20, 10, 10, 15, 15, 15, 15, 15, 10, 5, 10, 15, 10, 20, 5, 15, 15, 10, 5, 20, 25, 10, 10, 10, 15, 15, 15, 15, 10, 10, 5, 15, 20, 20, 5, 15, 15, 20, 10, 10, 10, 45, 15, 5, 15, 5, 5, 10, 5, 10, 25, 5, 10, 5, 15, 15, 20, 25, 15, 25, 5, 15, 5, 10, 5, 15, 20, 15, 15, 15, 15, 5, 30, 15, 15, 25, 15, 5, 15, 10, 23, 
1177710, 1
1177710, 2129
1177710, 3747
1177710, 7663
1177710, 1259
1177710, 37294
1190105, 8
1190105, 5, 5, 5, 5, 5, 5, 5, 5, 5, 5, 5, 5, 10, 5, 5, 10, 5, 5, 5, 5, 5, 5, 5, 5, 5, 10, 20, 5, 5, 5, 10, 5, 5, 5, 10, 5, 10, 10, 5, 5, 5, 5, 10, 5, 5, 5, 5, 5, 5, 5, 5, 5, 5, 5, 5, 5, 5, 5, 5, 10, 1, 10, 5, 5, 5, 10, 5, 5, 5, 15, 15, 15, 5, 5, 5, 5, 5, 15, 5, 15, 5, 10, 5, 5, 10, 5, 5, 10, 5, 10, 5, 5, 5, 5, 10, 5, 5, 5, 10, 5, 15, 5, 5, 5, 5, 5, 10, 5, 15, 5, 15, 5, 5, 10, 5, 15, 6, 5, 10, 5, 5, 10, 5, 5, 5, 5, 5, 15, 5, 10, 5, 5, 15, 5, 6, 5, 10, 5, 15, 5, 10, 15, 20, 5, 5, 10, 5, 15, 10, 5, 10, 10, 5, 10, 10, 10, 10, 5, 25, 5, 15, 5, 20, 5, 5, 5, 5, 20, 10, 5, 10, 10, 15, 25, 5, 15, 10, 5, 5, 10, 15, 10, 5, 10, 10, 5, 10, 5, 5, 15, 15, 5, 5, 10, 15, 10, 5, 5, 25, 20, 20, 5, 10, 10, 5, 5, 15, 10, 15, 10, 5, 5, 5, 10, 15, 10, 5, 10, 25, 10, 15, 5, 5, 10, 5, 10, 5, 15, 10, 10, 10, 35, 10, 10, 5, 10, 5, 5, 5, 7, 5, 10, 10, 5, 5, 5, 20, 10, 10, 10, 10, 5, 10, 10, 10, 30, 5, 15, 10, 5, 10, 5, 15, 10, 20, 5, 15, 10, 10, 5, 10, 15, 5, 20, 15, 5, 10, 10, 10, 5, 10, 11, 15, 5, 5, 5, 15, 15, 15, 15, 20, 5, 5, 10, 6, 5, 10, 15, 5, 5, 10, 20, 25, 5, 20, 10, 10, 10, 10, 10, 10, 10, 15, 20, 15, 5, 5, 25, 10, 10, 5, 10, 15, 5, 5, 20, 10, 10, 15, 15, 10, 15, 5, 5, 10, 15, 5, 5, 15, 15, 10, 5, 15, 20, 10, 15, 15, 10, 5, 10, 5, 15, 10, 15, 5, 5, 10, 5, 30, 10, 10, 10, 10, 15, 5, 15, 15, 30, 10, 20, 10, 10, 5, 5, 5, 15, 15, 20, 10, 20, 5, 5, 30, 10, 20, 10, 10, 10, 25, 15, 15, 10, 10, 20, 20, 10, 5, 15, 5, 25, 10, 20, 5, 15, 10, 10, 5, 15, 5, 10, 10, 15, 5, 10, 10, 5, 15, 20, 10, 10, 15, 5, 20, 10, 10, 20, 10, 10, 15, 10, 10, 10, 10, 5, 10, 5, 15, 10, 5, 10, 20, 10, 15, 10, 5, 10, 10, 10, 15, 20, 10, 15, 5, 15, 25, 15, 5, 5, 10, 15, 10, 20, 10, 10, 10, 10, 10, 10, 5, 20, 10, 5, 10, 10, 30, 5, 10, 10, 10, 5, 5, 10, 5, 5, 15, 20, 10, 10, 10, 15, 15, 10, 10, 15, 20, 15, 5, 10, 10, 26, 5, 20, 5, 20, 25, 5, 5, 10, 10, 20, 5, 25, 10, 30, 20, 10, 5, 10, 10, 10, 15, 15, 10, 10, 30, 10, 10, 15, 10, 10, 5, 5, 5, 20, 10, 20, 5, 10, 5, 10, 10, 5, 15, 5, 5, 5, 20, 5, 15, 5, 10, 10, 10, 5, 20, 15, 15, 10, 20, 15, 15, 5, 10, 25, 10, 15, 20, 10, 5, 10, 10, 15, 15, 5, 22, 25, 20, 5, 10, 5, 15, 15, 15, 15, 10, 5, 15, 15, 10, 15, 5, 5, 5, 5, 6, 5, 10, 10, 15, 10, 25, 10, 15, 15, 5, 20, 25, 10, 15, 10, 30, 5, 10, 10, 10, 10, 5, 5, 12, 10, 10, 15, 10, 10, 10, 15, 5, 25, 5, 10, 20, 5, 15, 5, 5, 30, 20, 15, 10, 25, 15, 15, 15, 10, 20, 5, 20, 20, 15, 10, 25, 5, 10, 10, 10, 5, 20, 20, 10, 10, 20, 15, 5, 5, 20, 35, 10, 20, 15, 15, 15, 20, 15, 15, 30, 20, 15, 15, 10, 10, 15, 15, 15, 10, 5, 11, 10, 20, 10, 15, 15, 10, 10, 15, 15, 15, 10, 5, 10, 15, 15, 5, 25, 5, 15, 5, 20, 5, 10, 10, 20, 15, 20, 10, 10, 10, 20, 15, 5, 20, 10, 10, 15, 5, 10, 25, 20, 10, 10, 20, 15, 5, 10, 10, 15, 10, 15, 5, 10, 15, 10, 15, 20, 5, 20, 25, 25, 10, 15, 5, 10, 5, 15, 25, 10, 15, 15, 10, 10, 5, 10, 25, 5, 20, 25, 5, 10, 15, 15, 20, 10, 15, 20, 10, 15, 20, 5, 8, 25, 15, 25, 15, 15, 15, 20, 20, 5, 10, 25, 20, 10, 5, 10, 20, 20, 10, 5, 15, 5, 25, 5, 5, 20, 10, 10, 20, 20, 25, 25, 15, 20, 10, 20, 5, 15, 10, 10, 10, 10, 10, 10, 5, 10, 10, 15, 20, 10, 15, 10, 5, 5, 15, 20, 25, 5, 20, 10, 25, 10, 30, 5, 15, 10, 15, 10, 15, 5, 20, 5, 25, 15, 15, 15, 15, 22, 20, 25, 15, 15, 10, 15, 10, 5, 15, 10, 20, 15, 10, 5, 15, 5, 25, 10, 25, 10, 20, 15, 15, 20, 5, 5, 25, 15, 15, 15, 14, 20, 20, 15, 10, 10, 20, 30, 15, 5, 10, 15, 30, 10, 5, 25, 20, 5, 15, 10, 15, 5, 20, 10, 10, 20, 35, 10, 20, 11, 25, 15, 10, 5, 10, 10, 10, 15, 10, 25, 5, 15, 10, 15, 5, 5, 10, 15, 5, 15, 5, 10, 20, 5, 15, 25, 10, 10, 20, 15, 15, 15, 10, 10, 25, 15, 15, 5, 15, 15, 15, 15, 15, 15, 10, 20, 15, 20, 15, 5, 10, 15, 20, 20, 10, 15, 10, 10, 20, 5, 20, 25, 15, 5, 20, 20, 15, 5, 10, 25, 15, 15, 5, 30, 5, 5, 10, 20, 15, 5, 15, 10, 15, 10, 15, 15, 15, 5, 20, 5, 20, 10, 20, 10, 10, 20, 10, 10, 15, 15, 5, 20, 10, 15, 25, 15, 15, 25, 15, 10, 10, 10, 15, 25, 20, 20, 15, 10, 10, 5, 15, 15, 10, 15, 15, 5, 10, 10, 25, 10, 20, 10, 20, 20, 5, 35, 15, 10, 10, 13, 
1190105, 1
1190105, 1959
1190105, 3501
1190105, 26543
1190105, 7894
1190105, 37241
1190106, 1
1190106, 
1190106, 1
1190106, 3958
1190106, 5502
1190106, 25984
1190106, 10150
1190106, 37118
1190107, 1
1190107, 
1190107, 1
1190107, 5945
1190107, 7488
1190107, 38672
1190107, 7737
1190107, 37030
1192945, 1
1192945, 5, 5, 5, 5, 5, 5, 5, 5, 5, 5, 5, 5, 5, 5, 5, 5, 5, 5, 5, 5, 5, 5, 5, 5, 5, 2, 5, 5, 5, 5, 10, 5, 5, 10, 10, 10, 5, 5, 5, 5, 5, 5, 10, 5, 5, 5, 5, 10, 5, 5, 5, 5, 5, 5, 5, 5, 5, 5, 5, 5, 5, 5, 5, 5, 5, 5, 5, 5, 5, 5, 5, 5, 5, 5, 5, 5, 5, 5, 5, 5, 5, 5, 5, 5, 5, 5, 5, 5, 5, 5, 5, 5, 5, 5, 5, 5, 5, 5, 5, 5, 5, 5, 5, 5, 10, 5, 5, 5, 5, 5, 5, 5, 5, 5, 5, 5, 5, 5, 5, 5, 5, 5, 5, 15, 5, 5, 5, 5, 5, 5, 5, 5, 5, 10, 5, 5, 10, 5, 5, 10, 5, 5, 5, 5, 5, 10, 5, 5, 5, 5, 10, 5, 10, 5, 5, 5, 5, 5, 10, 5, 5, 5, 5, 5, 5, 5, 5, 5, 5, 5, 5, 5, 5, 10, 10, 10, 5, 5, 10, 5, 10, 5, 5, 10, 5, 5, 5, 10, 5, 5, 5, 5, 5, 5, 5, 10, 5, 5, 5, 5, 5, 5, 5, 5, 5, 5, 5, 5, 5, 5, 5, 5, 10, 5, 5, 5, 15, 5, 5, 5, 5, 5, 5, 10, 5, 5, 5, 5, 5, 5, 5, 5, 5, 5, 5, 5, 5, 5, 5, 10, 5, 5, 10, 5, 5, 5, 5, 5, 5, 10, 5, 5, 5, 10, 10, 10, 5, 5, 5, 10, 5, 5, 10, 10, 5, 5, 5, 5, 5, 10, 5, 5, 5, 5, 5, 5, 5, 5, 5, 10, 5, 5, 5, 5, 5, 5, 5, 10, 5, 5, 10, 5, 5, 10, 10, 5, 5, 5, 10, 10, 5, 5, 10, 5, 5, 5, 5, 10, 5, 5, 10, 15, 5, 5, 5, 5, 5, 5, 10, 5, 10, 5, 5, 5, 10, 5, 5, 5, 5, 15, 5, 20, 5, 10, 5, 5, 5, 5, 5, 5, 5, 5, 15, 10, 5, 15, 10, 10, 5, 5, 10, 5, 5, 5, 5, 5, 10, 5, 5, 5, 5, 5, 5, 10, 5, 10, 5, 15, 10, 5, 5, 5, 15, 15, 5, 5, 5, 5, 10, 5, 5, 5, 5, 5, 15, 15, 5, 11, 20, 5, 5, 10, 10, 5, 5, 5, 15, 15, 5, 5, 5, 5, 5, 5, 5, 5, 15, 5, 10, 5, 15, 5, 5, 5, 5, 10, 10, 5, 10, 5, 10, 10, 10, 10, 10, 5, 10, 5, 5, 10, 5, 10, 5, 5, 10, 10, 5, 5, 10, 10, 5, 5, 10, 5, 5, 5, 5, 10, 5, 15, 9, 
1192945, 1
1192945, 6146
1192945, 7515
1192945, 45339
1192945, 16578
1192945, 36802
1192946, 1
1192946, 
1192946, 2
1192946, 8197
1192946, 9571
1192946, 35240
1192946, 6140
1192946, 36771
1220122, 22
1220122, 5, 10, 5, 5, 10, 5, 15, 15, 5, 5, 5, 10, 10, 5, 10, 5, 20, 10, 15, 5, 5, 5, 10, 25, 5, 5, 5, 10, 5, 5, 5, 10, 10, 5, 20, 20, 14, 5, 15, 10, 10, 15, 10, 10, 10, 5, 15, 15, 5, 5, 25, 7, 10, 5, 15, 15, 20, 30, 10, 20, 5, 10, 15, 20, 10, 10, 5, 15, 5, 10, 5, 10, 15, 10, 15, 10, 15, 15, 15, 25, 15, 15, 30, 10, 10, 15, 10, 30, 10, 5, 10, 20, 30, 5, 10, 15, 15, 10, 15, 10, 5, 15, 20, 10, 5, 15, 15, 15, 10, 10, 5, 40, 10, 15, 10, 25, 10, 15, 10, 20, 20, 30, 10, 30, 20, 10, 15, 15, 10, 25, 20, 20, 10, 20, 25, 15, 10, 15, 5, 20, 20, 15, 10, 20, 15, 20, 35, 20, 20, 15, 10, 20, 25, 30, 15, 30, 10, 10, 20, 35, 30, 15, 5, 20, 25, 30, 25, 15, 15, 25, 20, 10, 5, 15, 10, 20, 10, 15, 25, 10, 10, 5, 10, 30, 25, 15, 10, 20, 10, 10, 15, 15, 35, 5, 10, 10, 26, 10, 15, 15, 20, 20, 10, 15, 10, 10, 25, 5, 1, 15, 25, 10, 18, 6, 10, 10, 25, 5, 20, 5, 15, 5, 15, 25, 15, 30, 10, 5, 15, 5, 15, 5, 25, 30, 25, 5, 10, 30, 20, 25, 15, 15, 40, 15, 20, 15, 10, 20, 25, 15, 25, 15, 5, 5, 25, 20, 15, 20, 5, 25, 10, 15, 25, 20, 15, 20, 30, 5, 45, 25, 15, 15, 15, 20, 5, 55, 30, 10, 20, 10, 15, 15, 5, 20, 5, 35, 15, 25, 20, 15, 27, 25, 25, 10, 20, 15, 10, 25, 30, 15, 10, 30, 20, 21, 25, 25, 10, 20, 30, 30, 15, 50, 30, 20, 15, 35, 20, 20, 20, 15, 15, 20, 10, 15, 30, 10, 15, 25, 30, 15, 30, 15, 30, 20, 25, 35, 20, 35, 15, 20, 10, 15, 35, 25, 30, 45, 15, 25, 15, 25, 10, 35, 10, 45, 30, 10, 25, 15, 30, 25, 20, 15, 15, 10, 25, 15, 10, 45, 20, 15, 30, 20, 25, 25, 40, 25, 15, 30, 10, 30, 50, 20, 15, 30, 15, 25, 30, 25, 20, 40, 20, 15, 10, 15, 30, 20, 15, 35, 20, 10, 15, 25, 20, 5, 30, 25, 35, 30, 30, 36, 25, 25, 30, 30, 30, 30, 30, 20, 20, 20, 30, 5, 35, 35, 15, 10, 20, 15, 35, 25, 25, 40, 25, 35, 15, 35, 30, 15, 35, 30, 30, 25, 20, 15, 15, 45, 25, 26, 25, 35, 30, 20, 5, 20, 15, 50, 10, 20, 31, 15, 15, 35, 10, 20, 15, 25, 25, 10, 21, 30, 25, 35, 15, 30, 25, 40, 20, 10, 15, 20, 10, 20, 25, 35, 25, 30, 15, 30, 15, 15, 15, 10, 25, 15, 30, 30, 35, 25, 25, 20, 15, 20, 25, 10, 25, 35, 15, 45, 20, 15, 35, 20, 25, 35, 10, 40, 29, 40, 35, 25, 25, 30, 40, 25, 25, 40, 15, 15, 55, 30, 15, 15, 25, 10, 10, 10, 15, 35, 40, 30, 35, 20, 15, 15, 25, 35, 25, 15, 20, 15, 30, 25, 35, 40, 15, 30, 20, 10, 30, 10, 20, 20, 20, 20, 30, 30, 10, 20, 20, 20, 35, 20, 10, 15, 15, 15, 25, 45, 20, 15, 15, 25, 32, 25, 25, 25, 20, 10, 10, 25, 45, 40, 25, 15, 20, 25, 10, 25, 15, 25, 10, 25, 15, 20, 20, 15, 20, 20, 15, 45, 25, 30, 45, 30, 10, 10, 25, 10, 30, 15, 15, 25, 20, 25, 10, 35, 15, 15, 35, 15, 30, 30, 20, 35, 30, 20, 40, 30, 20, 45, 25, 30, 30, 35, 30, 25, 35, 20, 35, 25, 25, 25, 25, 15, 25, 20, 45, 15, 40, 20, 25, 55, 35, 16, 25, 15, 20, 15, 30, 20, 20, 35, 30, 15, 15, 25, 20, 20, 30, 25, 35, 25, 35, 30, 50, 20, 30, 35, 30, 25, 25, 35, 20, 45, 50, 35, 20, 35, 40, 15, 45, 35, 35, 25, 20, 45, 30, 5, 25, 25, 15, 25, 30, 10, 35, 35, 15, 15, 10, 15, 30, 40, 20, 20, 25, 20, 25, 31, 15, 25, 15, 10, 25, 30, 30, 30, 40, 10, 25, 10, 25, 40, 40, 20, 10, 40, 30, 45, 35, 15, 20, 25, 15, 35, 20, 20, 25, 25, 35, 40, 30, 25, 10, 25, 33, 20, 10, 20, 10, 25, 25, 20, 25, 15, 30, 20, 15, 25, 10, 25, 35, 15, 30, 20, 35, 25, 20, 25, 35, 15, 20, 15, 30, 30, 25, 30, 40, 15, 30, 25, 35, 20, 15, 15, 15, 20, 35, 20, 25, 10, 25, 20, 30, 40, 65, 30, 30, 15, 15, 20, 15, 10, 45, 30, 10, 20, 30, 10, 35, 10, 40, 15, 30, 25, 20, 25, 45, 50, 25, 35, 35, 30, 35, 40, 45, 15, 15, 14, 20, 15, 40, 35, 20, 20, 15, 15, 15, 20, 30, 10, 35, 20, 25, 45, 30, 15, 15, 5, 25, 35, 40, 15, 20, 30, 35, 35, 15, 25, 25, 30, 20, 30, 30, 25, 35, 25, 20, 26, 40, 15, 35, 20, 30, 30, 20, 25, 10, 20, 20, 40, 5, 25, 35, 15, 30, 15, 20, 35, 25, 45, 25, 40, 15, 35, 50, 20, 10, 40, 25, 25, 15, 15, 35, 5, 15, 25, 25, 15, 25, 30, 35, 10, 35, 25, 25, 20, 30, 20, 35, 25, 21, 15, 35, 20, 15, 20, 35, 30, 45, 40, 10, 35, 20, 35, 45, 30, 40, 25, 36, 15, 15, 40, 30, 25, 25, 25, 20, 30, 25, 20, 25, 15, 25, 30, 30, 30, 25, 30, 48, 25, 23, 10, 60, 30, 25, 40, 20, 15, 20, 15, 25, 25, 10, 15, 10, 15, 15, 15, 25, 20, 20, 40, 50, 45, 20, 20, 20, 25, 25, 55, 35, 30, 40, 25, 42, 30, 30, 10, 50, 50, 25, 20, 20, 20, 25, 30, 35, 40, 40, 25, 10, 20, 20, 25, 25, 45, 60, 36, 25, 20, 25, 30, 15, 30, 25, 56, 25, 40, 20, 20, 35, 20, 15, 35, 20, 40, 20, 10, 5, 10, 30, 5, 65, 25, 10, 25, 30, 35, 45, 35, 25, 35, 30, 40, 35, 15, 35, 25, 15, 20, 20, 10, 30, 40, 20, 15, 25, 50, 20, 15, 25, 40, 25, 15, 15, 30, 20, 60, 30, 30, 43, 10, 40, 40, 25, 10, 30, 30, 30, 60, 25, 35, 40, 30, 25, 20, 21, 25, 25, 40, 20, 25, 30, 35, 35, 20, 25, 5, 55, 35, 10, 25, 30, 40, 70, 30, 20, 46, 25, 15, 30, 25, 35, 40, 20, 25, 15, 30, 20, 30, 15, 10, 15, 40, 30, 20, 30, 25, 10, 15, 30, 25, 50, 35, 25, 20, 15, 30, 25, 35, 23, 30, 30, 20, 20, 40, 35, 30, 30, 20, 10, 20, 30, 35, 30, 30, 60, 25, 50, 15, 29, 
1220122, 1
1220122, 1922
1220122, 3199
1220122, 30434
1220122, 6379
1220122, 36631
1220123, 1
1220123, 
1220123, 1
1220123, 4002
1220123, 5282
1220123, 34808
1220123, 8100
1220123, 36560
1222359, 2
1222359, 5, 5, 5, 5, 5, 5, 5, 5, 5, 5, 5, 5, 5, 5, 5, 5, 5, 5, 5, 5, 5, 5, 5, 5, 5, 5, 5, 5, 5, 5, 5, 5, 5, 5, 5, 5, 10, 5, 5, 5, 5, 5, 5, 5, 5, 5, 5, 5, 5, 5, 5, 5, 5, 5, 5, 5, 5, 5, 10, 5, 5, 5, 5, 5, 5, 5, 5, 5, 5, 5, 5, 5, 5, 10, 5, 5, 5, 5, 5, 5, 5, 5, 5, 5, 5, 5, 10, 5, 5, 5, 5, 5, 5, 5, 5, 5, 5, 5, 5, 5, 5, 5, 5, 5, 10, 10, 5, 5, 5, 5, 10, 10, 5, 5, 5, 5, 5, 5, 5, 5, 5, 5, 5, 5, 15, 5, 5, 5, 10, 5, 5, 5, 5, 5, 5, 5, 5, 5, 5, 5, 5, 5, 5, 5, 10, 5, 5, 5, 5, 5, 5, 5, 5, 5, 5, 5, 5, 5, 5, 5, 5, 5, 5, 5, 5, 5, 5, 5, 5, 5, 5, 5, 5, 5, 5, 5, 10, 5, 5, 5, 5, 5, 5, 5, 5, 5, 5, 5, 5, 5, 5, 5, 5, 10, 5, 5, 5, 5, 5, 5, 5, 5, 5, 10, 5, 15, 5, 5, 5, 5, 5, 5, 5, 5, 5, 5, 5, 5, 5, 5, 5, 10, 5, 10, 5, 5, 5, 5, 5, 5, 5, 5, 5, 10, 5, 5, 10, 5, 5, 5, 5, 10, 5, 10, 5, 5, 5, 5, 5, 10, 5, 5, 5, 5, 5, 5, 5, 5, 15, 5, 10, 5, 5, 10, 5, 5, 5, 5, 5, 5, 5, 5, 5, 5, 5, 5, 5, 10, 10, 5, 5, 5, 10, 5, 5, 5, 5, 5, 5, 10, 5, 5, 5, 10, 10, 5, 5, 5, 5, 5, 5, 10, 5, 10, 5, 10, 15, 5, 5, 10, 5, 5, 5, 10, 5, 5, 5, 5, 5, 10, 10, 10, 15, 5, 10, 5, 5, 5, 10, 5, 10, 5, 10, 10, 5, 10, 5, 5, 5, 5, 5, 10, 5, 5, 10, 5, 15, 5, 5, 5, 5, 5, 10, 5, 10, 5, 10, 5, 10, 5, 5, 5, 10, 5, 5, 5, 15, 10, 5, 5, 5, 10, 10, 5, 5, 5, 5, 10, 9, 
1222359, 2
1222359, 4282
1222359, 5570
1222359, 28295
1222359, 4260
1222359, 36580
1224578, 1
1224578, 5, 5, 5, 5, 5, 5, 5, 5, 5, 5, 5, 5, 5, 5, 5, 5, 5, 5, 5, 5, 5, 5, 5, 5, 5, 5, 5, 5, 5, 5, 5, 5, 5, 5, 5, 5, 5, 5, 5, 5, 5, 5, 5, 5, 5, 5, 5, 5, 5, 5, 5, 5, 2, 5, 5, 5, 5, 5, 10, 5, 5, 5, 5, 5, 5, 5, 5, 5, 5, 5, 5, 10, 10, 5, 5, 5, 5, 5, 5, 5, 5, 10, 5, 5, 5, 5, 5, 5, 5, 5, 5, 5, 5, 5, 5, 5, 5, 5, 5, 5, 5, 5, 10, 5, 5, 5, 5, 5, 5, 5, 15, 5, 5, 5, 5, 10, 5, 5, 5, 5, 10, 5, 5, 10, 5, 5, 5, 5, 5, 5, 5, 5, 5, 5, 5, 5, 5, 5, 10, 5, 10, 10, 5, 5, 5, 5, 5, 5, 5, 5, 10, 5, 5, 5, 5, 5, 5, 5, 5, 10, 5, 5, 1, 5, 5, 5, 5, 5, 5, 5, 5, 10, 5, 10, 10, 5, 5, 5, 5, 10, 5, 5, 5, 5, 5, 15, 15, 5, 5, 10, 10, 5, 5, 5, 5, 5, 5, 5, 10, 5, 5, 5, 5, 5, 5, 5, 5, 5, 5, 10, 5, 10, 5, 5, 5, 5, 5, 5, 5, 5, 5, 5, 5, 5, 5, 5, 5, 5, 5, 10, 10, 5, 5, 5, 5, 5, 10, 5, 5, 5, 15, 5, 10, 10, 5, 5, 5, 10, 5, 20, 5, 5, 5, 5, 10, 10, 5, 5, 10, 5, 5, 10, 5, 15, 5, 5, 5, 5, 5, 5, 5, 10, 5, 5, 10, 5, 5, 15, 5, 5, 5, 5, 5, 5, 10, 5, 5, 5, 5, 5, 5, 10, 5, 5, 5, 5, 5, 5, 5, 5, 5, 10, 5, 10, 5, 5, 5, 5, 10, 5, 5, 5, 5, 10, 5, 5, 10, 5, 5, 5, 10, 15, 15, 10, 5, 5, 5, 10, 15, 10, 5, 5, 5, 5, 5, 5, 5, 5, 5, 5, 10, 10, 5, 5, 5, 5, 10, 10, 5, 10, 5, 10, 5, 5, 5, 10, 5, 5, 5, 10, 5, 10, 10, 5, 5, 5, 5, 10, 
1224578, 1
1224578, 4593
1224578, 5896
1224578, 20654
1224578, 4896
1224578, 36527
1247759, 17
1247759, 5, 5, 5, 5, 5, 5, 5, 5, 5, 5, 5, 5, 5, 10, 10, 5, 20, 10, 5, 5, 10, 10, 5, 15, 10, 10, 10, 5, 10, 5, 5, 10, 5, 5, 5, 15, 20, 10, 5, 15, 20, 10, 5, 5, 10, 25, 10, 10, 15, 5, 10, 5, 5, 10, 10, 5, 10, 20, 15, 15, 5, 10, 10, 10, 10, 5, 10, 20, 15, 5, 15, 10, 15, 5, 10, 20, 5, 10, 5, 25, 15, 15, 10, 5, 15, 5, 15, 5, 5, 15, 10, 5, 10, 10, 20, 15, 1, 10, 10, 10, 30, 15, 5, 20, 5, 15, 5, 10, 10, 15, 10, 10, 10, 20, 15, 15, 20, 10, 30, 20, 5, 5, 15, 20, 15, 10, 10, 15, 20, 5, 15, 15, 20, 10, 30, 25, 10, 10, 5, 20, 15, 25, 5, 15, 10, 25, 15, 25, 15, 10, 10, 10, 10, 5, 20, 15, 5, 5, 5, 10, 20, 20, 10, 10, 41, 10, 5, 10, 10, 10, 10, 15, 20, 15, 10, 15, 25, 5, 25, 10, 10, 15, 5, 10, 15, 10, 10, 15, 15, 10, 5, 20, 10, 10, 10, 10, 10, 5, 15, 30, 10, 10, 5, 5, 10, 15, 20, 10, 30, 25, 10, 5, 10, 10, 20, 20, 15, 15, 5, 42, 10, 20, 25, 10, 5, 15, 10, 10, 5, 10, 15, 25, 15, 25, 10, 25, 20, 15, 25, 20, 25, 15, 10, 25, 10, 20, 20, 10, 5, 20, 20, 10, 35, 20, 20, 15, 25, 15, 15, 15, 20, 10, 20, 15, 15, 10, 15, 15, 25, 15, 10, 10, 15, 25, 15, 10, 25, 25, 15, 20, 30, 10, 25, 25, 15, 10, 15, 20, 20, 25, 35, 15, 20, 20, 5, 15, 15, 10, 35, 7, 40, 5, 15, 10, 25, 20, 5, 20, 35, 20, 25, 10, 15, 20, 15, 30, 15, 30, 10, 15, 10, 15, 35, 10, 25, 20, 5, 35, 15, 30, 20, 35, 10, 15, 10, 20, 15, 10, 15, 25, 10, 15, 20, 15, 10, 27, 15, 30, 25, 35, 15, 15, 35, 15, 10, 10, 15, 15, 25, 30, 10, 20, 10, 10, 20, 20, 20, 15, 25, 10, 10, 25, 15, 15, 20, 10, 50, 10, 10, 25, 30, 15, 20, 20, 10, 25, 16, 5, 20, 30, 20, 15, 20, 20, 25, 10, 20, 25, 20, 5, 15, 25, 20, 15, 10, 15, 5, 10, 5, 10, 25, 15, 10, 25, 25, 10, 20, 20, 15, 5, 20, 15, 15, 20, 25, 20, 15, 15, 20, 25, 25, 20, 10, 10, 15, 35, 25, 40, 30, 30, 20, 15, 5, 15, 20, 16, 15, 10, 25, 15, 30, 20, 15, 10, 20, 20, 15, 30, 15, 15, 30, 20, 15, 20, 20, 20, 25, 40, 35, 20, 35, 20, 25, 20, 5, 10, 25, 15, 20, 25, 20, 20, 40, 5, 10, 10, 35, 10, 30, 20, 25, 15, 20, 20, 30, 20, 25, 20, 20, 15, 10, 30, 10, 40, 40, 25, 35, 10, 25, 15, 25, 45, 20, 20, 15, 10, 10, 10, 30, 30, 15, 25, 15, 26, 25, 15, 30, 10, 15, 20, 35, 25, 35, 30, 25, 15, 25, 15, 15, 20, 20, 30, 20, 10, 35, 10, 40, 20, 25, 10, 10, 30, 10, 25, 15, 35, 25, 15, 10, 10, 10, 20, 25, 20, 20, 15, 15, 15, 20, 5, 35, 35, 20, 25, 30, 35, 10, 25, 17, 20, 20, 20, 15, 30, 25, 21, 30, 15, 25, 15, 20, 30, 20, 20, 10, 15, 15, 15, 15, 15, 20, 35, 25, 10, 40, 15, 55, 25, 25, 20, 30, 5, 10, 30, 10, 30, 5, 20, 30, 15, 40, 20, 20, 15, 10, 15, 10, 20, 25, 15, 30, 30, 20, 15, 31, 10, 30, 10, 30, 15, 10, 10, 20, 15, 15, 35, 10, 20, 15, 20, 15, 20, 10, 35, 10, 15, 20, 25, 20, 20, 25, 45, 5, 35, 20, 35, 30, 15, 20, 20, 15, 10, 30, 25, 10, 15, 25, 15, 25, 25, 20, 35, 20, 20, 30, 10, 20, 15, 15, 45, 25, 15, 20, 25, 20, 5, 25, 20, 35, 25, 20, 20, 25, 20, 20, 15, 45, 25, 10, 15, 15, 20, 35, 35, 15, 5, 27, 40, 20, 6, 15, 30, 25, 15, 15, 25, 20, 40, 20, 10, 30, 20, 20, 20, 25, 30, 20, 25, 15, 20, 30, 30, 15, 15, 15, 20, 61, 15, 20, 20, 30, 25, 25, 20, 25, 25, 25, 10, 15, 20, 20, 25, 10, 15, 90, 5, 20, 10, 10, 25, 30, 40, 25, 30, 25, 20, 30, 25, 30, 20, 15, 10, 20, 10, 25, 10, 10, 15, 30, 25, 10, 40, 30, 35, 20, 30, 25, 20, 30, 30, 5, 10, 15, 40, 15, 35, 20, 15, 10, 30, 10, 30, 30, 30, 10, 20, 10, 5, 20, 30, 20, 25, 10, 30, 10, 35, 20, 10, 20, 11, 30, 25, 55, 25, 25, 30, 25, 40, 15, 15, 26, 20, 30, 20, 15, 10, 20, 25, 40, 15, 15, 40, 15, 45, 50, 20, 20, 35, 35, 30, 15, 25, 5, 20, 20, 15, 30, 20, 35, 20, 25, 20, 30, 30, 20, 15, 20, 30, 31, 10, 15, 20, 35, 30, 25, 25, 35, 25, 5, 25, 10, 55, 15, 35, 15, 30, 10, 30, 35, 40, 50, 20, 15, 27, 10, 25, 25, 25, 35, 10, 45, 20, 32, 15, 20, 15, 32, 35, 40, 25, 25, 5, 15, 20, 15, 35, 15, 25, 20, 30, 15, 20, 20, 20, 15, 20, 30, 20, 20, 15, 15, 20, 45, 10, 15, 20, 45, 28, 20, 20, 20, 35, 20, 40, 15, 46, 10, 20, 25, 35, 30, 10, 30, 35, 15, 10, 40, 30, 15, 36, 15, 10, 25, 5, 10, 30, 25, 15, 25, 15, 25, 25, 35, 30, 15, 20, 40, 10, 10, 30, 20, 15, 20, 35, 15, 40, 25, 20, 20, 15, 25, 50, 35, 15, 10, 40, 30, 20, 25, 15, 15, 20, 25, 10, 10, 25, 20, 30, 35, 15, 35, 35, 25, 25, 20, 10, 30, 30, 25, 15, 30, 20, 30, 25, 30, 25, 65, 55, 16, 20, 20, 25, 35, 30, 30, 20, 20, 20, 10, 20, 10, 20, 35, 20, 20, 15, 20, 15, 15, 25, 20, 10, 20, 10, 10, 35, 25, 50, 20, 30, 30, 30, 25, 20, 30, 30, 15, 20, 25, 35, 15, 25, 15, 10, 41, 20, 10, 35, 20, 25, 30, 15, 15, 25, 35, 20, 20, 15, 15, 25, 15, 45, 20, 35, 45, 35, 30, 20, 25, 25, 30, 30, 20, 20, 25, 40, 50, 30, 20, 15, 10, 10, 15, 15, 22, 20, 40, 35, 40, 35, 20, 15, 15, 20, 35, 45, 35, 25, 25, 25, 45, 35, 22, 15, 30, 65, 20, 15, 40, 15, 30, 15, 25, 55, 20, 20, 25, 25, 5, 25, 30, 25, 15, 20, 50, 20, 20, 15, 30, 
1247759, 2
1247759, 1826
1247759, 2939
1247759, 44205
1247759, 7304
1247759, 36406
1247760, 1
1247760, 
1247760, 1
1247760, 4014
1247760, 5126
1247760, 35332
1247760, 11091
1247760, 36235
1251687, 16
1251687, 5, 5, 5, 5, 5, 5, 5, 5, 5, 5, 1, 5, 5, 5, 5, 5, 5, 5, 5, 5, 5, 5, 5, 5, 5, 5, 5, 5, 5, 5, 5, 5, 5, 5, 5, 5, 5, 5, 5, 5, 10, 5, 1, 5, 5, 5, 5, 5, 10, 5, 5, 5, 5, 5, 5, 10, 5, 10, 5, 10, 5, 5, 10, 5, 5, 10, 5, 5, 5, 5, 5, 5, 5, 5, 5, 5, 5, 5, 5, 5, 5, 5, 5, 5, 5, 5, 5, 5, 10, 5, 5, 5, 5, 5, 5, 5, 5, 10, 15, 5, 5, 5, 5, 5, 5, 5, 5, 5, 5, 5, 5, 5, 5, 15, 5, 5, 5, 5, 5, 10, 5, 5, 10, 5, 5, 10, 5, 5, 10, 5, 5, 5, 5, 5, 5, 1, 5, 10, 5, 10, 5, 5, 5, 5, 5, 5, 10, 10, 10, 15, 5, 5, 5, 5, 5, 10, 5, 10, 10, 5, 5, 10, 5, 1, 5, 5, 5, 5, 5, 5, 10, 5, 10, 5, 5, 5, 10, 5, 5, 5, 5, 5, 5, 10, 5, 10, 5, 5, 10, 5, 5, 5, 10, 5, 5, 5, 5, 5, 10, 10, 5, 10, 5, 5, 5, 5, 5, 5, 5, 5, 5, 15, 5, 5, 5, 5, 5, 5, 5, 5, 5, 10, 10, 10, 5, 5, 20, 5, 5, 5, 10, 5, 5, 5, 10, 5, 5, 5, 5, 5, 5, 10, 5, 10, 5, 10, 5, 5, 5, 10, 5, 5, 10, 5, 10, 5, 10, 5, 10, 5, 5, 10, 5, 5, 5, 10, 5, 15, 10, 5, 10, 5, 5, 10, 10, 10, 10, 10, 10, 10, 5, 5, 5, 5, 5, 5, 5, 15, 10, 5, 10, 5, 10, 5, 5, 10, 5, 10, 5, 10, 5, 5, 5, 5, 5, 5, 5, 5, 5, 5, 5, 5, 5, 5, 5, 5, 5, 10, 5, 5, 5, 10, 5, 5, 5, 5, 5, 10, 5, 10, 5, 5, 5, 5, 5, 10, 5, 10, 5, 5, 5, 5, 10, 5, 15, 5, 5, 5, 10, 5, 10, 5, 5, 10, 5, 5, 10, 5, 5, 5, 10, 5, 5, 5, 5, 10, 5, 5, 5, 5, 5, 5, 5, 5, 5, 10, 10, 10, 5, 5, 5, 5, 5, 5, 10, 10, 5, 5, 5, 5, 5, 5, 5, 5, 10, 10, 5, 5, 20, 5, 10, 5, 15, 10, 5, 10, 5, 10, 15, 10, 15, 15, 5, 5, 5, 10, 15, 10, 10, 5, 10, 10, 5, 10, 5, 10, 7, 5, 5, 5, 5, 10, 6, 5, 10, 5, 15, 5, 5, 10, 5, 5, 5, 5, 5, 10, 5, 5, 5, 10, 5, 5, 5, 5, 5, 5, 5, 5, 5, 10, 5, 10, 10, 5, 5, 5, 10, 10, 10, 10, 15, 5, 15, 10, 5, 5, 10, 20, 5, 5, 5, 10, 5, 5, 10, 6, 10, 10, 5, 10, 10, 15, 10, 5, 10, 15, 10, 10, 10, 5, 10, 5, 5, 15, 5, 15, 5, 10, 5, 15, 10, 15, 5, 5, 10, 5, 15, 5, 5, 10, 5, 15, 5, 10, 15, 15, 5, 5, 10, 15, 5, 5, 5, 5, 5, 20, 10, 5, 25, 5, 5, 5, 5, 5, 5, 10, 5, 10, 10, 5, 5, 10, 15, 5, 15, 5, 15, 5, 5, 15, 10, 5, 10, 5, 15, 5, 20, 5, 5, 5, 3, 
1251687, 1
1251687, 4102
1251687, 5577
1251687, 23403
1251687, 5369
1251687, 36200
1251688, 1
1251688, 
1251688, 1
1251688, 6276
1251688, 7750
1251688, 19688
1251688, 3210
1251688, 36190
1251689, 1
1251689, 
1251689, 1
1251689, 8452
1251689, 9923
1251689, 30039
1251689, 7054
1251689, 36100
1252075, 6
1252075, 5, 5, 5, 5, 5, 5, 5, 5, 5, 5, 5, 5, 5, 5, 5, 5, 5, 5, 5, 5, 10, 5, 5, 5, 5, 5, 5, 5, 5, 5, 5, 5, 10, 5, 5, 5, 5, 5, 5, 5, 5, 5, 5, 5, 5, 5, 5, 5, 5, 5, 5, 10, 5, 5, 5, 5, 5, 5, 5, 5, 5, 5, 5, 5, 5, 5, 5, 5, 5, 5, 5, 5, 5, 
1252075, 1
1252075, 8745
1252075, 10216
1252075, 26341
1252075, 5883
1252075, 35985
1252076, 1
1252076, 
1252076, 2
1252076, 10900
1252076, 12382
1252076, 14476
1252076, 4056
1252076, 35995
1257951, 16
1257951, 5, 5, 5, 5, 5, 5, 5, 5, 5, 5, 5, 5, 5, 5, 5, 5, 5, 5, 5, 5, 5, 5, 5, 10, 5, 5, 5, 5, 5, 5, 5, 5, 5, 5, 5, 5, 5, 5, 5, 5, 5, 10, 5, 5, 5, 5, 5, 10, 5, 5, 5, 5, 5, 5, 5, 5, 5, 5, 5, 5, 5, 5, 5, 5, 5, 5, 20, 5, 5, 5, 5, 5, 5, 5, 5, 5, 5, 5, 5, 5, 5, 3, 5, 5, 5, 5, 5, 5, 15, 5, 10, 5, 5, 10, 5, 5, 5, 5, 5, 5, 5, 5, 5, 10, 5, 5, 5, 10, 5, 5, 10, 5, 5, 5, 5, 5, 10, 6, 5, 5, 5, 5, 5, 5, 5, 5, 10, 11, 5, 5, 5, 10, 5, 5, 5, 5, 10, 5, 5, 5, 10, 5, 1, 5, 5, 5, 5, 5, 5, 5, 5, 5, 5, 10, 10, 5, 5, 10, 5, 5, 5, 5, 5, 15, 5, 5, 5, 5, 5, 5, 5, 10, 5, 5, 10, 5, 10, 5, 5, 5, 5, 5, 5, 10, 5, 10, 5, 5, 5, 15, 10, 15, 5, 5, 10, 10, 5, 5, 5, 5, 5, 10, 5, 5, 5, 5, 5, 5, 10, 5, 10, 5, 5, 5, 5, 10, 5, 5, 10, 5, 10, 10, 5, 5, 5, 10, 10, 5, 5, 5, 5, 5, 10, 5, 15, 15, 15, 5, 5, 5, 5, 5, 5, 5, 5, 10, 5, 5, 10, 5, 15, 5, 5, 5, 15, 5, 5, 10, 10, 5, 5, 10, 5, 10, 5, 10, 10, 5, 20, 10, 5, 10, 10, 5, 5, 5, 5, 5, 5, 5, 5, 10, 10, 5, 5, 15, 10, 5, 20, 5, 5, 5, 5, 10, 30, 10, 5, 5, 5, 5, 15, 5, 5, 10, 10, 10, 5, 5, 5, 5, 15, 5, 5, 5, 5, 10, 5, 15, 5, 10, 10, 10, 10, 5, 5, 10, 5, 10, 10, 15, 5, 5, 5, 10, 10, 15, 10, 10, 5, 7, 10, 10, 10, 10, 15, 5, 10, 5, 5, 10, 10, 10, 5, 5, 10, 10, 5, 15, 10, 5, 5, 10, 10, 10, 5, 5, 5, 5, 10, 10, 10, 10, 5, 5, 15, 10, 5, 10, 5, 10, 5, 5, 5, 10, 10, 25, 5, 5, 15, 5, 5, 10, 5, 5, 5, 5, 5, 5, 5, 5, 10, 5, 20, 5, 10, 10, 10, 10, 5, 10, 5, 10, 5, 5, 5, 15, 10, 5, 10, 5, 15, 5, 5, 5, 10, 10, 5, 5, 15, 5, 10, 5, 5, 5, 5, 5, 5, 5, 5, 10, 5, 5, 10, 5, 5, 5, 5, 16, 10, 5, 15, 5, 10, 5, 10, 5, 5, 10, 10, 5, 10, 10, 10, 5, 5, 5, 5, 10, 10, 20, 10, 5, 15, 15, 5, 15, 5, 5, 5, 15, 5, 5, 5, 15, 5, 5, 5, 5, 5, 10, 20, 5, 10, 5, 5, 10, 5, 10, 5, 10, 10, 15, 15, 10, 10, 5, 10, 5, 15, 10, 10, 10, 5, 5, 15, 10, 17, 10, 15, 15, 5, 5, 10, 15, 15, 5, 10, 5, 5, 15, 5, 5, 5, 10, 15, 10, 15, 10, 15, 5, 5, 5, 5, 20, 5, 5, 5, 15, 5, 25, 10, 5, 15, 10, 5, 5, 5, 5, 10, 10, 10, 10, 10, 15, 10, 15, 15, 5, 5, 5, 5, 5, 5, 20, 5, 10, 5, 5, 5, 15, 10, 10, 5, 10, 5, 5, 10, 5, 10, 10, 5, 5, 10, 10, 5, 10, 5, 10, 5, 5, 10, 5, 5, 5, 10, 5, 10, 10, 5, 15, 5, 5, 5, 10, 5, 10, 10, 5, 10, 5, 5, 20, 5, 10, 10, 15, 10, 5, 10, 15, 15, 10, 20, 10, 10, 10, 5, 5, 5, 10, 10, 15, 5, 10, 5, 5, 15, 15, 5, 15, 15, 10, 15, 5, 10, 5, 15, 15, 5, 5, 10, 5, 10, 10, 5, 10, 10, 20, 5, 5, 5, 10, 5, 25, 15, 15, 10, 5, 5, 20, 10, 15, 15, 15, 15, 5, 10, 5, 10, 10, 10, 10, 5, 5, 5, 15, 10, 10, 20, 10, 5, 10, 10, 25, 5, 10, 5, 10, 5, 10, 20, 10, 5, 10, 10, 5, 25, 10, 10, 10, 15, 10, 10, 5, 15, 15, 5, 10, 5, 5, 10, 10, 15, 15, 20, 5, 5, 15, 10, 15, 5, 10, 5, 13, 
1257951, 2
1257951, 3060
1257951, 4973
1257951, 22228
1257951, 7108
1257951, 35923
1257952, 1
1257952, 
1257952, 1
1257952, 5229
1257952, 7139
1257952, 15402
1257952, 3435
1257952, 35836
1257953, 1
1257953, 
1257953, 1
1257953, 7388
1257953, 9294
1257953, 52226
1257953, 14397
1257953, 35674
1267130, 31
1267130, 5, 5, 5, 5, 5, 5, 5, 5, 5, 5, 5, 5, 5, 5, 5, 5, 5, 5, 5, 5, 5, 5, 5, 5, 5, 5, 5, 5, 5, 5, 5, 5, 5, 5, 5, 5, 5, 5, 5, 5, 5, 5, 5, 5, 5, 5, 5, 10, 5, 5, 5, 10, 10, 5, 5, 5, 5, 5, 5, 5, 5, 5, 5, 5, 10, 5, 5, 10, 5, 10, 5, 5, 5, 10, 10, 5, 5, 5, 5, 10, 5, 5, 5, 5, 5, 5, 5, 10, 5, 5, 5, 5, 5, 10, 5, 5, 5, 5, 5, 15, 5, 10, 5, 5, 5, 5, 5, 5, 5, 15, 5, 5, 10, 10, 10, 5, 10, 5, 5, 10, 5, 5, 5, 5, 10, 10, 10, 5, 15, 5, 5, 10, 5, 10, 5, 9, 5, 5, 10, 5, 5, 5, 5, 5, 5, 5, 5, 10, 5, 10, 10, 15, 10, 5, 10, 5, 5, 10, 10, 5, 10, 5, 15, 5, 5, 5, 10, 5, 5, 15, 5, 10, 15, 10, 5, 5, 10, 10, 10, 5, 10, 15, 5, 5, 5, 5, 5, 5, 5, 10, 5, 15, 15, 15, 10, 5, 5, 5, 10, 15, 5, 10, 5, 5, 5, 5, 5, 5, 5, 5, 5, 10, 6, 5, 5, 5, 5, 5, 15, 5, 5, 15, 10, 5, 10, 15, 10, 5, 10, 10, 5, 10, 15, 10, 10, 10, 5, 5, 10, 10, 5, 5, 5, 15, 5, 15, 5, 10, 10, 5, 5, 5, 10, 5, 10, 15, 15, 5, 10, 20, 15, 10, 5, 5, 5, 10, 10, 5, 10, 5, 15, 10, 5, 5, 10, 10, 5, 5, 5, 5, 5, 5, 10, 5, 10, 5, 5, 5, 10, 5, 20, 5, 5, 10, 10, 10, 5, 20, 10, 10, 15, 10, 5, 5, 5, 10, 5, 11, 5, 5, 10, 15, 10, 5, 15, 10, 5, 5, 10, 10, 20, 20, 10, 10, 5, 5, 5, 5, 10, 5, 10, 10, 10, 15, 5, 5, 5, 5, 20, 10, 10, 5, 5, 10, 5, 10, 5, 15, 10, 5, 10, 5, 5, 5, 10, 5, 5, 10, 5, 5, 20, 5, 5, 10, 10, 15, 5, 15, 10, 5, 5, 10, 5, 5, 10, 5, 5, 10, 5, 10, 5, 5, 5, 10, 5, 10, 5, 10, 5, 15, 10, 20, 5, 5, 10, 5, 10, 15, 10, 11, 10, 5, 15, 5, 15, 10, 20, 10, 5, 5, 15, 5, 5, 15, 20, 15, 5, 10, 10, 10, 5, 6, 5, 5, 15, 5, 25, 5, 5, 25, 15, 10, 5, 10, 10, 20, 5, 10, 10, 10, 10, 10, 10, 10, 5, 20, 5, 5, 5, 5, 5, 10, 5, 10, 10, 15, 10, 15, 5, 15, 5, 5, 5, 10, 5, 5, 15, 15, 10, 15, 10, 5, 10, 5, 5, 5, 10, 15, 5, 5, 15, 10, 10, 10, 5, 10, 5, 15, 20, 15, 5, 5, 10, 10, 15, 5, 10, 10, 20, 5, 10, 10, 5, 15, 15, 10, 15, 5, 5, 5, 5, 10, 20, 5, 10, 10, 10, 20, 15, 10, 20, 15, 5, 1, 5, 15, 5, 5, 10, 5, 15, 5, 25, 5, 15, 15, 5, 10, 10, 15, 5, 10, 5, 15, 10, 5, 5, 10, 10, 5, 20, 15, 15, 10, 5, 5, 5, 5, 15, 10, 15, 5, 25, 20, 5, 15, 15, 15, 10, 15, 15, 10, 10, 10, 20, 15, 10, 5, 15, 5, 10, 15, 11, 15, 20, 10, 5, 20, 15, 10, 10, 10, 10, 10, 10, 15, 5, 5, 5, 10, 10, 10, 19, 15, 20, 20, 5, 10, 15, 5, 1, 15, 5, 20, 5, 5, 5, 15, 25, 15, 5, 15, 10, 10, 10, 10, 5, 10, 15, 5, 5, 5, 10, 20, 5, 10, 10, 10, 5, 10, 10, 5, 10, 5, 10, 5, 30, 5, 15, 10, 5, 15, 10, 10, 10, 20, 10, 16, 10, 20, 10, 25, 25, 10, 15, 10, 5, 5, 15, 20, 20, 15, 15, 10, 10, 10, 10, 10, 5, 5, 15, 15, 5, 25, 10, 23, 5, 10, 10, 10, 5, 15, 15, 10, 20, 5, 5, 31, 10, 10, 15, 30, 20, 15, 30, 15, 15, 15, 5, 10, 15, 5, 5, 10, 15, 5, 5, 5, 30, 10, 10, 15, 5, 5, 15, 20, 15, 10, 5, 10, 15, 15, 5, 15, 10, 15, 25, 5, 15, 5, 5, 15, 5, 15, 10, 15, 15, 15, 20, 15, 5, 5, 5, 20, 25, 10, 15, 25, 18, 10, 15, 10, 5, 30, 5, 10, 10, 10, 20, 5, 5, 15, 15, 10, 10, 25, 20, 10, 10, 10, 15, 5, 10, 20, 10, 15, 30, 10, 10, 5, 5, 25, 10, 10, 12, 5, 10, 10, 10, 10, 5, 5, 20, 15, 10, 10, 10, 10, 15, 15, 30, 10, 15, 15, 5, 15, 15, 5, 10, 10, 15, 5, 20, 20, 5, 25, 5, 10, 5, 15, 5, 20, 10, 10, 10, 15, 5, 15, 15, 5, 10, 10, 5, 10, 5, 10, 10, 15, 5, 5, 25, 20, 15, 20, 10, 15, 5, 5, 5, 5, 15, 15, 5, 5, 10, 10, 25, 10, 27, 25, 5, 10, 10, 5, 10, 20, 10, 10, 5, 10, 25, 15, 5, 10, 5, 10, 20, 5, 15, 15, 15, 10, 5, 15, 10, 15, 10, 5, 10, 15, 5, 15, 5, 10, 10, 10, 15, 20, 5, 10, 5, 15, 10, 15, 10, 15, 20, 15, 5, 15, 5, 15, 5, 5, 5, 15, 25, 10, 5, 10, 5, 15, 5, 10, 10, 20, 10, 10, 7, 5, 5, 20, 5, 25, 20, 7, 
1267130, 1
1267130, 2987
1267130, 4368
1267130, 13051
1267130, 3000
1267130, 35682
1267131, 1
1267131, 
1267131, 2
1267131, 5199
1267131, 6582
1267131, 9554
1267131, 2628
1267131, 35661
1267132, 1
1267132, 
1267132, 1
1267132, 7382
1267132, 8764
1267132, 29227
1267132, 7371
1267132, 35506
1272762, 21
1272762, 5, 5, 5, 10, 5, 5, 5, 5, 5, 5, 10, 5, 5, 5, 5, 10, 5, 5, 5, 5, 5, 5, 5, 5, 5, 5, 5, 5, 5, 5, 5, 5, 5, 5, 5, 5, 5, 5, 5, 5, 5, 5, 5, 5, 10, 5, 5, 5, 5, 5, 10, 5, 5, 10, 5, 5, 10, 5, 10, 10, 5, 5, 5, 5, 10, 6, 5, 5, 5, 5, 5, 5, 5, 5, 5, 5, 5, 5, 5, 5, 10, 5, 5, 5, 5, 5, 5, 5, 5, 5, 5, 5, 5, 5, 5, 5, 10, 5, 5, 5, 10, 5, 5, 5, 10, 5, 5, 5, 5, 5, 5, 5, 5, 5, 5, 5, 5, 5, 5, 5, 5, 5, 5, 5, 10, 5, 5, 5, 10, 5, 5, 5, 5, 10, 5, 10, 5, 5, 5, 5, 5, 10, 5, 10, 5, 5, 5, 5, 5, 5, 5, 10, 5, 10, 5, 5, 5, 5, 5, 5, 5, 5, 5, 10, 10, 5, 5, 5, 5, 10, 5, 5, 5, 5, 10, 5, 5, 5, 5, 5, 10, 5, 5, 5, 15, 5, 5, 5, 10, 5, 10, 5, 5, 5, 10, 10, 5, 5, 5, 10, 20, 5, 5, 5, 5, 5, 10, 5, 1, 5, 5, 5, 5, 5, 5, 5, 5, 2, 5, 10, 5, 5, 5, 5, 15, 5, 5, 5, 10, 5, 5, 5, 5, 5, 10, 10, 10, 5, 5, 15, 10, 5, 5, 5, 5, 5, 5, 5, 5, 5, 5, 5, 5, 5, 5, 10, 10, 5, 10, 5, 5, 5, 5, 5, 5, 5, 5, 5, 5, 5, 5, 10, 10, 5, 10, 5, 10, 15, 15, 15, 10, 5, 10, 5, 5, 10, 10, 10, 5, 5, 5, 5, 10, 5, 5, 5, 5, 5, 5, 5, 10, 10, 10, 5, 5, 10, 5, 5, 15, 20, 5, 5, 5, 10, 5, 5, 5, 15, 5, 5, 5, 5, 10, 10, 5, 5, 5, 5, 15, 5, 10, 10, 5, 5, 5, 5, 10, 5, 5, 5, 15, 5, 5, 10, 5, 5, 10, 10, 10, 10, 15, 10, 10, 5, 5, 15, 5, 10, 5, 15, 5, 10, 10, 5, 15, 10, 5, 15, 10, 10, 5, 10, 5, 10, 10, 5, 5, 10, 10, 10, 5, 5, 15, 10, 5, 10, 15, 10, 5, 10, 15, 5, 5, 5, 10, 5, 10, 10, 15, 10, 10, 5, 5, 10, 5, 5, 10, 5, 5, 10, 5, 5, 10, 5, 5, 5, 10, 6, 20, 10, 5, 20, 15, 10, 5, 5, 5, 5, 5, 10, 5, 10, 5, 10, 5, 5, 10, 5, 10, 10, 15, 10, 15, 15, 10, 5, 10, 10, 10, 10, 5, 5, 5, 5, 5, 15, 5, 20, 5, 5, 10, 5, 15, 5, 5, 10, 5, 10, 5, 10, 5, 5, 20, 15, 5, 10, 10, 5, 10, 5, 15, 5, 5, 15, 15, 10, 5, 20, 10, 10, 10, 5, 15, 15, 5, 10, 10, 10, 5, 5, 5, 10, 15, 25, 20, 5, 5, 5, 15, 5, 5, 10, 5, 5, 5, 5, 10, 10, 5, 5, 5, 5, 5, 5, 10, 5, 10, 10, 15, 15, 10, 10, 5, 5, 10, 5, 5, 5, 5, 5, 5, 15, 15, 5, 5, 5, 8, 10, 5, 10, 10, 10, 15, 15, 5, 5, 5, 10, 10, 5, 10, 5, 10, 5, 5, 20, 5, 5, 10, 10, 10, 5, 10, 15, 10, 10, 5, 5, 10, 5, 5, 5, 10, 5, 10, 5, 10, 5, 20, 5, 5, 5, 15, 10, 15, 5, 10, 15, 10, 10, 5, 10, 10, 5, 5, 15, 10, 5, 10, 5, 5, 5, 5, 5, 5, 5, 10, 15, 10, 10, 10, 10, 5, 5, 5, 5, 5, 15, 10, 5, 15, 5, 15, 5, 5, 5, 5, 5, 10, 15, 5, 5, 5, 15, 15, 5, 15, 20, 10, 20, 10, 5, 5, 5, 35, 10, 5, 10, 10, 10, 10, 5, 5, 10, 25, 10, 10, 5, 10, 10, 15, 5, 10, 5, 10, 1, 10, 5, 10, 5, 5, 5, 15, 5, 10, 5, 10, 10, 12, 15, 10, 10, 5, 5, 5, 10, 20, 20, 15, 5, 5, 15, 5, 20, 5, 20, 20, 10, 5, 10, 10, 5, 5, 10, 10, 5, 5, 5, 5, 15, 5, 5, 10, 5, 5, 5, 5, 10, 15, 10, 5, 10, 5, 15, 15, 13, 
1272762, 1
1272762, 3240
1272762, 4523
1272762, 10726
1272762, 4855
1272762, 35468
1272764, 2
1272764, 
1272764, 2
1272764, 5443
1272764, 6727
1272764, 25281
1272764, 4243
1272764, 35404
1310547, 41
1310547, 5, 5, 5, 10, 5, 5, 5, 5, 15, 10, 5, 10, 10, 7, 15, 10, 15, 15, 5, 5, 15, 15, 10, 15, 15, 20, 10, 20, 20, 40, 15, 20, 20, 30, 25, 15, 10, 15, 10, 10, 15, 15, 10, 15, 10, 10, 30, 5, 15, 35, 20, 35, 10, 15, 30, 35, 10, 20, 30, 10, 10, 15, 25, 21, 10, 15, 25, 15, 10, 25, 30, 15, 10, 10, 5, 20, 15, 25, 25, 15, 10, 5, 30, 20, 10, 15, 25, 20, 35, 5, 25, 10, 15, 30, 10, 10, 26, 35, 20, 15, 25, 10, 30, 45, 15, 25, 30, 25, 15, 30, 15, 15, 35, 35, 20, 15, 15, 30, 40, 10, 5, 15, 15, 15, 20, 30, 15, 40, 35, 30, 10, 25, 45, 20, 10, 40, 35, 10, 15, 31, 15, 35, 35, 35, 15, 10, 40, 15, 15, 30, 30, 25, 30, 15, 25, 15, 15, 30, 40, 40, 40, 25, 25, 35, 20, 35, 20, 30, 20, 30, 40, 35, 55, 15, 30, 25, 15, 25, 55, 55, 25, 25, 30, 30, 30, 35, 20, 10, 35, 50, 35, 20, 40, 10, 10, 25, 45, 25, 20, 35, 20, 20, 10, 25, 25, 45, 45, 20, 21, 25, 25, 30, 40, 35, 45, 15, 20, 25, 45, 30, 20, 60, 10, 20, 15, 25, 20, 25, 20, 40, 35, 25, 25, 10, 45, 20, 25, 20, 10, 10, 25, 25, 25, 30, 20, 15, 30, 45, 25, 30, 31, 45, 25, 10, 25, 15, 40, 30, 30, 20, 25, 30, 25, 15, 35, 25, 40, 30, 35, 5, 45, 40, 25, 25, 30, 20, 15, 25, 20, 35, 40, 15, 40, 25, 30, 30, 10, 25, 25, 30, 25, 20, 25, 30, 20, 35, 20, 20, 25, 5, 40, 10, 25, 15, 50, 35, 35, 35, 5, 35, 40, 25, 40, 25, 30, 40, 30, 25, 30, 15, 25, 35, 30, 20, 20, 15, 35, 80, 15, 35, 35, 15, 55, 35, 35, 35, 30, 25, 60, 40, 20, 20, 20, 10, 15, 15, 25, 25, 20, 35, 30, 35, 15, 20, 40, 60, 30, 30, 45, 25, 10, 45, 20, 35, 40, 15, 10, 45, 32, 20, 30, 30, 30, 40, 25, 60, 60, 40, 35, 20, 35, 20, 25, 20, 20, 35, 25, 45, 20, 25, 30, 25, 30, 25, 30, 20, 35, 50, 45, 15, 35, 35, 25, 45, 15, 25, 50, 30, 30, 30, 10, 15, 50, 45, 30, 25, 30, 30, 15, 45, 20, 30, 21, 15, 20, 25, 25, 40, 5, 30, 50, 65, 35, 25, 30, 10, 25, 30, 20, 25, 30, 40, 20, 10, 58, 17, 20, 15, 20, 20, 20, 10, 30, 35, 25, 40, 30, 15, 20, 30, 15, 30, 25, 35, 15, 30, 20, 30, 25, 23, 30, 20, 45, 15, 50, 5, 45, 20, 20, 15, 45, 45, 45, 15, 30, 30, 40, 50, 50, 40, 40, 25, 45, 30, 10, 20, 10, 55, 20, 45, 30, 30, 40, 15, 15, 35, 15, 20, 20, 30, 30, 15, 25, 40, 27, 20, 40, 30, 53, 20, 25, 35, 20, 45, 55, 55, 20, 35, 35, 35, 30, 35, 60, 20, 25, 20, 25, 15, 45, 40, 25, 35, 45, 30, 50, 30, 35, 25, 20, 45, 30, 40, 30, 30, 30, 30, 40, 42, 15, 40, 30, 25, 10, 20, 30, 25, 30, 55, 40, 20, 35, 20, 25, 25, 15, 70, 25, 15, 40, 30, 10, 15, 40, 30, 30, 10, 45, 50, 40, 50, 45, 40, 20, 30, 25, 40, 30, 50, 50, 20, 75, 20, 40, 30, 30, 15, 10, 15, 30, 40, 15, 40, 35, 30, 30, 35, 35, 35, 40, 20, 15, 30, 30, 30, 40, 30, 50, 45, 30, 25, 25, 25, 55, 25, 45, 27, 15, 25, 35, 45, 45, 25, 30, 40, 45, 55, 45, 40, 50, 40, 15, 20, 20, 25, 20, 85, 25, 35, 10, 15, 25, 30, 10, 30, 25, 70, 28, 40, 25, 45, 15, 45, 40, 25, 45, 30, 55, 50, 20, 35, 35, 40, 55, 65, 35, 20, 35, 25, 45, 60, 35, 35, 25, 35, 35, 50, 30, 20, 40, 55, 50, 30, 30, 50, 25, 55, 45, 40, 25, 50, 45, 60, 40, 30, 35, 35, 30, 25, 30, 40, 40, 40, 25, 35, 25, 15, 35, 59, 25, 35, 20, 45, 35, 50, 35, 30, 30, 25, 15, 55, 35, 60, 30, 31, 35, 25, 40, 45, 50, 20, 55, 45, 20, 38, 35, 35, 50, 45, 45, 30, 40, 40, 51, 45, 30, 40, 40, 15, 30, 45, 20, 55, 40, 20, 15, 35, 40, 20, 42, 30, 40, 40, 35, 70, 15, 30, 15, 30, 46, 40, 55, 50, 30, 20, 45, 20, 30, 30, 20, 20, 15, 45, 45, 25, 35, 35, 20, 40, 50, 30, 45, 40, 30, 65, 30, 20, 22, 30, 55, 50, 36, 35, 50, 30, 55, 25, 25, 35, 35, 20, 25, 35, 20, 45, 55, 25, 45, 15, 25, 15, 40, 20, 25, 40, 15, 20, 10, 20, 15, 50, 70, 30, 35, 15, 30, 35, 40, 25, 34, 45, 20, 20, 40, 25, 55, 15, 15, 50, 35, 30, 45, 35, 50, 25, 25, 20, 45, 30, 30, 30, 40, 45, 45, 35, 70, 45, 35, 45, 25, 35, 35, 25, 60, 40, 45, 30, 50, 45, 11, 25, 40, 40, 30, 45, 35, 50, 25, 20, 15, 20, 30, 5, 20, 25, 30, 45, 35, 55, 55, 50, 56, 30, 25, 35, 30, 30, 40, 35, 35, 25, 40, 80, 15, 50, 90, 50, 25, 25, 75, 40, 15, 35, 20, 35, 30, 15, 31, 50, 10, 25, 55, 70, 40, 30, 30, 30, 35, 35, 20, 40, 20, 56, 35, 35, 55, 30, 30, 30, 35, 30, 30, 40, 15, 30, 30, 70, 50, 25, 45, 20, 15, 30, 45, 45, 45, 40, 30, 65, 40, 20, 25, 15, 45, 41, 15, 20, 30, 40, 20, 65, 40, 20, 50, 15, 40, 55, 65, 30, 20, 41, 35, 35, 35, 20, 25, 20, 80, 30, 15, 50, 20, 35, 20, 20, 40, 45, 60, 25, 50, 30, 35, 40, 45, 25, 45, 60, 25, 30, 25, 20, 45, 40, 70, 45, 35, 30, 95, 40, 36, 75, 30, 45, 40, 30, 35, 20, 15, 25, 55, 30, 40, 15, 30, 30, 15, 40, 35, 50, 60, 40, 15, 30, 15, 46, 35, 20, 50, 50, 35, 25, 40, 35, 45, 30, 15, 15, 75, 55, 35, 35, 20, 20, 25, 50, 30, 15, 40, 55, 40, 35, 50, 30, 15, 25, 35, 20, 25, 46, 45, 45, 35, 30, 35, 65, 30, 60, 28, 40, 35, 20, 20, 30, 45, 20, 25, 40, 25, 40, 30, 20, 40, 35, 30, 35, 85, 35, 30, 55, 35, 50, 30, 55, 40, 45, 45, 30, 40, 20, 20, 36, 55, 25, 40, 20, 50, 75, 25, 15, 30, 40, 25, 40, 30, 60, 50, 40, 40, 35, 30, 25, 45, 40, 44, 35, 25, 35, 35, 35, 40, 25, 40, 15, 70, 27, 15, 50, 45, 75, 30, 31, 20, 25, 30, 24, 55, 30, 40, 50, 15, 15, 35, 50, 30, 25, 50, 30, 60, 30, 60, 40, 25, 20, 35, 35, 35, 64, 
1310547, 1
1310547, 1904
1310547, 2852
1310547, 44546
1310547, 11823
1310547, 35203
1310548, 1
1310548, 
1310548, 6
1310548, 4269
1310548, 5227
1310548, 7398
1310548, 1143
1310548, 35228
1310549, 1
1310549, 
1310549, 1
1310549, 6605
1310549, 7563
1310549, 14303
1310549, 3785
1310549, 35156
1310550, 1
1310550, 
1310550, 3
1310550, 8937
1310550, 9926
1310550, 79036
1310550, 10567
1310550, 35081
1342560, 32
1342560, 5, 10, 5, 5, 10, 10, 5, 5, 10, 15, 10, 5, 5, 15, 10, 15, 5, 5, 15, 20, 10, 25, 5, 10, 5, 10, 10, 15, 15, 10, 20, 5, 10, 5, 10, 20, 20, 10, 15, 5, 15, 16, 20, 20, 20, 10, 10, 15, 15, 25, 15, 25, 20, 10, 5, 10, 5, 15, 5, 25, 10, 10, 10, 25, 20, 10, 15, 10, 15, 20, 20, 15, 25, 14, 30, 20, 10, 10, 15, 10, 5, 20, 10, 15, 15, 25, 20, 20, 15, 30, 30, 5, 25, 15, 30, 15, 15, 10, 15, 20, 25, 20, 35, 35, 10, 10, 40, 15, 20, 25, 15, 10, 20, 10, 25, 10, 35, 10, 15, 10, 15, 10, 15, 15, 15, 15, 10, 20, 15, 10, 10, 25, 15, 20, 25, 15, 35, 15, 15, 25, 19, 20, 30, 15, 25, 20, 10, 15, 30, 25, 15, 10, 15, 20, 15, 15, 25, 45, 35, 10, 20, 30, 35, 30, 20, 45, 20, 10, 25, 25, 15, 35, 20, 10, 20, 5, 25, 10, 35, 10, 15, 20, 5, 15, 15, 10, 10, 35, 15, 25, 35, 30, 15, 5, 15, 10, 35, 20, 10, 20, 20, 25, 15, 20, 15, 15, 20, 25, 15, 30, 30, 15, 40, 45, 25, 15, 10, 20, 15, 30, 40, 20, 40, 35, 20, 25, 20, 25, 30, 10, 15, 25, 20, 40, 10, 25, 25, 20, 5, 15, 21, 30, 10, 25, 25, 10, 30, 15, 10, 25, 20, 20, 20, 30, 30, 25, 25, 25, 30, 10, 15, 20, 5, 30, 20, 25, 30, 30, 30, 10, 30, 15, 25, 30, 20, 25, 50, 10, 15, 10, 45, 25, 30, 20, 30, 15, 30, 30, 15, 20, 15, 20, 20, 30, 10, 30, 20, 25, 20, 20, 30, 20, 20, 20, 30, 25, 30, 40, 35, 25, 40, 25, 45, 21, 15, 10, 15, 35, 20, 25, 20, 10, 45, 10, 15, 15, 30, 30, 15, 15, 10, 25, 60, 30, 25, 40, 5, 25, 20, 15, 36, 40, 30, 25, 25, 35, 20, 15, 45, 30, 10, 35, 30, 15, 30, 10, 30, 25, 20, 15, 45, 30, 15, 20, 25, 15, 20, 35, 30, 30, 15, 15, 35, 11, 30, 20, 25, 25, 25, 5, 15, 50, 25, 25, 15, 20, 15, 30, 15, 35, 30, 35, 35, 20, 25, 40, 30, 10, 25, 20, 20, 40, 30, 25, 10, 10, 15, 20, 20, 20, 15, 10, 35, 15, 40, 35, 25, 35, 10, 25, 25, 25, 40, 25, 35, 15, 50, 15, 45, 25, 35, 25, 20, 10, 35, 15, 25, 20, 10, 45, 20, 30, 15, 25, 25, 35, 20, 25, 30, 20, 25, 20, 20, 50, 10, 30, 15, 35, 45, 15, 40, 5, 5, 30, 15, 30, 20, 10, 15, 30, 30, 40, 40, 15, 25, 20, 15, 30, 30, 20, 35, 10, 15, 25, 35, 10, 15, 40, 20, 35, 25, 81, 15, 20, 15, 25, 25, 5, 10, 15, 30, 35, 30, 25, 15, 10, 15, 10, 40, 25, 40, 10, 20, 10, 20, 27, 25, 35, 10, 15, 25, 45, 15, 45, 20, 25, 45, 35, 5, 20, 30, 40, 25, 45, 30, 15, 5, 50, 35, 40, 25, 34, 25, 30, 30, 25, 25, 45, 40, 45, 27, 25, 10, 25, 15, 25, 30, 41, 35, 40, 30, 10, 30, 10, 15, 25, 30, 30, 25, 40, 20, 30, 10, 30, 50, 35, 15, 15, 25, 50, 25, 10, 40, 20, 25, 25, 15, 30, 15, 20, 25, 45, 10, 15, 25, 20, 35, 35, 20, 30, 20, 40, 35, 40, 40, 35, 25, 25, 10, 25, 30, 20, 25, 20, 40, 35, 20, 25, 25, 30, 15, 25, 20, 15, 40, 40, 25, 50, 50, 25, 30, 35, 20, 40, 40, 30, 35, 45, 35, 30, 47, 30, 25, 20, 35, 50, 45, 15, 40, 25, 35, 30, 25, 35, 40, 20, 70, 30, 40, 36, 30, 15, 10, 25, 30, 25, 15, 15, 15, 10, 40, 40, 25, 36, 30, 35, 25, 55, 15, 20, 35, 35, 10, 15, 40, 10, 25, 30, 25, 40, 20, 40, 40, 35, 50, 40, 25, 25, 10, 30, 25, 20, 15, 10, 20, 35, 30, 27, 15, 50, 35, 25, 25, 45, 25, 5, 25, 35, 15, 40, 35, 45, 10, 20, 20, 20, 20, 25, 40, 25, 30, 10, 30, 40, 30, 55, 30, 25, 40, 20, 30, 30, 15, 25, 25, 25, 40, 35, 60, 10, 25, 20, 25, 45, 30, 70, 12, 35, 30, 30, 6, 30, 5, 15, 45, 35, 35, 25, 15, 25, 45, 55, 25, 30, 20, 30, 15, 20, 30, 30, 15, 20, 55, 20, 65, 20, 20, 35, 25, 45, 30, 40, 20, 25, 15, 35, 45, 55, 25, 40, 20, 20, 25, 35, 45, 46, 45, 35, 25, 30, 15, 25, 25, 35, 40, 45, 20, 35, 35, 30, 20, 15, 30, 40, 15, 25, 45, 25, 50, 40, 20, 35, 60, 20, 35, 40, 40, 30, 25, 35, 25, 50, 40, 35, 15, 26, 30, 15, 25, 20, 20, 40, 65, 20, 25, 15, 35, 55, 10, 15, 30, 10, 55, 20, 30, 20, 25, 25, 40, 20, 20, 35, 25, 35, 21, 30, 35, 45, 55, 35, 25, 20, 25, 30, 40, 25, 40, 15, 30, 10, 40, 15, 15, 25, 30, 25, 60, 30, 30, 18, 35, 45, 30, 25, 35, 35, 30, 20, 25, 35, 40, 65, 25, 30, 20, 25, 50, 35, 10, 35, 30, 25, 25, 25, 40, 50, 30, 35, 45, 14, 45, 25, 20, 25, 35, 35, 30, 35, 35, 10, 20, 20, 45, 30, 25, 25, 15, 20, 45, 30, 43, 25, 50, 5, 20, 35, 25, 20, 55, 40, 25, 40, 25, 15, 30, 95, 30, 35, 40, 25, 20, 45, 15, 15, 20, 50, 20, 35, 60, 46, 40, 20, 20, 25, 30, 25, 25, 20, 30, 15, 35, 20, 40, 35, 25, 15, 21, 30, 35, 45, 30, 25, 25, 15, 30, 45, 31, 40, 30, 25, 25, 35, 25, 20, 35, 40, 11, 20, 30, 40, 25, 30, 15, 45, 30, 25, 30, 25, 45, 32, 30, 40, 25, 30, 37, 50, 40, 31, 47, 30, 35, 35, 10, 35, 30, 40, 35, 30, 25, 20, 95, 15, 20, 15, 60, 20, 40, 30, 35, 30, 20, 25, 35, 30, 25, 45, 40, 30, 25, 30, 30, 40, 16, 35, 40, 25, 35, 20, 30, 45, 20, 40, 25, 15, 10, 55, 50, 20, 35, 10, 40, 40, 40, 15, 35, 40, 30, 45, 35, 25, 25, 50, 70, 20, 75, 45, 45, 15, 37, 25, 20, 30, 25, 15, 35, 60, 30, 45, 30, 30, 35, 20, 30, 35, 25, 40, 30, 45, 10, 35, 45, 35, 40, 25, 30, 40, 25, 30, 27, 20, 10, 25, 35, 35, 15, 40, 55, 40, 25, 35, 20, 35, 20, 40, 26, 30, 35, 35, 10, 30, 20, 45, 20, 50, 50, 45, 45, 25, 15, 20, 50, 20, 30, 35, 40, 45, 37, 35, 20, 35, 30, 45, 25, 15, 25, 35, 40, 35, 20, 45, 10, 30, 15, 25, 30, 35, 10, 30, 30, 10, 20, 35, 15, 20, 5, 40, 25, 40, 20, 45, 45, 45, 40, 30, 54, 
1342560, 15
1342560, 1919
1342560, 2914
1342560, 64008
1342560, 13366
1342560, 34985
1346240, 2
1346240, 5, 5, 5, 5, 5, 5, 5, 5, 5, 5, 5, 5, 5, 5, 5, 5, 5, 5, 5, 5, 5, 5, 5, 5, 5, 5, 5, 10, 5, 5, 5, 5, 5, 5, 5, 5, 5, 5, 5, 5, 5, 5, 5, 5, 10, 5, 5, 5, 5, 5, 5, 5, 5, 5, 5, 5, 5, 5, 5, 5, 5, 5, 5, 5, 5, 5, 5, 5, 5, 5, 5, 5, 5, 5, 5, 5, 15, 5, 5, 5, 5, 5, 5, 5, 5, 5, 5, 5, 5, 5, 5, 5, 5, 5, 5, 5, 5, 5, 5, 10, 5, 5, 5, 5, 15, 5, 5, 5, 5, 5, 5, 5, 5, 5, 5, 10, 10, 5, 5, 5, 5, 5, 10, 5, 5, 10, 5, 5, 5, 10, 5, 5, 5, 10, 5, 5, 5, 5, 5, 5, 1, 5, 5, 5, 5, 5, 5, 5, 5, 10, 10, 5, 5, 5, 10, 10, 10, 10, 10, 5, 10, 5, 5, 5, 5, 5, 10, 5, 5, 5, 10, 10, 5, 5, 5, 10, 5, 5, 5, 15, 5, 5, 5, 10, 5, 5, 5, 15, 5, 5, 10, 5, 5, 5, 5, 5, 5, 5, 5, 5, 10, 5, 10, 10, 5, 5, 5, 10, 5, 5, 10, 5, 5, 5, 5, 5, 5, 10, 5, 5, 5, 5, 5, 5, 5, 5, 10, 5, 5, 5, 10, 5, 5, 5, 10, 5, 5, 10, 5, 10, 10, 5, 1, 5, 5, 5, 5, 5, 5, 5, 5, 5, 5, 5, 15, 5, 10, 5, 10, 5, 5, 5, 5, 5, 10, 5, 5, 5, 5, 5, 5, 5, 5, 5, 5, 15, 10, 5, 10, 5, 5, 5, 5, 5, 5, 5, 5, 5, 5, 5, 5, 10, 15, 5, 5, 5, 5, 10, 5, 5, 5, 5, 5, 5, 5, 5, 5, 5, 5, 5, 10, 5, 5, 5, 5, 5, 5, 10, 5, 5, 5, 10, 5, 5, 10, 5, 5, 5, 5, 5, 5, 15, 5, 5, 5, 10, 5, 10, 10, 5, 5, 5, 5, 10, 5, 10, 5, 5, 5, 10, 5, 5, 5, 10, 5, 5, 10, 10, 5, 5, 5, 5, 15, 5, 5, 5, 5, 5, 10, 10, 5, 10, 10, 5, 5, 5, 10, 5, 5, 5, 5, 5, 15, 5, 15, 10, 10, 10, 10, 5, 5, 10, 5, 10, 10, 5, 15, 5, 5, 5, 5, 5, 10, 10, 5, 10, 5, 5, 6, 5, 5, 10, 15, 5, 5, 5, 5, 5, 15, 5, 10, 5, 5, 10, 5, 5, 5, 10, 10, 5, 5, 5, 10, 10, 5, 10, 5, 5, 5, 10, 10, 5, 5, 5, 5, 5, 5, 10, 10, 5, 5, 5, 5, 5, 10, 10, 5, 15, 20, 5, 5, 5, 5, 5, 5, 10, 5, 5, 5, 5, 10, 5, 15, 10, 5, 5, 5, 5, 15, 5, 10, 5, 5, 10, 5, 10, 5, 15, 5, 10, 5, 20, 10, 5, 5, 5, 5, 20, 5, 5, 10, 5, 5, 5, 15, 10, 5, 10, 5, 5, 15, 5, 15, 10, 10, 5, 5, 15, 5, 5, 5, 5, 5, 15, 10, 10, 5, 10, 10, 5, 15, 5, 5, 20, 5, 10, 5, 5, 10, 5, 5, 20, 5, 10, 10, 10, 5, 5, 10, 5, 5, 5, 5, 5, 5, 5, 5, 5, 5, 5, 15, 10, 10, 
1346240, 8
1346240, 2184
1346240, 3156
1346240, 44744
1346240, 7918
1346240, 34938
1360169, 26
1360169, 5, 5, 5, 5, 5, 5, 5, 5, 5, 5, 5, 5, 5, 5, 5, 10, 5, 10, 10, 5, 5, 5, 10, 5, 10, 5, 5, 10, 5, 10, 5, 10, 10, 10, 5, 5, 10, 5, 10, 10, 5, 15, 5, 5, 5, 10, 10, 5, 10, 5, 5, 10, 5, 5, 5, 5, 5, 10, 10, 10, 10, 5, 5, 10, 5, 5, 5, 5, 5, 5, 10, 10, 5, 15, 5, 5, 10, 10, 5, 5, 20, 5, 5, 5, 10, 5, 5, 10, 5, 10, 10, 10, 5, 5, 5, 5, 5, 5, 5, 10, 5, 5, 10, 5, 5, 5, 5, 15, 5, 5, 15, 5, 5, 10, 20, 10, 5, 5, 10, 10, 5, 5, 5, 5, 5, 5, 5, 10, 15, 10, 5, 5, 5, 15, 10, 10, 5, 5, 10, 5, 5, 10, 5, 5, 10, 10, 10, 25, 5, 15, 10, 10, 10, 10, 5, 10, 10, 10, 10, 10, 5, 10, 5, 5, 10, 10, 10, 10, 10, 5, 20, 10, 10, 5, 15, 10, 5, 10, 5, 20, 1, 5, 5, 5, 10, 5, 10, 20, 15, 5, 20, 5, 5, 5, 10, 5, 5, 5, 15, 20, 5, 10, 6, 15, 10, 15, 15, 5, 20, 10, 5, 10, 5, 10, 10, 5, 5, 15, 10, 10, 10, 30, 5, 10, 10, 5, 10, 15, 10, 5, 20, 5, 15, 16, 10, 10, 10, 5, 10, 5, 10, 15, 15, 5, 10, 5, 10, 20, 5, 5, 10, 5, 10, 5, 10, 15, 5, 5, 5, 15, 10, 10, 20, 15, 15, 20, 5, 10, 25, 10, 29, 15, 5, 10, 10, 5, 15, 10, 5, 15, 10, 10, 10, 15, 5, 20, 10, 5, 10, 15, 15, 5, 10, 15, 10, 10, 15, 15, 5, 5, 5, 10, 5, 10, 5, 15, 10, 15, 5, 10, 10, 15, 25, 10, 5, 25, 5, 15, 10, 5, 20, 10, 10, 10, 10, 15, 15, 10, 20, 15, 20, 5, 5, 10, 15, 10, 15, 30, 10, 20, 10, 5, 10, 10, 5, 5, 10, 15, 5, 20, 15, 15, 10, 10, 15, 15, 10, 15, 15, 10, 10, 10, 5, 15, 15, 10, 10, 5, 20, 5, 5, 15, 10, 20, 7, 20, 15, 5, 10, 20, 15, 10, 10, 15, 15, 10, 10, 10, 20, 10, 5, 5, 5, 10, 20, 10, 20, 5, 15, 10, 15, 10, 15, 5, 20, 15, 20, 10, 5, 10, 15, 25, 15, 5, 30, 5, 15, 10, 20, 10, 15, 15, 10, 10, 10, 40, 10, 15, 15, 10, 15, 15, 10, 15, 15, 15, 10, 10, 5, 5, 10, 15, 10, 15, 10, 22, 5, 5, 15, 10, 20, 20, 15, 10, 10, 5, 20, 10, 15, 5, 5, 20, 5, 15, 20, 5, 15, 20, 20, 10, 10, 15, 5, 10, 10, 15, 5, 10, 10, 15, 30, 15, 25, 20, 10, 5, 5, 10, 5, 5, 10, 20, 15, 15, 10, 10, 5, 5, 15, 5, 5, 10, 20, 20, 5, 10, 10, 5, 21, 3, 15, 15, 5, 25, 10, 25, 11, 5, 5, 15, 10, 20, 15, 10, 15, 20, 10, 5, 10, 20, 15, 5, 20, 5, 5, 10, 20, 10, 15, 10, 10, 15, 10, 10, 10, 5, 15, 5, 5, 5, 15, 10, 15, 5, 10, 5, 5, 20, 10, 25, 5, 20, 5, 5, 10, 10, 15, 15, 30, 15, 20, 30, 5, 10, 15, 5, 15, 5, 10, 15, 10, 10, 10, 5, 15, 5, 5, 20, 40, 15, 5, 10, 10, 15, 10, 20, 5, 5, 20, 10, 20, 15, 20, 15, 10, 15, 10, 15, 5, 25, 20, 20, 10, 10, 25, 20, 15, 10, 25, 15, 15, 20, 30, 15, 20, 20, 10, 25, 15, 10, 10, 20, 20, 15, 20, 15, 5, 15, 20, 5, 10, 10, 5, 25, 10, 15, 10, 10, 25, 5, 10, 15, 10, 15, 10, 10, 15, 10, 15, 15, 20, 15, 20, 35, 10, 15, 5, 10, 10, 15, 5, 15, 10, 15, 20, 15, 5, 15, 15, 5, 20, 20, 15, 10, 15, 20, 15, 15, 15, 15, 15, 10, 30, 20, 10, 15, 5, 20, 15, 10, 40, 15, 15, 5, 10, 40, 25, 20, 25, 10, 10, 10, 15, 10, 15, 15, 5, 15, 5, 10, 20, 5, 15, 45, 5, 15, 10, 5, 25, 30, 30, 15, 25, 20, 15, 10, 5, 10, 20, 5, 5, 5, 10, 10, 15, 22, 15, 10, 5, 15, 10, 10, 20, 20, 15, 35, 25, 35, 10, 10, 15, 10, 15, 25, 10, 20, 15, 15, 15, 10, 10, 15, 15, 25, 25, 10, 10, 10, 5, 10, 15, 10, 20, 5, 15, 30, 10, 20, 15, 5, 10, 20, 10, 15, 20, 20, 25, 15, 30, 11, 20, 25, 20, 5, 5, 20, 10, 15, 15, 25, 5, 30, 10, 10, 15, 10, 25, 20, 25, 15, 10, 20, 11, 10, 15, 10, 5, 15, 25, 5, 5, 15, 40, 10, 25, 10, 40, 10, 25, 15, 20, 20, 20, 25, 20, 5, 10, 20, 5, 26, 15, 15, 20, 40, 15, 5, 15, 15, 25, 15, 10, 20, 5, 20, 15, 25, 5, 10, 15, 15, 30, 15, 20, 5, 25, 10, 15, 10, 10, 5, 10, 10, 40, 5, 20, 15, 17, 20, 30, 15, 25, 15, 20, 15, 10, 35, 10, 20, 15, 15, 10, 20, 5, 30, 15, 15, 20, 20, 20, 5, 15, 20, 25, 10, 20, 25, 25, 20, 5, 10, 10, 25, 20, 15, 35, 20, 10, 25, 30, 20, 20, 20, 15, 20, 20, 20, 10, 15, 15, 5, 10, 10, 10, 22, 10, 15, 10, 10, 15, 25, 5, 10, 25, 35, 10, 15, 30, 25, 15, 10, 15, 5, 10, 15, 20, 20, 5, 30, 20, 15, 10, 2, 20, 25, 10, 20, 20, 25, 15, 20, 20, 10, 15, 15, 20, 20, 10, 15, 30, 20, 10, 15, 25, 20, 5, 15, 15, 20, 20, 15, 25, 5, 15, 20, 20, 15, 25, 30, 20, 10, 10, 10, 10, 30, 10, 25, 20, 15, 15, 10, 10, 10, 20, 15, 10, 10, 25, 5, 5, 20, 10, 10, 10, 25, 15, 20, 10, 10, 20, 10, 20, 15, 30, 10, 20, 10, 5, 20, 10, 10, 5, 15, 10, 5, 10, 10, 15, 5, 15, 10, 25, 10, 25, 15, 20, 15, 10, 5, 20, 5, 15, 10, 20, 30, 20, 15, 10, 10, 15, 20, 5, 20, 26, 10, 20, 5, 5, 
1360169, 2
1360169, 1890
1360169, 2812
1360169, 6055
1360169, 1179
1360169, 34918
1360170, 1
1360170, 
1360170, 2
1360170, 4389
1360170, 5334
1360170, 25373
1360170, 7787
1360170, 34861
1360171, 1
1360171, 
1360171, 2
1360171, 6866
1360171, 7843
1360171, 52503
1360171, 19165
1360171, 34825
1361499, 2
1361499, 5, 5, 5, 5, 5, 5, 5, 5, 5, 5, 5, 5, 5, 5, 5, 5, 1, 5, 5, 5, 5, 5, 5, 5, 5, 5, 5, 5, 5, 5, 5, 5, 5, 5, 5, 5, 5, 5, 5, 5, 5, 5, 5, 5, 5, 5, 5, 5, 5, 5, 5, 5, 5, 5, 5, 5, 5, 5, 5, 5, 5, 5, 5, 5, 5, 5, 5, 15, 5, 10, 15, 5, 5, 5, 5, 5, 5, 5, 1, 5, 10, 5, 10, 10, 10, 5, 10, 5, 5, 5, 5, 5, 5, 10, 10, 5, 5, 5, 10, 5, 5, 5, 5, 5, 5, 5, 5, 5, 5, 5, 5, 5, 5, 5, 10, 5, 10, 5, 5, 5, 5, 5, 5, 5, 5, 5, 5, 5, 5, 5, 5, 5, 5, 5, 5, 5, 5, 5, 5, 5, 5, 5, 5, 5, 5, 5, 5, 10, 5, 15, 5, 5, 5, 5, 5, 5, 5, 10, 5, 5, 5, 5, 5, 5, 5, 5, 10, 5, 5, 5, 10, 10, 15, 10, 5, 10, 5, 5, 5, 10, 5, 5, 10, 5, 10, 5, 5, 5, 5, 10, 5, 5, 5, 5, 5, 10, 5, 10, 5, 5, 5, 5, 5, 5, 10, 5, 5, 5, 5, 5, 5, 5, 5, 10, 5, 5, 5, 10, 5, 5, 5, 5, 10, 5, 5, 5, 5, 5, 5, 5, 4, 
1361499, 1
1361499, 7198
1361499, 8171
1361499, 46024
1361499, 7753
1361499, 34772
1372502, 16
1372502, 5, 5, 5, 5, 5, 5, 5, 5, 5, 5, 5, 5, 5, 5, 5, 5, 5, 5, 5, 5, 5, 5, 5, 10, 5, 5, 10, 5, 5, 5, 10, 5, 10, 5, 5, 5, 5, 5, 5, 5, 5, 5, 5, 5, 5, 5, 5, 5, 5, 5, 5, 5, 5, 5, 5, 10, 5, 10, 5, 5, 5, 5, 10, 8, 5, 5, 15, 5, 10, 5, 10, 10, 10, 5, 5, 10, 10, 5, 5, 10, 10, 5, 5, 5, 10, 5, 5, 10, 5, 5, 5, 5, 10, 5, 5, 5, 5, 5, 10, 5, 10, 10, 5, 15, 5, 5, 5, 5, 15, 10, 5, 5, 5, 10, 10, 5, 5, 5, 10, 10, 5, 5, 10, 5, 10, 5, 10, 10, 5, 10, 10, 10, 5, 5, 10, 10, 10, 15, 5, 10, 15, 10, 25, 15, 5, 10, 5, 5, 5, 5, 5, 5, 5, 5, 10, 5, 10, 5, 10, 5, 5, 5, 5, 5, 5, 5, 5, 5, 5, 5, 5, 5, 5, 5, 5, 5, 15, 15, 5, 5, 15, 5, 5, 5, 5, 10, 5, 10, 5, 5, 15, 5, 5, 20, 5, 5, 5, 5, 15, 20, 25, 5, 5, 5, 10, 5, 5, 15, 10, 5, 5, 5, 10, 5, 10, 15, 5, 5, 5, 5, 5, 5, 15, 5, 5, 15, 15, 5, 15, 5, 10, 5, 15, 15, 10, 5, 15, 5, 5, 5, 5, 5, 10, 5, 5, 20, 10, 5, 5, 20, 5, 15, 5, 5, 15, 15, 10, 25, 10, 10, 5, 10, 5, 5, 10, 5, 5, 5, 10, 20, 10, 15, 10, 24, 10, 5, 5, 10, 10, 15, 5, 10, 5, 15, 5, 5, 15, 20, 5, 5, 10, 20, 5, 20, 5, 5, 5, 20, 15, 10, 5, 5, 10, 5, 5, 10, 5, 5, 5, 16, 10, 5, 5, 9, 5, 5, 5, 12, 10, 10, 15, 5, 5, 10, 10, 5, 15, 10, 5, 5, 10, 5, 10, 10, 10, 5, 15, 5, 15, 5, 15, 15, 15, 15, 10, 5, 20, 5, 10, 20, 15, 5, 5, 20, 10, 10, 5, 5, 10, 5, 10, 15, 20, 10, 10, 10, 10, 5, 5, 5, 10, 10, 15, 5, 5, 10, 20, 10, 10, 5, 15, 5, 5, 5, 10, 15, 5, 5, 5, 10, 10, 10, 10, 15, 5, 5, 10, 10, 5, 5, 10, 15, 10, 15, 10, 15, 10, 10, 15, 25, 5, 20, 15, 10, 10, 5, 15, 5, 20, 5, 10, 10, 5, 10, 5, 5, 10, 10, 5, 15, 10, 10, 5, 10, 15, 15, 15, 20, 10, 10, 10, 10, 15, 10, 30, 20, 5, 5, 10, 15, 15, 10, 10, 15, 10, 15, 5, 5, 10, 25, 20, 5, 5, 10, 10, 25, 5, 10, 15, 15, 5, 10, 10, 20, 10, 10, 5, 15, 20, 15, 15, 10, 15, 10, 20, 15, 5, 5, 15, 15, 5, 10, 10, 10, 25, 10, 25, 5, 10, 10, 5, 5, 10, 20, 10, 25, 20, 10, 15, 15, 20, 10, 15, 20, 5, 5, 10, 5, 10, 10, 10, 20, 5, 10, 10, 25, 15, 15, 16, 10, 15, 15, 10, 5, 15, 20, 10, 15, 10, 15, 5, 10, 15, 5, 25, 10, 15, 5, 10, 15, 10, 10, 10, 15, 5, 10, 10, 10, 10, 10, 20, 5, 5, 5, 10, 15, 10, 10, 10, 5, 5, 20, 15, 10, 5, 20, 10, 5, 10, 10, 5, 10, 5, 15, 25, 5, 10, 10, 20, 15, 20, 10, 10, 10, 5, 20, 10, 25, 10, 10, 5, 10, 10, 5, 15, 10, 15, 40, 20, 5, 5, 5, 5, 11, 10, 10, 10, 15, 15, 15, 10, 10, 10, 15, 10, 35, 15, 10, 5, 10, 15, 10, 10, 5, 5, 5, 10, 10, 25, 10, 15, 10, 5, 15, 10, 10, 5, 5, 10, 15, 20, 10, 10, 5, 20, 10, 35, 25, 20, 5, 10, 15, 15, 15, 5, 6, 15, 5, 15, 25, 20, 15, 10, 25, 20, 15, 15, 15, 10, 10, 5, 20, 10, 16, 5, 10, 5, 10, 15, 35, 10, 5, 25, 5, 10, 15, 15, 10, 10, 10, 10, 15, 10, 5, 5, 25, 20, 15, 15, 15, 5, 15, 5, 10, 10, 25, 15, 10, 20, 25, 25, 20, 15, 10, 20, 13, 15, 10, 5, 20, 10, 10, 10, 10, 5, 25, 10, 15, 5, 5, 10, 15, 5, 20, 10, 5, 20, 10, 10, 20, 5, 5, 5, 15, 5, 5, 15, 5, 5, 5, 10, 10, 5, 5, 10, 10, 5, 35, 5, 5, 5, 15, 25, 15, 10, 10, 10, 5, 10, 20, 20, 15, 5, 10, 5, 15, 10, 15, 15, 25, 10, 15, 15, 20, 10, 5, 5, 5, 10, 10, 20, 15, 10, 5, 10, 10, 10, 10, 15, 10, 10, 20, 5, 20, 10, 5, 15, 20, 20, 25, 5, 20, 10, 5, 5, 15, 10, 6, 5, 10, 10, 10, 20, 5, 10, 10, 10, 25, 25, 10, 10, 20, 30, 15, 30, 10, 10, 15, 15, 15, 15, 10, 5, 10, 10, 10, 20, 20, 10, 7, 30, 15, 20, 10, 15, 5, 15, 10, 15, 5, 5, 15, 15, 15, 20, 5, 10, 10, 15, 20, 20, 15, 5, 10, 15, 25, 10, 15, 10, 23, 10, 10, 10, 20, 20, 15, 15, 30, 5, 5, 10, 15, 15, 15, 10, 10, 15, 15, 20, 25, 10, 5, 15, 15, 20, 5, 10, 10, 25, 20, 15, 15, 15, 5, 10, 15, 15, 15, 5, 15, 10, 10, 15, 5, 15, 15, 10, 15, 15, 15, 20, 20, 15, 15, 15, 35, 7, 10, 5, 10, 20, 10, 5, 15, 10, 15, 10, 5, 10, 5, 5, 15, 15, 5, 10, 20, 5, 10, 15, 15, 10, 10, 30, 5, 5, 10, 5, 10, 15, 10, 10, 5, 15, 15, 5, 30, 5, 15, 20, 10, 15, 10, 5, 10, 10, 15, 20, 10, 10, 20, 20, 15, 10, 5, 15, 5, 15, 15, 10, 30, 30, 10, 10, 10, 5, 20, 10, 20, 25, 20, 15, 13, 
1372502, 2
1372502, 2462
1372502, 3476
1372502, 24130
1372502, 11132
1372502, 34737
1375897, 3
1375897, 5, 5, 5, 5, 5, 5, 5, 5, 5, 5, 5, 5, 5, 5, 5, 5, 5, 5, 5, 5, 5, 5, 5, 5, 5, 5, 5, 5, 5, 5, 5, 5, 5, 5, 5, 5, 5, 5, 5, 5, 5, 5, 5, 5, 5, 5, 5, 5, 3, 5, 5, 5, 5, 5, 5, 5, 5, 5, 5, 5, 5, 5, 5, 5, 5, 5, 5, 10, 5, 5, 5, 5, 5, 5, 5, 5, 5, 5, 5, 5, 5, 5, 5, 5, 5, 10, 10, 10, 5, 5, 5, 5, 5, 5, 5, 5, 5, 5, 5, 10, 5, 10, 10, 5, 5, 5, 5, 5, 5, 5, 5, 5, 5, 5, 5, 10, 5, 5, 5, 5, 5, 5, 5, 5, 5, 5, 5, 5, 5, 5, 5, 5, 5, 5, 5, 10, 5, 5, 5, 5, 5, 5, 5, 10, 5, 5, 5, 5, 10, 10, 5, 1, 10, 10, 10, 5, 10, 5, 5, 5, 5, 5, 5, 5, 5, 5, 5, 5, 5, 5, 5, 5, 5, 5, 5, 5, 5, 5, 5, 5, 15, 5, 5, 5, 5, 5, 10, 10, 5, 10, 5, 10, 5, 5, 5, 15, 5, 5, 5, 15, 5, 10, 5, 5, 5, 5, 10, 10, 5, 5, 5, 10, 5, 5, 5, 5, 5, 5, 10, 5, 5, 5, 5, 5, 5, 5, 5, 5, 5, 5, 5, 5, 10, 5, 5, 10, 5, 10, 5, 10, 10, 15, 5, 5, 5, 5, 5, 5, 10, 5, 6, 5, 5, 5, 10, 5, 5, 5, 5, 5, 5, 5, 5, 5, 5, 10, 5, 5, 5, 5, 5, 10, 10, 5, 5, 10, 5, 5, 10, 5, 5, 5, 10, 5, 5, 5, 5, 15, 5, 5, 5, 5, 15, 5, 5, 5, 5, 10, 5, 5, 10, 15, 5, 5, 5, 10, 5, 5, 10, 10, 5, 10, 5, 5, 10, 5, 15, 10, 5, 20, 10, 10, 5, 5, 5, 10, 5, 5, 5, 5, 15, 5, 10, 5, 10, 10, 1, 15, 5, 5, 5, 5, 10, 5, 10, 5, 10, 5, 5, 5, 10, 5, 5, 10, 5, 5, 10, 5, 5, 5, 10, 5, 5, 5, 15, 5, 5, 5, 5, 5, 5, 5, 10, 10, 5, 10, 5, 5, 5, 5, 5, 5, 5, 10, 5, 5, 5, 10, 10, 15, 5, 5, 25, 5, 5, 10, 5, 10, 5, 5, 5, 5, 5, 5, 20, 10, 5, 5, 5, 15, 15, 5, 10, 10, 10, 5, 5, 5, 5, 15, 5, 15, 10, 15, 5, 5, 5, 10, 10, 5, 5, 5, 10, 5, 10, 10, 10, 5, 10, 5, 15, 10, 5, 5, 5, 10, 5, 5, 5, 5, 5, 15, 5, 5, 10, 5, 5, 5, 5, 5, 15, 10, 6, 5, 10, 5, 25, 5, 10, 5, 5, 11, 5, 5, 10, 20, 15, 10, 5, 10, 5, 10, 5, 15, 5, 5, 5, 5, 15, 5, 15, 15, 10, 5, 5, 5, 5, 10, 5, 5, 10, 10, 5, 5, 5, 5, 5, 5, 10, 10, 5, 10, 5, 10, 4, 
1375897, 1
1375897, 2689
1375897, 3712
1375897, 7245
1375897, 2353
1375897, 34721
1375898, 1
1375898, 
1375898, 2
1375898, 5648
1375898, 6669
1375898, 56246
1375898, 8655
1375898, 34685
1375899, 1
1375899, 
1375899, 5
1375899, 8135
1375899, 9153
1375899, 38703
1375899, 8954
1375899, 34586
1375900, 1
1375900, 
1375900, 52
1375900, 13103
1375900, 14692
1375900, 74972
1375900, 10528
1375900, 34520
1402239, 43
1402239, 5, 10, 5, 5, 5, 5, 5, 15, 5, 10, 10, 10, 5, 5, 5, 5, 10, 15, 5, 10, 10, 10, 10, 5, 5, 5, 15, 5, 15, 5, 10, 10, 10, 10, 10, 15, 5, 10, 5, 10, 10, 10, 15, 5, 15, 15, 10, 20, 15, 5, 10, 10, 15, 10, 15, 10, 10, 15, 15, 20, 5, 10, 15, 5, 10, 25, 10, 10, 10, 15, 10, 15, 10, 15, 15, 20, 10, 15, 5, 5, 15, 10, 20, 15, 25, 10, 5, 5, 5, 10, 25, 20, 30, 15, 10, 5, 5, 20, 10, 10, 15, 15, 5, 5, 10, 10, 5, 10, 20, 20, 20, 15, 10, 10, 10, 5, 10, 15, 20, 10, 20, 20, 15, 30, 20, 15, 10, 5, 15, 15, 5, 25, 20, 15, 10, 7, 20, 20, 15, 15, 10, 15, 25, 20, 5, 15, 20, 15, 5, 20, 20, 10, 10, 35, 25, 10, 5, 15, 5, 20, 25, 20, 20, 5, 10, 20, 20, 15, 30, 10, 30, 5, 25, 15, 15, 5, 15, 5, 40, 10, 25, 25, 10, 15, 15, 30, 25, 10, 10, 30, 15, 15, 20, 15, 25, 5, 35, 15, 5, 10, 25, 25, 20, 10, 15, 10, 20, 20, 15, 30, 15, 20, 10, 10, 35, 10, 10, 20, 15, 5, 15, 20, 20, 10, 25, 15, 5, 20, 5, 20, 10, 20, 15, 35, 20, 15, 15, 20, 10, 25, 10, 10, 25, 15, 15, 15, 10, 25, 15, 15, 10, 15, 15, 20, 10, 15, 30, 15, 5, 10, 35, 15, 5, 15, 20, 25, 25, 10, 10, 31, 15, 20, 5, 15, 25, 10, 35, 15, 35, 20, 45, 25, 11, 20, 15, 30, 30, 25, 15, 20, 10, 5, 25, 25, 25, 20, 25, 10, 10, 20, 40, 15, 25, 10, 10, 5, 35, 25, 10, 10, 5, 15, 20, 11, 30, 35, 20, 30, 25, 15, 20, 30, 15, 15, 22, 15, 10, 40, 15, 25, 10, 10, 15, 15, 15, 15, 10, 5, 30, 10, 10, 25, 15, 10, 20, 20, 20, 25, 30, 30, 10, 15, 15, 20, 10, 10, 35, 10, 25, 15, 20, 30, 25, 10, 10, 20, 35, 15, 5, 30, 25, 25, 20, 15, 30, 20, 10, 15, 15, 20, 15, 10, 35, 20, 20, 15, 10, 20, 15, 10, 30, 10, 25, 20, 5, 25, 20, 10, 30, 15, 30, 15, 40, 10, 20, 10, 25, 15, 10, 20, 15, 15, 30, 15, 20, 30, 15, 20, 40, 40, 20, 10, 20, 15, 20, 15, 25, 15, 40, 30, 40, 20, 35, 15, 35, 25, 15, 20, 30, 21, 25, 5, 10, 30, 35, 15, 25, 30, 25, 25, 25, 10, 15, 16, 50, 45, 20, 50, 20, 20, 20, 15, 20, 20, 25, 20, 15, 10, 20, 20, 10, 15, 10, 20, 15, 30, 20, 10, 10, 30, 25, 25, 15, 10, 15, 20, 15, 35, 15, 15, 15, 5, 25, 20, 45, 20, 20, 30, 25, 25, 5, 25, 25, 25, 30, 30, 25, 15, 45, 15, 20, 25, 10, 30, 30, 25, 30, 25, 25, 40, 35, 35, 10, 20, 40, 10, 15, 15, 10, 35, 10, 20, 20, 15, 35, 20, 15, 20, 10, 35, 20, 30, 25, 15, 55, 15, 15, 15, 25, 25, 20, 15, 25, 20, 30, 5, 20, 30, 30, 10, 20, 25, 25, 35, 20, 30, 15, 15, 40, 15, 30, 15, 25, 20, 10, 20, 26, 35, 35, 25, 40, 25, 10, 20, 30, 20, 20, 15, 25, 16, 10, 20, 10, 30, 20, 30, 45, 30, 25, 10, 15, 50, 25, 10, 10, 40, 35, 10, 25, 20, 25, 35, 40, 25, 25, 35, 35, 15, 20, 15, 10, 25, 40, 20, 15, 20, 15, 15, 35, 10, 13, 30, 30, 35, 20, 25, 20, 45, 10, 20, 30, 20, 15, 15, 20, 30, 15, 15, 15, 15, 25, 25, 35, 15, 10, 20, 20, 15, 25, 30, 30, 35, 20, 20, 20, 25, 20, 25, 15, 30, 20, 30, 10, 50, 30, 35, 15, 25, 15, 20, 35, 30, 25, 20, 25, 10, 35, 10, 20, 10, 10, 45, 15, 20, 35, 10, 20, 35, 25, 20, 15, 15, 35, 15, 25, 20, 16, 20, 25, 30, 25, 35, 30, 20, 35, 32, 15, 10, 35, 15, 25, 20, 10, 10, 15, 35, 25, 30, 10, 25, 20, 20, 20, 30, 5, 10, 40, 25, 30, 25, 25, 20, 15, 30, 30, 10, 30, 10, 20, 60, 30, 15, 30, 25, 15, 25, 15, 30, 30, 20, 30, 30, 15, 30, 10, 20, 15, 40, 10, 15, 25, 30, 25, 30, 35, 20, 35, 15, 15, 10, 30, 25, 35, 15, 25, 45, 20, 20, 50, 25, 20, 25, 25, 30, 20, 30, 15, 20, 40, 35, 15, 45, 25, 25, 30, 15, 45, 25, 10, 15, 30, 55, 15, 45, 25, 15, 20, 40, 40, 20, 20, 30, 20, 20, 20, 10, 15, 30, 15, 30, 20, 30, 15, 25, 40, 60, 35, 20, 10, 45, 30, 45, 15, 25, 25, 35, 15, 30, 40, 10, 15, 25, 56, 5, 20, 35, 25, 30, 40, 10, 35, 50, 15, 15, 25, 10, 15, 6, 20, 35, 20, 15, 30, 50, 20, 20, 30, 65, 25, 47, 35, 15, 20, 25, 15, 25, 30, 25, 15, 41, 20, 25, 15, 40, 21, 30, 10, 20, 20, 30, 25, 10, 30, 20, 40, 35, 30, 15, 25, 15, 20, 20, 48, 40, 21, 10, 35, 20, 10, 45, 35, 15, 30, 10, 30, 10, 25, 25, 30, 25, 20, 20, 30, 20, 35, 30, 55, 15, 15, 30, 35, 15, 35, 20, 36, 10, 26, 15, 5, 25, 20, 25, 20, 40, 25, 10, 20, 10, 45, 35, 25, 20, 30, 40, 20, 10, 25, 25, 35, 15, 40, 30, 5, 5, 15, 20, 30, 25, 30, 60, 15, 25, 30, 20, 40, 20, 20, 25, 40, 40, 15, 15, 30, 30, 30, 20, 35, 15, 20, 30, 20, 10, 50, 20, 35, 40, 35, 20, 80, 25, 30, 40, 35, 25, 15, 30, 30, 35, 35, 50, 35, 25, 15, 25, 25, 25, 50, 25, 20, 10, 10, 30, 30, 30, 25, 25, 20, 25, 15, 15, 5, 35, 20, 20, 50, 20, 35, 30, 20, 30, 41, 16, 30, 30, 15, 15, 35, 20, 35, 30, 20, 40, 35, 45, 25, 45, 25, 40, 10, 25, 35, 20, 40, 30, 20, 25, 30, 30, 45, 35, 25, 10, 40, 15, 40, 30, 20, 20, 40, 20, 25, 10, 15, 35, 26, 5, 20, 15, 40, 35, 20, 25, 10, 25, 40, 25, 20, 35, 25, 45, 25, 30, 23, 25, 35, 15, 20, 15, 30, 25, 30, 10, 30, 60, 10, 15, 25, 35, 15, 15, 25, 30, 20, 40, 35, 30, 20, 40, 10, 25, 30, 55, 30, 25, 15, 45, 20, 25, 30, 25, 15, 5, 5, 25, 35, 35, 25, 25, 25, 35, 25, 20, 30, 25, 20, 30, 30, 15, 25, 20, 45, 25, 15, 25, 20, 15, 35, 25, 30, 20, 15, 25, 35, 25, 15, 5, 18, 40, 15, 30, 50, 5, 30, 30, 25, 25, 20, 15, 35, 15, 35, 30, 25, 25, 35, 58, 15, 15, 35, 25, 10, 15, 30, 30, 15, 
1402239, 1
1402239, 1989
1402239, 4561
1402239, 29403
1402239, 3281
1402239, 34500
1410243, 6
1410243, 5, 5, 5, 5, 5, 5, 5, 5, 5, 5, 5, 5, 5, 5, 5, 5, 5, 5, 5, 5, 5, 5, 5, 5, 5, 1, 5, 15, 10, 5, 5, 5, 10, 5, 5, 10, 5, 5, 5, 5, 5, 5, 5, 5, 5, 10, 5, 5, 5, 5, 5, 5, 5, 5, 5, 5, 5, 10, 5, 5, 5, 5, 5, 10, 5, 5, 5, 10, 5, 10, 5, 5, 5, 5, 5, 5, 5, 5, 10, 15, 10, 5, 15, 5, 5, 5, 5, 15, 5, 5, 5, 7, 5, 5, 5, 5, 10, 5, 5, 5, 5, 5, 5, 5, 5, 5, 5, 10, 5, 5, 5, 5, 5, 10, 5, 5, 5, 5, 5, 5, 5, 5, 5, 10, 10, 5, 5, 15, 10, 10, 5, 5, 10, 10, 5, 5, 5, 5, 5, 5, 10, 20, 15, 15, 5, 5, 10, 5, 5, 15, 5, 10, 5, 10, 10, 5, 5, 5, 10, 20, 5, 10, 5, 10, 5, 5, 5, 5, 5, 10, 5, 5, 5, 5, 5, 15, 10, 5, 15, 5, 10, 5, 10, 10, 10, 5, 10, 5, 5, 15, 5, 5, 5, 5, 5, 5, 5, 10, 5, 5, 5, 10, 5, 5, 5, 6, 10, 5, 5, 10, 5, 10, 10, 5, 5, 10, 15, 5, 5, 5, 10, 5, 5, 5, 5, 15, 15, 6, 10, 10, 10, 5, 5, 10, 10, 10, 5, 5, 10, 10, 5, 5, 10, 5, 5, 10, 5, 5, 5, 5, 5, 10, 5, 10, 10, 10, 5, 10, 5, 5, 5, 10, 15, 10, 5, 5, 20, 5, 10, 5, 5, 5, 5, 15, 5, 10, 15, 10, 10, 5, 5, 10, 10, 5, 10, 10, 5, 5, 5, 20, 20, 10, 15, 15, 5, 15, 10, 20, 10, 5, 5, 5, 5, 10, 5, 5, 10, 15, 5, 10, 5, 15, 15, 10, 5, 5, 10, 15, 10, 5, 10, 5, 5, 5, 15, 5, 10, 10, 5, 5, 5, 5, 10, 20, 10, 10, 15, 5, 5, 10, 5, 10, 10, 5, 10, 5, 15, 5, 5, 15, 15, 10, 15, 5, 5, 5, 10, 10, 5, 15, 5, 10, 10, 10, 10, 5, 20, 10, 5, 5, 10, 5, 10, 5, 5, 5, 5, 20, 5, 15, 15, 15, 5, 5, 10, 20, 15, 10, 15, 5, 10, 5, 15, 10, 5, 20, 18, 5, 10, 20, 15, 5, 10, 5, 5, 5, 10, 5, 5, 5, 10, 10, 15, 5, 10, 5, 5, 5, 5, 10, 5, 15, 10, 10, 5, 10, 10, 5, 5, 10, 5, 10, 5, 5, 5, 5, 10, 5, 10, 10, 15, 10, 5, 10, 5, 10, 15, 5, 10, 10, 10, 5, 11, 20, 10, 10, 5, 10, 5, 10, 25, 15, 10, 10, 15, 5, 10, 5, 10, 15, 5, 15, 10, 10, 5, 5, 15, 20, 5, 15, 25, 10, 5, 5, 5, 5, 15, 10, 5, 5, 5, 10, 5, 15, 5, 10, 5, 10, 15, 10, 10, 10, 5, 5, 5, 15, 5, 5, 20, 5, 5, 15, 5, 10, 10, 5, 5, 5, 10, 5, 5, 15, 10, 20, 5, 10, 5, 5, 10, 15, 10, 5, 10, 10, 10, 5, 5, 10, 5, 10, 10, 5, 10, 10, 5, 10, 5, 5, 10, 10, 5, 10, 10, 10, 5, 10, 10, 5, 15, 15, 15, 10, 5, 5, 5, 20, 15, 20, 5, 5, 5, 20, 5, 20, 5, 15, 15, 5, 5, 5, 10, 5, 10, 10, 10, 15, 20, 5, 10, 15, 10, 10, 10, 10, 20, 5, 5, 10, 5, 15, 15, 5, 15, 15, 5, 5, 10, 20, 5, 10, 15, 20, 20, 5, 10, 10, 25, 5, 10, 10, 5, 30, 15, 5, 10, 15, 5, 5, 15, 5, 10, 10, 5, 5, 15, 10, 5, 10, 5, 15, 15, 15, 25, 20, 5, 20, 10, 15, 20, 15, 10, 10, 5, 5, 10, 5, 10, 5, 15, 5, 10, 5, 15, 5, 5, 10, 5, 15, 20, 5, 5, 10, 15, 5, 15, 5, 10, 10, 5, 5, 5, 15, 10, 5, 10, 10, 10, 10, 10, 10, 10, 10, 10, 20, 10, 10, 10, 8, 10, 5, 10, 5, 10, 30, 10, 5, 20, 10, 10, 15, 15, 5, 15, 10, 15, 15, 6, 20, 10, 5, 10, 10, 25, 10, 10, 5, 10, 5, 10, 10, 10, 10, 15, 5, 15, 5, 15, 10, 5, 15, 15, 10, 15, 10, 25, 15, 5, 15, 15, 5, 10, 40, 15, 10, 5, 20, 10, 10, 20, 15, 10, 10, 5, 15, 10, 5, 10, 15, 15, 15, 5, 15, 10, 20, 20, 10, 15, 10, 5, 5, 20, 5, 5, 10, 15, 10, 10, 10, 10, 15, 10, 5, 10, 10, 5, 20, 20, 5, 10, 10, 15, 10, 10, 5, 15, 15, 5, 5, 20, 20, 10, 10, 5, 10, 15, 10, 5, 10, 10, 10, 20, 5, 10, 5, 15, 5, 6, 15, 5, 15, 15, 5, 10, 5, 5, 20, 20, 5, 10, 15, 5, 10, 5, 25, 10, 15, 20, 5, 20, 15, 15, 10, 15, 5, 10, 5, 10, 10, 20, 5, 10, 21, 15, 20, 10, 10, 20, 5, 10, 20, 15, 25, 10, 18, 
1410243, 1
1410243, 2001
1410243, 4014
1410243, 23210
1410243, 7376
1410243, 34457
1411740, 2
1411740, 5, 5, 5, 10, 5, 5, 5, 5, 5, 5, 5, 5, 5, 5, 5, 5, 5, 5, 10, 5, 5, 5, 5, 5, 5, 5, 5, 5, 5, 5, 5, 5, 5, 5, 5, 5, 5, 5, 5, 5, 10, 5, 5, 5, 5, 5, 5, 5, 5, 5, 5, 5, 5, 5, 5, 5, 5, 5, 10, 5, 5, 5, 5, 5, 5, 5, 5, 5, 5, 5, 5, 5, 5, 5, 5, 5, 5, 5, 5, 5, 5, 10, 5, 5, 5, 5, 5, 5, 5, 5, 5, 5, 5, 5, 5, 5, 10, 10, 5, 10, 5, 5, 10, 5, 5, 5, 10, 5, 5, 5, 5, 5, 5, 10, 5, 5, 5, 5, 5, 5, 5, 5, 5, 5, 5, 5, 5, 5, 5, 5, 5, 5, 5, 5, 8, 5, 10, 5, 10, 5, 5, 5, 10, 5, 5, 5, 5, 5, 5, 5, 10, 5, 5, 5, 5, 9, 5, 5, 10, 5, 5, 10, 15, 5, 5, 5, 5, 10, 5, 5, 5, 5, 5, 5, 5, 5, 10, 5, 10, 5, 5, 10, 5, 5, 10, 5, 5, 5, 5, 5, 5, 5, 5, 5, 5, 5, 5, 5, 5, 5, 5, 5, 5, 5, 5, 10, 5, 5, 10, 5, 5, 10, 10, 5, 5, 5, 5, 5, 5, 5, 5, 5, 5, 5, 5, 5, 10, 5, 10, 5, 5, 5, 5, 5, 10, 10, 5, 5, 5, 5, 5, 5, 15, 5, 5, 5, 15, 5, 10, 5, 5, 5, 5, 10, 5, 5, 5, 10, 3, 
1411740, 1
1411740, 2353
1411740, 4334
1411740, 19901
1411740, 3997
1411740, 34471
1411741, 1
1411741, 
1411741, 2
1411741, 4890
1411741, 6865
1411741, 21361
1411741, 6149
1411741, 34388
1426680, 16
1426680, 1, 5, 5, 5, 5, 5, 5, 5, 5, 5, 5, 5, 5, 5, 5, 10, 5, 5, 5, 5, 5, 5, 5, 5, 5, 5, 5, 5, 5, 5, 10, 10, 5, 5, 5, 5, 5, 5, 5, 5, 5, 10, 10, 5, 15, 5, 10, 5, 10, 5, 10, 5, 10, 5, 10, 5, 5, 5, 5, 5, 10, 10, 5, 5, 5, 5, 10, 5, 5, 10, 10, 10, 5, 5, 10, 5, 5, 10, 5, 5, 5, 10, 5, 5, 5, 5, 10, 5, 10, 10, 5, 10, 10, 5, 15, 5, 5, 5, 5, 10, 10, 5, 5, 5, 10, 5, 5, 5, 5, 15, 15, 5, 5, 15, 5, 5, 10, 5, 10, 5, 10, 15, 10, 20, 10, 5, 10, 20, 10, 5, 5, 15, 15, 5, 5, 10, 10, 15, 15, 10, 5, 15, 5, 10, 10, 5, 15, 5, 5, 10, 5, 10, 15, 5, 10, 10, 10, 15, 10, 5, 5, 10, 15, 10, 5, 5, 5, 5, 5, 5, 5, 10, 20, 5, 5, 5, 10, 10, 5, 10, 5, 5, 10, 5, 20, 5, 15, 5, 15, 5, 15, 10, 15, 5, 10, 5, 10, 10, 5, 15, 5, 5, 15, 5, 15, 15, 1, 10, 10, 15, 10, 10, 5, 10, 5, 10, 15, 10, 15, 5, 5, 10, 15, 5, 15, 10, 10, 5, 15, 10, 15, 20, 5, 5, 10, 5, 5, 25, 5, 10, 15, 20, 20, 20, 20, 5, 5, 5, 10, 15, 15, 15, 15, 20, 5, 15, 10, 10, 10, 5, 10, 15, 5, 10, 10, 20, 15, 15, 15, 15, 5, 20, 10, 25, 10, 10, 10, 10, 10, 5, 30, 15, 15, 5, 5, 15, 5, 10, 20, 10, 5, 10, 10, 5, 25, 15, 25, 10, 10, 5, 15, 5, 15, 5, 10, 5, 15, 15, 5, 10, 5, 10, 5, 15, 5, 15, 10, 10, 15, 10, 15, 20, 5, 10, 10, 5, 10, 5, 10, 15, 10, 10, 10, 10, 10, 15, 10, 10, 15, 20, 5, 10, 10, 15, 5, 10, 5, 5, 10, 5, 20, 20, 15, 5, 20, 5, 5, 5, 10, 15, 5, 15, 10, 15, 15, 15, 10, 10, 5, 10, 15, 15, 30, 25, 5, 10, 10, 10, 15, 10, 10, 15, 5, 15, 20, 10, 15, 10, 10, 10, 15, 10, 15, 17, 15, 15, 15, 20, 5, 5, 20, 20, 20, 10, 20, 20, 15, 15, 5, 10, 25, 15, 10, 5, 25, 15, 10, 5, 10, 5, 10, 10, 20, 20, 15, 30, 5, 30, 10, 10, 15, 15, 20, 15, 35, 5, 15, 15, 5, 10, 5, 25, 15, 10, 30, 5, 25, 5, 5, 15, 25, 10, 30, 13, 10, 20, 15, 5, 10, 10, 25, 15, 10, 15, 15, 10, 5, 10, 10, 30, 20, 5, 15, 25, 10, 15, 25, 25, 5, 30, 10, 15, 5, 5, 10, 20, 5, 25, 25, 10, 20, 10, 25, 10, 15, 10, 10, 15, 15, 10, 5, 10, 15, 5, 15, 5, 5, 5, 10, 20, 15, 17, 15, 10, 5, 10, 10, 20, 15, 10, 10, 10, 10, 5, 10, 30, 10, 25, 10, 10, 25, 10, 15, 15, 10, 15, 15, 25, 15, 15, 20, 5, 10, 20, 15, 5, 10, 30, 20, 10, 15, 10, 10, 20, 10, 15, 30, 10, 15, 15, 26, 20, 10, 10, 30, 15, 10, 10, 10, 10, 5, 15, 11, 20, 10, 15, 20, 20, 10, 5, 20, 20, 30, 20, 20, 10, 5, 15, 5, 15, 10, 15, 15, 10, 15, 25, 10, 5, 5, 10, 20, 10, 20, 20, 20, 20, 25, 15, 20, 15, 20, 20, 5, 5, 25, 25, 10, 15, 10, 10, 20, 10, 15, 15, 10, 15, 20, 15, 5, 5, 10, 10, 15, 10, 15, 5, 15, 15, 10, 20, 10, 20, 35, 20, 20, 10, 15, 15, 10, 20, 20, 10, 20, 25, 5, 5, 10, 10, 10, 25, 15, 20, 25, 5, 20, 15, 10, 10, 5, 15, 20, 10, 15, 10, 15, 10, 15, 16, 15, 15, 5, 20, 5, 5, 20, 10, 20, 25, 15, 10, 4, 10, 26, 15, 5, 25, 10, 10, 15, 10, 20, 25, 10, 15, 20, 15, 20, 11, 15, 25, 10, 5, 15, 10, 20, 10, 10, 10, 5, 25, 15, 10, 30, 10, 10, 15, 15, 15, 30, 20, 20, 20, 10, 15, 10, 15, 15, 25, 15, 15, 20, 15, 5, 25, 25, 10, 20, 25, 10, 15, 10, 20, 5, 10, 20, 15, 15, 10, 20, 15, 25, 15, 20, 10, 5, 15, 30, 10, 10, 25, 20, 25, 15, 5, 10, 10, 5, 30, 10, 5, 10, 5, 5, 10, 5, 10, 15, 20, 25, 20, 25, 15, 10, 25, 10, 10, 35, 10, 35, 15, 20, 5, 15, 10, 10, 10, 25, 5, 15, 25, 15, 15, 30, 10, 15, 20, 10, 15, 10, 20, 20, 30, 5, 10, 10, 15, 16, 20, 25, 10, 15, 20, 15, 5, 6, 10, 20, 15, 5, 15, 10, 20, 35, 15, 10, 25, 10, 15, 25, 20, 15, 15, 25, 10, 15, 25, 15, 30, 15, 25, 15, 36, 10, 10, 25, 5, 5, 10, 20, 15, 25, 15, 5, 20, 5, 25, 20, 15, 15, 25, 10, 15, 25, 15, 5, 20, 10, 15, 5, 15, 15, 10, 20, 10, 15, 15, 10, 15, 8, 10, 10, 20, 10, 15, 10, 15, 10, 15, 21, 30, 15, 15, 20, 15, 25, 25, 10, 10, 10, 15, 10, 35, 10, 10, 20, 30, 10, 15, 5, 15, 25, 15, 10, 10, 10, 10, 20, 10, 10, 15, 10, 30, 20, 15, 25, 10, 15, 10, 21, 10, 15, 15, 15, 10, 25, 10, 10, 30, 10, 5, 15, 10, 25, 10, 10, 15, 10, 15, 30, 15, 20, 15, 10, 15, 15, 35, 25, 15, 20, 5, 5, 10, 25, 20, 15, 15, 10, 25, 15, 10, 10, 15, 30, 15, 15, 10, 15, 25, 25, 15, 10, 10, 10, 25, 15, 15, 15, 25, 25, 10, 25, 20, 20, 20, 30, 20, 15, 5, 15, 15, 25, 5, 15, 10, 10, 5, 25, 15, 30, 10, 25, 35, 10, 20, 15, 15, 10, 10, 20, 15, 5, 20, 25, 25, 5, 25, 25, 23, 15, 10, 15, 15, 15, 15, 10, 40, 15, 25, 10, 20, 5, 38, 20, 30, 25, 15, 20, 35, 25, 20, 10, 10, 15, 15, 15, 20, 25, 15, 10, 19, 25, 15, 30, 20, 10, 20, 15, 10, 10, 15, 10, 10, 10, 15, 10, 50, 26, 20, 15, 20, 15, 10, 10, 20, 15, 15, 10, 20, 20, 45, 12, 20, 20, 15, 10, 15, 20, 25, 20, 44, 
1426680, 2
1426680, 2008
1426680, 3791
1426680, 17235
1426680, 6638
1426680, 34413
1426681, 1
1426681, 
1426681, 3
1426681, 4608
1426681, 6394
1426681, 16626
1426681, 4176
1426681, 34360
1426682, 1
1426682, 
1426682, 11
1426682, 7236
1426682, 9056
1426682, 35515
1426682, 13721
1426682, 34293
1426684, 2
1426684, 
1426684, 1
1426684, 9710
1426684, 11524
1426684, 28099
1426684, 9513
1426684, 34278
1426685, 1
1426685, 
1426685, 1
1426685, 12230
1426685, 14040
1426685, 49129
1426685, 11364
1426685, 34234
1427474, 5
1427474, 5, 5, 5, 5, 5, 5, 1, 5, 5, 5, 5, 5, 5, 5, 5, 5, 5, 5, 5, 5, 5, 5, 5, 5, 5, 5, 5, 5, 5, 5, 5, 5, 5, 5, 5, 5, 5, 5, 5, 5, 5, 5, 5, 5, 10, 5, 5, 5, 5, 5, 5, 5, 5, 5, 5, 5, 5, 5, 10, 5, 5, 5, 5, 5, 5, 5, 5, 5, 10, 5, 5, 5, 5, 5, 5, 5, 5, 5, 5, 5, 10, 10, 5, 5, 5, 5, 5, 5, 5, 5, 5, 5, 5, 5, 5, 5, 5, 5, 5, 5, 5, 5, 5, 5, 5, 5, 5, 5, 5, 10, 5, 5, 5, 10, 5, 5, 5, 5, 5, 5, 5, 5, 5, 5, 5, 5, 5, 5, 5, 5, 5, 5, 5, 5, 5, 5, 5, 5, 5, 5, 5, 5, 10, 5, 5, 5, 5, 5, 5, 3, 
1427474, 1
1427474, 10380
1427474, 12278
1427474, 50573
1427474, 9133
1427474, 34213
1456410, 12
1456410, 5, 5, 5, 5, 5, 10, 5, 5, 5, 5, 5, 10, 5, 15, 5, 5, 10, 20, 10, 10, 10, 5, 15, 5, 5, 15, 10, 15, 10, 20, 15, 10, 10, 5, 15, 10, 10, 5, 20, 11, 15, 25, 10, 20, 5, 15, 10, 10, 15, 25, 10, 5, 20, 35, 20, 10, 20, 15, 10, 5, 15, 15, 25, 20, 15, 10, 35, 10, 15, 15, 25, 20, 10, 15, 15, 10, 6, 10, 10, 10, 10, 15, 20, 5, 10, 10, 25, 10, 10, 5, 10, 15, 30, 20, 10, 10, 20, 5, 15, 10, 20, 10, 15, 10, 10, 5, 15, 10, 20, 25, 20, 5, 5, 10, 20, 5, 10, 35, 30, 20, 5, 25, 15, 10, 15, 10, 15, 16, 20, 10, 15, 15, 20, 10, 35, 20, 20, 15, 10, 20, 15, 15, 35, 10, 15, 30, 10, 35, 10, 20, 5, 10, 5, 20, 10, 15, 10, 35, 15, 15, 15, 25, 10, 30, 20, 20, 25, 20, 20, 10, 20, 15, 25, 15, 20, 15, 25, 15, 15, 15, 25, 15, 10, 25, 15, 10, 10, 15, 15, 5, 20, 20, 15, 10, 10, 10, 20, 15, 25, 5, 10, 30, 10, 35, 30, 15, 20, 10, 40, 20, 15, 15, 10, 20, 20, 20, 20, 30, 20, 25, 25, 10, 15, 15, 30, 15, 25, 10, 15, 20, 25, 25, 20, 25, 10, 30, 20, 10, 5, 10, 15, 20, 20, 30, 10, 25, 10, 5, 20, 20, 10, 15, 15, 15, 20, 30, 25, 10, 45, 20, 5, 30, 10, 25, 5, 10, 35, 20, 35, 10, 15, 25, 20, 5, 25, 5, 15, 20, 20, 25, 10, 15, 5, 25, 15, 20, 5, 40, 15, 35, 30, 20, 15, 25, 35, 40, 15, 15, 25, 10, 20, 30, 40, 10, 30, 15, 25, 5, 25, 15, 15, 5, 20, 20, 15, 15, 10, 30, 25, 15, 15, 20, 20, 15, 10, 15, 20, 5, 60, 15, 20, 45, 25, 20, 30, 30, 15, 20, 30, 20, 30, 10, 25, 15, 40, 30, 20, 30, 20, 5, 15, 20, 25, 25, 25, 30, 10, 15, 15, 30, 15, 25, 15, 30, 10, 15, 15, 10, 15, 35, 20, 30, 20, 10, 30, 10, 10, 15, 10, 20, 25, 20, 15, 15, 25, 10, 10, 45, 25, 15, 30, 20, 20, 20, 10, 25, 20, 15, 15, 25, 15, 25, 10, 25, 35, 20, 45, 15, 25, 25, 5, 55, 15, 30, 15, 25, 30, 5, 15, 5, 20, 20, 10, 15, 40, 5, 5, 60, 25, 20, 25, 20, 20, 35, 20, 25, 25, 30, 20, 10, 30, 15, 10, 15, 20, 20, 15, 5, 10, 20, 25, 25, 5, 20, 25, 30, 20, 30, 20, 25, 30, 35, 50, 25, 25, 30, 15, 20, 40, 30, 10, 20, 34, 30, 40, 30, 20, 15, 30, 15, 30, 20, 35, 30, 25, 15, 20, 30, 5, 25, 55, 25, 20, 15, 35, 10, 21, 20, 30, 35, 20, 30, 15, 15, 20, 15, 30, 20, 25, 25, 32, 10, 25, 20, 20, 30, 15, 30, 30, 30, 40, 10, 25, 20, 25, 15, 10, 25, 20, 25, 50, 15, 35, 25, 15, 30, 30, 30, 30, 15, 45, 25, 17, 20, 10, 15, 15, 30, 20, 25, 15, 15, 20, 15, 55, 25, 35, 65, 35, 45, 25, 20, 20, 35, 30, 15, 20, 25, 20, 15, 15, 10, 15, 15, 25, 20, 45, 25, 40, 15, 35, 20, 25, 25, 30, 42, 30, 35, 55, 30, 30, 20, 20, 15, 15, 15, 25, 10, 45, 20, 15, 15, 5, 45, 20, 25, 10, 30, 30, 30, 20, 20, 20, 25, 15, 20, 30, 25, 54, 21, 15, 30, 15, 40, 15, 10, 30, 20, 15, 20, 25, 30, 30, 40, 35, 30, 20, 25, 15, 20, 25, 20, 15, 35, 35, 56, 40, 15, 25, 25, 25, 30, 25, 15, 10, 35, 20, 15, 30, 15, 10, 35, 30, 30, 25, 25, 25, 10, 30, 25, 25, 20, 15, 25, 20, 20, 10, 35, 20, 50, 15, 35, 20, 10, 50, 20, 20, 40, 15, 20, 35, 20, 50, 30, 50, 55, 30, 35, 20, 25, 30, 35, 10, 45, 20, 30, 40, 35, 10, 20, 25, 25, 20, 35, 25, 35, 30, 37, 25, 30, 15, 15, 25, 25, 15, 30, 25, 20, 40, 25, 5, 15, 20, 25, 15, 35, 20, 30, 25, 25, 30, 50, 40, 35, 15, 25, 15, 30, 10, 20, 25, 30, 30, 15, 35, 17, 10, 25, 25, 35, 25, 30, 25, 15, 20, 25, 20, 15, 15, 35, 20, 35, 15, 35, 35, 20, 25, 35, 30, 5, 25, 10, 11, 40, 35, 45, 28, 10, 10, 25, 15, 30, 30, 26, 45, 25, 35, 35, 30, 10, 25, 30, 30, 45, 10, 20, 30, 25, 15, 5, 30, 25, 40, 40, 25, 20, 20, 20, 25, 10, 10, 25, 30, 20, 20, 25, 30, 35, 15, 35, 45, 30, 5, 40, 55, 30, 41, 20, 20, 35, 20, 55, 30, 25, 30, 20, 25, 45, 30, 20, 25, 35, 20, 25, 10, 50, 30, 35, 35, 20, 30, 20, 25, 25, 40, 40, 25, 15, 20, 45, 30, 20, 15, 25, 20, 10, 35, 25, 74, 20, 50, 15, 10, 40, 10, 20, 30, 20, 20, 10, 30, 30, 30, 35, 15, 10, 45, 35, 15, 15, 40, 25, 25, 40, 35, 30, 25, 20, 20, 35, 60, 10, 20, 35, 35, 20, 30, 20, 30, 35, 40, 30, 15, 30, 20, 15, 20, 25, 30, 25, 20, 30, 16, 20, 45, 20, 10, 40, 30, 35, 30, 30, 40, 20, 25, 15, 20, 19, 35, 15, 30, 5, 20, 15, 15, 30, 50, 25, 35, 25, 30, 15, 25, 20, 35, 25, 25, 35, 25, 16, 40, 35, 5, 20, 25, 70, 15, 40, 15, 30, 20, 35, 55, 40, 25, 55, 15, 35, 25, 40, 40, 20, 25, 35, 30, 5, 25, 20, 25, 45, 25, 25, 50, 35, 45, 35, 35, 25, 35, 30, 45, 40, 25, 15, 45, 30, 25, 30, 65, 35, 10, 20, 20, 30, 35, 20, 20, 25, 30, 25, 35, 60, 25, 35, 20, 15, 15, 25, 25, 25, 45, 25, 15, 35, 30, 35, 45, 20, 15, 40, 25, 30, 45, 20, 25, 25, 25, 25, 20, 50, 40, 20, 35, 25, 25, 50, 38, 25, 31, 25, 35, 10, 10, 20, 15, 30, 45, 70, 15, 30, 10, 25, 20, 25, 20, 45, 35, 35, 25, 15, 15, 25, 35, 50, 45, 22, 15, 25, 15, 40, 35, 35, 35, 15, 35, 25, 45, 30, 40, 35, 35, 25, 35, 10, 15, 10, 10, 45, 25, 45, 30, 35, 50, 35, 30, 30, 15, 25, 15, 40, 40, 25, 45, 35, 20, 50, 5, 57, 30, 25, 25, 15, 36, 35, 21, 20, 30, 25, 35, 35, 45, 30, 15, 20, 20, 30, 40, 20, 30, 15, 15, 35, 15, 45, 10, 50, 30, 30, 15, 20, 65, 10, 35, 30, 25, 25, 35, 40, 55, 25, 30, 20, 35, 20, 40, 20, 25, 35, 25, 35, 25, 25, 40, 15, 30, 35, 20, 20, 40, 25, 10, 30, 35, 40, 25, 25, 25, 30, 30, 30, 15, 15, 30, 35, 50, 25, 30, 20, 20, 25, 30, 35, 25, 10, 30, 45, 45, 31, 15, 30, 43, 
1456410, 2
1456410, 1986
1456410, 3524
1456410, 37239
1456410, 8155
1456410, 34164
1480661, 17
1480661, 5, 5, 5, 5, 5, 5, 10, 5, 5, 5, 10, 5, 5, 5, 5, 5, 5, 5, 5, 5, 5, 15, 5, 10, 10, 5, 25, 10, 10, 10, 10, 15, 10, 10, 5, 5, 5, 5, 10, 15, 10, 25, 10, 5, 5, 15, 5, 5, 5, 5, 10, 5, 10, 20, 10, 5, 20, 15, 15, 10, 5, 15, 15, 5, 5, 5, 10, 25, 10, 10, 15, 15, 5, 10, 15, 5, 10, 5, 15, 10, 5, 15, 15, 5, 5, 15, 15, 10, 10, 10, 20, 25, 10, 10, 10, 15, 20, 10, 10, 15, 15, 20, 5, 10, 10, 25, 10, 5, 10, 10, 5, 10, 5, 15, 10, 5, 15, 10, 10, 20, 15, 10, 15, 10, 10, 10, 20, 15, 5, 10, 10, 15, 20, 25, 5, 10, 5, 10, 5, 15, 10, 15, 15, 5, 20, 15, 15, 10, 10, 5, 15, 5, 15, 10, 15, 10, 10, 30, 10, 20, 15, 5, 15, 5, 10, 15, 15, 10, 10, 15, 20, 20, 20, 25, 25, 10, 20, 5, 25, 15, 25, 15, 15, 5, 10, 10, 15, 10, 15, 20, 20, 20, 15, 5, 10, 20, 20, 10, 25, 5, 10, 20, 25, 20, 20, 15, 25, 25, 10, 5, 6, 10, 6, 10, 15, 5, 15, 5, 20, 5, 15, 10, 10, 20, 20, 5, 20, 25, 15, 10, 10, 15, 20, 15, 25, 15, 20, 15, 25, 5, 15, 10, 20, 10, 10, 25, 30, 15, 15, 10, 25, 25, 5, 15, 10, 20, 30, 15, 30, 30, 25, 10, 5, 20, 25, 35, 10, 10, 15, 20, 10, 15, 15, 5, 10, 20, 20, 10, 40, 10, 25, 15, 25, 20, 35, 28, 25, 20, 5, 20, 15, 25, 20, 35, 15, 10, 15, 20, 15, 15, 10, 35, 35, 35, 5, 15, 25, 5, 35, 5, 20, 15, 15, 35, 10, 10, 5, 30, 5, 25, 15, 25, 5, 25, 22, 15, 10, 15, 10, 20, 10, 15, 22, 20, 15, 15, 15, 15, 15, 10, 15, 10, 10, 10, 15, 20, 10, 35, 35, 20, 10, 10, 20, 10, 5, 15, 10, 20, 25, 15, 20, 5, 30, 20, 10, 15, 25, 20, 35, 20, 35, 20, 25, 10, 20, 5, 25, 10, 5, 10, 20, 25, 20, 15, 25, 20, 25, 20, 15, 15, 20, 20, 20, 5, 30, 5, 15, 15, 15, 25, 20, 25, 15, 25, 20, 25, 35, 15, 30, 32, 15, 20, 15, 35, 20, 15, 20, 10, 30, 15, 5, 15, 10, 20, 25, 10, 10, 30, 5, 20, 45, 35, 15, 15, 10, 30, 15, 10, 15, 45, 25, 10, 20, 5, 15, 20, 15, 20, 10, 15, 10, 10, 10, 20, 15, 15, 15, 15, 10, 15, 5, 15, 5, 20, 15, 20, 15, 40, 30, 40, 20, 35, 10, 15, 30, 25, 20, 10, 30, 15, 25, 10, 10, 25, 15, 25, 20, 25, 20, 20, 30, 30, 10, 35, 25, 30, 10, 25, 5, 15, 20, 35, 25, 35, 10, 20, 15, 10, 10, 50, 20, 5, 25, 30, 25, 5, 30, 20, 25, 5, 10, 15, 10, 15, 20, 20, 25, 10, 15, 20, 20, 15, 10, 35, 5, 10, 10, 5, 15, 15, 35, 25, 25, 35, 25, 20, 25, 15, 20, 30, 15, 25, 15, 40, 20, 25, 10, 15, 25, 15, 30, 10, 20, 25, 15, 10, 5, 20, 15, 20, 30, 10, 20, 35, 50, 30, 17, 30, 25, 30, 10, 25, 15, 30, 25, 7, 30, 30, 20, 10, 10, 10, 15, 10, 10, 20, 20, 35, 25, 25, 25, 30, 20, 20, 20, 10, 15, 15, 15, 25, 40, 35, 35, 20, 25, 30, 30, 5, 50, 25, 35, 20, 30, 20, 20, 25, 25, 15, 15, 40, 35, 35, 15, 40, 10, 25, 25, 15, 30, 10, 15, 25, 15, 15, 20, 25, 20, 38, 40, 11, 20, 10, 20, 45, 15, 15, 20, 20, 5, 15, 20, 35, 15, 10, 10, 40, 15, 30, 25, 20, 15, 25, 20, 15, 15, 20, 30, 25, 45, 20, 15, 20, 5, 15, 15, 15, 10, 15, 20, 25, 10, 40, 25, 15, 25, 45, 10, 35, 20, 10, 15, 5, 25, 30, 20, 10, 15, 20, 20, 20, 10, 20, 35, 20, 35, 20, 25, 20, 30, 25, 15, 20, 35, 35, 30, 15, 30, 20, 25, 40, 20, 30, 45, 15, 25, 15, 20, 20, 10, 35, 10, 20, 20, 30, 10, 10, 20, 20, 25, 45, 40, 15, 30, 20, 20, 20, 10, 15, 25, 35, 5, 25, 10, 20, 17, 15, 30, 10, 45, 20, 20, 10, 10, 10, 25, 30, 35, 30, 15, 30, 20, 20, 25, 10, 35, 10, 25, 21, 20, 35, 25, 25, 20, 30, 15, 30, 20, 35, 45, 20, 35, 20, 35, 30, 30, 30, 20, 10, 20, 20, 10, 31, 20, 20, 35, 15, 45, 33, 25, 20, 15, 5, 60, 20, 5, 25, 10, 30, 30, 20, 25, 20, 40, 40, 30, 15, 20, 15, 30, 20, 10, 25, 20, 15, 30, 30, 40, 35, 31, 15, 20, 30, 30, 15, 20, 25, 20, 40, 10, 30, 30, 25, 10, 15, 20, 20, 20, 25, 5, 25, 40, 15, 20, 25, 15, 15, 35, 21, 15, 30, 15, 20, 25, 40, 10, 30, 50, 15, 35, 25, 25, 15, 15, 20, 50, 15, 15, 10, 20, 10, 15, 25, 20, 30, 20, 15, 15, 25, 30, 25, 20, 15, 20, 40, 20, 25, 45, 30, 15, 45, 25, 20, 15, 35, 20, 30, 20, 25, 60, 20, 40, 10, 20, 25, 20, 25, 15, 15, 30, 45, 25, 35, 40, 20, 25, 20, 30, 15, 15, 40, 25, 20, 25, 25, 35, 10, 20, 15, 30, 40, 25, 15, 15, 15, 25, 47, 65, 30, 15, 35, 25, 56, 15, 10, 10, 20, 10, 25, 20, 15, 15, 35, 30, 20, 25, 20, 30, 10, 20, 30, 10, 45, 30, 10, 30, 35, 40, 15, 15, 25, 15, 20, 20, 15, 30, 40, 15, 40, 20, 25, 20, 6, 20, 20, 40, 30, 15, 20, 10, 15, 30, 15, 25, 30, 40, 35, 27, 15, 5, 25, 20, 10, 15, 30, 15, 30, 15, 10, 25, 10, 15, 25, 25, 15, 12, 15, 15, 25, 20, 20, 15, 20, 25, 52, 25, 30, 10, 20, 11, 35, 15, 40, 20, 40, 35, 15, 15, 35, 30, 30, 30, 20, 30, 50, 20, 15, 10, 10, 35, 10, 15, 35, 20, 15, 20, 15, 25, 30, 25, 20, 25, 25, 25, 30, 20, 20, 50, 30, 30, 20, 35, 30, 15, 25, 40, 10, 15, 20, 10, 30, 35, 20, 35, 25, 30, 48, 40, 15, 5, 30, 25, 40, 35, 40, 20, 20, 65, 40, 20, 25, 15, 35, 30, 20, 25, 25, 30, 45, 35, 20, 20, 25, 25, 15, 25, 10, 20, 25, 10, 20, 20, 25, 10, 15, 15, 5, 15, 15, 40, 15, 21, 20, 20, 15, 25, 35, 20, 30, 25, 20, 20, 20, 15, 20, 35, 15, 20, 15, 15, 15, 15, 45, 10, 30, 25, 40, 20, 25, 38, 41, 15, 15, 20, 35, 5, 20, 35, 20, 35, 25, 15, 25, 15, 15, 50, 20, 40, 20, 10, 50, 48, 15, 15, 26, 10, 10, 60, 20, 43, 
1480661, 1
1480661, 1861
1480661, 3165
1480661, 57510
1480661, 15909
1480661, 34060
1480662, 1
1480662, 
1480662, 2
1480662, 4595
1480662, 5903
1480662, 37153
1480662, 13126
1480662, 34051
1480663, 1
1480663, 
1480663, 2
1480663, 7310
1480663, 8619
1480663, 76332
1480663, 15505
1480663, 33961
1512806, 12
1512806, 5, 5, 5, 10, 15, 5, 10, 5, 10, 10, 15, 10, 10, 5, 10, 5, 10, 10, 15, 10, 10, 5, 15, 5, 10, 5, 15, 25, 10, 15, 10, 25, 5, 20, 5, 15, 30, 5, 15, 20, 10, 15, 20, 5, 10, 5, 30, 5, 10, 25, 25, 15, 20, 15, 10, 5, 21, 22, 15, 5, 15, 25, 25, 10, 20, 5, 15, 15, 10, 20, 5, 20, 10, 5, 20, 15, 25, 10, 25, 5, 25, 10, 15, 5, 20, 10, 10, 10, 35, 10, 10, 5, 5, 20, 15, 25, 10, 10, 10, 15, 25, 25, 30, 25, 10, 30, 15, 15, 15, 10, 5, 25, 15, 10, 15, 10, 10, 20, 25, 10, 15, 15, 22, 15, 35, 40, 15, 20, 15, 25, 40, 20, 10, 15, 20, 10, 30, 5, 10, 15, 15, 10, 15, 20, 25, 10, 30, 20, 15, 20, 20, 15, 5, 40, 10, 25, 5, 25, 15, 25, 15, 25, 20, 50, 10, 31, 20, 10, 25, 10, 20, 40, 35, 25, 50, 20, 25, 15, 15, 25, 15, 25, 20, 30, 25, 10, 15, 10, 35, 25, 15, 30, 10, 10, 25, 15, 10, 25, 15, 5, 20, 35, 10, 20, 10, 35, 10, 10, 25, 15, 10, 10, 10, 46, 15, 10, 20, 20, 40, 25, 30, 20, 10, 5, 40, 15, 5, 20, 30, 25, 15, 20, 30, 10, 40, 25, 30, 30, 45, 35, 15, 25, 20, 20, 40, 15, 30, 15, 10, 20, 20, 20, 10, 20, 30, 35, 35, 25, 30, 35, 25, 10, 15, 25, 25, 20, 15, 25, 20, 35, 35, 10, 15, 25, 15, 20, 20, 15, 20, 35, 25, 20, 5, 10, 25, 25, 10, 30, 25, 15, 20, 45, 30, 25, 20, 20, 15, 10, 25, 15, 25, 25, 50, 45, 35, 40, 25, 30, 35, 20, 30, 20, 20, 15, 20, 16, 30, 25, 25, 20, 15, 20, 30, 25, 20, 50, 10, 25, 30, 30, 10, 25, 15, 35, 55, 25, 15, 15, 30, 40, 45, 20, 30, 50, 15, 30, 60, 40, 20, 35, 20, 5, 25, 15, 20, 35, 15, 15, 10, 15, 30, 30, 15, 25, 30, 30, 35, 15, 5, 15, 25, 10, 20, 30, 10, 45, 25, 30, 35, 30, 20, 15, 30, 15, 45, 45, 35, 10, 25, 10, 20, 15, 35, 40, 20, 35, 25, 45, 15, 10, 40, 45, 20, 25, 25, 25, 30, 60, 30, 35, 15, 35, 10, 20, 15, 40, 30, 15, 35, 10, 20, 20, 20, 10, 30, 65, 15, 30, 30, 20, 25, 26, 35, 25, 35, 25, 35, 40, 15, 25, 20, 25, 35, 45, 20, 30, 35, 30, 10, 15, 20, 30, 15, 15, 5, 10, 10, 25, 30, 35, 20, 25, 20, 20, 25, 31, 45, 30, 50, 30, 20, 30, 20, 10, 35, 25, 20, 40, 35, 30, 15, 15, 30, 15, 31, 20, 10, 20, 15, 15, 20, 15, 25, 30, 55, 30, 25, 20, 25, 15, 20, 15, 30, 5, 35, 30, 25, 15, 25, 15, 25, 20, 25, 15, 20, 25, 35, 25, 25, 20, 20, 5, 25, 25, 30, 25, 20, 20, 30, 35, 30, 30, 25, 35, 35, 20, 15, 30, 20, 20, 45, 80, 25, 30, 30, 20, 25, 20, 25, 25, 30, 55, 10, 15, 15, 30, 35, 15, 35, 5, 15, 35, 25, 30, 15, 20, 10, 30, 25, 40, 20, 30, 15, 20, 20, 45, 30, 25, 35, 32, 5, 40, 20, 30, 30, 20, 30, 15, 35, 10, 15, 25, 20, 15, 30, 40, 10, 20, 20, 55, 30, 20, 25, 25, 15, 5, 25, 30, 40, 25, 20, 40, 30, 40, 25, 30, 20, 30, 20, 25, 45, 25, 25, 35, 30, 25, 40, 25, 45, 30, 45, 30, 15, 35, 30, 15, 40, 25, 35, 35, 25, 55, 30, 40, 25, 30, 30, 15, 20, 15, 15, 20, 10, 40, 10, 25, 30, 35, 15, 20, 40, 15, 15, 11, 30, 35, 35, 30, 25, 20, 20, 35, 50, 10, 25, 25, 40, 10, 25, 25, 25, 30, 25, 20, 30, 10, 30, 40, 30, 40, 20, 25, 25, 55, 25, 10, 25, 20, 25, 20, 35, 20, 25, 20, 15, 20, 15, 30, 30, 15, 20, 15, 20, 5, 40, 45, 20, 20, 25, 50, 25, 45, 11, 30, 45, 41, 30, 25, 40, 45, 30, 30, 20, 30, 10, 40, 20, 20, 50, 30, 45, 20, 20, 15, 30, 45, 20, 35, 10, 20, 15, 45, 10, 30, 20, 65, 25, 10, 25, 20, 5, 20, 45, 35, 30, 30, 10, 35, 10, 15, 25, 25, 20, 25, 35, 25, 40, 50, 40, 10, 20, 40, 20, 20, 30, 5, 25, 15, 45, 30, 20, 30, 50, 25, 25, 10, 25, 30, 35, 25, 40, 45, 35, 30, 35, 55, 5, 35, 25, 35, 40, 25, 40, 25, 20, 35, 15, 30, 35, 25, 30, 25, 35, 20, 50, 35, 30, 15, 20, 20, 40, 25, 45, 20, 20, 40, 20, 20, 50, 55, 40, 35, 45, 35, 15, 15, 20, 35, 61, 10, 40, 25, 35, 20, 60, 35, 35, 25, 30, 25, 15, 30, 25, 25, 40, 15, 65, 57, 25, 40, 50, 35, 55, 50, 75, 35, 30, 30, 20, 35, 20, 30, 10, 25, 17, 30, 45, 25, 25, 35, 55, 40, 10, 25, 30, 45, 45, 20, 15, 20, 20, 20, 25, 20, 15, 35, 30, 25, 10, 30, 45, 10, 30, 30, 52, 25, 25, 40, 35, 41, 20, 20, 30, 25, 25, 20, 40, 30, 20, 30, 30, 20, 20, 15, 20, 25, 25, 30, 30, 40, 15, 30, 35, 45, 20, 20, 20, 40, 30, 50, 30, 15, 60, 35, 35, 45, 25, 40, 30, 30, 20, 15, 35, 25, 20, 30, 25, 30, 55, 15, 25, 35, 15, 45, 15, 20, 25, 25, 20, 60, 35, 20, 20, 45, 25, 20, 30, 15, 45, 15, 40, 45, 35, 20, 30, 30, 35, 30, 25, 15, 20, 35, 15, 31, 35, 30, 30, 20, 35, 20, 40, 35, 25, 45, 15, 30, 45, 15, 40, 50, 30, 15, 30, 15, 20, 25, 20, 35, 40, 35, 30, 20, 45, 50, 40, 35, 31, 40, 15, 10, 35, 45, 30, 40, 25, 35, 35, 30, 35, 20, 30, 35, 20, 35, 15, 15, 35, 45, 50, 20, 40, 35, 35, 15, 40, 25, 35, 25, 36, 45, 40, 35, 25, 55, 45, 65, 20, 30, 25, 40, 25, 10, 35, 28, 10, 25, 45, 10, 30, 40, 30, 53, 20, 20, 15, 35, 45, 35, 35, 35, 25, 50, 45, 40, 30, 25, 55, 65, 20, 50, 25, 50, 45, 70, 40, 50, 45, 32, 35, 25, 65, 20, 61, 35, 25, 15, 20, 40, 20, 40, 35, 40, 45, 35, 25, 21, 35, 30, 45, 20, 30, 16, 25, 25, 25, 20, 30, 50, 25, 25, 35, 20, 55, 15, 45, 25, 30, 20, 20, 25, 20, 15, 15, 35, 25, 75, 30, 20, 25, 20, 75, 40, 20, 20, 50, 75, 35, 40, 25, 20, 10, 10, 25, 30, 45, 25, 30, 30, 35, 40, 35, 20, 10, 30, 30, 25, 30, 10, 40, 15, 25, 35, 30, 25, 30, 69, 30, 10, 35, 35, 15, 10, 30, 62, 55, 25, 40, 20, 15, 25, 30, 50, 45, 15, 45, 35, 50, 30, 20, 45, 35, 25, 20, 30, 40, 20, 17, 
1512806, 1
1512806, 1791
1512806, 2926
1512806, 23488
1512806, 7576
1512806, 33910
1512980, 2
1512980, 5, 5, 5, 10, 5, 5, 5, 5, 5, 10, 5, 5, 10, 5, 5, 5, 5, 5, 5, 5, 5, 5, 5, 5, 5, 5, 5, 5, 5, 5, 5, 2, 
1512980, 1
1512980, 4633
1512980, 5774
1512980, 18215
1512980, 4026
1512980, 33861
1562810, 70
1562810, 5, 15, 5, 30, 25, 5, 10, 25, 21, 15, 19, 15, 25, 15, 10, 15, 15, 15, 10, 20, 15, 30, 30, 15, 20, 25, 30, 30, 20, 15, 20, 30, 25, 20, 35, 30, 10, 20, 20, 10, 25, 30, 15, 50, 25, 35, 15, 20, 15, 20, 10, 20, 30, 20, 35, 25, 10, 25, 30, 35, 20, 50, 15, 15, 25, 15, 50, 20, 20, 20, 35, 35, 25, 35, 30, 25, 15, 25, 40, 35, 35, 35, 25, 15, 35, 20, 30, 15, 45, 20, 40, 20, 35, 35, 25, 40, 45, 35, 15, 25, 30, 70, 25, 40, 25, 35, 40, 30, 20, 50, 35, 65, 30, 15, 35, 10, 40, 20, 20, 30, 45, 30, 22, 16, 55, 40, 35, 35, 15, 30, 30, 20, 10, 25, 10, 30, 25, 35, 30, 40, 20, 20, 15, 10, 35, 35, 30, 40, 75, 35, 35, 15, 10, 45, 55, 45, 20, 36, 35, 50, 20, 40, 50, 10, 20, 45, 55, 15, 45, 35, 30, 40, 40, 25, 45, 31, 30, 40, 30, 35, 55, 35, 25, 45, 45, 35, 25, 35, 50, 35, 30, 45, 25, 50, 15, 10, 25, 50, 10, 40, 45, 70, 40, 20, 20, 35, 10, 35, 40, 55, 35, 55, 30, 40, 35, 35, 25, 45, 30, 70, 45, 40, 35, 40, 20, 45, 20, 40, 55, 30, 20, 30, 30, 20, 40, 20, 70, 15, 55, 20, 15, 55, 40, 25, 25, 25, 30, 105, 40, 25, 40, 30, 30, 40, 50, 40, 60, 45, 35, 20, 30, 40, 35, 25, 20, 50, 35, 30, 25, 45, 30, 20, 50, 45, 50, 20, 20, 30, 30, 60, 35, 40, 40, 35, 25, 50, 75, 50, 45, 35, 30, 40, 35, 25, 45, 55, 45, 55, 30, 25, 40, 40, 35, 40, 30, 55, 30, 25, 50, 15, 45, 20, 45, 35, 25, 20, 40, 35, 25, 20, 30, 40, 30, 45, 45, 25, 35, 45, 35, 30, 80, 70, 35, 20, 41, 15, 30, 70, 25, 25, 35, 35, 45, 35, 30, 25, 70, 60, 25, 20, 25, 30, 30, 50, 30, 25, 25, 25, 40, 35, 30, 35, 50, 25, 40, 35, 40, 35, 35, 20, 45, 30, 40, 20, 55, 40, 40, 45, 30, 35, 35, 45, 35, 30, 25, 30, 35, 35, 20, 45, 50, 25, 20, 30, 70, 45, 50, 35, 30, 35, 30, 45, 55, 45, 35, 35, 35, 40, 20, 40, 25, 45, 45, 65, 60, 60, 45, 35, 20, 25, 35, 30, 45, 35, 40, 35, 60, 25, 60, 20, 75, 25, 50, 45, 65, 85, 55, 40, 45, 30, 55, 55, 35, 50, 50, 55, 45, 25, 15, 70, 30, 90, 61, 55, 40, 40, 50, 20, 40, 30, 40, 35, 30, 45, 40, 25, 50, 60, 60, 35, 40, 70, 20, 15, 20, 35, 46, 60, 60, 20, 45, 35, 30, 50, 50, 55, 45, 15, 45, 35, 45, 40, 40, 50, 50, 40, 45, 46, 58, 40, 50, 50, 25, 45, 65, 30, 45, 45, 35, 30, 45, 20, 35, 27, 32, 50, 25, 35, 35, 40, 45, 55, 60, 68, 55, 50, 10, 35, 40, 80, 30, 42, 55, 45, 35, 55, 40, 30, 50, 40, 45, 25, 20, 70, 15, 30, 45, 31, 45, 20, 30, 20, 45, 55, 15, 85, 50, 65, 45, 45, 30, 30, 30, 40, 30, 55, 35, 30, 25, 50, 30, 35, 55, 30, 40, 25, 60, 30, 35, 56, 45, 45, 35, 30, 15, 25, 55, 35, 26, 45, 55, 30, 30, 15, 40, 35, 25, 45, 90, 75, 40, 75, 35, 55, 30, 30, 60, 45, 50, 25, 40, 20, 45, 40, 40, 40, 35, 25, 35, 40, 40, 65, 30, 25, 40, 32, 40, 40, 55, 20, 75, 45, 20, 30, 40, 40, 45, 35, 25, 15, 50, 40, 67, 60, 25, 45, 40, 25, 65, 45, 45, 75, 35, 45, 55, 50, 60, 50, 45, 40, 60, 20, 25, 40, 50, 35, 15, 40, 35, 35, 87, 40, 40, 35, 50, 60, 50, 45, 35, 47, 60, 50, 30, 30, 65, 25, 40, 35, 65, 30, 40, 50, 30, 35, 40, 55, 45, 45, 20, 10, 60, 45, 30, 20, 45, 25, 45, 60, 55, 35, 40, 25, 35, 25, 25, 45, 25, 50, 35, 65, 25, 20, 74, 20, 30, 50, 60, 30, 40, 35, 60, 65, 60, 45, 30, 45, 55, 45, 35, 45, 65, 20, 25, 40, 35, 40, 40, 60, 40, 60, 35, 45, 55, 45, 30, 5, 45, 40, 38, 45, 56, 65, 40, 90, 20, 57, 30, 60, 50, 60, 10, 45, 25, 30, 33, 55, 60, 30, 35, 30, 35, 50, 30, 45, 25, 25, 55, 40, 35, 20, 30, 55, 60, 45, 75, 65, 30, 20, 35, 10, 60, 20, 50, 45, 60, 75, 25, 30, 55, 35, 46, 45, 40, 25, 20, 30, 40, 65, 45, 15, 20, 55, 25, 50, 60, 105, 45, 30, 65, 25, 60, 30, 45, 60, 35, 45, 50, 50, 45, 45, 25, 30, 30, 30, 30, 40, 30, 70, 35, 40, 30, 35, 40, 70, 65, 45, 40, 45, 25, 40, 60, 35, 61, 45, 35, 60, 70, 60, 75, 80, 75, 35, 35, 55, 40, 45, 45, 30, 40, 25, 84, 35, 45, 50, 50, 15, 50, 20, 40, 45, 50, 25, 15, 40, 30, 40, 61, 35, 35, 30, 45, 30, 30, 25, 35, 40, 85, 65, 60, 30, 65, 40, 50, 35, 60, 55, 45, 50, 30, 40, 40, 55, 80, 45, 30, 30, 25, 50, 65, 45, 45, 35, 30, 25, 51, 10, 40, 25, 40, 70, 40, 30, 45, 40, 30, 35, 40, 35, 35, 35, 50, 85, 50, 20, 45, 30, 65, 85, 55, 45, 65, 25, 15, 35, 65, 60, 65, 40, 35, 40, 55, 25, 55, 50, 31, 10, 45, 50, 35, 45, 35, 30, 20, 46, 85, 45, 70, 50, 65, 35, 35, 40, 40, 27, 65, 45, 15, 60, 40, 65, 45, 20, 55, 65, 25, 25, 60, 40, 10, 35, 50, 65, 45, 40, 45, 55, 20, 55, 35, 35, 75, 45, 35, 25, 50, 35, 75, 55, 40, 40, 51, 30, 50, 40, 45, 65, 40, 50, 55, 41, 55, 65, 25, 35, 55, 35, 45, 45, 36, 25, 60, 45, 60, 30, 45, 70, 40, 30, 21, 35, 25, 55, 50, 40, 50, 50, 45, 80, 30, 45, 40, 35, 20, 50, 80, 50, 45, 70, 35, 35, 30, 30, 50, 55, 40, 70, 25, 50, 40, 20, 20, 45, 35, 25, 25, 45, 50, 32, 50, 45, 35, 45, 30, 60, 30, 38, 40, 85, 75, 30, 25, 40, 40, 20, 40, 55, 55, 40, 30, 35, 20, 55, 30, 70, 50, 75, 25, 60, 55, 30, 35, 75, 30, 40, 40, 25, 50, 33, 40, 75, 55, 30, 20, 65, 60, 51, 55, 40, 55, 30, 73, 35, 55, 40, 30, 62, 45, 56, 30, 45, 40, 35, 60, 80, 35, 45, 40, 35, 35, 45, 30, 40, 40, 60, 25, 70, 30, 45, 50, 60, 55, 60, 65, 70, 46, 40, 64, 30, 60, 35, 30, 35, 55, 40, 40, 35, 35, 45, 50, 75, 25, 62, 70, 95, 60, 65, 35, 70, 30, 55, 80, 70, 40, 65, 45, 35, 25, 50, 35, 30, 35, 65, 55, 50, 45, 50, 75, 35, 55, 40, 20, 45, 50, 110, 30, 35, 31, 40, 25, 25, 40, 80, 60, 40, 30, 20, 40, 45, 111, 15, 50, 
1562810, 1
1562810, 1645
1562810, 2609
1562810, 31946
1562810, 8870
1562810, 33866
1562811, 1
1562811, 
1562811, 3
1562811, 4745
1562811, 5723
1562811, 29881
1562811, 6726
1562811, 33805
1562812, 1
1562812, 
1562812, 1
1562812, 7798
1562812, 8774
1562812, 73444
1562812, 14352
1562812, 33760
1562813, 1
1562813, 
1562813, 2
1562813, 10852
1562813, 11825
1562813, 23293
1562813, 5394
1562813, 33736
1563657, 1
1563657, 5, 5, 5, 5, 5, 5, 5, 5, 5, 5, 5, 5, 5, 5, 5, 5, 5, 5, 5, 5, 5, 5, 5, 5, 5, 5, 5, 5, 5, 5, 5, 5, 5, 5, 5, 5, 5, 5, 5, 5, 5, 5, 5, 5, 5, 5, 5, 5, 5, 5, 5, 5, 5, 5, 5, 10, 5, 5, 5, 5, 5, 5, 5, 5, 5, 5, 5, 5, 5, 5, 5, 5, 5, 5, 5, 5, 10, 5, 5, 5, 5, 5, 5, 5, 5, 5, 5, 5, 5, 5, 5, 5, 5, 5, 5, 5, 5, 5, 5, 5, 5, 5, 5, 5, 5, 5, 5, 5, 5, 10, 5, 5, 5, 5, 10, 5, 10, 5, 5, 10, 5, 10, 5, 10, 5, 5, 5, 5, 5, 5, 5, 5, 5, 5, 5, 10, 5, 5, 5, 5, 5, 5, 5, 5, 5, 10, 10, 5, 5, 5, 5, 5, 5, 5, 5, 5, 5, 3, 
1563657, 2
1563657, 8634
1563657, 9626
1563657, 21800
1563657, 6321
1563657, 33730
1563658, 1
1563658, 
1563658, 1
1563658, 11646
1563658, 12636
1563658, 22309
1563658, 6136
1563658, 33720
1619368, 84
1619368, 5, 10, 15, 30, 20, 15, 10, 30, 20, 20, 30, 35, 35, 15, 25, 15, 15, 35, 30, 15, 15, 30, 35, 45, 15, 22, 50, 20, 35, 35, 35, 35, 40, 15, 35, 40, 50, 35, 35, 25, 20, 25, 35, 40, 25, 15, 10, 25, 35, 20, 20, 25, 35, 60, 35, 25, 35, 40, 35, 25, 15, 42, 20, 20, 45, 30, 15, 25, 35, 30, 20, 50, 30, 30, 20, 80, 25, 30, 35, 25, 25, 35, 40, 45, 50, 35, 35, 17, 25, 15, 35, 20, 40, 50, 35, 52, 20, 45, 30, 40, 25, 45, 55, 45, 25, 30, 45, 65, 50, 31, 30, 40, 50, 40, 80, 40, 26, 45, 45, 40, 45, 55, 50, 20, 60, 30, 70, 55, 35, 35, 30, 33, 10, 20, 25, 25, 35, 35, 30, 30, 35, 35, 45, 10, 45, 45, 55, 50, 40, 35, 35, 25, 25, 25, 30, 40, 10, 50, 40, 40, 35, 35, 50, 45, 30, 50, 35, 45, 50, 40, 30, 60, 30, 45, 25, 15, 50, 45, 101, 60, 45, 30, 30, 35, 35, 30, 15, 25, 35, 25, 20, 20, 35, 45, 55, 35, 20, 25, 30, 40, 30, 85, 15, 40, 20, 75, 5, 25, 45, 40, 40, 30, 40, 65, 45, 45, 50, 55, 30, 50, 15, 65, 25, 20, 30, 40, 30, 45, 30, 35, 40, 45, 35, 55, 20, 55, 35, 45, 25, 55, 50, 45, 40, 50, 55, 30, 65, 40, 30, 40, 40, 50, 45, 50, 35, 20, 55, 55, 15, 36, 20, 90, 45, 30, 45, 45, 30, 45, 31, 31, 50, 30, 75, 45, 35, 15, 65, 35, 40, 30, 50, 50, 35, 25, 20, 45, 35, 35, 40, 60, 30, 40, 45, 40, 35, 45, 45, 45, 30, 30, 25, 38, 50, 35, 45, 40, 20, 20, 65, 35, 58, 25, 30, 75, 35, 40, 40, 35, 35, 60, 25, 45, 45, 45, 30, 30, 40, 20, 40, 50, 50, 45, 55, 45, 30, 25, 35, 35, 45, 45, 30, 60, 35, 35, 25, 30, 50, 65, 15, 55, 15, 50, 25, 25, 30, 35, 15, 30, 55, 55, 45, 50, 50, 46, 55, 60, 20, 40, 47, 65, 30, 20, 30, 55, 45, 50, 25, 40, 25, 45, 45, 50, 55, 35, 35, 65, 40, 40, 55, 40, 20, 35, 60, 60, 30, 55, 20, 40, 50, 65, 56, 60, 40, 20, 35, 65, 40, 55, 55, 35, 55, 35, 40, 30, 70, 15, 65, 30, 40, 50, 25, 45, 30, 25, 37, 70, 35, 25, 75, 60, 40, 50, 40, 25, 75, 20, 70, 30, 40, 40, 30, 35, 55, 65, 20, 70, 50, 45, 50, 40, 55, 80, 50, 40, 55, 65, 20, 15, 35, 50, 35, 25, 20, 30, 35, 60, 55, 40, 35, 25, 10, 35, 55, 40, 65, 35, 30, 35, 45, 25, 40, 70, 100, 40, 30, 65, 46, 50, 45, 80, 75, 55, 40, 20, 45, 35, 40, 55, 45, 55, 60, 65, 40, 45, 70, 45, 35, 45, 50, 25, 25, 40, 60, 35, 35, 35, 45, 25, 40, 45, 25, 55, 30, 30, 45, 20, 20, 51, 50, 50, 50, 40, 50, 30, 45, 35, 60, 20, 30, 45, 55, 60, 45, 45, 40, 65, 30, 30, 65, 30, 25, 90, 35, 40, 40, 50, 35, 70, 35, 70, 45, 40, 45, 45, 70, 65, 40, 45, 35, 25, 21, 40, 57, 60, 55, 55, 70, 50, 50, 45, 50, 95, 35, 50, 50, 25, 60, 25, 50, 50, 40, 55, 30, 70, 40, 65, 35, 55, 25, 40, 45, 35, 55, 30, 70, 45, 25, 30, 55, 60, 50, 25, 40, 40, 30, 25, 50, 45, 20, 55, 45, 70, 15, 25, 65, 65, 80, 40, 40, 35, 35, 15, 21, 55, 45, 35, 40, 45, 35, 20, 30, 50, 30, 60, 40, 75, 95, 90, 35, 70, 55, 20, 40, 40, 35, 30, 60, 50, 60, 40, 15, 40, 60, 75, 50, 45, 80, 35, 81, 75, 35, 115, 45, 60, 60, 15, 45, 30, 30, 30, 45, 50, 50, 45, 60, 25, 50, 50, 35, 45, 50, 60, 55, 35, 35, 55, 50, 90, 45, 55, 51, 40, 40, 55, 35, 25, 35, 45, 50, 50, 35, 30, 30, 45, 55, 25, 40, 35, 40, 20, 50, 40, 40, 60, 30, 50, 35, 35, 70, 95, 35, 65, 15, 35, 45, 30, 32, 50, 35, 65, 30, 50, 75, 40, 50, 110, 67, 45, 75, 70, 45, 55, 45, 50, 35, 35, 50, 73, 35, 45, 50, 55, 40, 25, 60, 50, 40, 70, 50, 40, 30, 60, 61, 55, 80, 66, 30, 90, 25, 40, 55, 45, 45, 40, 45, 25, 45, 40, 30, 45, 35, 40, 30, 45, 60, 50, 45, 75, 30, 45, 30, 40, 25, 30, 60, 30, 70, 25, 70, 35, 55, 60, 65, 65, 40, 60, 50, 35, 35, 126, 50, 30, 65, 35, 40, 45, 50, 50, 55, 52, 40, 55, 40, 45, 60, 50, 50, 50, 25, 80, 45, 35, 65, 40, 98, 55, 40, 65, 35, 62, 25, 60, 50, 50, 90, 35, 50, 45, 57, 55, 50, 40, 50, 35, 30, 35, 45, 30, 35, 15, 45, 20, 45, 45, 55, 65, 30, 45, 40, 55, 70, 65, 25, 45, 30, 30, 35, 50, 55, 40, 20, 40, 50, 120, 55, 30, 40, 30, 50, 60, 60, 40, 60, 40, 30, 65, 30, 80, 60, 30, 70, 65, 35, 50, 35, 70, 40, 47, 50, 65, 40, 30, 50, 60, 55, 60, 75, 50, 25, 30, 61, 30, 60, 45, 35, 40, 20, 55, 50, 35, 40, 25, 40, 30, 30, 65, 81, 40, 45, 40, 25, 75, 55, 50, 40, 75, 32, 40, 65, 75, 30, 50, 60, 35, 75, 25, 40, 25, 40, 35, 60, 40, 40, 45, 45, 65, 50, 80, 105, 25, 40, 35, 30, 80, 55, 65, 55, 65, 45, 75, 65, 40, 30, 60, 50, 40, 90, 30, 60, 80, 60, 70, 40, 75, 25, 25, 55, 65, 55, 50, 40, 75, 40, 65, 35, 45, 65, 65, 55, 30, 35, 65, 25, 105, 50, 40, 50, 30, 30, 80, 90, 30, 55, 60, 35, 25, 58, 60, 30, 30, 45, 45, 40, 40, 65, 45, 55, 40, 60, 50, 50, 40, 45, 45, 65, 40, 110, 55, 35, 65, 40, 120, 65, 55, 55, 35, 40, 70, 80, 35, 30, 25, 30, 60, 35, 35, 70, 40, 30, 55, 35, 50, 45, 45, 65, 55, 60, 35, 55, 90, 55, 65, 35, 40, 45, 35, 40, 45, 80, 55, 45, 40, 30, 30, 70, 35, 35, 45, 95, 50, 55, 25, 35, 45, 30, 75, 20, 35, 70, 45, 80, 50, 50, 40, 30, 55, 85, 75, 56, 6, 75, 95, 40, 55, 35, 55, 35, 65, 35, 86, 20, 40, 70, 45, 45, 22, 30, 71, 62, 45, 65, 65, 70, 30, 45, 60, 45, 25, 55, 70, 95, 21, 40, 80, 35, 40, 55, 35, 75, 55, 35, 60, 55, 56, 55, 60, 50, 45, 36, 40, 55, 53, 60, 35, 45, 45, 70, 60, 55, 45, 20, 25, 25, 50, 45, 86, 35, 30, 35, 45, 50, 50, 26, 86, 80, 60, 11, 45, 65, 35, 45, 25, 45, 50, 81, 90, 30, 45, 45, 60, 50, 95, 30, 25, 50, 25, 70, 55, 40, 40, 40, 20, 41, 70, 35, 21, 50, 41, 55, 55, 55, 70, 50, 65, 35, 35, 35, 55, 50, 40, 50, 95, 60, 55, 30, 24, 
1619368, 1
1619368, 1690
1619368, 2685
1619368, 35213
1619368, 5030
1619368, 33670
1621418, 3
1621418, 5, 5, 5, 5, 5, 5, 5, 5, 5, 5, 5, 5, 5, 5, 5, 5, 5, 5, 5, 10, 5, 5, 5, 5, 5, 5, 5, 5, 5, 5, 5, 5, 5, 5, 5, 5, 5, 5, 10, 5, 5, 5, 5, 5, 5, 5, 5, 5, 5, 5, 5, 5, 5, 5, 5, 5, 5, 5, 5, 5, 5, 5, 10, 5, 5, 5, 5, 5, 5, 5, 5, 5, 5, 5, 5, 5, 5, 5, 5, 5, 5, 15, 5, 5, 5, 5, 5, 5, 10, 5, 5, 5, 5, 5, 5, 5, 5, 5, 5, 5, 5, 5, 5, 5, 5, 5, 5, 5, 5, 5, 5, 5, 5, 5, 5, 5, 5, 5, 5, 5, 5, 5, 5, 5, 5, 5, 5, 2, 5, 5, 5, 5, 10, 10, 10, 5, 5, 5, 5, 5, 5, 5, 5, 5, 10, 5, 10, 5, 10, 5, 5, 5, 5, 5, 5, 5, 5, 5, 5, 5, 5, 10, 5, 5, 5, 5, 5, 5, 5, 5, 5, 5, 5, 5, 5, 5, 5, 5, 5, 5, 10, 5, 5, 10, 5, 5, 5, 5, 15, 5, 5, 5, 5, 5, 5, 5, 5, 5, 5, 5, 5, 10, 10, 5, 10, 5, 5, 5, 5, 10, 5, 5, 10, 5, 5, 5, 10, 5, 5, 10, 5, 5, 5, 5, 10, 10, 5, 5, 5, 5, 5, 5, 5, 5, 5, 5, 5, 5, 5, 10, 5, 5, 5, 5, 5, 5, 5, 1, 5, 10, 5, 5, 5, 5, 5, 5, 5, 5, 5, 5, 5, 5, 10, 5, 5, 5, 5, 5, 5, 5, 5, 5, 5, 5, 10, 5, 5, 5, 10, 5, 5, 5, 5, 5, 10, 5, 10, 5, 5, 10, 5, 5, 5, 5, 5, 5, 5, 5, 5, 5, 5, 5, 5, 5, 5, 5, 5, 10, 5, 5, 5, 5, 5, 10, 15, 5, 5, 10, 5, 10, 10, 5, 5, 5, 5, 5, 5, 10, 5, 5, 5, 5, 5, 5, 5, 10, 5, 5, 5, 5, 5, 5, 10, 5, 5, 5, 10, 5, 10, 10, 5, 10, 10, 5, 5, 5, 5, 10, 10, 4, 
1621418, 1
1621418, 4903
1621418, 5895
1621418, 37109
1621418, 11596
1621418, 33699
1621419, 1
1621419, 
1621419, 2
1621419, 8108
1621419, 9098
1621419, 13804
1621419, 4133
1621419, 33654
1622951, 1
1622951, 5, 5, 5, 5, 5, 5, 5, 5, 5, 5, 5, 5, 10, 5, 5, 5, 1, 5, 5, 5, 5, 5, 5, 5, 5, 10, 5, 5, 5, 5, 5, 5, 5, 5, 5, 10, 5, 5, 5, 5, 5, 5, 5, 5, 5, 5, 5, 10, 5, 5, 10, 5, 5, 5, 5, 5, 5, 5, 5, 5, 5, 5, 5, 5, 5, 5, 10, 5, 5, 5, 5, 5, 5, 5, 5, 5, 5, 5, 5, 5, 5, 5, 5, 5, 5, 10, 10, 5, 5, 5, 5, 5, 5, 5, 10, 5, 5, 5, 5, 5, 5, 10, 5, 5, 5, 5, 5, 5, 5, 5, 5, 5, 5, 5, 5, 5, 10, 5, 5, 10, 5, 5, 10, 5, 5, 10, 5, 5, 5, 5, 5, 5, 5, 5, 5, 5, 5, 5, 5, 5, 5, 10, 5, 5, 5, 5, 5, 5, 1, 5, 5, 5, 5, 5, 5, 5, 5, 5, 5, 10, 5, 10, 5, 5, 5, 10, 5, 5, 5, 10, 5, 5, 5, 5, 10, 5, 5, 5, 5, 5, 5, 5, 5, 5, 5, 5, 5, 5, 10, 5, 5, 5, 5, 5, 5, 5, 10, 5, 5, 10, 5, 5, 5, 5, 5, 5, 5, 5, 5, 5, 5, 10, 5, 5, 10, 10, 5, 5, 5, 5, 5, 5, 5, 10, 5, 5, 10, 5, 5, 10, 5, 5, 5, 5, 5, 5, 5, 10, 5, 5, 5, 10, 10, 5, 5, 5, 5, 5, 5, 5, 5, 15, 10, 5, 5, 5, 5, 5, 5, 5, 5, 15, 5, 5, 5, 5, 5, 5, 5, 5, 4, 
1622951, 2
1622951, 8534
1622951, 9516
1622951, 10019
1622951, 4505
1622951, 33676
1622952, 1
1622952, 
1622952, 2
1622952, 11705
1622952, 12695
1622952, 90746
1622952, 21628
1622952, 33586
1622953, 1
1622953, 
1622953, 1
1622953, 14842
1622953, 15836
1622953, 49037
1622953, 6716
1622953, 33586
1631846, 10
1631846, 5, 5, 5, 5, 5, 5, 5, 5, 5, 5, 5, 5, 5, 5, 5, 5, 5, 5, 5, 5, 5, 5, 5, 5, 5, 5, 5, 5, 10, 1, 5, 5, 10, 5, 5, 5, 5, 5, 5, 5, 5, 5, 5, 5, 5, 5, 5, 5, 5, 5, 5, 5, 10, 5, 5, 5, 5, 5, 5, 5, 5, 5, 5, 5, 5, 5, 10, 5, 5, 5, 15, 5, 5, 5, 5, 5, 5, 5, 5, 5, 5, 5, 5, 5, 5, 5, 5, 5, 5, 5, 5, 5, 5, 5, 5, 5, 5, 5, 5, 5, 5, 5, 10, 5, 5, 5, 10, 5, 5, 5, 5, 5, 5, 5, 5, 5, 5, 10, 5, 5, 5, 10, 5, 5, 5, 10, 5, 15, 5, 5, 10, 5, 20, 5, 10, 5, 5, 5, 5, 5, 5, 5, 5, 5, 5, 5, 5, 5, 5, 15, 5, 5, 5, 5, 5, 5, 5, 5, 5, 5, 10, 15, 10, 10, 5, 5, 5, 10, 15, 5, 10, 5, 15, 15, 10, 5, 5, 5, 5, 5, 10, 25, 5, 5, 10, 5, 20, 10, 5, 5, 10, 5, 5, 10, 5, 5, 5, 5, 10, 5, 10, 15, 5, 5, 5, 10, 5, 5, 5, 5, 5, 5, 10, 5, 5, 15, 10, 20, 20, 10, 10, 5, 20, 10, 15, 5, 5, 5, 5, 5, 5, 10, 5, 10, 10, 25, 10, 5, 10, 15, 5, 2, 5, 10, 5, 10, 5, 5, 10, 5, 5, 15, 15, 10, 5, 5, 20, 5, 5, 5, 5, 5, 10, 5, 5, 5, 5, 10, 5, 5, 5, 5, 5, 5, 15, 10, 5, 15, 10, 10, 5, 5, 10, 5, 10, 10, 10, 10, 10, 10, 5, 10, 15, 5, 5, 10, 5, 10, 5, 5, 5, 5, 10, 5, 5, 10, 5, 5, 5, 5, 10, 5, 10, 5, 5, 5, 10, 10, 10, 10, 10, 5, 10, 15, 5, 5, 10, 5, 10, 5, 5, 5, 5, 5, 5, 5, 5, 5, 10, 15, 10, 15, 5, 5, 10, 10, 10, 11, 5, 5, 10, 10, 15, 5, 5, 5, 5, 5, 10, 15, 10, 5, 5, 5, 5, 5, 5, 10, 5, 5, 1, 15, 5, 10, 15, 10, 10, 5, 5, 5, 10, 10, 15, 5, 15, 5, 5, 5, 5, 10, 5, 10, 10, 5, 5, 5, 5, 5, 15, 10, 5, 15, 10, 10, 10, 5, 10, 5, 10, 10, 5, 15, 5, 10, 10, 10, 5, 5, 15, 10, 10, 10, 5, 10, 10, 20, 10, 5, 10, 5, 10, 5, 5, 10, 5, 5, 5, 15, 5, 10, 10, 10, 15, 5, 5, 10, 20, 10, 15, 20, 10, 5, 10, 10, 25, 5, 10, 5, 15, 5, 5, 5, 5, 10, 15, 10, 5, 10, 10, 15, 5, 10, 5, 5, 10, 5, 15, 10, 15, 15, 15, 15, 10, 15, 5, 10, 5, 5, 10, 15, 15, 10, 5, 5, 10, 10, 10, 5, 10, 5, 10, 10, 5, 30, 35, 5, 10, 5, 15, 10, 10, 5, 10, 25, 15, 10, 5, 25, 20, 10, 10, 5, 5, 10, 25, 10, 5, 5, 10, 5, 5, 10, 10, 5, 20, 10, 10, 10, 10, 5, 10, 15, 10, 5, 15, 15, 10, 5, 5, 5, 10, 10, 10, 15, 5, 20, 20, 5, 10, 5, 5, 15, 20, 5, 5, 10, 5, 20, 10, 10, 5, 10, 10, 5, 15, 5, 10, 10, 10, 5, 15, 10, 5, 10, 20, 10, 15, 5, 15, 10, 5, 10, 5, 20, 5, 10, 20, 5, 15, 10, 15, 15, 5, 5, 15, 20, 10, 25, 15, 10, 5, 15, 15, 5, 5, 10, 10, 30, 15, 15, 15, 5, 9, 10, 10, 5, 15, 5, 10, 15, 5, 10, 10, 15, 10, 10, 20, 15, 5, 5, 5, 10, 5, 25, 5, 15, 5, 10, 10, 5, 10, 5, 5, 5, 20, 10, 10, 5, 20, 15, 5, 20, 5, 10, 10, 10, 10, 5, 5, 5, 10, 5, 5, 10, 5, 10, 5, 10, 5, 10, 10, 10, 10, 15, 15, 10, 10, 20, 15, 15, 15, 5, 5, 20, 10, 10, 15, 15, 10, 10, 5, 5, 6, 5, 15, 5, 5, 20, 15, 10, 5, 5, 5, 15, 20, 15, 10, 15, 15, 20, 15, 10, 10, 5, 20, 15, 7, 11, 15, 10, 15, 20, 10, 10, 5, 25, 15, 5, 10, 10, 30, 5, 10, 15, 10, 20, 15, 10, 15, 20, 15, 10, 20, 5, 5, 15, 10, 15, 10, 10, 5, 5, 5, 10, 5, 5, 5, 25, 5, 15, 10, 10, 22, 20, 5, 10, 20, 20, 5, 10, 5, 15, 5, 5, 5, 25, 15, 10, 15, 25, 10, 25, 5, 10, 10, 15, 20, 10, 15, 10, 5, 5, 5, 20, 15, 15, 5, 10, 5, 10, 10, 5, 5, 20, 10, 5, 10, 15, 25, 15, 10, 10, 15, 5, 10, 5, 5, 15, 15, 5, 10, 20, 20, 10, 10, 5, 10, 5, 10, 30, 10, 20, 20, 5, 5, 10, 10, 5, 5, 10, 5, 15, 15, 15, 10, 15, 15, 10, 15, 5, 10, 10, 5, 10, 15, 10, 15, 10, 10, 10, 5, 10, 30, 15, 10, 10, 15, 15, 5, 5, 20, 10, 20, 5, 20, 20, 20, 10, 10, 10, 10, 10, 15, 15, 5, 15, 5, 20, 20, 10, 15, 5, 15, 10, 25, 20, 10, 5, 20, 10, 10, 5, 25, 20, 25, 15, 5, 15, 15, 10, 10, 5, 15, 5, 10, 15, 10, 15, 10, 5, 10, 10, 5, 5, 20, 15, 10, 20, 25, 10, 20, 10, 20, 10, 5, 15, 10, 20, 10, 8, 
1631846, 2
1631846, 2956
1631846, 3885
1631846, 16081
1631846, 3193
1631846, 33598
1634683, 6
1634683, 5, 5, 5, 5, 5, 5, 5, 5, 5, 5, 5, 5, 5, 5, 5, 5, 5, 5, 5, 5, 5, 5, 5, 5, 5, 5, 5, 5, 5, 5, 5, 10, 5, 5, 5, 5, 5, 5, 5, 5, 5, 5, 5, 5, 5, 10, 5, 5, 5, 5, 5, 5, 5, 5, 5, 5, 5, 5, 5, 5, 5, 5, 5, 5, 5, 5, 5, 5, 5, 5, 5, 5, 5, 5, 5, 5, 5, 5, 5, 5, 5, 5, 5, 5, 5, 5, 5, 5, 5, 5, 5, 5, 5, 5, 5, 5, 10, 5, 5, 5, 5, 5, 5, 5, 5, 5, 5, 5, 5, 5, 5, 10, 5, 5, 10, 5, 5, 5, 5, 5, 5, 5, 5, 5, 5, 5, 10, 10, 5, 5, 5, 5, 5, 5, 5, 5, 5, 5, 5, 5, 5, 5, 5, 5, 5, 5, 5, 5, 10, 5, 15, 5, 5, 5, 5, 5, 10, 5, 5, 5, 5, 5, 5, 5, 5, 5, 5, 5, 5, 10, 5, 5, 5, 5, 5, 10, 5, 5, 5, 5, 5, 5, 10, 10, 5, 5, 5, 5, 5, 5, 5, 5, 5, 10, 5, 5, 5, 5, 5, 5, 5, 5, 5, 10, 5, 5, 10, 10, 10, 5, 10, 5, 5, 5, 6, 10, 1, 5, 5, 5, 5, 5, 10, 10, 10, 5, 5, 15, 5, 5, 20, 5, 5, 5, 5, 5, 5, 5, 10, 5, 5, 10, 5, 5, 5, 5, 5, 5, 5, 5, 5, 5, 5, 5, 5, 5, 5, 5, 7, 5, 5, 10, 10, 5, 5, 5, 5, 5, 5, 5, 5, 5, 5, 5, 5, 15, 5, 10, 5, 20, 5, 5, 5, 5, 5, 10, 10, 5, 5, 5, 5, 5, 5, 20, 10, 5, 10, 5, 5, 5, 5, 15, 5, 5, 5, 5, 5, 5, 10, 5, 5, 5, 10, 5, 5, 5, 5, 5, 5, 10, 5, 10, 10, 10, 5, 5, 5, 5, 5, 5, 10, 10, 5, 5, 5, 5, 5, 5, 10, 5, 10, 5, 10, 5, 15, 5, 5, 5, 5, 5, 5, 5, 10, 10, 5, 10, 5, 5, 5, 5, 1, 5, 15, 10, 5, 10, 5, 5, 5, 5, 10, 10, 5, 5, 5, 5, 15, 5, 5, 10, 5, 5, 5, 10, 5, 5, 5, 20, 5, 5, 10, 10, 5, 5, 10, 10, 5, 5, 10, 10, 5, 15, 5, 15, 5, 15, 5, 5, 5, 10, 5, 5, 10, 5, 10, 5, 5, 5, 5, 10, 5, 5, 5, 1, 5, 5, 5, 5, 5, 5, 5, 5, 5, 5, 5, 10, 10, 10, 10, 10, 5, 5, 5, 10, 5, 5, 10, 5, 5, 5, 5, 5, 5, 5, 5, 10, 10, 5, 10, 5, 10, 10, 
1634683, 1
1634683, 2587
1634683, 3534
1634683, 44702
1634683, 14381
1634683, 33563
1662564, 37
1662564, 5, 5, 5, 5, 5, 10, 10, 10, 5, 5, 10, 5, 5, 10, 5, 5, 5, 10, 5, 10, 5, 5, 15, 5, 5, 5, 10, 5, 10, 15, 5, 15, 20, 5, 5, 5, 10, 5, 30, 5, 20, 15, 10, 5, 5, 25, 5, 15, 10, 20, 5, 10, 5, 10, 10, 20, 15, 10, 10, 10, 5, 20, 20, 15, 5, 10, 10, 15, 15, 5, 20, 10, 10, 15, 15, 10, 15, 10, 5, 10, 5, 10, 10, 20, 10, 30, 10, 35, 5, 15, 15, 10, 10, 15, 20, 5, 20, 10, 30, 10, 30, 15, 15, 10, 10, 20, 15, 10, 15, 25, 5, 20, 15, 10, 10, 15, 25, 20, 15, 25, 10, 20, 15, 20, 30, 10, 20, 5, 30, 30, 15, 15, 15, 10, 10, 25, 15, 15, 31, 20, 25, 10, 15, 40, 15, 15, 20, 25, 25, 10, 15, 15, 25, 10, 30, 5, 10, 20, 10, 5, 20, 20, 25, 15, 15, 30, 21, 20, 15, 15, 25, 20, 20, 20, 10, 10, 20, 25, 10, 25, 15, 5, 20, 20, 20, 10, 30, 10, 15, 10, 30, 5, 15, 15, 20, 15, 10, 15, 20, 20, 25, 10, 25, 10, 10, 15, 30, 30, 10, 25, 30, 5, 10, 15, 5, 25, 10, 15, 20, 15, 5, 20, 20, 20, 10, 10, 15, 10, 20, 15, 15, 25, 15, 5, 15, 25, 41, 20, 25, 15, 15, 30, 10, 10, 15, 10, 30, 35, 15, 20, 10, 10, 20, 40, 25, 30, 5, 20, 5, 15, 15, 20, 20, 25, 45, 30, 25, 30, 15, 10, 15, 30, 35, 15, 15, 25, 20, 25, 25, 10, 20, 35, 15, 15, 10, 20, 10, 30, 15, 15, 10, 5, 15, 15, 25, 35, 5, 5, 25, 25, 20, 40, 20, 5, 15, 25, 20, 10, 20, 15, 10, 45, 15, 30, 25, 15, 25, 10, 20, 25, 5, 20, 15, 15, 25, 15, 25, 10, 20, 10, 10, 5, 20, 15, 20, 25, 30, 15, 15, 40, 10, 30, 20, 25, 25, 20, 25, 10, 10, 10, 25, 25, 30, 35, 10, 35, 25, 21, 25, 20, 20, 25, 30, 25, 15, 10, 10, 15, 25, 10, 40, 15, 30, 20, 30, 20, 25, 10, 20, 35, 25, 5, 10, 15, 10, 20, 30, 25, 15, 20, 30, 20, 25, 25, 20, 5, 30, 20, 20, 20, 10, 30, 30, 20, 31, 20, 30, 20, 25, 25, 25, 25, 10, 25, 15, 15, 10, 20, 15, 25, 20, 20, 25, 40, 15, 20, 10, 10, 25, 20, 15, 5, 20, 10, 10, 10, 20, 30, 20, 15, 20, 20, 15, 25, 10, 20, 34, 50, 30, 25, 10, 15, 20, 25, 10, 20, 25, 30, 25, 15, 15, 20, 30, 30, 15, 15, 25, 40, 20, 25, 20, 20, 10, 45, 40, 20, 15, 5, 35, 30, 25, 20, 10, 25, 20, 30, 15, 20, 35, 25, 15, 20, 10, 20, 20, 20, 10, 25, 20, 20, 40, 25, 15, 45, 30, 10, 25, 17, 20, 30, 40, 40, 30, 15, 10, 20, 40, 30, 15, 15, 15, 25, 30, 40, 15, 20, 35, 15, 50, 10, 35, 30, 20, 30, 25, 15, 40, 15, 10, 30, 35, 20, 20, 5, 20, 15, 25, 15, 35, 20, 20, 30, 15, 25, 30, 15, 25, 15, 10, 15, 25, 20, 25, 10, 10, 15, 15, 5, 20, 30, 25, 20, 15, 10, 20, 25, 15, 15, 15, 25, 20, 20, 15, 15, 25, 20, 40, 51, 35, 15, 25, 30, 15, 30, 20, 25, 10, 25, 30, 25, 5, 15, 25, 20, 25, 20, 20, 15, 20, 35, 30, 35, 5, 30, 35, 35, 30, 5, 15, 20, 25, 20, 20, 51, 35, 20, 15, 10, 25, 10, 15, 35, 25, 30, 20, 20, 10, 10, 25, 5, 15, 35, 20, 25, 20, 20, 10, 10, 20, 25, 25, 25, 20, 15, 25, 11, 15, 20, 40, 35, 10, 35, 35, 20, 35, 15, 25, 10, 20, 55, 25, 20, 30, 20, 25, 20, 30, 35, 20, 20, 50, 30, 20, 25, 45, 20, 25, 35, 25, 20, 35, 20, 15, 10, 20, 35, 25, 25, 15, 20, 10, 30, 5, 20, 25, 30, 20, 25, 5, 30, 45, 10, 35, 22, 55, 10, 30, 20, 10, 25, 30, 25, 25, 40, 20, 20, 30, 21, 30, 10, 25, 30, 30, 15, 5, 20, 30, 10, 35, 20, 25, 15, 15, 25, 31, 20, 35, 50, 25, 15, 25, 35, 5, 25, 45, 25, 10, 15, 40, 20, 31, 35, 30, 15, 25, 41, 25, 20, 35, 60, 45, 25, 25, 30, 40, 25, 20, 40, 30, 30, 25, 65, 15, 10, 40, 35, 60, 15, 25, 35, 40, 15, 15, 30, 20, 20, 35, 30, 40, 20, 35, 45, 25, 10, 20, 25, 20, 20, 30, 25, 15, 30, 30, 20, 10, 5, 25, 25, 35, 20, 25, 10, 40, 25, 15, 20, 15, 11, 35, 25, 20, 20, 34, 35, 40, 10, 30, 25, 20, 20, 35, 30, 10, 10, 47, 30, 25, 45, 20, 20, 35, 30, 17, 20, 10, 15, 40, 25, 25, 20, 30, 30, 55, 46, 20, 30, 40, 40, 55, 25, 16, 20, 20, 40, 20, 25, 40, 35, 20, 40, 40, 35, 25, 25, 5, 45, 30, 30, 50, 36, 20, 30, 20, 20, 25, 35, 30, 35, 15, 15, 25, 20, 10, 25, 35, 15, 20, 40, 30, 20, 30, 25, 35, 15, 15, 75, 25, 30, 30, 30, 15, 30, 20, 15, 45, 25, 30, 25, 20, 25, 35, 15, 30, 40, 30, 30, 10, 45, 20, 35, 45, 20, 20, 16, 15, 40, 40, 25, 30, 20, 10, 30, 30, 40, 25, 35, 25, 15, 25, 15, 40, 31, 20, 35, 45, 10, 10, 40, 15, 25, 15, 20, 15, 20, 25, 35, 30, 25, 10, 20, 20, 40, 30, 15, 30, 15, 35, 20, 5, 35, 25, 20, 25, 25, 5, 30, 15, 25, 20, 20, 35, 10, 30, 20, 10, 20, 30, 20, 40, 10, 15, 35, 40, 60, 20, 20, 20, 15, 25, 30, 50, 35, 35, 15, 35, 20, 25, 35, 15, 15, 10, 40, 20, 15, 20, 45, 45, 30, 30, 15, 30, 35, 20, 15, 30, 30, 35, 25, 25, 30, 25, 10, 15, 20, 20, 20, 25, 25, 50, 15, 20, 15, 25, 35, 35, 15, 30, 20, 15, 25, 5, 15, 45, 15, 15, 20, 15, 40, 10, 50, 15, 25, 25, 25, 15, 30, 30, 20, 45, 20, 25, 40, 55, 45, 20, 40, 30, 25, 15, 20, 30, 15, 30, 35, 35, 20, 35, 35, 30, 30, 15, 30, 35, 35, 35, 45, 25, 35, 20, 25, 30, 30, 15, 15, 10, 25, 30, 35, 10, 30, 30, 35, 15, 20, 20, 25, 25, 25, 20, 30, 25, 25, 20, 20, 30, 30, 20, 40, 30, 10, 25, 35, 25, 25, 30, 20, 40, 30, 30, 45, 10, 15, 15, 15, 35, 20, 15, 50, 15, 25, 30, 5, 35, 35, 25, 15, 15, 15, 25, 30, 20, 35, 15, 10, 60, 10, 10, 20, 20, 10, 15, 55, 35, 10, 25, 40, 35, 35, 35, 35, 15, 30, 40, 20, 25, 55, 10, 20, 20, 30, 35, 20, 35, 20, 35, 45, 40, 15, 25, 30, 10, 38, 15, 25, 20, 45, 30, 37, 20, 25, 15, 25, 15, 40, 10, 10, 15, 25, 25, 40, 26, 25, 35, 45, 25, 35, 10, 20, 25, 35, 54, 
1662564, 1
1662564, 1898
1662564, 2702
1662564, 28447
1662564, 9359
1662564, 33541
1662565, 1
1662565, 
1662565, 2
1662565, 5459
1662565, 6278
1662565, 23091
1662565, 6717
1662565, 33486
1662566, 1
1662566, 
1662566, 1
1662566, 8929
1662566, 9746
1662566, 19440
1662566, 5377
1662566, 33520
1662567, 1
1662567, 
1662567, 15
1662567, 12289
1662567, 13119
1662567, 66361
1662567, 20009
1662567, 33409
1662568, 1
1662568, 
1662568, 3
1662568, 22371
1662568, 84275
1662568, 14738
1662568, 4126
1662568, 33422
1693134, 69
1693134, 5, 5, 10, 15, 5, 5, 5, 5, 10, 5, 10, 5, 5, 15, 5, 10, 10, 20, 5, 15, 5, 10, 10, 10, 5, 5, 5, 10, 20, 5, 10, 10, 5, 10, 25, 10, 5, 25, 10, 20, 15, 10, 15, 15, 10, 20, 5, 15, 10, 10, 10, 15, 5, 5, 5, 15, 15, 25, 5, 10, 15, 20, 5, 10, 15, 10, 10, 25, 25, 25, 15, 10, 10, 5, 15, 15, 10, 15, 20, 5, 5, 15, 20, 15, 10, 5, 20, 10, 10, 15, 10, 25, 10, 5, 25, 10, 20, 25, 25, 20, 20, 25, 15, 20, 10, 5, 20, 10, 10, 10, 30, 25, 15, 5, 15, 5, 15, 20, 15, 35, 15, 10, 15, 10, 10, 20, 10, 10, 20, 20, 5, 20, 30, 10, 10, 25, 5, 15, 5, 10, 20, 10, 20, 20, 25, 15, 15, 5, 10, 10, 15, 15, 10, 10, 35, 15, 25, 35, 5, 20, 5, 20, 10, 30, 15, 20, 20, 10, 15, 40, 10, 10, 25, 5, 20, 25, 10, 10, 10, 30, 40, 10, 15, 15, 20, 25, 20, 10, 15, 15, 25, 10, 10, 15, 20, 31, 15, 30, 22, 30, 10, 11, 20, 25, 15, 30, 15, 15, 15, 35, 10, 15, 20, 25, 10, 25, 10, 20, 25, 20, 17, 15, 15, 10, 40, 45, 20, 20, 20, 20, 30, 20, 15, 10, 15, 25, 25, 15, 25, 30, 20, 15, 15, 15, 20, 15, 25, 25, 15, 25, 10, 20, 25, 20, 30, 15, 25, 15, 20, 11, 20, 15, 15, 10, 15, 20, 10, 30, 20, 15, 20, 25, 10, 25, 10, 10, 10, 20, 25, 10, 25, 30, 30, 25, 20, 15, 40, 10, 30, 15, 20, 35, 10, 35, 20, 20, 25, 15, 30, 25, 35, 20, 10, 40, 15, 45, 10, 15, 10, 15, 25, 15, 10, 15, 35, 25, 31, 15, 10, 20, 10, 50, 20, 15, 10, 35, 35, 30, 20, 20, 35, 10, 45, 20, 40, 20, 25, 15, 25, 40, 15, 18, 25, 35, 35, 45, 15, 20, 25, 10, 15, 40, 20, 25, 10, 35, 15, 15, 20, 30, 20, 25, 25, 20, 15, 35, 15, 20, 25, 20, 20, 35, 25, 30, 30, 25, 15, 10, 25, 5, 15, 10, 10, 10, 21, 20, 20, 30, 30, 35, 40, 10, 15, 25, 50, 30, 15, 35, 25, 5, 20, 15, 20, 30, 10, 20, 20, 30, 16, 45, 10, 30, 20, 20, 40, 35, 20, 30, 25, 45, 20, 20, 25, 15, 25, 20, 26, 35, 40, 20, 30, 15, 25, 20, 25, 10, 20, 25, 20, 30, 50, 5, 20, 15, 5, 40, 35, 25, 15, 20, 20, 25, 15, 10, 15, 40, 30, 10, 20, 25, 25, 45, 5, 20, 30, 15, 25, 25, 15, 25, 10, 25, 25, 20, 25, 15, 5, 30, 25, 50, 10, 35, 25, 15, 35, 25, 35, 5, 30, 30, 20, 40, 15, 20, 20, 35, 40, 45, 15, 25, 20, 20, 45, 45, 20, 10, 24, 15, 15, 15, 10, 5, 20, 25, 30, 20, 30, 25, 30, 15, 65, 65, 20, 25, 15, 15, 15, 45, 30, 20, 10, 25, 20, 10, 15, 25, 40, 20, 30, 25, 20, 10, 25, 15, 30, 10, 25, 60, 15, 20, 25, 20, 20, 25, 15, 40, 20, 45, 30, 20, 25, 15, 10, 25, 20, 20, 20, 25, 20, 20, 30, 25, 10, 20, 30, 30, 10, 20, 25, 45, 53, 20, 25, 25, 25, 25, 15, 10, 30, 25, 35, 20, 10, 20, 20, 40, 25, 15, 15, 55, 10, 45, 20, 20, 20, 25, 20, 35, 55, 20, 15, 5, 15, 25, 20, 30, 30, 25, 20, 20, 15, 20, 15, 35, 40, 25, 30, 30, 20, 25, 10, 40, 25, 20, 25, 35, 26, 10, 15, 35, 10, 35, 25, 30, 25, 27, 20, 30, 25, 25, 25, 35, 5, 60, 15, 40, 35, 10, 15, 15, 40, 15, 30, 30, 15, 35, 50, 20, 15, 25, 50, 25, 25, 15, 25, 20, 30, 20, 25, 25, 35, 50, 20, 25, 15, 10, 50, 35, 30, 15, 31, 25, 35, 15, 35, 50, 15, 20, 25, 23, 40, 11, 25, 35, 20, 10, 25, 30, 35, 20, 40, 25, 45, 25, 30, 25, 25, 30, 30, 15, 50, 25, 40, 20, 30, 25, 20, 25, 15, 35, 30, 15, 20, 15, 15, 20, 30, 25, 10, 25, 35, 30, 25, 20, 40, 35, 25, 20, 40, 30, 20, 10, 40, 35, 20, 25, 40, 35, 30, 40, 26, 15, 25, 25, 20, 15, 25, 20, 20, 20, 20, 60, 20, 30, 20, 30, 25, 15, 30, 25, 25, 35, 35, 40, 35, 10, 25, 40, 60, 20, 35, 20, 15, 35, 40, 25, 50, 60, 10, 40, 30, 25, 15, 25, 25, 20, 25, 20, 16, 25, 15, 15, 40, 15, 30, 15, 30, 20, 25, 10, 30, 15, 20, 30, 20, 35, 25, 20, 15, 40, 5, 25, 30, 25, 30, 30, 30, 30, 20, 35, 10, 20, 30, 15, 10, 40, 30, 20, 10, 25, 45, 35, 20, 25, 30, 30, 20, 20, 25, 45, 25, 30, 30, 45, 76, 25, 20, 35, 25, 45, 15, 20, 40, 30, 30, 21, 15, 20, 20, 25, 20, 35, 15, 25, 40, 30, 20, 30, 45, 15, 20, 15, 25, 20, 20, 22, 30, 20, 20, 25, 50, 40, 20, 45, 40, 25, 25, 15, 25, 55, 25, 40, 40, 40, 35, 30, 40, 5, 20, 45, 40, 35, 50, 20, 15, 20, 45, 30, 15, 50, 20, 30, 20, 20, 15, 30, 40, 15, 30, 40, 40, 35, 30, 40, 30, 15, 20, 15, 30, 30, 15, 20, 15, 40, 20, 30, 10, 15, 45, 15, 40, 25, 60, 25, 10, 45, 20, 35, 35, 10, 20, 30, 30, 35, 40, 10, 30, 15, 15, 15, 20, 20, 30, 30, 25, 35, 30, 15, 15, 25, 35, 35, 25, 25, 30, 40, 15, 25, 30, 35, 35, 45, 25, 30, 30, 45, 10, 40, 5, 25, 30, 45, 30, 75, 25, 35, 20, 40, 20, 20, 15, 25, 30, 20, 40, 25, 10, 30, 60, 40, 10, 48, 30, 35, 30, 30, 30, 30, 35, 25, 15, 35, 25, 45, 10, 20, 35, 20, 25, 40, 35, 20, 15, 30, 15, 20, 15, 30, 50, 25, 40, 20, 60, 15, 5, 65, 20, 32, 25, 20, 30, 40, 25, 40, 40, 25, 25, 30, 35, 20, 30, 50, 40, 40, 20, 15, 40, 25, 15, 40, 35, 30, 15, 10, 40, 30, 35, 35, 70, 35, 50, 20, 16, 25, 20, 65, 50, 25, 35, 20, 20, 30, 35, 30, 15, 15, 20, 60, 20, 20, 25, 25, 20, 25, 20, 15, 15, 35, 20, 15, 20, 25, 20, 35, 20, 40, 40, 25, 35, 15, 40, 40, 40, 25, 20, 35, 30, 10, 30, 30, 60, 30, 25, 40, 25, 15, 25, 25, 30, 50, 30, 35, 30, 35, 20, 25, 30, 30, 50, 40, 20, 15, 35, 15, 30, 35, 20, 25, 30, 25, 50, 15, 15, 45, 15, 10, 25, 50, 40, 25, 50, 25, 25, 20, 30, 15, 35, 30, 50, 15, 30, 35, 25, 15, 55, 25, 75, 50, 35, 35, 40, 30, 5, 28, 35, 35, 15, 25, 25, 15, 10, 15, 35, 60, 40, 15, 35, 40, 45, 21, 55, 110, 30, 30, 35, 15, 15, 25, 30, 45, 45, 20, 25, 40, 50, 45, 20, 45, 50, 55, 40, 25, 20, 35, 87, 
1693134, 1
1693134, 1925
1693134, 3609
1693134, 16012
1693134, 2659
1693134, 33352
1711794, 28
1711794, 5, 5, 5, 5, 5, 5, 5, 5, 5, 5, 5, 5, 5, 5, 5, 5, 5, 5, 5, 5, 5, 5, 5, 5, 5, 2, 5, 5, 5, 5, 5, 5, 5, 5, 5, 5, 5, 5, 5, 5, 5, 5, 5, 15, 15, 5, 5, 5, 5, 5, 5, 5, 15, 5, 10, 5, 5, 10, 5, 5, 10, 10, 10, 5, 5, 15, 5, 15, 10, 5, 10, 5, 5, 5, 5, 5, 5, 15, 10, 5, 10, 10, 5, 5, 10, 5, 10, 5, 5, 10, 10, 5, 10, 10, 5, 5, 15, 5, 10, 5, 5, 5, 10, 10, 10, 5, 5, 15, 15, 20, 5, 15, 15, 5, 10, 10, 15, 10, 5, 5, 10, 10, 6, 5, 10, 10, 15, 6, 5, 10, 5, 10, 5, 5, 5, 10, 15, 5, 10, 15, 20, 10, 15, 5, 15, 15, 10, 5, 5, 10, 10, 5, 5, 10, 5, 5, 15, 5, 5, 15, 15, 5, 10, 10, 5, 10, 10, 2, 10, 10, 10, 5, 10, 5, 10, 10, 5, 20, 10, 15, 10, 10, 5, 15, 5, 10, 10, 10, 15, 15, 20, 10, 5, 5, 5, 15, 10, 10, 10, 5, 25, 5, 5, 10, 5, 5, 5, 10, 10, 10, 20, 5, 5, 10, 40, 10, 10, 30, 10, 5, 10, 5, 15, 5, 5, 15, 15, 20, 10, 10, 10, 10, 10, 10, 15, 15, 5, 15, 20, 10, 15, 15, 10, 20, 20, 15, 20, 15, 15, 15, 10, 10, 15, 10, 15, 10, 5, 5, 10, 20, 25, 20, 15, 20, 15, 20, 10, 15, 10, 5, 10, 5, 30, 10, 15, 20, 10, 10, 5, 10, 15, 25, 35, 10, 25, 10, 5, 30, 15, 10, 10, 10, 30, 15, 20, 10, 20, 20, 5, 10, 15, 20, 10, 10, 20, 25, 10, 10, 5, 20, 20, 10, 10, 15, 25, 15, 5, 10, 15, 10, 10, 20, 15, 10, 15, 15, 5, 10, 5, 20, 15, 10, 5, 20, 15, 5, 10, 25, 5, 5, 10, 15, 10, 5, 10, 15, 10, 10, 10, 25, 15, 10, 20, 10, 20, 15, 15, 10, 5, 10, 10, 20, 15, 15, 10, 5, 20, 15, 5, 5, 10, 10, 10, 10, 15, 15, 20, 15, 20, 10, 25, 10, 20, 30, 10, 10, 25, 10, 15, 15, 5, 5, 5, 20, 10, 15, 20, 10, 5, 15, 5, 25, 10, 15, 15, 10, 15, 35, 10, 45, 5, 10, 10, 30, 5, 15, 10, 10, 25, 5, 15, 5, 10, 10, 11, 10, 30, 10, 25, 20, 5, 5, 10, 10, 20, 20, 20, 20, 20, 25, 15, 15, 20, 15, 15, 20, 15, 20, 25, 10, 15, 20, 15, 15, 30, 10, 10, 10, 10, 10, 25, 30, 29, 15, 6, 30, 15, 20, 20, 10, 15, 15, 40, 10, 15, 30, 10, 15, 15, 20, 15, 40, 20, 20, 10, 10, 15, 30, 20, 10, 10, 20, 20, 10, 10, 20, 10, 15, 15, 30, 15, 25, 10, 20, 15, 15, 10, 25, 15, 15, 10, 25, 32, 10, 10, 15, 5, 5, 35, 15, 25, 25, 10, 10, 10, 15, 35, 15, 20, 5, 45, 15, 15, 10, 20, 30, 40, 15, 15, 10, 10, 50, 30, 15, 5, 10, 10, 35, 15, 10, 20, 3, 25, 30, 10, 20, 10, 10, 35, 20, 10, 20, 15, 30, 15, 10, 5, 20, 20, 25, 20, 15, 25, 15, 25, 5, 20, 25, 15, 10, 15, 10, 25, 20, 5, 25, 20, 20, 35, 45, 5, 15, 5, 20, 5, 15, 15, 15, 45, 20, 10, 20, 25, 15, 25, 10, 15, 25, 10, 10, 20, 15, 30, 15, 10, 5, 25, 15, 5, 5, 15, 10, 20, 15, 35, 25, 5, 10, 10, 20, 30, 20, 15, 15, 15, 10, 15, 5, 20, 10, 10, 15, 15, 15, 5, 10, 20, 10, 30, 15, 10, 15, 5, 15, 25, 15, 20, 30, 20, 20, 20, 15, 25, 15, 20, 10, 10, 15, 15, 25, 30, 5, 10, 15, 20, 20, 30, 20, 10, 20, 20, 25, 15, 10, 25, 15, 25, 15, 15, 15, 15, 15, 35, 10, 15, 15, 20, 5, 25, 5, 20, 15, 25, 10, 20, 20, 10, 20, 10, 5, 10, 20, 25, 25, 10, 25, 15, 10, 10, 10, 15, 5, 10, 10, 10, 15, 15, 20, 30, 15, 25, 15, 5, 25, 30, 15, 15, 25, 35, 15, 10, 15, 10, 15, 25, 15, 15, 20, 5, 5, 15, 25, 5, 20, 15, 10, 15, 20, 5, 20, 20, 35, 10, 15, 10, 20, 5, 15, 15, 30, 15, 15, 10, 25, 20, 15, 5, 20, 10, 20, 10, 2, 10, 25, 20, 30, 15, 10, 20, 10, 10, 10, 30, 20, 30, 35, 35, 5, 20, 20, 10, 15, 20, 20, 20, 25, 10, 35, 15, 12, 30, 10, 30, 20, 10, 5, 20, 20, 15, 25, 5, 30, 15, 25, 35, 10, 20, 5, 15, 30, 20, 25, 15, 10, 30, 15, 10, 15, 20, 15, 15, 20, 20, 5, 20, 10, 5, 30, 20, 45, 15, 25, 20, 25, 35, 15, 25, 10, 15, 25, 15, 25, 15, 20, 20, 15, 40, 25, 5, 15, 5, 10, 15, 35, 25, 5, 25, 25, 15, 25, 10, 15, 25, 10, 20, 15, 10, 20, 10, 10, 15, 5, 20, 10, 30, 15, 30, 20, 15, 25, 20, 15, 25, 20, 25, 20, 45, 25, 30, 25, 15, 20, 15, 15, 40, 30, 20, 25, 5, 25, 35, 15, 15, 20, 20, 15, 20, 15, 25, 20, 15, 20, 10, 5, 15, 40, 20, 20, 25, 15, 35, 15, 5, 20, 30, 30, 40, 5, 15, 15, 25, 20, 15, 15, 35, 10, 15, 42, 20, 20, 20, 15, 15, 20, 35, 30, 25, 15, 20, 20, 5, 15, 35, 25, 15, 10, 15, 20, 15, 15, 30, 20, 5, 30, 15, 10, 25, 5, 15, 25, 15, 15, 15, 5, 10, 30, 35, 20, 10, 10, 20, 35, 25, 20, 30, 20, 35, 15, 20, 25, 20, 15, 30, 30, 10, 20, 20, 25, 15, 30, 15, 10, 30, 15, 10, 15, 35, 33, 15, 5, 30, 15, 20, 10, 25, 35, 25, 30, 15, 20, 20, 10, 25, 20, 10, 20, 20, 25, 10, 21, 45, 15, 10, 20, 25, 35, 16, 45, 20, 20, 25, 15, 35, 25, 17, 25, 20, 25, 25, 5, 15, 20, 35, 10, 10, 10, 10, 11, 20, 10, 20, 10, 20, 15, 45, 25, 10, 15, 20, 20, 10, 5, 25, 10, 10, 15, 10, 20, 15, 30, 30, 10, 15, 40, 15, 35, 20, 25, 10, 5, 25, 10, 20, 25, 20, 30, 40, 10, 25, 35, 15, 25, 20, 10, 25, 20, 15, 25, 30, 15, 15, 25, 16, 15, 5, 35, 20, 40, 10, 15, 15, 25, 25, 10, 15, 20, 30, 15, 25, 25, 15, 22, 25, 10, 20, 15, 5, 20, 10, 15, 35, 35, 25, 5, 10, 10, 30, 10, 15, 15, 10, 20, 15, 30, 42, 20, 15, 20, 15, 25, 10, 17, 40, 15, 30, 25, 24, 
1711794, 1
1711794, 1853
1711794, 2851
1711794, 23585
1711794, 3459
1711794, 33330
1732404, 28
1732404, 5, 5, 5, 5, 5, 5, 5, 5, 5, 5, 5, 5, 5, 5, 5, 10, 5, 10, 5, 5, 10, 5, 10, 5, 5, 5, 5, 5, 5, 5, 5, 5, 10, 5, 5, 5, 10, 10, 5, 5, 5, 15, 5, 5, 5, 10, 5, 10, 5, 15, 10, 10, 5, 5, 5, 5, 10, 5, 20, 10, 5, 5, 10, 5, 15, 5, 5, 5, 10, 5, 10, 5, 10, 10, 5, 5, 5, 15, 10, 10, 10, 10, 5, 5, 5, 5, 5, 10, 10, 15, 5, 10, 10, 10, 10, 15, 5, 5, 15, 10, 5, 10, 10, 10, 10, 10, 10, 20, 10, 15, 15, 20, 10, 20, 5, 15, 15, 10, 25, 5, 20, 10, 10, 5, 5, 20, 15, 5, 10, 10, 5, 5, 5, 20, 10, 10, 10, 10, 30, 20, 15, 5, 10, 20, 5, 5, 15, 5, 5, 5, 10, 10, 7, 15, 10, 30, 15, 20, 5, 15, 10, 20, 15, 15, 5, 10, 15, 15, 20, 10, 10, 20, 5, 16, 10, 5, 10, 10, 5, 10, 15, 20, 5, 10, 5, 10, 25, 10, 10, 10, 5, 10, 30, 10, 10, 10, 15, 10, 15, 10, 10, 15, 15, 5, 15, 5, 20, 20, 15, 10, 10, 5, 10, 30, 35, 10, 20, 20, 5, 10, 5, 25, 5, 10, 15, 15, 5, 15, 10, 20, 5, 10, 25, 10, 10, 25, 10, 25, 25, 5, 15, 10, 10, 5, 5, 10, 10, 10, 10, 10, 15, 35, 20, 20, 5, 10, 10, 23, 10, 10, 10, 10, 5, 20, 10, 15, 15, 5, 25, 10, 15, 10, 15, 15, 25, 5, 20, 10, 25, 10, 5, 10, 10, 35, 5, 15, 5, 10, 5, 10, 15, 10, 10, 15, 20, 10, 5, 20, 40, 25, 25, 10, 10, 20, 15, 30, 23, 20, 20, 15, 10, 10, 5, 10, 25, 20, 15, 10, 5, 15, 20, 20, 10, 15, 20, 10, 10, 20, 10, 35, 20, 42, 5, 15, 5, 25, 15, 5, 30, 10, 15, 10, 10, 5, 10, 20, 15, 25, 10, 10, 20, 31, 5, 10, 30, 20, 10, 10, 20, 10, 10, 15, 15, 18, 5, 10, 5, 20, 15, 15, 10, 35, 25, 20, 10, 15, 15, 25, 10, 15, 5, 20, 15, 15, 20, 10, 10, 30, 25, 5, 20, 10, 25, 25, 20, 15, 10, 25, 15, 10, 25, 10, 5, 10, 15, 10, 20, 35, 15, 10, 10, 5, 15, 15, 15, 15, 40, 20, 25, 30, 15, 10, 5, 15, 25, 25, 10, 20, 5, 15, 15, 5, 5, 15, 40, 15, 35, 15, 5, 15, 25, 13, 15, 20, 15, 5, 15, 20, 10, 20, 35, 30, 15, 10, 15, 10, 10, 10, 15, 10, 10, 15, 30, 25, 20, 3, 25, 10, 5, 25, 10, 20, 20, 10, 25, 15, 15, 10, 5, 15, 20, 20, 25, 25, 20, 10, 30, 20, 35, 10, 20, 15, 20, 10, 15, 15, 15, 25, 5, 15, 15, 30, 5, 20, 15, 20, 20, 15, 10, 20, 10, 10, 20, 15, 25, 10, 15, 35, 15, 15, 20, 25, 10, 25, 20, 20, 10, 25, 15, 15, 30, 15, 30, 20, 10, 5, 15, 20, 25, 15, 15, 20, 25, 30, 20, 10, 20, 20, 25, 5, 10, 35, 25, 20, 10, 20, 10, 25, 20, 15, 20, 15, 5, 5, 10, 15, 25, 35, 15, 25, 25, 15, 15, 20, 20, 15, 15, 20, 30, 25, 25, 40, 20, 15, 20, 35, 10, 25, 30, 10, 25, 25, 10, 30, 10, 5, 30, 15, 35, 35, 22, 6, 20, 25, 30, 5, 30, 15, 15, 15, 10, 35, 15, 15, 15, 20, 30, 15, 15, 10, 25, 10, 15, 20, 15, 10, 10, 30, 15, 25, 35, 5, 25, 10, 5, 15, 30, 19, 10, 20, 10, 15, 27, 10, 5, 5, 15, 10, 20, 10, 30, 15, 20, 20, 15, 20, 15, 10, 15, 10, 30, 10, 15, 15, 25, 32, 25, 5, 20, 10, 25, 20, 20, 20, 45, 15, 15, 10, 25, 15, 15, 40, 15, 20, 20, 15, 15, 20, 10, 15, 15, 30, 25, 5, 30, 25, 20, 20, 25, 10, 20, 35, 35, 35, 5, 20, 20, 15, 10, 35, 35, 25, 20, 35, 25, 25, 25, 5, 10, 30, 15, 45, 5, 15, 5, 20, 10, 15, 20, 20, 25, 15, 30, 30, 30, 20, 25, 20, 40, 10, 30, 10, 25, 10, 20, 15, 10, 10, 5, 30, 25, 15, 15, 35, 5, 15, 15, 5, 20, 10, 15, 35, 15, 25, 15, 25, 5, 35, 10, 20, 20, 15, 10, 20, 15, 15, 5, 35, 15, 20, 15, 20, 10, 5, 10, 25, 20, 20, 10, 15, 40, 10, 10, 10, 30, 10, 20, 15, 15, 42, 20, 20, 20, 20, 10, 15, 10, 5, 10, 15, 20, 25, 20, 15, 15, 15, 15, 15, 30, 20, 25, 25, 5, 10, 35, 40, 20, 45, 15, 15, 35, 20, 15, 20, 25, 25, 20, 20, 30, 40, 30, 25, 25, 10, 20, 25, 30, 15, 20, 30, 15, 35, 30, 15, 25, 15, 20, 15, 25, 10, 35, 10, 15, 20, 25, 10, 35, 10, 5, 15, 25, 15, 5, 15, 15, 20, 15, 25, 10, 10, 25, 10, 15, 10, 20, 5, 20, 25, 15, 45, 15, 10, 20, 10, 30, 15, 45, 20, 15, 10, 20, 10, 45, 20, 15, 15, 20, 25, 15, 15, 30, 10, 20, 55, 10, 25, 20, 40, 30, 15, 20, 15, 10, 20, 5, 20, 15, 10, 10, 30, 30, 45, 25, 45, 15, 10, 20, 30, 25, 25, 25, 5, 10, 20, 10, 15, 15, 35, 35, 40, 25, 15, 15, 15, 5, 5, 10, 15, 50, 35, 35, 20, 30, 55, 40, 30, 15, 20, 35, 20, 25, 10, 65, 10, 20, 15, 15, 10, 10, 20, 15, 25, 20, 15, 10, 10, 20, 35, 20, 35, 30, 40, 5, 40, 20, 15, 15, 20, 15, 25, 15, 25, 25, 35, 10, 20, 35, 10, 30, 10, 15, 30, 10, 20, 10, 30, 10, 20, 50, 15, 15, 15, 20, 30, 30, 40, 10, 30, 15, 30, 40, 25, 20, 20, 20, 15, 20, 5, 15, 20, 20, 20, 30, 15, 20, 25, 30, 35, 5, 5, 10, 20, 15, 15, 35, 20, 15, 10, 15, 30, 20, 20, 10, 35, 25, 15, 15, 10, 5, 35, 20, 20, 10, 25, 25, 5, 15, 30, 20, 10, 35, 20, 5, 35, 25, 10, 30, 10, 10, 25, 10, 25, 30, 5, 5, 50, 25, 45, 15, 15, 11, 25, 25, 30, 35, 30, 20, 28, 10, 30, 20, 20, 15, 10, 25, 15, 20, 15, 25, 25, 30, 10, 35, 15, 10, 10, 35, 25, 15, 10, 20, 25, 25, 25, 35, 10, 10, 10, 20, 30, 10, 15, 15, 25, 15, 10, 5, 15, 30, 25, 25, 5, 30, 25, 15, 20, 40, 10, 10, 25, 10, 5, 20, 10, 10, 20, 20, 20, 15, 30, 25, 20, 30, 20, 15, 30, 40, 12, 20, 15, 25, 10, 10, 15, 20, 30, 25, 15, 30, 40, 32, 35, 10, 20, 30, 15, 15, 10, 20, 30, 15, 15, 30, 25, 10, 15, 25, 15, 
1732404, 1
1732404, 2250
1732404, 3370
1732404, 19109
1732404, 4279
1732404, 33325
1732405, 1
1732405, 
1732405, 1
1732405, 6043
1732405, 7187
1732405, 43300
1732405, 9786
1732405, 33322
1732406, 1
1732406, 
1732406, 1
1732406, 9791
1732406, 10931
1732406, 48059
1732406, 11859
1732406, 33245
1763926, 82
1763926, 5, 5, 5, 5, 5, 5, 5, 5, 5, 10, 15, 5, 5, 10, 10, 5, 5, 15, 5, 5, 10, 5, 10, 10, 10, 5, 10, 10, 10, 10, 15, 20, 10, 15, 10, 10, 15, 10, 5, 10, 10, 15, 11, 10, 15, 15, 15, 15, 15, 25, 25, 20, 25, 20, 10, 10, 10, 20, 10, 20, 5, 20, 40, 20, 10, 10, 10, 20, 5, 15, 15, 20, 5, 5, 5, 25, 15, 10, 20, 25, 10, 15, 20, 15, 10, 25, 5, 10, 15, 10, 20, 25, 10, 15, 25, 20, 30, 25, 25, 15, 15, 10, 25, 18, 15, 15, 15, 10, 5, 20, 15, 25, 25, 15, 15, 25, 5, 20, 15, 20, 10, 5, 25, 10, 10, 30, 10, 20, 20, 25, 20, 15, 15, 10, 15, 20, 15, 20, 25, 10, 20, 15, 10, 25, 5, 25, 10, 5, 10, 30, 20, 20, 15, 30, 20, 10, 25, 20, 25, 10, 10, 35, 15, 15, 15, 20, 15, 10, 30, 20, 15, 35, 20, 25, 30, 10, 10, 30, 20, 20, 25, 20, 10, 15, 25, 15, 5, 30, 6, 5, 20, 5, 15, 10, 30, 10, 35, 25, 20, 20, 35, 15, 20, 20, 15, 10, 20, 20, 25, 20, 40, 30, 10, 10, 5, 25, 5, 15, 20, 15, 30, 20, 15, 25, 15, 10, 20, 25, 30, 20, 10, 25, 10, 30, 30, 10, 30, 10, 20, 40, 10, 20, 20, 11, 25, 20, 20, 30, 30, 10, 10, 25, 10, 15, 20, 10, 30, 35, 35, 10, 20, 15, 30, 20, 20, 5, 55, 15, 30, 20, 15, 25, 15, 20, 25, 10, 20, 20, 15, 15, 10, 20, 25, 20, 25, 25, 15, 25, 20, 30, 20, 25, 30, 15, 20, 30, 15, 35, 45, 15, 30, 10, 35, 25, 40, 25, 20, 15, 15, 10, 55, 20, 30, 15, 20, 20, 20, 10, 25, 15, 10, 15, 5, 15, 30, 20, 10, 10, 20, 30, 35, 25, 40, 20, 30, 30, 15, 35, 10, 30, 16, 25, 20, 20, 30, 25, 30, 25, 35, 30, 40, 35, 25, 15, 25, 20, 20, 15, 30, 10, 15, 20, 10, 35, 20, 20, 15, 25, 10, 20, 21, 20, 20, 25, 30, 10, 35, 25, 15, 15, 10, 10, 25, 30, 20, 20, 20, 15, 25, 30, 25, 20, 30, 15, 15, 25, 25, 5, 40, 15, 25, 15, 20, 30, 10, 30, 15, 25, 40, 15, 21, 20, 5, 15, 20, 10, 10, 10, 20, 25, 40, 20, 25, 10, 15, 45, 45, 20, 25, 35, 10, 25, 25, 20, 25, 35, 26, 30, 15, 10, 10, 25, 15, 15, 40, 10, 30, 25, 30, 10, 15, 30, 30, 55, 25, 40, 5, 15, 15, 45, 70, 35, 35, 45, 35, 20, 20, 10, 30, 20, 30, 30, 25, 10, 30, 10, 30, 25, 40, 30, 20, 25, 30, 15, 20, 20, 30, 40, 15, 20, 30, 10, 10, 25, 20, 15, 15, 15, 25, 45, 25, 15, 25, 20, 30, 35, 20, 25, 15, 30, 55, 30, 35, 15, 15, 45, 15, 10, 35, 25, 15, 15, 35, 20, 15, 35, 40, 25, 20, 25, 25, 20, 15, 15, 10, 10, 80, 20, 25, 20, 35, 35, 25, 30, 20, 40, 20, 25, 50, 50, 45, 15, 10, 40, 20, 35, 36, 45, 35, 10, 15, 20, 25, 20, 15, 30, 20, 20, 30, 30, 20, 25, 15, 45, 25, 20, 25, 15, 20, 25, 25, 10, 20, 30, 40, 10, 5, 10, 15, 5, 15, 10, 20, 20, 30, 35, 5, 10, 35, 40, 25, 25, 15, 10, 50, 15, 30, 10, 20, 40, 15, 35, 20, 31, 30, 30, 30, 70, 20, 10, 15, 20, 35, 55, 20, 40, 45, 20, 30, 25, 35, 30, 26, 25, 20, 35, 15, 10, 35, 35, 25, 30, 30, 25, 25, 30, 25, 10, 35, 5, 20, 30, 40, 20, 45, 35, 25, 20, 25, 15, 35, 20, 20, 25, 35, 51, 20, 15, 5, 10, 30, 25, 30, 30, 40, 15, 15, 30, 25, 40, 35, 30, 30, 30, 30, 30, 20, 20, 5, 50, 20, 20, 15, 40, 35, 5, 35, 35, 32, 30, 15, 45, 35, 27, 10, 35, 20, 30, 25, 45, 20, 25, 10, 50, 35, 15, 55, 35, 30, 20, 10, 20, 25, 30, 30, 10, 20, 10, 25, 30, 25, 35, 30, 30, 35, 35, 20, 25, 20, 30, 40, 30, 42, 15, 45, 20, 28, 20, 25, 10, 35, 30, 25, 25, 15, 30, 30, 25, 20, 25, 40, 20, 40, 20, 15, 40, 10, 15, 20, 55, 45, 15, 35, 40, 15, 15, 35, 36, 40, 60, 25, 15, 45, 25, 25, 55, 25, 45, 35, 30, 25, 45, 55, 25, 20, 45, 25, 20, 35, 10, 30, 45, 30, 5, 30, 25, 25, 25, 10, 20, 45, 30, 20, 20, 25, 25, 25, 30, 20, 35, 15, 35, 15, 30, 5, 41, 35, 35, 40, 20, 30, 10, 5, 25, 55, 50, 30, 20, 15, 20, 10, 30, 15, 30, 10, 20, 20, 40, 30, 15, 20, 35, 25, 10, 20, 15, 50, 35, 25, 25, 20, 30, 35, 15, 25, 45, 30, 35, 30, 20, 40, 35, 20, 55, 25, 15, 35, 35, 35, 35, 20, 45, 25, 25, 10, 20, 15, 35, 20, 30, 35, 11, 15, 40, 21, 55, 20, 66, 20, 35, 40, 30, 15, 30, 50, 30, 25, 35, 10, 15, 20, 25, 15, 40, 40, 25, 20, 50, 20, 30, 65, 50, 40, 45, 30, 45, 25, 35, 10, 25, 50, 25, 15, 45, 30, 25, 15, 40, 30, 20, 25, 35, 45, 25, 20, 15, 15, 15, 25, 25, 15, 5, 30, 30, 30, 20, 35, 35, 20, 25, 25, 20, 30, 25, 15, 20, 40, 25, 35, 20, 15, 25, 40, 30, 40, 40, 40, 35, 30, 35, 30, 15, 40, 35, 35, 20, 30, 15, 20, 25, 35, 40, 50, 40, 20, 30, 35, 25, 50, 45, 15, 30, 20, 30, 25, 10, 30, 40, 15, 15, 15, 15, 35, 15, 25, 25, 45, 20, 35, 20, 30, 10, 30, 25, 25, 25, 35, 20, 40, 30, 20, 25, 30, 30, 40, 45, 25, 25, 30, 25, 60, 30, 30, 10, 20, 25, 15, 15, 30, 25, 75, 15, 21, 35, 20, 30, 25, 50, 35, 60, 10, 10, 20, 20, 20, 70, 35, 45, 35, 30, 20, 20, 25, 25, 20, 15, 40, 30, 40, 35, 30, 40, 40, 35, 35, 10, 20, 15, 30, 10, 30, 35, 45, 55, 5, 24, 50, 15, 30, 70, 40, 20, 10, 40, 10, 30, 15, 25, 20, 25, 20, 50, 15, 30, 20, 35, 35, 50, 15, 40, 50, 40, 45, 25, 30, 15, 40, 20, 35, 30, 30, 35, 25, 10, 40, 35, 20, 15, 15, 35, 55, 30, 30, 20, 25, 25, 30, 20, 20, 30, 35, 20, 30, 25, 35, 35, 25, 30, 35, 35, 30, 35, 30, 65, 25, 10, 25, 20, 40, 20, 20, 35, 30, 30, 30, 40, 25, 30, 35, 60, 40, 25, 20, 30, 35, 65, 25, 30, 25, 15, 35, 50, 40, 15, 35, 30, 25, 30, 25, 25, 25, 35, 40, 20, 25, 50, 65, 30, 40, 20, 40, 25, 40, 20, 35, 45, 45, 15, 25, 20, 40, 20, 30, 15, 25, 45, 35, 25, 25, 20, 20, 25, 20, 45, 25, 15, 40, 25, 25, 50, 30, 15, 20, 40, 85, 45, 35, 5, 51, 30, 50, 30, 30, 79, 30, 30, 20, 85, 40, 35, 30, 5, 35, 35, 30, 35, 25, 
1763926, 2
1763926, 1907
1763926, 3255
1763926, 47861
1763926, 12974
1763926, 33237
1768009, 7
1768009, 5, 5, 5, 5, 5, 5, 5, 5, 5, 5, 5, 5, 5, 5, 5, 5, 5, 5, 5, 5, 5, 5, 5, 5, 5, 5, 5, 5, 5, 5, 10, 5, 5, 5, 5, 5, 5, 5, 5, 5, 10, 5, 5, 5, 5, 5, 5, 5, 10, 5, 5, 5, 5, 5, 5, 5, 5, 5, 5, 10, 10, 5, 5, 5, 5, 5, 5, 10, 5, 5, 5, 5, 5, 5, 5, 5, 5, 5, 5, 5, 5, 5, 5, 5, 5, 5, 5, 10, 10, 10, 5, 5, 10, 5, 5, 5, 5, 5, 5, 5, 5, 5, 5, 5, 5, 5, 10, 5, 5, 5, 5, 5, 5, 5, 5, 10, 5, 5, 5, 5, 10, 5, 5, 5, 5, 10, 5, 5, 5, 5, 10, 5, 5, 15, 5, 5, 5, 5, 10, 10, 10, 5, 5, 10, 10, 10, 10, 5, 10, 5, 5, 10, 10, 10, 5, 5, 5, 5, 5, 5, 5, 5, 10, 5, 5, 5, 5, 10, 5, 5, 5, 5, 5, 5, 5, 5, 5, 5, 5, 10, 15, 20, 5, 5, 5, 5, 5, 5, 5, 5, 5, 5, 5, 5, 5, 5, 10, 5, 10, 5, 10, 5, 5, 5, 5, 5, 10, 5, 10, 5, 5, 5, 5, 5, 5, 5, 15, 10, 5, 10, 10, 5, 5, 5, 5, 10, 5, 5, 5, 5, 5, 10, 10, 5, 5, 5, 5, 10, 5, 2, 5, 5, 10, 5, 5, 10, 5, 10, 5, 5, 5, 5, 5, 5, 5, 5, 5, 5, 10, 5, 5, 5, 10, 5, 5, 5, 5, 5, 5, 5, 15, 10, 10, 15, 10, 10, 5, 5, 15, 5, 5, 5, 5, 15, 5, 5, 10, 5, 5, 5, 5, 5, 10, 5, 5, 5, 5, 5, 5, 5, 10, 5, 5, 15, 5, 5, 10, 5, 5, 5, 5, 5, 5, 10, 5, 5, 10, 5, 10, 5, 5, 5, 10, 5, 10, 10, 5, 10, 5, 10, 5, 5, 5, 5, 15, 5, 10, 10, 10, 5, 5, 5, 5, 15, 5, 5, 10, 5, 20, 5, 5, 5, 5, 5, 10, 10, 10, 10, 5, 10, 10, 10, 10, 5, 10, 5, 5, 5, 5, 10, 5, 5, 10, 5, 5, 5, 5, 5, 5, 5, 5, 10, 10, 5, 15, 20, 5, 5, 15, 5, 5, 5, 5, 5, 5, 10, 5, 5, 10, 10, 10, 5, 5, 10, 5, 10, 10, 15, 5, 5, 5, 5, 15, 5, 5, 15, 5, 10, 5, 5, 5, 5, 5, 5, 5, 15, 11, 5, 5, 5, 10, 15, 15, 10, 15, 5, 10, 10, 10, 5, 5, 10, 5, 5, 10, 5, 5, 10, 5, 5, 5, 5, 10, 10, 11, 10, 5, 10, 5, 10, 5, 5, 10, 5, 10, 10, 5, 15, 5, 10, 5, 10, 10, 10, 5, 5, 5, 10, 10, 5, 5, 5, 15, 15, 5, 5, 5, 15, 5, 20, 5, 5, 15, 5, 5, 10, 5, 5, 5, 5, 5, 10, 15, 15, 10, 5, 5, 10, 5, 6, 5, 10, 5, 5, 10, 5, 5, 10, 10, 5, 5, 15, 5, 15, 10, 10, 5, 5, 5, 5, 10, 10, 10, 5, 10, 5, 20, 10, 5, 5, 10, 10, 10, 5, 5, 10, 10, 10, 5, 5, 15, 15, 10, 10, 5, 5, 5, 5, 5, 20, 10, 5, 5, 5, 5, 10, 5, 10, 5, 5, 10, 5, 10, 5, 5, 5, 5, 5, 5, 10, 5, 10, 5, 10, 10, 5, 10, 5, 5, 10, 5, 6, 
1768009, 2
1768009, 2132
1768009, 3427
1768009, 30480
1768009, 7082
1768009, 33199
1781317, 2
1781317, 5, 10, 5, 5, 5, 5, 5, 5, 5, 5, 15, 5, 5, 5, 5, 5, 5, 5, 5, 5, 5, 5, 5, 5, 10, 5, 5, 5, 10, 5, 5, 5, 5, 5, 5, 5, 5, 5, 5, 5, 5, 10, 5, 5, 15, 5, 5, 10, 10, 10, 5, 5, 10, 5, 5, 10, 10, 15, 5, 5, 10, 5, 5, 5, 5, 5, 10, 5, 5, 5, 10, 5, 10, 5, 5, 10, 10, 15, 10, 15, 5, 5, 10, 10, 10, 5, 5, 10, 5, 5, 10, 5, 10, 5, 10, 5, 5, 5, 15, 10, 5, 5, 5, 5, 5, 10, 5, 5, 10, 5, 15, 5, 10, 5, 15, 10, 15, 5, 10, 10, 5, 5, 10, 5, 10, 10, 5, 5, 5, 10, 25, 10, 10, 15, 5, 5, 10, 5, 10, 5, 5, 10, 10, 10, 15, 15, 5, 15, 10, 5, 5, 5, 10, 5, 10, 15, 10, 10, 5, 10, 5, 15, 10, 15, 5, 5, 25, 5, 10, 5, 5, 5, 5, 10, 5, 5, 5, 10, 15, 5, 20, 5, 5, 10, 10, 5, 10, 10, 5, 5, 10, 5, 20, 5, 5, 5, 10, 5, 5, 10, 5, 10, 5, 15, 5, 5, 5, 10, 10, 5, 20, 5, 15, 5, 20, 15, 15, 5, 10, 5, 10, 10, 15, 5, 15, 10, 15, 5, 10, 10, 10, 15, 10, 5, 10, 5, 15, 10, 5, 10, 10, 10, 5, 10, 5, 10, 10, 15, 20, 10, 5, 5, 20, 10, 5, 10, 20, 10, 10, 5, 15, 5, 20, 10, 10, 15, 5, 20, 10, 10, 10, 15, 5, 15, 10, 15, 5, 10, 5, 15, 25, 10, 10, 5, 15, 5, 10, 25, 5, 15, 10, 10, 10, 10, 15, 15, 10, 20, 20, 5, 5, 10, 10, 5, 10, 15, 15, 5, 10, 20, 10, 20, 20, 10, 5, 10, 15, 10, 10, 5, 20, 10, 10, 10, 10, 10, 15, 10, 10, 10, 5, 10, 20, 10, 5, 10, 5, 5, 10, 5, 15, 5, 5, 5, 10, 30, 20, 15, 20, 10, 5, 20, 5, 15, 20, 5, 10, 15, 20, 5, 15, 10, 5, 15, 10, 5, 10, 15, 10, 10, 10, 20, 5, 15, 5, 10, 15, 25, 15, 20, 5, 5, 15, 5, 5, 15, 20, 10, 15, 15, 10, 30, 10, 15, 10, 5, 15, 10, 15, 10, 15, 5, 15, 10, 15, 5, 10, 20, 10, 25, 10, 5, 15, 15, 5, 10, 10, 10, 10, 10, 5, 10, 15, 5, 5, 20, 10, 25, 10, 15, 10, 15, 15, 10, 25, 10, 10, 15, 15, 15, 10, 20, 15, 10, 10, 10, 5, 5, 10, 5, 5, 5, 5, 15, 10, 15, 15, 45, 15, 5, 10, 10, 20, 10, 15, 15, 20, 15, 15, 15, 5, 5, 10, 20, 5, 25, 10, 5, 5, 5, 10, 10, 5, 10, 10, 10, 15, 10, 5, 10, 10, 5, 15, 10, 10, 10, 5, 10, 20, 20, 5, 15, 20, 15, 6, 10, 10, 10, 10, 15, 5, 10, 20, 10, 15, 15, 5, 15, 20, 10, 20, 10, 30, 10, 15, 10, 10, 15, 10, 10, 15, 5, 5, 5, 5, 10, 15, 25, 10, 15, 15, 10, 5, 10, 20, 15, 20, 10, 10, 5, 10, 10, 20, 10, 15, 15, 15, 15, 10, 20, 10, 10, 20, 10, 20, 10, 5, 15, 21, 15, 15, 10, 10, 15, 10, 15, 10, 5, 10, 10, 20, 5, 5, 10, 9, 10, 10, 15, 20, 20, 5, 10, 20, 15, 5, 5, 20, 20, 10, 15, 10, 10, 5, 10, 10, 15, 15, 25, 5, 10, 30, 15, 10, 20, 15, 5, 10, 10, 20, 10, 15, 15, 5, 35, 5, 10, 15, 20, 10, 20, 10, 10, 10, 10, 10, 35, 15, 5, 5, 5, 10, 10, 11, 10, 10, 5, 15, 20, 10, 5, 10, 10, 15, 15, 5, 25, 5, 10, 35, 5, 15, 5, 15, 5, 10, 20, 10, 10, 5, 20, 15, 5, 5, 25, 10, 15, 15, 25, 10, 10, 15, 15, 5, 5, 10, 15, 15, 20, 5, 25, 5, 25, 5, 5, 10, 20, 20, 15, 25, 15, 15, 5, 15, 5, 20, 10, 15, 15, 11, 5, 25, 5, 15, 20, 15, 10, 15, 17, 5, 10, 10, 5, 10, 15, 20, 15, 25, 20, 25, 15, 10, 25, 25, 15, 10, 10, 10, 10, 5, 15, 20, 5, 15, 15, 10, 35, 25, 5, 10, 10, 10, 5, 5, 10, 5, 20, 11, 5, 15, 15, 15, 30, 20, 5, 10, 20, 10, 20, 5, 10, 5, 10, 15, 15, 10, 15, 10, 15, 15, 15, 5, 20, 10, 5, 10, 15, 15, 10, 15, 20, 15, 25, 10, 20, 10, 20, 20, 20, 15, 45, 20, 15, 10, 5, 25, 15, 20, 15, 5, 35, 10, 10, 5, 10, 40, 10, 15, 10, 10, 10, 15, 15, 10, 5, 10, 5, 15, 10, 5, 15, 10, 30, 20, 15, 10, 10, 15, 15, 20, 25, 5, 20, 15, 45, 10, 5, 40, 5, 10, 10, 5, 5, 5, 10, 10, 15, 15, 15, 15, 20, 15, 10, 35, 25, 20, 45, 25, 15, 10, 20, 10, 5, 15, 10, 15, 15, 5, 10, 10, 15, 15, 15, 25, 10, 10, 15, 15, 10, 25, 5, 25, 5, 30, 10, 12, 5, 15, 20, 15, 20, 15, 15, 5, 10, 5, 20, 5, 10, 15, 5, 35, 15, 10, 30, 5, 10, 20, 5, 15, 5, 15, 10, 15, 5, 20, 20, 15, 5, 20, 20, 10, 20, 20, 15, 10, 10, 15, 5, 5, 5, 15, 10, 10, 30, 20, 5, 5, 25, 20, 10, 15, 25, 10, 10, 15, 15, 10, 20, 25, 15, 15, 35, 30, 15, 20, 5, 41, 20, 20, 20, 10, 25, 35, 15, 25, 20, 25, 10, 20, 10, 15, 10, 15, 10, 15, 10, 15, 20, 5, 25, 10, 25, 25, 5, 15, 10, 10, 20, 25, 20, 15, 5, 15, 15, 15, 15, 5, 15, 20, 25, 15, 10, 15, 20, 10, 15, 20, 20, 10, 15, 15, 10, 10, 10, 15, 15, 20, 10, 5, 25, 20, 25, 10, 10, 5, 25, 15, 15, 20, 10, 5, 15, 10, 15, 10, 25, 20, 30, 35, 25, 10, 10, 10, 10, 15, 20, 30, 35, 20, 25, 10, 5, 10, 15, 10, 10, 25, 20, 10, 10, 10, 20, 15, 5, 20, 5, 15, 10, 5, 5, 20, 10, 25, 25, 30, 10, 10, 10, 20, 20, 32, 
1781317, 1
1781317, 1914
1781317, 3016
1781317, 20416
1781317, 4558
1781317, 33187
1785170, 7
1785170, 5, 5, 5, 5, 5, 5, 5, 5, 5, 5, 5, 5, 5, 5, 5, 5, 5, 5, 5, 5, 5, 5, 5, 5, 5, 5, 5, 5, 5, 5, 10, 5, 5, 5, 5, 5, 5, 5, 5, 5, 5, 5, 5, 5, 5, 5, 5, 5, 5, 5, 5, 5, 5, 5, 5, 5, 5, 5, 5, 5, 5, 5, 5, 5, 5, 5, 10, 5, 5, 5, 5, 5, 5, 5, 5, 5, 5, 5, 5, 5, 5, 5, 5, 5, 5, 5, 5, 5, 10, 5, 5, 5, 10, 5, 10, 5, 5, 5, 5, 5, 10, 5, 5, 5, 5, 5, 5, 5, 10, 15, 5, 5, 5, 5, 5, 5, 5, 5, 5, 5, 10, 5, 5, 5, 5, 5, 5, 5, 5, 5, 5, 5, 5, 10, 5, 5, 10, 5, 5, 5, 5, 5, 5, 5, 5, 5, 5, 10, 10, 5, 10, 10, 5, 5, 5, 5, 5, 5, 5, 5, 5, 5, 5, 5, 5, 5, 5, 5, 5, 5, 5, 5, 5, 10, 5, 5, 5, 5, 5, 5, 5, 10, 5, 5, 10, 5, 5, 5, 5, 5, 5, 5, 5, 10, 10, 10, 5, 10, 5, 5, 5, 5, 5, 5, 10, 5, 5, 10, 5, 5, 10, 5, 5, 10, 5, 5, 5, 5, 5, 5, 20, 5, 10, 5, 5, 5, 5, 15, 5, 5, 5, 15, 10, 5, 5, 5, 10, 5, 5, 5, 5, 5, 5, 5, 5, 5, 10, 5, 5, 5, 5, 5, 5, 5, 5, 5, 5, 5, 5, 5, 5, 15, 5, 5, 5, 5, 5, 10, 10, 5, 10, 5, 5, 10, 5, 5, 5, 5, 5, 5, 5, 5, 5, 5, 10, 5, 5, 5, 5, 5, 5, 5, 5, 5, 10, 5, 10, 15, 5, 15, 5, 5, 10, 10, 5, 5, 5, 10, 10, 8, 5, 5, 5, 5, 5, 5, 15, 5, 10, 5, 5, 5, 5, 10, 5, 5, 5, 5, 5, 10, 10, 5, 10, 5, 10, 5, 5, 10, 5, 5, 15, 5, 10, 5, 5, 15, 5, 10, 10, 5, 5, 5, 5, 10, 10, 5, 5, 10, 5, 5, 5, 5, 10, 5, 10, 10, 5, 10, 10, 15, 10, 5, 10, 5, 5, 5, 10, 5, 10, 10, 5, 5, 5, 5, 10, 15, 5, 5, 5, 5, 5, 10, 15, 10, 10, 15, 10, 5, 5, 5, 10, 5, 5, 5, 5, 5, 10, 10, 5, 5, 5, 10, 5, 5, 5, 5, 5, 5, 4, 15, 5, 5, 5, 10, 5, 1, 15, 5, 5, 5, 5, 5, 15, 5, 5, 5, 15, 20, 10, 5, 5, 5, 15, 5, 5, 10, 5, 10, 5, 5, 10, 5, 15, 5, 10, 10, 10, 5, 10, 5, 10, 15, 5, 5, 5, 10, 5, 10, 5, 5, 5, 5, 10, 5, 5, 5, 15, 10, 5, 5, 5, 5, 5, 10, 10, 5, 5, 5, 10, 10, 10, 5, 5, 5, 5, 5, 10, 10, 10, 5, 10, 5, 10, 5, 10, 5, 10, 5, 5, 15, 10, 5, 5, 5, 10, 10, 10, 10, 5, 5, 5, 5, 10, 10, 10, 10, 5, 25, 10, 5, 5, 5, 15, 10, 10, 5, 5, 10, 5, 10, 10, 15, 5, 5, 5, 5, 15, 5, 15, 5, 5, 10, 10, 5, 5, 5, 5, 5, 5, 10, 5, 10, 10, 5, 5, 5, 5, 15, 10, 10, 5, 10, 10, 5, 15, 15, 5, 5, 5, 3, 
1785170, 7
1785170, 2463
1785170, 3502
1785170, 55766
1785170, 10302
1785170, 33147
1786377, 1
1786377, 5, 5, 5, 5, 5, 5, 5, 5, 5, 5, 5, 5, 5, 5, 5, 5, 5, 5, 5, 5, 5, 5, 5, 5, 5, 5, 5, 5, 5, 5, 5, 5, 5, 5, 5, 5, 5, 5, 5, 5, 5, 10, 5, 5, 5, 5, 5, 5, 5, 5, 5, 5, 5, 5, 5, 5, 5, 5, 5, 10, 10, 5, 5, 5, 5, 5, 5, 5, 5, 5, 10, 5, 5, 10, 5, 5, 5, 5, 5, 10, 5, 5, 5, 5, 5, 5, 5, 5, 5, 10, 10, 5, 5, 5, 5, 5, 5, 5, 5, 5, 5, 5, 5, 5, 5, 5, 5, 5, 5, 10, 5, 5, 5, 5, 5, 5, 5, 5, 5, 5, 5, 10, 10, 5, 10, 5, 5, 10, 5, 5, 5, 5, 5, 5, 5, 5, 5, 5, 10, 10, 5, 5, 5, 10, 5, 5, 5, 5, 5, 5, 5, 5, 5, 5, 5, 5, 5, 5, 5, 5, 5, 5, 5, 5, 5, 5, 5, 10, 5, 5, 5, 5, 5, 5, 5, 15, 5, 5, 5, 5, 5, 5, 5, 5, 5, 1, 5, 5, 5, 5, 5, 5, 10, 5, 5, 5, 5, 11, 10, 5, 5, 10, 15, 5, 10, 10, 5, 5, 5, 10, 5, 10, 4, 
1786377, 1
1786377, 2774
1786377, 3874
1786377, 11406
1786377, 3970
1786377, 33107
1788790, 6
1788790, 5, 5, 5, 5, 5, 5, 5, 5, 5, 5, 5, 5, 5, 5, 5, 5, 5, 5, 5, 5, 5, 5, 5, 5, 5, 5, 5, 5, 5, 5, 5, 5, 5, 5, 5, 5, 5, 5, 5, 5, 5, 5, 5, 5, 5, 5, 5, 5, 5, 5, 5, 5, 5, 5, 5, 5, 5, 5, 5, 5, 5, 5, 5, 5, 5, 5, 5, 5, 5, 5, 5, 5, 5, 5, 5, 5, 5, 5, 5, 10, 5, 5, 5, 5, 5, 5, 5, 10, 10, 5, 5, 5, 5, 5, 5, 5, 5, 5, 5, 5, 5, 5, 5, 5, 5, 5, 5, 5, 5, 5, 5, 5, 5, 5, 5, 5, 5, 5, 5, 5, 10, 5, 5, 5, 5, 10, 5, 5, 5, 5, 5, 5, 10, 10, 5, 5, 10, 5, 15, 5, 5, 5, 5, 5, 5, 5, 5, 10, 5, 5, 10, 5, 5, 5, 5, 5, 5, 5, 5, 5, 5, 5, 5, 5, 10, 5, 10, 5, 5, 5, 5, 5, 5, 5, 5, 10, 10, 5, 5, 5, 5, 5, 5, 10, 5, 5, 5, 10, 5, 5, 5, 5, 5, 5, 5, 5, 5, 5, 5, 5, 5, 5, 5, 5, 5, 10, 5, 5, 5, 5, 5, 5, 5, 5, 5, 5, 5, 5, 5, 10, 5, 20, 10, 5, 5, 5, 10, 5, 5, 10, 5, 5, 5, 10, 10, 5, 10, 5, 5, 5, 5, 5, 5, 5, 5, 5, 5, 5, 5, 5, 5, 5, 10, 5, 5, 5, 5, 10, 5, 5, 5, 5, 5, 10, 15, 10, 5, 5, 5, 5, 20, 10, 5, 5, 5, 5, 5, 5, 15, 5, 5, 15, 5, 10, 5, 5, 5, 5, 5, 5, 5, 5, 5, 5, 5, 10, 10, 10, 5, 5, 10, 5, 5, 10, 5, 5, 5, 10, 5, 5, 5, 5, 5, 5, 10, 5, 10, 5, 5, 10, 5, 5, 5, 5, 5, 10, 5, 5, 5, 15, 5, 5, 5, 5, 5, 5, 5, 5, 10, 5, 10, 5, 5, 5, 5, 10, 10, 5, 5, 5, 5, 5, 5, 5, 5, 10, 5, 5, 10, 10, 5, 5, 5, 5, 5, 5, 5, 5, 20, 10, 5, 10, 15, 5, 20, 5, 5, 10, 10, 10, 10, 5, 10, 10, 10, 5, 5, 10, 10, 5, 5, 10, 10, 5, 5, 5, 5, 2, 
1788790, 1
1788790, 2895
1788790, 18781
1788790, 15143
1788790, 5116
1788790, 33088
1788791, 1
1788791, 
1788791, 8
1788791, 6949
1788791, 22595
1788791, 26268
1788791, 5574
1788791, 33072
1788793, 2
1788793, 
1788793, 1
1788793, 10883
1788793, 26529
1788793, 11366
1788793, 1374
1788793, 33093
1812053, 46
1812053, 5, 5, 5, 5, 5, 5, 5, 5, 5, 5, 5, 10, 10, 10, 5, 5, 5, 15, 5, 5, 5, 10, 5, 5, 15, 5, 5, 15, 10, 10, 5, 5, 5, 5, 10, 10, 5, 25, 5, 10, 5, 10, 10, 15, 10, 10, 10, 10, 5, 10, 10, 15, 10, 10, 15, 20, 10, 5, 10, 10, 10, 15, 15, 10, 20, 10, 20, 5, 15, 10, 15, 10, 5, 15, 5, 15, 10, 10, 5, 10, 5, 5, 5, 10, 5, 20, 10, 5, 10, 20, 10, 5, 10, 5, 20, 5, 15, 15, 10, 10, 10, 20, 10, 10, 15, 15, 5, 5, 5, 10, 15, 15, 15, 5, 5, 10, 10, 20, 25, 15, 10, 5, 5, 5, 15, 20, 10, 5, 5, 15, 10, 5, 25, 10, 35, 10, 10, 10, 20, 15, 10, 15, 5, 10, 25, 20, 10, 25, 10, 20, 15, 15, 10, 10, 10, 10, 10, 10, 10, 20, 20, 11, 20, 5, 15, 10, 20, 10, 15, 20, 30, 15, 5, 15, 10, 15, 5, 5, 10, 10, 10, 15, 5, 15, 15, 20, 20, 25, 20, 5, 5, 15, 15, 10, 25, 5, 20, 10, 5, 15, 15, 20, 5, 10, 25, 20, 10, 5, 25, 10, 15, 15, 15, 15, 15, 15, 35, 15, 5, 15, 5, 15, 17, 5, 15, 5, 10, 20, 15, 10, 20, 10, 15, 15, 20, 25, 15, 15, 15, 20, 15, 5, 5, 10, 25, 30, 25, 15, 5, 5, 10, 20, 20, 10, 20, 15, 5, 15, 10, 20, 20, 20, 10, 15, 10, 10, 20, 15, 10, 25, 10, 25, 20, 20, 5, 25, 20, 15, 5, 10, 10, 10, 15, 30, 5, 15, 5, 10, 25, 10, 10, 10, 10, 20, 10, 15, 5, 15, 20, 10, 25, 10, 5, 10, 15, 15, 25, 25, 10, 15, 30, 20, 10, 5, 35, 15, 20, 10, 20, 25, 15, 25, 5, 30, 25, 15, 10, 5, 20, 15, 30, 20, 21, 5, 15, 15, 25, 20, 20, 10, 20, 25, 5, 15, 25, 15, 5, 20, 18, 15, 10, 15, 10, 20, 10, 10, 15, 5, 15, 5, 30, 10, 20, 25, 20, 20, 5, 10, 30, 25, 15, 5, 15, 30, 10, 25, 10, 15, 16, 20, 15, 30, 10, 15, 15, 20, 20, 20, 10, 10, 5, 10, 30, 30, 10, 5, 10, 20, 15, 20, 20, 30, 15, 20, 10, 10, 10, 10, 10, 15, 20, 10, 20, 15, 25, 20, 15, 5, 15, 20, 10, 20, 35, 10, 15, 10, 15, 15, 20, 5, 25, 5, 25, 25, 30, 20, 15, 10, 25, 10, 15, 25, 20, 30, 15, 25, 5, 20, 10, 20, 15, 15, 15, 30, 20, 20, 25, 15, 35, 15, 15, 20, 20, 25, 15, 10, 15, 10, 25, 15, 20, 12, 15, 15, 23, 15, 20, 15, 5, 20, 10, 35, 5, 25, 5, 20, 5, 25, 15, 20, 25, 5, 35, 10, 20, 20, 30, 15, 25, 10, 15, 5, 20, 30, 15, 20, 10, 10, 20, 35, 25, 25, 15, 25, 10, 15, 20, 30, 15, 15, 10, 20, 10, 10, 10, 25, 10, 20, 20, 15, 30, 20, 20, 30, 30, 10, 20, 10, 20, 15, 15, 10, 20, 25, 15, 20, 5, 20, 15, 25, 15, 25, 20, 15, 10, 35, 10, 5, 10, 15, 15, 20, 50, 20, 10, 25, 15, 20, 20, 15, 5, 15, 25, 55, 10, 10, 10, 25, 30, 30, 6, 10, 30, 25, 25, 20, 20, 15, 30, 15, 32, 10, 15, 10, 15, 25, 35, 35, 25, 15, 20, 20, 15, 10, 25, 15, 15, 15, 45, 35, 20, 25, 25, 15, 15, 30, 25, 30, 20, 30, 25, 40, 15, 20, 15, 20, 15, 20, 30, 20, 25, 20, 15, 30, 15, 15, 20, 20, 30, 25, 10, 15, 10, 15, 25, 10, 10, 10, 20, 15, 25, 20, 10, 10, 20, 5, 25, 10, 15, 10, 5, 20, 31, 20, 15, 15, 20, 25, 20, 25, 15, 35, 25, 15, 15, 35, 20, 35, 25, 10, 10, 25, 30, 15, 25, 20, 16, 15, 20, 25, 20, 25, 20, 35, 30, 25, 25, 15, 15, 15, 25, 35, 5, 20, 15, 15, 35, 10, 25, 30, 15, 25, 15, 5, 35, 10, 15, 20, 10, 10, 20, 25, 15, 25, 25, 10, 45, 30, 30, 20, 25, 20, 20, 25, 20, 25, 20, 26, 6, 10, 20, 25, 25, 10, 20, 5, 20, 25, 15, 25, 35, 10, 10, 25, 25, 25, 45, 40, 20, 25, 35, 15, 20, 31, 10, 30, 30, 10, 20, 25, 20, 5, 10, 15, 20, 20, 30, 20, 20, 15, 21, 20, 10, 30, 35, 10, 20, 25, 35, 10, 20, 20, 20, 10, 25, 15, 5, 10, 20, 35, 10, 30, 15, 30, 15, 5, 20, 20, 25, 20, 25, 15, 20, 10, 5, 25, 40, 35, 5, 30, 20, 30, 16, 15, 5, 20, 20, 20, 20, 25, 30, 15, 24, 15, 25, 40, 35, 25, 25, 35, 15, 15, 15, 15, 40, 20, 20, 25, 25, 50, 10, 35, 10, 15, 35, 30, 10, 15, 20, 25, 5, 15, 45, 25, 15, 20, 10, 15, 5, 30, 20, 50, 5, 40, 35, 10, 25, 30, 30, 20, 10, 20, 10, 20, 25, 10, 20, 35, 20, 20, 20, 25, 35, 20, 20, 10, 25, 30, 50, 35, 15, 15, 30, 15, 20, 25, 30, 35, 10, 15, 25, 10, 5, 25, 20, 10, 19, 15, 10, 10, 10, 32, 25, 15, 35, 31, 35, 15, 40, 15, 15, 15, 20, 15, 15, 40, 20, 15, 20, 15, 26, 45, 15, 40, 15, 20, 10, 10, 35, 15, 20, 35, 20, 15, 15, 15, 15, 30, 5, 30, 25, 20, 20, 20, 10, 20, 10, 45, 15, 30, 20, 15, 25, 35, 15, 35, 20, 20, 15, 15, 25, 25, 10, 25, 20, 15, 25, 30, 15, 15, 35, 20, 25, 10, 30, 30, 49, 25, 20, 15, 40, 20, 30, 20, 10, 20, 30, 30, 100, 20, 20, 15, 35, 15, 25, 20, 15, 25, 15, 15, 15, 30, 30, 25, 25, 20, 25, 45, 25, 20, 25, 20, 35, 25, 35, 25, 35, 25, 40, 15, 15, 10, 10, 20, 30, 20, 10, 45, 25, 15, 30, 20, 10, 25, 50, 25, 20, 25, 30, 15, 20, 15, 15, 25, 25, 25, 35, 35, 5, 25, 25, 10, 20, 20, 15, 15, 20, 25, 10, 15, 20, 15, 20, 15, 15, 25, 20, 30, 30, 20, 10, 25, 25, 30, 30, 15, 15, 10, 30, 45, 20, 10, 20, 25, 25, 25, 15, 10, 40, 30, 25, 25, 20, 30, 30, 20, 15, 20, 35, 15, 30, 20, 10, 10, 30, 15, 15, 35, 25, 15, 20, 55, 40, 30, 25, 25, 15, 30, 35, 20, 10, 10, 15, 15, 20, 20, 36, 30, 20, 35, 10, 20, 25, 25, 20, 20, 30, 25, 10, 25, 25, 25, 20, 15, 35, 20, 25, 30, 20, 20, 30, 35, 50, 25, 10, 45, 15, 25, 15, 10, 10, 30, 35, 40, 5, 10, 15, 37, 25, 25, 20, 20, 15, 20, 20, 15, 30, 15, 15, 25, 25, 10, 20, 25, 20, 20, 30, 45, 35, 25, 40, 15, 25, 5, 15, 25, 35, 40, 20, 15, 20, 25, 30, 20, 15, 15, 30, 5, 30, 20, 25, 20, 15, 25, 30, 15, 30, 15, 25, 30, 25, 35, 15, 20, 15, 30, 20, 20, 30, 27, 
1812053, 2
1812053, 2215
1812053, 3046
1812053, 7251
1812053, 1187
1812053, 33096
1812054, 1
1812054, 
1812054, 1
1812054, 6339
1812054, 7173
1812054, 59830
1812054, 12597
1812054, 33036
1823846, 6
1823846, 5, 5, 5, 5, 5, 5, 5, 5, 5, 5, 5, 5, 5, 5, 5, 15, 5, 5, 5, 5, 5, 5, 5, 5, 5, 5, 5, 5, 5, 5, 10, 5, 5, 5, 10, 5, 5, 5, 5, 5, 5, 10, 5, 10, 5, 10, 5, 5, 5, 5, 5, 5, 10, 5, 5, 5, 5, 5, 5, 5, 5, 5, 10, 5, 10, 5, 5, 5, 5, 5, 5, 15, 10, 5, 10, 5, 5, 10, 5, 5, 5, 5, 15, 5, 10, 10, 10, 5, 15, 5, 5, 10, 5, 5, 5, 5, 10, 5, 5, 5, 10, 5, 5, 10, 5, 5, 5, 10, 5, 10, 5, 15, 5, 10, 5, 10, 5, 5, 15, 10, 5, 5, 10, 5, 10, 5, 10, 5, 5, 10, 5, 10, 20, 5, 15, 5, 5, 10, 5, 15, 15, 5, 10, 5, 10, 5, 15, 5, 10, 10, 5, 5, 5, 15, 10, 10, 10, 5, 5, 5, 15, 5, 5, 15, 5, 5, 10, 5, 15, 15, 5, 5, 15, 5, 5, 10, 10, 5, 10, 5, 5, 10, 5, 10, 5, 5, 10, 10, 15, 10, 5, 15, 15, 15, 10, 15, 5, 5, 10, 5, 10, 15, 5, 10, 15, 10, 10, 25, 5, 15, 15, 5, 10, 10, 10, 5, 20, 5, 15, 10, 5, 10, 10, 5, 5, 10, 10, 5, 15, 5, 10, 10, 10, 5, 10, 15, 5, 10, 5, 5, 10, 15, 5, 20, 5, 5, 15, 5, 15, 10, 5, 15, 5, 5, 10, 15, 15, 10, 10, 15, 15, 5, 5, 10, 15, 15, 5, 15, 5, 5, 15, 10, 10, 15, 5, 5, 15, 5, 10, 10, 5, 10, 15, 5, 5, 10, 15, 5, 10, 5, 5, 15, 10, 5, 10, 10, 5, 25, 5, 15, 15, 5, 10, 10, 10, 20, 10, 10, 10, 10, 5, 5, 5, 10, 10, 5, 15, 5, 5, 10, 25, 5, 5, 10, 5, 5, 10, 5, 10, 10, 5, 15, 10, 10, 15, 10, 15, 15, 5, 5, 5, 10, 15, 5, 5, 20, 5, 5, 10, 20, 15, 20, 5, 10, 10, 10, 5, 10, 5, 10, 20, 10, 10, 20, 20, 10, 5, 5, 10, 5, 5, 25, 15, 10, 5, 5, 5, 5, 5, 20, 5, 5, 10, 10, 10, 15, 5, 10, 5, 15, 5, 20, 10, 15, 15, 10, 10, 10, 10, 10, 15, 20, 10, 20, 10, 20, 25, 15, 15, 15, 10, 20, 15, 10, 5, 5, 10, 10, 20, 16, 25, 20, 5, 10, 5, 5, 15, 10, 12, 20, 5, 10, 10, 10, 15, 15, 30, 10, 5, 10, 10, 20, 20, 10, 10, 10, 5, 20, 5, 5, 10, 15, 15, 10, 5, 5, 25, 10, 15, 15, 15, 10, 25, 5, 10, 15, 5, 20, 10, 10, 20, 31, 15, 10, 10, 20, 23, 5, 5, 15, 5, 10, 10, 5, 10, 10, 5, 20, 15, 2, 20, 15, 5, 10, 15, 10, 5, 5, 5, 15, 15, 20, 20, 15, 15, 10, 5, 10, 10, 25, 10, 10, 25, 15, 5, 16, 10, 15, 10, 5, 20, 5, 20, 10, 15, 5, 10, 5, 20, 20, 20, 15, 5, 15, 17, 5, 5, 15, 15, 10, 15, 10, 5, 5, 5, 10, 5, 5, 15, 5, 5, 25, 10, 15, 10, 20, 10, 15, 10, 15, 10, 10, 10, 5, 5, 30, 10, 20, 5, 15, 15, 6, 5, 10, 15, 15, 20, 10, 10, 10, 5, 10, 5, 15, 5, 15, 10, 10, 5, 5, 5, 15, 15, 10, 10, 10, 15, 10, 10, 10, 5, 5, 10, 25, 15, 10, 10, 10, 10, 10, 20, 5, 15, 25, 5, 15, 10, 5, 5, 5, 5, 20, 10, 15, 20, 20, 15, 10, 5, 10, 10, 10, 10, 10, 20, 10, 15, 10, 10, 15, 25, 10, 5, 15, 5, 15, 15, 15, 15, 15, 10, 10, 15, 10, 10, 10, 5, 10, 20, 15, 10, 5, 10, 5, 22, 20, 15, 15, 5, 15, 10, 5, 25, 20, 20, 20, 20, 10, 15, 5, 15, 10, 25, 5, 15, 25, 10, 10, 15, 20, 25, 20, 10, 15, 20, 15, 10, 15, 25, 5, 15, 10, 15, 30, 5, 25, 10, 20, 10, 40, 15, 20, 5, 15, 5, 10, 15, 10, 5, 5, 15, 5, 20, 5, 5, 33, 10, 5, 15, 5, 15, 10, 10, 15, 10, 5, 15, 5, 15, 5, 15, 5, 15, 5, 10, 20, 5, 5, 10, 10, 20, 10, 10, 10, 20, 20, 5, 25, 15, 10, 15, 20, 15, 10, 10, 10, 35, 15, 10, 20, 10, 20, 15, 15, 5, 5, 10, 10, 20, 15, 20, 20, 20, 5, 25, 20, 5, 10, 15, 5, 5, 15, 5, 5, 5, 10, 15, 15, 10, 15, 15, 5, 10, 5, 20, 10, 15, 15, 15, 5, 20, 10, 5, 20, 5, 30, 10, 10, 15, 15, 20, 24, 10, 10, 5, 10, 20, 15, 5, 15, 10, 10, 20, 10, 10, 15, 10, 10, 20, 10, 10, 15, 5, 10, 30, 20, 10, 10, 5, 15, 30, 10, 15, 10, 10, 20, 5, 15, 25, 20, 15, 15, 15, 10, 40, 5, 5, 15, 5, 10, 10, 15, 5, 25, 10, 20, 21, 10, 5, 5, 25, 10, 5, 10, 15, 5, 5, 5, 10, 15, 15, 10, 25, 30, 10, 15, 15, 15, 20, 10, 10, 15, 15, 20, 5, 15, 10, 15, 10, 15, 10, 15, 20, 10, 10, 20, 10, 5, 10, 10, 5, 25, 5, 10, 10, 10, 10, 5, 15, 20, 10, 5, 10, 10, 15, 15, 15, 20, 10, 5, 10, 20, 20, 10, 15, 5, 20, 10, 10, 10, 25, 20, 5, 15, 5, 5, 10, 20, 15, 20, 10, 25, 15, 5, 5, 10, 20, 5, 10, 5, 15, 10, 15, 10, 20, 10, 28, 20, 5, 10, 15, 10, 1, 5, 10, 10, 20, 10, 1, 20, 15, 20, 25, 10, 20, 15, 25, 5, 15, 25, 10, 10, 5, 10, 45, 15, 10, 5, 5, 5, 15, 5, 10, 10, 32, 15, 15, 5, 20, 10, 5, 10, 5, 5, 20, 15, 20, 10, 15, 5, 10, 20, 10, 30, 5, 15, 15, 20, 20, 15, 25, 5, 20, 30, 20, 10, 5, 15, 25, 20, 26, 
1823846, 3
1823846, 2268
1823846, 3057
1823846, 80833
1823846, 9787
1823846, 33002
1833567, 12
1833567, 5, 5, 5, 5, 5, 5, 5, 5, 5, 5, 5, 5, 5, 5, 5, 5, 5, 5, 5, 5, 5, 5, 5, 5, 5, 5, 5, 5, 5, 5, 5, 5, 5, 5, 5, 5, 5, 5, 5, 5, 5, 5, 5, 5, 5, 5, 5, 5, 5, 5, 10, 5, 5, 5, 10, 5, 10, 5, 5, 5, 5, 5, 5, 5, 10, 5, 5, 5, 5, 5, 5, 10, 5, 5, 5, 5, 15, 5, 5, 5, 5, 10, 5, 5, 5, 5, 5, 5, 5, 5, 10, 5, 5, 5, 5, 5, 5, 5, 5, 5, 5, 5, 5, 5, 10, 10, 5, 5, 5, 5, 10, 5, 20, 5, 5, 10, 10, 10, 5, 10, 2, 10, 5, 5, 5, 5, 5, 5, 5, 10, 5, 5, 5, 5, 5, 5, 10, 10, 5, 5, 5, 5, 5, 10, 5, 5, 5, 5, 5, 5, 5, 5, 5, 10, 10, 10, 5, 10, 5, 5, 5, 5, 5, 5, 5, 5, 5, 5, 5, 5, 5, 10, 25, 10, 15, 5, 5, 15, 5, 5, 15, 10, 5, 15, 10, 5, 5, 5, 5, 5, 5, 10, 10, 5, 10, 5, 5, 5, 5, 10, 5, 5, 5, 10, 5, 5, 10, 5, 10, 5, 10, 10, 10, 5, 10, 5, 5, 10, 5, 10, 10, 5, 5, 10, 5, 5, 5, 10, 5, 5, 5, 10, 20, 15, 10, 20, 10, 15, 5, 10, 10, 10, 5, 5, 11, 5, 5, 10, 5, 5, 10, 5, 5, 10, 5, 5, 10, 5, 5, 15, 15, 5, 15, 10, 10, 10, 15, 5, 5, 10, 10, 15, 10, 5, 5, 5, 5, 10, 10, 5, 5, 5, 15, 20, 5, 15, 5, 11, 5, 25, 5, 10, 5, 5, 5, 5, 10, 15, 15, 10, 5, 5, 10, 5, 5, 10, 10, 5, 10, 5, 5, 5, 10, 10, 5, 10, 5, 10, 10, 10, 10, 5, 15, 5, 5, 5, 5, 10, 5, 5, 10, 15, 10, 5, 5, 5, 10, 10, 5, 5, 15, 15, 10, 5, 10, 5, 10, 5, 20, 10, 5, 10, 5, 10, 10, 30, 10, 10, 10, 15, 5, 5, 15, 5, 10, 10, 5, 10, 10, 5, 10, 25, 5, 15, 5, 10, 5, 5, 10, 5, 5, 10, 5, 5, 10, 10, 10, 5, 10, 15, 5, 10, 10, 10, 15, 15, 10, 15, 5, 5, 5, 20, 5, 5, 10, 5, 5, 5, 20, 25, 10, 10, 5, 20, 5, 15, 10, 10, 5, 10, 10, 10, 5, 15, 10, 10, 10, 10, 10, 10, 5, 5, 10, 10, 15, 10, 5, 20, 15, 15, 5, 5, 15, 5, 10, 10, 10, 5, 5, 5, 5, 5, 5, 10, 10, 10, 10, 10, 5, 15, 15, 15, 5, 5, 10, 5, 10, 5, 5, 15, 10, 5, 5, 5, 20, 10, 5, 15, 35, 5, 5, 5, 10, 10, 15, 10, 5, 10, 15, 5, 5, 10, 10, 10, 15, 5, 10, 10, 10, 10, 5, 5, 10, 10, 5, 5, 10, 5, 5, 5, 10, 10, 5, 25, 10, 5, 15, 10, 45, 10, 5, 10, 20, 10, 10, 5, 10, 5, 5, 10, 15, 10, 15, 5, 5, 10, 5, 10, 5, 10, 10, 15, 20, 5, 10, 5, 30, 5, 5, 10, 5, 5, 5, 5, 5, 10, 5, 5, 5, 11, 15, 25, 15, 10, 20, 5, 15, 10, 20, 15, 5, 5, 15, 10, 5, 10, 15, 15, 5, 10, 5, 10, 10, 10, 30, 10, 10, 10, 5, 5, 5, 5, 10, 15, 5, 20, 10, 5, 5, 15, 5, 10, 10, 30, 10, 5, 5, 10, 10, 10, 10, 5, 5, 10, 10, 5, 10, 15, 10, 5, 15, 5, 15, 15, 5, 10, 10, 10, 10, 5, 15, 5, 5, 5, 10, 10, 15, 15, 15, 5, 10, 8, 10, 10, 15, 10, 15, 15, 10, 15, 20, 5, 15, 5, 15, 5, 5, 5, 10, 5, 10, 5, 45, 10, 20, 15, 10, 5, 5, 5, 10, 10, 10, 10, 10, 10, 20, 20, 15, 5, 10, 15, 15, 5, 15, 10, 5, 10, 10, 26, 5, 15, 20, 10, 30, 15, 20, 20, 10, 15, 10, 5, 20, 10, 15, 5, 10, 15, 5, 20, 10, 5, 15, 10, 15, 7, 10, 10, 10, 30, 15, 10, 10, 10, 15, 20, 5, 15, 5, 5, 10, 5, 15, 5, 10, 20, 10, 10, 5, 5, 15, 15, 10, 15, 5, 10, 15, 10, 5, 20, 5, 10, 20, 15, 5, 15, 10, 10, 20, 15, 10, 15, 10, 5, 5, 15, 5, 5, 10, 5, 5, 5, 10, 5, 10, 5, 15, 6, 10, 35, 10, 5, 10, 15, 5, 20, 5, 15, 10, 10, 10, 15, 10, 5, 10, 25, 25, 15, 10, 20, 10, 5, 5, 5, 10, 5, 10, 5, 10, 10, 20, 5, 5, 15, 5, 25, 15, 10, 20, 5, 15, 25, 30, 15, 10, 10, 20, 20, 10, 15, 5, 25, 5, 15, 5, 15, 10, 5, 10, 10, 5, 5, 10, 15, 20, 20, 10, 10, 10, 10, 10, 15, 10, 10, 15, 10, 20, 15, 30, 20, 10, 10, 10, 10, 20, 25, 10, 10, 10, 15, 15, 15, 5, 5, 10, 25, 10, 5, 15, 25, 10, 15, 15, 5, 10, 5, 10, 30, 5, 5, 5, 5, 15, 15, 15, 15, 11, 25, 35, 5, 20, 5, 35, 20, 10, 35, 15, 20, 5, 10, 20, 15, 15, 15, 10, 10, 10, 5, 5, 10, 10, 15, 10, 5, 10, 15, 5, 20, 15, 10, 5, 20, 10, 25, 40, 15, 10, 15, 5, 15, 5, 10, 20, 15, 15, 15, 10, 10, 25, 10, 20, 20, 10, 10, 25, 25, 10, 10, 5, 5, 15, 10, 15, 10, 15, 15, 10, 15, 15, 25, 15, 15, 20, 10, 10, 10, 15, 5, 5, 5, 15, 10, 10, 5, 5, 15, 15, 20, 5, 15, 10, 26, 
1833567, 1
1833567, 2118
1833567, 2877
1833567, 33105
1833567, 13605
1833567, 32973
1852579, 55
1852579, 5, 5, 5, 5, 10, 5, 5, 5, 5, 5, 5, 5, 10, 10, 5, 5, 5, 5, 15, 5, 5, 5, 5, 5, 5, 10, 10, 5, 5, 5, 5, 5, 5, 5, 5, 5, 5, 10, 5, 5, 10, 5, 10, 10, 15, 5, 10, 5, 5, 10, 5, 5, 10, 5, 5, 10, 15, 5, 5, 5, 5, 5, 5, 5, 5, 10, 10, 5, 5, 10, 5, 5, 5, 10, 20, 5, 5, 5, 5, 10, 10, 5, 5, 10, 20, 5, 10, 5, 20, 5, 5, 15, 10, 5, 15, 15, 10, 10, 10, 10, 5, 15, 10, 5, 5, 5, 10, 5, 10, 10, 10, 5, 15, 10, 5, 10, 10, 5, 10, 5, 15, 10, 10, 5, 5, 15, 15, 5, 15, 5, 10, 10, 10, 10, 10, 5, 15, 10, 25, 15, 10, 5, 15, 5, 15, 10, 5, 5, 15, 15, 15, 10, 15, 10, 15, 10, 10, 5, 15, 15, 20, 10, 5, 10, 20, 5, 15, 5, 5, 5, 15, 30, 10, 10, 15, 10, 20, 20, 15, 10, 10, 5, 20, 10, 15, 10, 10, 5, 25, 5, 15, 20, 10, 10, 10, 15, 5, 10, 15, 20, 10, 10, 5, 25, 20, 15, 20, 5, 5, 10, 5, 5, 10, 15, 15, 5, 10, 10, 5, 20, 10, 10, 15, 5, 10, 15, 10, 10, 10, 10, 5, 15, 15, 5, 20, 20, 20, 5, 5, 10, 5, 5, 5, 15, 10, 20, 10, 15, 10, 10, 10, 10, 15, 20, 5, 10, 5, 10, 10, 10, 10, 15, 10, 25, 10, 15, 10, 10, 5, 15, 10, 25, 15, 15, 10, 10, 10, 15, 20, 5, 35, 2, 35, 10, 10, 5, 20, 20, 10, 15, 10, 5, 10, 10, 5, 10, 10, 15, 5, 15, 10, 10, 10, 10, 10, 20, 10, 15, 10, 5, 15, 10, 15, 20, 15, 15, 5, 25, 15, 10, 5, 5, 15, 10, 20, 10, 5, 5, 15, 5, 15, 15, 25, 10, 20, 15, 15, 5, 5, 5, 10, 15, 15, 10, 5, 10, 10, 20, 15, 5, 5, 10, 10, 15, 30, 15, 5, 5, 20, 15, 15, 10, 15, 5, 5, 15, 10, 10, 5, 20, 20, 20, 15, 25, 15, 15, 10, 10, 5, 20, 15, 10, 25, 15, 15, 20, 25, 10, 30, 15, 5, 20, 10, 13, 10, 15, 20, 10, 10, 20, 15, 5, 10, 20, 15, 15, 10, 5, 5, 15, 15, 10, 5, 15, 15, 10, 15, 30, 15, 10, 20, 15, 25, 10, 15, 15, 15, 25, 10, 10, 17, 20, 15, 10, 20, 15, 30, 5, 5, 20, 10, 10, 20, 25, 15, 15, 10, 25, 10, 23, 21, 6, 5, 20, 30, 10, 20, 15, 20, 10, 15, 10, 15, 5, 10, 20, 25, 30, 10, 20, 10, 25, 25, 20, 30, 15, 20, 15, 10, 20, 15, 10, 5, 10, 15, 15, 10, 15, 25, 20, 10, 25, 25, 15, 15, 15, 10, 15, 10, 15, 25, 15, 10, 15, 10, 25, 10, 10, 10, 10, 20, 10, 5, 5, 10, 25, 10, 10, 15, 20, 15, 25, 15, 30, 20, 25, 10, 10, 15, 25, 5, 35, 45, 15, 20, 10, 10, 15, 25, 5, 15, 10, 10, 25, 10, 15, 15, 15, 10, 15, 15, 15, 20, 25, 15, 30, 20, 15, 20, 5, 10, 15, 20, 20, 10, 15, 10, 10, 5, 15, 15, 10, 40, 25, 20, 15, 15, 30, 25, 10, 15, 15, 15, 20, 5, 10, 10, 25, 15, 20, 40, 15, 10, 15, 15, 10, 15, 15, 15, 20, 25, 25, 10, 25, 15, 20, 15, 20, 10, 25, 10, 25, 5, 5, 20, 25, 5, 40, 10, 10, 10, 10, 30, 25, 10, 15, 10, 30, 15, 10, 25, 25, 20, 15, 20, 25, 10, 15, 10, 5, 10, 15, 15, 15, 15, 20, 20, 11, 25, 25, 25, 15, 5, 15, 20, 30, 15, 5, 15, 25, 15, 5, 20, 10, 10, 20, 30, 15, 20, 25, 20, 5, 15, 20, 25, 15, 10, 5, 35, 15, 10, 30, 20, 5, 5, 10, 10, 10, 15, 10, 15, 15, 20, 20, 20, 15, 20, 30, 15, 10, 20, 20, 20, 25, 30, 30, 30, 10, 20, 30, 20, 20, 30, 10, 20, 15, 15, 15, 10, 15, 20, 5, 15, 25, 15, 30, 10, 25, 20, 20, 35, 20, 20, 20, 15, 30, 15, 5, 35, 15, 15, 20, 15, 20, 20, 35, 5, 18, 15, 15, 20, 25, 30, 10, 20, 10, 45, 25, 20, 20, 25, 10, 10, 25, 25, 10, 20, 30, 10, 35, 15, 15, 10, 5, 5, 15, 20, 10, 20, 15, 20, 25, 1, 20, 20, 20, 15, 15, 25, 10, 15, 20, 15, 20, 25, 10, 25, 10, 20, 20, 20, 25, 10, 20, 10, 10, 10, 15, 15, 20, 25, 5, 10, 10, 15, 10, 10, 10, 25, 40, 25, 10, 10, 15, 5, 10, 15, 5, 20, 10, 15, 20, 10, 30, 15, 25, 25, 30, 20, 30, 25, 30, 20, 15, 10, 20, 15, 20, 15, 10, 20, 60, 15, 5, 15, 15, 15, 28, 30, 10, 15, 5, 25, 20, 15, 20, 5, 10, 25, 15, 10, 10, 5, 20, 20, 5, 25, 15, 20, 5, 35, 21, 20, 15, 18, 15, 25, 25, 25, 15, 15, 25, 25, 20, 20, 15, 15, 15, 20, 15, 5, 5, 15, 15, 10, 20, 20, 15, 35, 25, 5, 20, 25, 10, 25, 10, 35, 10, 10, 25, 20, 10, 30, 40, 25, 30, 10, 5, 10, 5, 25, 10, 37, 10, 16, 15, 25, 25, 20, 15, 10, 25, 5, 20, 5, 5, 20, 40, 15, 5, 15, 20, 25, 15, 15, 35, 15, 15, 25, 10, 15, 30, 30, 40, 10, 20, 15, 20, 15, 15, 40, 10, 10, 20, 10, 52, 40, 10, 10, 30, 20, 10, 5, 20, 15, 30, 50, 20, 20, 15, 15, 45, 5, 20, 30, 5, 10, 15, 30, 10, 15, 20, 25, 15, 10, 15, 5, 30, 10, 10, 25, 20, 40, 20, 15, 15, 5, 25, 20, 20, 15, 15, 15, 20, 20, 10, 25, 25, 30, 40, 25, 15, 30, 15, 15, 30, 10, 35, 20, 15, 5, 15, 10, 10, 10, 15, 30, 30, 15, 10, 35, 15, 35, 25, 10, 25, 10, 45, 20, 20, 30, 30, 20, 35, 35, 65, 40, 20, 25, 40, 35, 15, 25, 15, 5, 10, 10, 55, 15, 15, 15, 25, 10, 20, 15, 10, 10, 25, 20, 25, 20, 10, 25, 35, 31, 20, 25, 10, 40, 15, 35, 15, 25, 30, 10, 15, 5, 25, 25, 35, 20, 15, 15, 25, 15, 25, 25, 20, 30, 30, 62, 15, 25, 20, 10, 55, 20, 20, 15, 30, 36, 35, 15, 5, 30, 15, 10, 15, 35, 20, 10, 35, 25, 15, 30, 15, 20, 25, 15, 25, 15, 30, 5, 25, 10, 35, 20, 10, 5, 10, 30, 20, 25, 10, 15, 10, 25, 15, 25, 30, 25, 40, 10, 15, 25, 15, 25, 40, 10, 31, 20, 10, 10, 30, 15, 15, 30, 5, 15, 10, 25, 15, 20, 10, 5, 15, 20, 10, 20, 10, 5, 30, 25, 20, 38, 
1852579, 1
1852579, 1893
1852579, 2608
1852579, 24064
1852579, 8725
1852579, 32935
1856211, 2
1856211, 5, 5, 5, 5, 5, 5, 5, 5, 5, 5, 5, 5, 5, 5, 5, 5, 5, 5, 5, 5, 10, 5, 5, 5, 5, 5, 5, 5, 5, 5, 5, 5, 5, 5, 5, 5, 5, 5, 5, 5, 5, 5, 5, 5, 5, 5, 5, 10, 5, 5, 5, 5, 5, 5, 10, 5, 5, 5, 5, 5, 5, 5, 5, 10, 10, 5, 5, 5, 5, 5, 5, 5, 5, 5, 5, 5, 5, 5, 5, 5, 5, 5, 5, 5, 5, 5, 5, 5, 5, 5, 5, 5, 5, 10, 10, 5, 5, 5, 5, 5, 5, 5, 5, 10, 5, 5, 5, 5, 5, 5, 5, 5, 5, 5, 5, 5, 5, 5, 5, 5, 5, 5, 5, 5, 5, 5, 5, 10, 5, 5, 5, 5, 5, 5, 5, 5, 5, 5, 5, 5, 5, 10, 5, 5, 5, 5, 5, 10, 5, 5, 5, 5, 10, 5, 10, 5, 5, 5, 10, 5, 5, 5, 10, 10, 10, 5, 5, 15, 5, 20, 5, 5, 5, 5, 5, 5, 5, 15, 5, 5, 5, 5, 10, 5, 15, 5, 5, 5, 10, 5, 5, 5, 5, 5, 5, 15, 10, 5, 5, 5, 5, 10, 10, 5, 5, 10, 5, 5, 5, 10, 5, 5, 5, 5, 10, 5, 5, 5, 5, 5, 5, 5, 15, 5, 5, 5, 5, 5, 5, 5, 5, 5, 5, 5, 5, 5, 5, 5, 10, 10, 5, 5, 5, 5, 10, 5, 5, 10, 15, 5, 10, 5, 5, 5, 5, 5, 5, 10, 10, 5, 5, 15, 10, 5, 5, 5, 5, 5, 5, 5, 5, 10, 5, 5, 5, 15, 5, 5, 5, 5, 5, 10, 15, 5, 10, 5, 5, 5, 5, 5, 10, 5, 5, 10, 5, 5, 10, 5, 10, 5, 5, 15, 5, 5, 5, 5, 5, 10, 5, 10, 5, 10, 5, 10, 5, 5, 10, 5, 10, 5, 5, 10, 10, 5, 1, 5, 10, 10, 5, 5, 5, 10, 5, 10, 5, 5, 10, 5, 5, 5, 10, 5, 10, 5, 5, 5, 10, 10, 5, 5, 5, 5, 5, 5, 10, 20, 10, 15, 5, 5, 5, 10, 5, 1, 10, 10, 10, 5, 10, 5, 5, 10, 5, 10, 5, 8, 10, 5, 15, 5, 5, 5, 10, 5, 5, 5, 5, 5, 5, 10, 10, 10, 10, 10, 5, 10, 5, 5, 5, 5, 5, 5, 10, 5, 10, 5, 15, 5, 5, 5, 10, 5, 5, 5, 5, 5, 5, 5, 10, 5, 5, 5, 10, 10, 5, 5, 15, 15, 10, 10, 10, 10, 20, 10, 15, 5, 5, 10, 5, 5, 5, 5, 10, 5, 5, 5, 5, 10, 5, 10, 5, 5, 5, 5, 5, 5, 10, 5, 5, 5, 5, 5, 5, 5, 5, 5, 5, 10, 15, 15, 10, 5, 5, 10, 10, 15, 10, 5, 5, 15, 5, 10, 5, 10, 15, 11, 10, 5, 10, 10, 5, 5, 5, 5, 5, 5, 1, 15, 10, 15, 5, 15, 5, 10, 5, 10, 10, 5, 10, 10, 5, 5, 5, 10, 10, 5, 10, 5, 5, 5, 10, 5, 15, 5, 10, 5, 5, 10, 10, 10, 10, 5, 5, 5, 5, 15, 5, 15, 10, 5, 10, 5, 5, 10, 5, 3, 
1856211, 2
1856211, 2112
1856211, 2822
1856211, 27465
1856211, 6419
1856211, 32938
1864285, 6
1864285, 5, 5, 5, 5, 5, 5, 5, 5, 5, 5, 5, 5, 5, 5, 5, 5, 5, 5, 5, 5, 5, 5, 5, 5, 5, 5, 5, 5, 5, 5, 5, 5, 5, 5, 5, 5, 5, 5, 5, 10, 5, 5, 10, 5, 5, 5, 5, 10, 5, 5, 5, 5, 5, 5, 5, 10, 5, 5, 5, 5, 5, 5, 5, 5, 5, 5, 5, 5, 5, 5, 5, 5, 5, 10, 5, 5, 7, 5, 5, 10, 5, 5, 5, 5, 5, 5, 5, 5, 5, 5, 5, 5, 5, 5, 5, 15, 5, 5, 10, 10, 5, 5, 5, 5, 5, 5, 5, 5, 5, 5, 5, 5, 5, 5, 5, 7, 5, 5, 5, 5, 5, 5, 5, 5, 5, 5, 5, 5, 5, 5, 5, 5, 10, 15, 5, 5, 5, 5, 5, 5, 5, 5, 5, 5, 5, 10, 5, 5, 5, 5, 10, 5, 5, 10, 15, 5, 5, 5, 10, 5, 5, 5, 15, 5, 10, 15, 5, 5, 5, 5, 5, 5, 5, 10, 5, 5, 15, 5, 5, 5, 10, 10, 5, 5, 5, 10, 5, 5, 5, 5, 15, 10, 10, 5, 5, 5, 10, 10, 5, 5, 5, 10, 10, 5, 10, 5, 10, 5, 5, 10, 15, 5, 5, 5, 15, 10, 5, 5, 5, 20, 5, 15, 5, 5, 5, 10, 5, 10, 10, 5, 10, 5, 10, 5, 5, 5, 5, 5, 5, 10, 5, 10, 5, 5, 5, 5, 5, 5, 5, 20, 5, 5, 10, 5, 5, 5, 5, 10, 10, 10, 5, 10, 5, 5, 10, 10, 10, 10, 10, 5, 5, 5, 10, 10, 5, 5, 10, 10, 10, 5, 5, 5, 15, 10, 5, 5, 5, 5, 5, 10, 10, 5, 15, 5, 5, 10, 15, 5, 10, 5, 10, 20, 15, 5, 5, 10, 10, 5, 5, 5, 10, 10, 5, 10, 15, 5, 5, 5, 5, 5, 5, 10, 15, 10, 10, 5, 5, 5, 5, 5, 10, 5, 5, 5, 10, 10, 5, 15, 15, 15, 10, 5, 5, 5, 10, 10, 5, 5, 5, 15, 5, 5, 15, 5, 5, 15, 5, 5, 10, 5, 10, 10, 5, 5, 5, 10, 5, 5, 5, 10, 5, 5, 5, 5, 5, 5, 5, 5, 15, 10, 15, 10, 20, 10, 10, 5, 5, 5, 15, 5, 15, 3, 25, 5, 5, 15, 5, 10, 5, 15, 10, 5, 5, 5, 5, 5, 10, 5, 5, 5, 10, 10, 5, 15, 10, 10, 5, 5, 10, 10, 15, 10, 5, 5, 5, 10, 10, 5, 10, 10, 15, 5, 5, 10, 15, 20, 10, 10, 10, 10, 5, 15, 10, 5, 10, 10, 15, 5, 10, 10, 5, 5, 5, 5, 5, 10, 10, 10, 5, 5, 5, 10, 10, 10, 5, 15, 10, 10, 10, 10, 5, 10, 5, 5, 15, 10, 10, 5, 15, 15, 5, 5, 10, 5, 10, 10, 10, 10, 5, 5, 10, 5, 5, 5, 15, 10, 5, 10, 10, 5, 5, 15, 10, 15, 5, 10, 10, 5, 5, 5, 5, 5, 10, 10, 5, 15, 5, 10, 10, 15, 10, 5, 5, 5, 5, 15, 20, 10, 10, 5, 10, 10, 15, 5, 10, 10, 10, 15, 10, 15, 10, 5, 20, 10, 10, 10, 5, 10, 10, 5, 5, 10, 20, 10, 15, 15, 10, 5, 5, 10, 6, 15, 5, 10, 15, 10, 10, 10, 5, 10, 15, 20, 5, 15, 10, 10, 5, 5, 15, 10, 10, 15, 15, 5, 5, 10, 10, 5, 5, 10, 5, 5, 5, 10, 15, 15, 20, 10, 5, 20, 5, 5, 5, 25, 10, 5, 5, 10, 15, 5, 15, 5, 25, 10, 10, 10, 5, 10, 20, 10, 20, 5, 10, 10, 10, 15, 10, 15, 5, 5, 20, 20, 5, 10, 10, 10, 5, 10, 15, 5, 20, 10, 15, 10, 15, 5, 10, 10, 15, 20, 15, 15, 10, 5, 10, 5, 5, 20, 5, 20, 5, 5, 10, 5, 5, 5, 20, 5, 5, 5, 5, 10, 10, 10, 10, 5, 5, 15, 5, 15, 20, 10, 10, 10, 10, 10, 15, 5, 5, 10, 10, 20, 5, 20, 5, 10, 10, 10, 10, 15, 15, 15, 5, 15, 20, 15, 5, 10, 10, 15, 10, 5, 5, 10, 20, 20, 10, 5, 5, 20, 5, 10, 10, 5, 5, 10, 5, 25, 5, 15, 20, 25, 5, 15, 5, 5, 5, 5, 5, 5, 5, 20, 5, 5, 10, 20, 5, 20, 5, 5, 5, 10, 5, 25, 10, 10, 5, 15, 5, 10, 25, 10, 20, 15, 30, 5, 10, 5, 20, 5, 10, 15, 10, 5, 10, 5, 10, 5, 15, 5, 10, 10, 5, 10, 15, 10, 15, 15, 5, 20, 15, 10, 10, 10, 5, 15, 15, 5, 10, 10, 15, 10, 25, 10, 10, 30, 15, 10, 5, 5, 10, 15, 15, 15, 15, 10, 15, 30, 5, 10, 15, 15, 10, 30, 5, 10, 10, 15, 15, 5, 10, 15, 10, 25, 15, 20, 5, 5, 5, 15, 5, 10, 15, 5, 15, 30, 10, 15, 5, 5, 15, 15, 10, 10, 15, 10, 10, 5, 5, 5, 10, 5, 10, 5, 5, 10, 20, 20, 15, 10, 20, 15, 25, 10, 10, 10, 10, 15, 5, 5, 10, 20, 5, 15, 20, 5, 5, 20, 5, 5, 10, 5, 15, 10, 10, 15, 15, 5, 10, 5, 10, 10, 5, 5, 5, 5, 15, 35, 15, 10, 5, 20, 5, 10, 5, 
1864285, 1
1864285, 2107
1864285, 2817
1864285, 32517
1864285, 10182
1864285, 32905
1864286, 1
1864286, 
1864286, 3
1864286, 6501
1864286, 7210
1864286, 26938
1864286, 5767
1864286, 32845
1869387, 1
1869387, 5, 5, 5, 5, 5, 5, 5, 10, 5, 5, 5, 5, 5, 5, 5, 5, 5, 5, 5, 5, 5, 5, 5, 5, 5, 5, 5, 5, 5, 5, 5, 5, 5, 5, 5, 5, 5, 5, 5, 5, 5, 5, 5, 5, 5, 5, 5, 5, 5, 5, 5, 5, 5, 5, 5, 5, 5, 5, 5, 10, 5, 5, 5, 5, 5, 5, 10, 5, 5, 5, 5, 5, 5, 5, 5, 5, 10, 5, 5, 10, 5, 5, 5, 5, 5, 5, 10, 5, 5, 5, 5, 5, 5, 5, 5, 5, 5, 5, 5, 5, 5, 5, 5, 5, 5, 5, 5, 5, 5, 5, 5, 5, 5, 5, 5, 5, 5, 5, 5, 5, 5, 5, 5, 5, 10, 5, 10, 5, 5, 5, 5, 10, 5, 5, 5, 5, 10, 5, 5, 5, 5, 5, 5, 5, 10, 5, 10, 5, 10, 5, 5, 5, 5, 5, 5, 5, 10, 5, 5, 5, 10, 5, 5, 5, 10, 5, 5, 5, 5, 5, 5, 5, 5, 10, 10, 5, 10, 5, 5, 10, 5, 5, 5, 5, 10, 5, 5, 10, 5, 10, 5, 5, 5, 5, 5, 5, 5, 10, 5, 5, 5, 5, 5, 5, 5, 5, 10, 10, 5, 5, 5, 10, 10, 5, 5, 5, 5, 5, 10, 5, 5, 5, 5, 5, 5, 10, 5, 5, 5, 5, 5, 10, 5, 10, 10, 10, 5, 5, 5, 10, 5, 5, 5, 5, 11, 5, 10, 5, 5, 5, 10, 10, 5, 5, 5, 5, 5, 10, 5, 5, 10, 10, 5, 5, 5, 5, 10, 15, 10, 15, 10, 10, 5, 10, 5, 5, 5, 5, 10, 5, 10, 10, 15, 5, 5, 10, 5, 5, 10, 5, 10, 5, 5, 10, 5, 5, 5, 5, 5, 5, 5, 10, 15, 5, 10, 10, 5, 5, 5, 5, 5, 20, 10, 5, 5, 5, 5, 15, 5, 10, 5, 5, 5, 10, 15, 5, 5, 5, 5, 5, 10, 5, 5, 5, 5, 5, 5, 15, 5, 10, 5, 5, 15, 10, 5, 10, 10, 10, 5, 5, 5, 5, 5, 5, 10, 5, 5, 5, 5, 5, 5, 10, 5, 10, 5, 10, 5, 10, 5, 10, 10, 10, 10, 10, 10, 5, 10, 15, 5, 5, 10, 5, 5, 5, 5, 5, 10, 10, 10, 10, 5, 10, 5, 5, 5, 5, 5, 10, 15, 5, 5, 15, 10, 10, 5, 20, 5, 5, 5, 5, 10, 5, 10, 5, 10, 25, 5, 5, 10, 5, 10, 5, 5, 10, 15, 10, 5, 5, 5, 5, 10, 10, 10, 15, 10, 5, 5, 5, 5, 5, 5, 5, 5, 5, 5, 5, 5, 5, 10, 15, 10, 10, 5, 5, 10, 5, 5, 5, 5, 5, 10, 10, 5, 15, 5, 10, 15, 5, 5, 15, 5, 10, 25, 5, 5, 10, 10, 5, 10, 10, 5, 5, 5, 10, 10, 10, 10, 5, 10, 15, 15, 25, 10, 15, 5, 5, 10, 10, 5, 10, 5, 20, 10, 15, 10, 10, 10, 5, 10, 5, 15, 25, 5, 10, 10, 10, 5, 5, 10, 5, 5, 15, 5, 5, 10, 5, 5, 5, 10, 5, 5, 10, 10, 10, 10, 5, 10, 5, 5, 15, 10, 5, 5, 10, 35, 15, 10, 15, 5, 5, 10, 5, 10, 5, 5, 5, 10, 5, 5, 20, 10, 5, 5, 5, 5, 5, 25, 10, 5, 5, 5, 15, 5, 10, 5, 5, 15, 5, 10, 10, 10, 5, 15, 5, 5, 5, 5, 10, 10, 15, 10, 10, 10, 10, 5, 15, 15, 10, 10, 5, 10, 5, 10, 5, 10, 5, 1, 5, 15, 10, 5, 5, 5, 5, 5, 10, 5, 15, 5, 5, 15, 15, 15, 10, 15, 10, 5, 5, 5, 5, 10, 10, 5, 10, 10, 10, 10, 5, 10, 10, 5, 5, 10, 10, 20, 5, 15, 5, 5, 5, 10, 15, 5, 10, 15, 15, 5, 5, 5, 10, 10, 20, 10, 10, 5, 5, 5, 5, 5, 5, 10, 22, 5, 5, 10, 10, 10, 10, 15, 5, 10, 5, 15, 5, 10, 5, 10, 5, 15, 5, 10, 10, 5, 11, 
1869387, 2
1869387, 2285
1869387, 2995
1869387, 65257
1869387, 6797
1869387, 32807
1869388, 1
1869388, 
1869388, 1
1869388, 6897
1869388, 7637
1869388, 52830
1869388, 14678
1869388, 32782
1869389, 1
1869389, 
1869389, 6
1869389, 11457
1869389, 12196
1869389, 29907
1869389, 6800
1869389, 32738
1869390, 1
1869390, 
1869390, 3
1869390, 15854
1869390, 16589
1869390, 65279
1869390, 15997
1869390, 32733
1896177, 84
1896177, 5, 5, 5, 5, 5, 5, 5, 7, 5, 5, 10, 5, 5, 5, 20, 5, 5, 10, 5, 10, 5, 10, 5, 10, 5, 15, 10, 10, 5, 5, 5, 10, 10, 5, 5, 10, 5, 10, 5, 10, 10, 10, 15, 5, 10, 5, 20, 10, 20, 5, 10, 15, 10, 10, 5, 5, 10, 5, 10, 15, 10, 5, 10, 10, 5, 10, 5, 5, 10, 10, 10, 15, 15, 15, 10, 20, 20, 10, 10, 17, 10, 10, 15, 15, 15, 20, 15, 15, 15, 15, 5, 10, 10, 10, 15, 10, 20, 10, 20, 15, 5, 15, 10, 15, 20, 10, 30, 5, 5, 15, 10, 5, 15, 15, 10, 10, 10, 10, 15, 5, 15, 15, 10, 10, 5, 10, 25, 10, 5, 20, 5, 10, 15, 15, 20, 20, 10, 25, 15, 5, 5, 15, 15, 20, 25, 15, 15, 5, 15, 20, 10, 15, 25, 20, 35, 25, 15, 40, 25, 6, 5, 25, 20, 10, 20, 25, 20, 35, 15, 20, 10, 5, 15, 20, 25, 5, 20, 5, 10, 35, 15, 10, 10, 15, 15, 15, 5, 15, 10, 5, 45, 15, 20, 20, 10, 15, 25, 20, 15, 5, 15, 5, 5, 25, 15, 10, 15, 5, 10, 10, 15, 5, 15, 50, 10, 5, 15, 30, 10, 20, 25, 10, 20, 15, 25, 25, 20, 15, 20, 20, 15, 15, 25, 10, 10, 35, 15, 15, 30, 10, 20, 5, 10, 5, 10, 15, 20, 30, 15, 10, 10, 10, 10, 15, 15, 20, 30, 10, 35, 10, 15, 15, 15, 10, 20, 15, 5, 40, 40, 15, 15, 20, 15, 20, 5, 25, 10, 15, 40, 5, 25, 25, 25, 25, 25, 25, 35, 15, 10, 10, 20, 25, 20, 15, 45, 15, 20, 10, 30, 15, 10, 30, 20, 10, 35, 10, 10, 10, 5, 15, 25, 10, 25, 25, 10, 30, 30, 5, 10, 10, 5, 5, 5, 15, 25, 25, 25, 2, 20, 20, 15, 40, 20, 10, 30, 15, 10, 10, 35, 20, 20, 15, 28, 10, 25, 15, 15, 20, 20, 25, 10, 25, 20, 20, 20, 30, 25, 20, 10, 20, 25, 20, 5, 5, 5, 10, 5, 18, 15, 30, 15, 30, 25, 10, 20, 15, 20, 10, 10, 15, 15, 25, 10, 15, 20, 35, 15, 15, 20, 15, 20, 20, 5, 15, 30, 25, 15, 15, 5, 20, 30, 15, 25, 25, 10, 10, 15, 15, 10, 5, 20, 20, 25, 20, 15, 30, 30, 10, 25, 5, 15, 15, 10, 5, 15, 30, 15, 27, 15, 15, 10, 5, 20, 25, 30, 15, 10, 30, 25, 25, 20, 25, 55, 11, 35, 20, 40, 15, 5, 15, 15, 10, 15, 20, 15, 15, 15, 35, 15, 15, 20, 20, 10, 10, 25, 15, 20, 10, 25, 15, 30, 20, 25, 21, 35, 35, 15, 15, 20, 15, 15, 30, 30, 25, 15, 15, 25, 25, 35, 30, 15, 15, 25, 10, 20, 25, 10, 40, 20, 20, 20, 15, 25, 20, 40, 15, 25, 25, 25, 40, 25, 20, 15, 10, 10, 20, 60, 40, 20, 25, 10, 10, 20, 35, 10, 10, 10, 45, 30, 35, 15, 25, 15, 25, 10, 5, 25, 30, 35, 20, 35, 15, 25, 50, 5, 15, 25, 20, 25, 20, 25, 10, 20, 10, 20, 25, 15, 5, 20, 20, 30, 25, 5, 20, 35, 20, 20, 30, 20, 15, 30, 15, 30, 35, 30, 10, 20, 20, 22, 25, 35, 35, 15, 15, 20, 20, 20, 25, 55, 15, 20, 30, 35, 20, 25, 30, 30, 20, 25, 15, 35, 20, 20, 15, 45, 20, 25, 35, 15, 15, 10, 25, 15, 50, 20, 15, 5, 25, 30, 35, 35, 35, 20, 25, 5, 20, 15, 40, 20, 15, 10, 5, 25, 15, 10, 20, 10, 10, 15, 25, 15, 30, 20, 15, 20, 30, 15, 20, 5, 25, 10, 15, 10, 20, 25, 20, 15, 30, 15, 30, 15, 30, 34, 25, 13, 15, 10, 35, 20, 35, 65, 15, 25, 35, 15, 20, 25, 35, 35, 35, 25, 30, 25, 15, 15, 20, 15, 15, 10, 15, 15, 40, 25, 20, 20, 20, 20, 40, 35, 55, 50, 10, 26, 30, 5, 20, 20, 20, 25, 45, 20, 25, 25, 25, 5, 30, 15, 35, 35, 25, 10, 35, 20, 40, 5, 15, 35, 10, 25, 35, 20, 20, 30, 30, 20, 25, 25, 15, 20, 30, 25, 40, 25, 30, 15, 15, 20, 60, 45, 10, 45, 35, 20, 55, 25, 25, 25, 25, 15, 25, 15, 35, 15, 25, 35, 33, 10, 30, 35, 20, 25, 35, 30, 20, 20, 35, 10, 10, 10, 10, 10, 20, 30, 20, 10, 15, 10, 10, 35, 5, 30, 25, 30, 25, 35, 30, 20, 10, 25, 15, 10, 25, 30, 15, 45, 20, 55, 15, 25, 20, 20, 20, 15, 5, 40, 15, 10, 20, 35, 15, 25, 45, 10, 10, 25, 10, 30, 25, 40, 10, 10, 25, 35, 55, 25, 20, 20, 25, 30, 20, 20, 35, 30, 35, 10, 35, 20, 20, 20, 15, 25, 15, 15, 5, 20, 20, 30, 10, 15, 20, 20, 17, 15, 55, 5, 15, 25, 25, 15, 30, 25, 30, 20, 20, 10, 20, 10, 15, 25, 25, 10, 25, 15, 20, 25, 20, 25, 20, 20, 40, 15, 30, 46, 15, 25, 35, 32, 30, 5, 15, 20, 20, 20, 15, 20, 15, 20, 20, 25, 27, 25, 15, 20, 15, 25, 20, 20, 10, 20, 15, 10, 70, 20, 20, 15, 20, 20, 30, 30, 35, 30, 35, 20, 15, 25, 45, 15, 25, 30, 20, 20, 20, 30, 20, 20, 20, 20, 30, 35, 35, 25, 50, 25, 20, 25, 20, 40, 30, 25, 65, 45, 25, 40, 40, 5, 10, 30, 20, 15, 15, 40, 20, 5, 35, 25, 25, 25, 15, 25, 10, 15, 35, 20, 25, 10, 5, 35, 20, 50, 30, 20, 25, 25, 20, 30, 25, 20, 37, 25, 25, 15, 15, 10, 30, 35, 30, 25, 20, 20, 35, 30, 30, 10, 30, 5, 20, 20, 40, 10, 30, 20, 25, 45, 35, 25, 10, 20, 30, 30, 30, 35, 25, 50, 20, 15, 25, 20, 60, 30, 5, 35, 30, 30, 35, 10, 10, 25, 30, 16, 25, 30, 35, 20, 20, 35, 20, 15, 55, 15, 20, 20, 35, 10, 40, 20, 30, 25, 50, 10, 20, 45, 20, 65, 25, 50, 26, 25, 30, 5, 30, 15, 25, 36, 30, 15, 10, 10, 31, 15, 20, 36, 20, 10, 20, 20, 20, 15, 40, 20, 35, 30, 10, 35, 20, 35, 15, 20, 30, 15, 35, 30, 20, 25, 20, 30, 25, 15, 20, 35, 30, 15, 65, 35, 45, 56, 5, 45, 45, 30, 25, 35, 15, 45, 20, 70, 30, 20, 30, 20, 55, 30, 40, 20, 15, 20, 30, 30, 40, 25, 40, 60, 40, 15, 10, 10, 20, 25, 40, 35, 15, 15, 20, 34, 30, 35, 15, 10, 5, 15, 25, 15, 10, 15, 25, 25, 30, 50, 20, 25, 20, 10, 20, 35, 50, 15, 30, 35, 30, 35, 35, 5, 40, 35, 30, 20, 20, 35, 15, 55, 40, 40, 40, 10, 35, 25, 25, 25, 25, 20, 75, 25, 20, 20, 15, 10, 15, 25, 15, 10, 35, 43, 45, 10, 20, 35, 30, 25, 30, 20, 10, 10, 10, 35, 65, 45, 20, 25, 10, 35, 35, 30, 15, 45, 35, 15, 35, 55, 25, 10, 30, 68, 30, 25, 25, 90, 40, 15, 40, 15, 23, 
1896177, 1
1896177, 2128
1896177, 2638
1896177, 34881
1896177, 10089
1896177, 32681
1896178, 1
1896178, 
1896178, 1
1896178, 6736
1896178, 7248
1896178, 38651
1896178, 16558
1896178, 32638
1902033, 8
1902033, 5, 5, 5, 5, 5, 5, 5, 5, 5, 5, 5, 5, 5, 5, 5, 5, 5, 5, 5, 5, 5, 5, 5, 5, 5, 5, 5, 5, 5, 5, 5, 5, 5, 5, 5, 5, 5, 5, 5, 5, 5, 5, 5, 5, 5, 5, 5, 5, 5, 10, 5, 5, 5, 10, 5, 5, 5, 5, 5, 5, 5, 5, 5, 5, 5, 5, 10, 5, 5, 5, 5, 5, 10, 5, 5, 10, 10, 5, 5, 5, 5, 5, 5, 5, 5, 5, 5, 10, 5, 10, 10, 5, 5, 10, 5, 5, 5, 5, 10, 5, 5, 5, 10, 5, 5, 10, 5, 5, 5, 10, 5, 5, 5, 10, 5, 5, 5, 5, 5, 5, 10, 5, 5, 10, 5, 10, 5, 5, 5, 5, 5, 5, 5, 5, 10, 15, 5, 10, 10, 5, 5, 10, 5, 5, 5, 5, 15, 10, 10, 5, 5, 10, 5, 10, 5, 5, 5, 10, 5, 5, 10, 5, 10, 10, 10, 5, 5, 5, 5, 5, 5, 10, 5, 5, 10, 5, 10, 5, 5, 10, 5, 5, 5, 5, 10, 5, 10, 5, 5, 5, 5, 5, 5, 5, 10, 5, 15, 5, 5, 5, 5, 5, 5, 10, 5, 10, 5, 5, 5, 5, 5, 5, 5, 10, 10, 15, 5, 5, 5, 5, 5, 10, 10, 5, 5, 10, 5, 5, 5, 5, 5, 5, 5, 5, 5, 5, 10, 5, 5, 10, 5, 5, 15, 5, 5, 5, 5, 10, 10, 10, 10, 10, 5, 5, 10, 5, 5, 5, 5, 5, 5, 15, 5, 5, 5, 5, 10, 5, 5, 5, 10, 5, 15, 10, 5, 5, 5, 15, 5, 10, 5, 5, 5, 5, 20, 10, 10, 10, 5, 5, 5, 5, 15, 5, 5, 15, 10, 10, 10, 6, 5, 10, 5, 5, 5, 5, 5, 10, 10, 5, 15, 5, 5, 15, 10, 10, 5, 5, 5, 10, 10, 15, 5, 10, 5, 5, 5, 5, 5, 5, 5, 10, 10, 10, 5, 10, 10, 10, 10, 10, 5, 5, 5, 10, 10, 5, 5, 10, 10, 5, 10, 8, 5, 10, 5, 10, 5, 10, 10, 5, 10, 5, 5, 5, 20, 15, 10, 10, 10, 5, 5, 5, 5, 10, 10, 10, 5, 10, 5, 10, 5, 10, 5, 5, 10, 5, 5, 5, 10, 5, 5, 15, 5, 5, 10, 5, 15, 5, 5, 10, 5, 5, 5, 5, 5, 10, 5, 5, 15, 10, 10, 5, 5, 10, 5, 5, 10, 10, 5, 5, 5, 5, 5, 10, 10, 15, 5, 5, 5, 10, 5, 5, 5, 10, 10, 15, 5, 15, 5, 5, 5, 20, 5, 5, 10, 5, 5, 10, 10, 5, 5, 5, 5, 5, 5, 5, 5, 5, 5, 5, 5, 5, 10, 5, 5, 5, 5, 10, 10, 15, 5, 5, 5, 5, 10, 5, 5, 5, 5, 5, 10, 10, 5, 5, 15, 15, 15, 10, 5, 15, 5, 10, 5, 10, 10, 5, 15, 15, 5, 5, 15, 10, 10, 10, 10, 5, 10, 20, 5, 15, 10, 5, 5, 10, 5, 5, 5, 15, 10, 10, 5, 5, 5, 5, 10, 10, 10, 15, 10, 10, 10, 5, 15, 5, 10, 5, 5, 5, 10, 10, 10, 5, 5, 5, 5, 5, 5, 15, 10, 5, 5, 5, 24, 5, 5, 5, 5, 10, 5, 5, 5, 15, 10, 5, 5, 15, 5, 5, 10, 5, 5, 15, 5, 6, 5, 10, 5, 15, 5, 15, 5, 5, 5, 5, 20, 10, 5, 5, 10, 5, 10, 10, 15, 20, 5, 10, 10, 15, 5, 5, 10, 5, 10, 10, 5, 5, 10, 5, 10, 10, 10, 15, 5, 5, 5, 10, 5, 5, 5, 1, 5, 5, 10, 10, 5, 5, 10, 5, 15, 25, 5, 10, 5, 10, 10, 5, 5, 5, 10, 25, 10, 10, 10, 5, 5, 5, 5, 5, 15, 5, 5, 5, 15, 10, 5, 15, 5, 5, 10, 15, 10, 5, 5, 10, 5, 25, 15, 5, 10, 5, 15, 15, 5, 30, 15, 10, 10, 15, 5, 10, 20, 5, 21, 10, 5, 5, 10, 15, 5, 15, 10, 10, 20, 10, 10, 20, 5, 5, 10, 5, 25, 5, 10, 10, 15, 15, 20, 10, 15, 5, 10, 15, 10, 5, 10, 15, 10, 15, 10, 10, 5, 10, 10, 5, 5, 5, 5, 10, 5, 5, 5, 5, 20, 10, 15, 20, 5, 10, 10, 20, 10, 5, 5, 5, 5, 10, 15, 15, 10, 25, 5, 5, 10, 5, 10, 5, 5, 10, 10, 10, 5, 6, 
1902033, 2
1902033, 2802
1902033, 3357
1902033, 26440
1902033, 7905
1902033, 32620
1902034, 1
1902034, 
1902034, 1
1902034, 7440
1902034, 26545
1902034, 26787
1902034, 5332
1902034, 32603
1902189, 3
1902189, 5, 5, 5, 5, 5, 5, 5, 5, 5, 5, 5, 5, 5, 5, 5, 5, 5, 5, 5, 5, 5, 5, 5, 5, 5, 5, 5, 5, 5, 5, 2, 
1902189, 1
1902189, 12057
1902189, 31131
1902189, 55286
1902189, 8352
1902189, 32583
1903426, 1
1903426, 5, 5, 5, 5, 5, 5, 5, 5, 5, 5, 5, 5, 5, 5, 5, 5, 5, 5, 5, 5, 5, 5, 5, 5, 5, 5, 5, 5, 5, 5, 5, 5, 5, 5, 5, 5, 5, 5, 5, 5, 5, 5, 5, 5, 5, 5, 5, 5, 5, 5, 5, 5, 5, 5, 5, 5, 5, 5, 5, 5, 5, 5, 5, 5, 5, 5, 5, 5, 5, 5, 5, 5, 5, 5, 5, 5, 5, 5, 5, 5, 5, 5, 5, 5, 5, 5, 10, 5, 5, 5, 5, 5, 10, 5, 5, 5, 5, 10, 5, 5, 5, 5, 5, 5, 5, 5, 5, 5, 5, 5, 5, 5, 5, 5, 5, 5, 5, 5, 5, 5, 5, 5, 5, 5, 5, 5, 5, 5, 5, 5, 5, 5, 5, 5, 5, 5, 5, 5, 5, 5, 5, 5, 5, 5, 10, 5, 10, 5, 5, 5, 5, 5, 5, 5, 10, 5, 5, 5, 5, 5, 5, 5, 5, 5, 5, 5, 5, 5, 5, 5, 5, 10, 5, 5, 5, 5, 5, 5, 5, 10, 5, 5, 5, 5, 10, 5, 5, 5, 5, 5, 5, 15, 10, 5, 10, 5, 5, 5, 5, 5, 5, 5, 5, 5, 15, 5, 5, 5, 5, 5, 5, 5, 15, 5, 10, 5, 5, 5, 5, 10, 5, 10, 5, 5, 5, 5, 6, 
1903426, 1
1903426, 12550
1903426, 31919
1903426, 42774
1903426, 7039
1903426, 32547
1958222, 82
1958222, 20, 10, 9, 10, 15, 30, 10, 30, 45, 20, 20, 10, 25, 45, 20, 30, 30, 25, 20, 30, 10, 10, 20, 5, 20, 15, 20, 20, 30, 15, 25, 35, 20, 25, 35, 40, 25, 15, 20, 50, 10, 10, 30, 10, 25, 5, 20, 30, 40, 15, 20, 30, 25, 25, 21, 30, 30, 35, 35, 35, 15, 40, 20, 16, 15, 20, 50, 35, 45, 15, 50, 25, 25, 20, 20, 40, 25, 25, 35, 20, 15, 20, 25, 15, 25, 30, 20, 25, 20, 25, 30, 45, 35, 30, 30, 30, 30, 30, 25, 30, 20, 25, 30, 35, 30, 15, 30, 25, 40, 35, 40, 30, 25, 45, 30, 35, 55, 30, 35, 25, 40, 40, 56, 45, 40, 25, 40, 45, 35, 30, 30, 35, 25, 45, 30, 35, 45, 30, 35, 20, 30, 30, 30, 25, 25, 65, 25, 25, 40, 30, 50, 25, 35, 55, 50, 30, 5, 45, 55, 60, 20, 30, 30, 20, 30, 60, 35, 45, 40, 40, 30, 30, 30, 35, 40, 40, 25, 45, 25, 20, 45, 15, 30, 55, 25, 25, 35, 30, 30, 45, 15, 25, 35, 65, 60, 35, 35, 60, 20, 40, 45, 55, 20, 45, 35, 45, 35, 15, 45, 41, 35, 65, 55, 30, 45, 45, 25, 50, 25, 35, 20, 30, 30, 65, 50, 25, 50, 20, 25, 65, 35, 40, 60, 25, 5, 30, 35, 35, 20, 40, 25, 50, 30, 35, 25, 10, 30, 30, 40, 45, 30, 45, 50, 25, 35, 30, 10, 25, 40, 70, 30, 20, 25, 40, 25, 61, 45, 20, 70, 55, 25, 25, 33, 30, 40, 40, 25, 35, 10, 80, 30, 25, 30, 20, 40, 50, 40, 20, 20, 25, 35, 65, 50, 30, 35, 65, 50, 45, 35, 35, 65, 20, 40, 40, 40, 40, 30, 25, 60, 85, 40, 30, 45, 50, 40, 45, 25, 35, 40, 75, 20, 30, 30, 35, 35, 35, 30, 20, 50, 45, 40, 25, 45, 30, 40, 50, 20, 30, 35, 40, 25, 40, 20, 60, 55, 55, 30, 15, 25, 25, 10, 48, 30, 35, 30, 45, 40, 35, 15, 20, 35, 23, 55, 50, 50, 66, 20, 25, 40, 45, 30, 15, 50, 40, 20, 25, 35, 17, 30, 40, 30, 40, 10, 26, 35, 75, 50, 20, 25, 45, 25, 70, 25, 65, 30, 40, 30, 25, 35, 50, 60, 40, 20, 30, 55, 45, 35, 40, 35, 45, 37, 75, 25, 25, 20, 40, 40, 55, 45, 55, 40, 50, 60, 45, 55, 35, 35, 50, 45, 45, 60, 35, 60, 55, 52, 70, 25, 56, 60, 75, 40, 30, 30, 50, 45, 45, 35, 40, 15, 55, 50, 45, 45, 45, 45, 35, 45, 45, 60, 85, 35, 40, 20, 30, 70, 35, 35, 50, 25, 35, 25, 40, 55, 45, 45, 20, 35, 40, 55, 40, 45, 40, 30, 45, 35, 30, 90, 50, 35, 35, 25, 50, 65, 40, 35, 35, 50, 30, 35, 35, 25, 30, 25, 30, 10, 30, 35, 35, 40, 55, 20, 40, 65, 25, 50, 40, 45, 60, 35, 30, 51, 60, 25, 75, 75, 55, 30, 20, 15, 55, 55, 75, 30, 30, 30, 60, 40, 35, 45, 20, 25, 30, 35, 45, 35, 50, 40, 25, 35, 45, 60, 95, 45, 35, 40, 25, 35, 35, 60, 25, 30, 59, 45, 55, 50, 30, 30, 10, 30, 55, 45, 20, 25, 40, 30, 25, 55, 40, 50, 30, 20, 40, 45, 35, 20, 20, 80, 85, 5, 35, 30, 25, 35, 65, 65, 65, 45, 10, 45, 55, 65, 20, 65, 35, 30, 45, 40, 40, 45, 45, 15, 55, 40, 20, 25, 40, 70, 40, 35, 65, 40, 60, 35, 35, 65, 45, 60, 25, 45, 45, 45, 30, 30, 55, 45, 35, 40, 65, 30, 25, 51, 50, 40, 40, 96, 60, 45, 85, 50, 45, 50, 45, 40, 25, 50, 45, 50, 40, 60, 25, 35, 10, 60, 40, 70, 40, 40, 55, 50, 27, 30, 25, 85, 45, 25, 25, 30, 50, 55, 45, 25, 40, 26, 30, 35, 35, 65, 35, 45, 50, 35, 40, 55, 60, 50, 75, 30, 40, 50, 30, 30, 45, 25, 80, 36, 20, 60, 30, 35, 60, 55, 50, 50, 65, 30, 65, 45, 35, 45, 50, 40, 55, 45, 50, 40, 40, 30, 50, 45, 50, 35, 50, 30, 45, 50, 40, 25, 25, 25, 50, 70, 95, 45, 40, 60, 50, 45, 30, 40, 70, 30, 145, 30, 50, 40, 25, 45, 45, 70, 25, 31, 35, 35, 45, 55, 45, 65, 45, 45, 40, 50, 25, 35, 40, 30, 45, 50, 55, 20, 75, 65, 20, 40, 35, 55, 55, 70, 20, 55, 45, 50, 15, 25, 55, 40, 40, 20, 40, 35, 35, 55, 35, 35, 40, 45, 30, 65, 50, 85, 61, 20, 50, 40, 50, 50, 35, 65, 25, 20, 25, 45, 70, 60, 55, 30, 45, 20, 25, 50, 100, 45, 25, 37, 60, 40, 25, 25, 40, 35, 35, 25, 40, 80, 20, 30, 40, 35, 75, 50, 50, 60, 25, 30, 30, 35, 55, 30, 50, 40, 75, 35, 30, 50, 70, 25, 40, 55, 40, 80, 50, 60, 65, 85, 75, 110, 108, 35, 65, 65, 60, 80, 93, 100, 50, 55, 50, 55, 65, 30, 45, 45, 50, 30, 60, 85, 55, 35, 20, 50, 35, 30, 40, 35, 30, 40, 15, 40, 35, 75, 50, 60, 55, 50, 40, 45, 55, 50, 45, 70, 45, 60, 40, 50, 81, 45, 70, 35, 80, 40, 50, 30, 15, 85, 25, 75, 72, 45, 55, 65, 50, 25, 25, 35, 30, 50, 35, 110, 35, 65, 55, 35, 20, 45, 35, 40, 75, 15, 76, 62, 20, 65, 30, 30, 30, 45, 30, 45, 40, 30, 40, 55, 35, 35, 25, 50, 35, 55, 40, 15, 80, 60, 50, 75, 50, 35, 55, 31, 15, 30, 35, 75, 41, 55, 50, 20, 50, 55, 30, 30, 75, 30, 100, 70, 60, 20, 45, 40, 60, 50, 50, 40, 35, 55, 45, 55, 35, 46, 40, 65, 40, 50, 40, 70, 45, 55, 45, 60, 45, 55, 50, 25, 35, 45, 43, 45, 25, 55, 45, 40, 50, 30, 60, 25, 30, 35, 30, 40, 65, 40, 30, 35, 35, 60, 80, 55, 40, 60, 35, 45, 40, 80, 60, 30, 40, 15, 50, 35, 50, 56, 40, 25, 25, 25, 60, 60, 126, 25, 45, 35, 40, 50, 25, 45, 35, 50, 45, 50, 30, 81, 55, 46, 30, 25, 55, 40, 65, 40, 35, 30, 40, 50, 37, 30, 45, 50, 120, 20, 20, 55, 45, 35, 45, 20, 20, 30, 65, 20, 40, 85, 20, 75, 35, 45, 35, 50, 30, 75, 55, 50, 40, 45, 40, 45, 50, 45, 35, 50, 30, 30, 60, 65, 50, 65, 25, 45, 40, 90, 45, 60, 50, 50, 60, 40, 40, 25, 50, 20, 80, 35, 45, 65, 85, 35, 50, 65, 40, 64, 70, 45, 35, 40, 40, 40, 20, 45, 45, 25, 70, 45, 25, 60, 35, 65, 65, 40, 40, 50, 30, 40, 90, 50, 50, 25, 120, 40, 50, 105, 60, 21, 30, 80, 75, 30, 95, 97, 40, 40, 55, 85, 95, 60, 25, 60, 55, 55, 20, 135, 45, 50, 30, 30, 45, 50, 25, 70, 100, 45, 60, 65, 65, 70, 45, 20, 40, 45, 50, 32, 42, 50, 36, 60, 75, 55, 40, 61, 65, 35, 65, 35, 50, 70, 35, 80, 70, 31, 20, 65, 55, 60, 30, 45, 40, 60, 55, 30, 50, 25, 30, 45, 41, 53, 60, 45, 50, 60, 45, 50, 40, 40, 45, 25, 30, 135, 70, 35, 60, 65, 30, 40, 45, 66, 144, 45, 105, 40, 55, 60, 60, 60, 45, 15, 
1958222, 3
1958222, 1869
1958222, 2282
1958222, 20445
1958222, 3884
1958222, 32541
2004847, 47
2004847, 5, 10, 15, 10, 10, 10, 10, 20, 10, 20, 20, 15, 10, 10, 15, 5, 25, 10, 15, 25, 25, 25, 5, 15, 10, 30, 10, 15, 15, 15, 25, 30, 15, 20, 15, 20, 15, 20, 30, 20, 25, 25, 15, 15, 30, 25, 20, 60, 10, 25, 25, 30, 5, 20, 20, 30, 15, 20, 25, 20, 15, 10, 10, 20, 20, 10, 25, 45, 15, 15, 20, 30, 15, 20, 10, 15, 35, 25, 35, 15, 15, 20, 40, 15, 25, 35, 20, 35, 35, 25, 15, 15, 25, 25, 25, 10, 20, 35, 15, 30, 15, 20, 15, 15, 20, 20, 35, 40, 35, 25, 20, 30, 25, 40, 30, 25, 20, 40, 5, 45, 20, 25, 15, 50, 20, 15, 35, 40, 15, 30, 35, 20, 40, 20, 30, 30, 20, 35, 30, 25, 25, 30, 25, 15, 10, 25, 30, 30, 25, 20, 30, 35, 20, 35, 25, 35, 35, 35, 45, 25, 25, 25, 10, 15, 20, 15, 25, 45, 40, 40, 30, 30, 30, 20, 25, 50, 50, 15, 25, 40, 30, 30, 30, 15, 30, 20, 25, 35, 10, 10, 35, 30, 20, 45, 50, 25, 30, 30, 45, 30, 45, 12, 15, 25, 15, 30, 25, 50, 25, 35, 30, 10, 45, 30, 10, 45, 45, 20, 40, 30, 50, 25, 20, 30, 67, 35, 30, 10, 30, 30, 45, 30, 40, 30, 30, 50, 35, 35, 35, 25, 15, 30, 35, 50, 25, 35, 30, 55, 40, 40, 15, 40, 30, 45, 35, 35, 30, 15, 10, 25, 45, 25, 25, 25, 25, 20, 30, 20, 15, 35, 35, 30, 45, 25, 25, 25, 20, 40, 15, 50, 20, 40, 15, 75, 20, 37, 30, 30, 25, 25, 30, 30, 35, 35, 20, 15, 10, 35, 25, 20, 30, 50, 45, 25, 45, 35, 30, 20, 50, 20, 25, 20, 55, 30, 25, 35, 45, 30, 20, 35, 20, 55, 30, 20, 100, 25, 35, 15, 35, 45, 40, 60, 40, 40, 45, 55, 40, 20, 30, 50, 40, 40, 40, 25, 40, 35, 35, 50, 50, 10, 10, 35, 25, 35, 30, 45, 15, 15, 45, 35, 25, 35, 25, 30, 40, 30, 35, 30, 55, 55, 30, 50, 20, 45, 45, 40, 40, 20, 40, 35, 10, 25, 25, 10, 20, 35, 30, 20, 30, 45, 40, 10, 20, 20, 50, 25, 25, 25, 55, 55, 25, 35, 35, 57, 45, 55, 30, 55, 45, 20, 40, 35, 26, 25, 20, 25, 25, 15, 30, 30, 30, 35, 15, 20, 35, 30, 20, 35, 30, 25, 40, 20, 35, 40, 50, 70, 20, 25, 15, 25, 20, 45, 50, 25, 50, 30, 45, 55, 35, 25, 40, 32, 10, 45, 25, 50, 35, 35, 46, 40, 40, 40, 35, 45, 45, 25, 45, 50, 35, 45, 30, 20, 40, 55, 25, 31, 50, 25, 20, 30, 65, 35, 35, 30, 30, 25, 30, 20, 20, 25, 50, 35, 25, 25, 50, 70, 25, 30, 25, 45, 25, 35, 40, 35, 30, 55, 15, 35, 35, 10, 50, 45, 30, 30, 50, 30, 35, 75, 40, 60, 45, 25, 50, 25, 50, 35, 25, 40, 50, 20, 70, 40, 35, 70, 30, 40, 40, 30, 20, 45, 45, 20, 45, 35, 45, 30, 25, 35, 40, 65, 65, 15, 25, 35, 30, 25, 25, 45, 35, 55, 25, 15, 25, 20, 40, 25, 30, 55, 20, 30, 35, 30, 30, 40, 60, 70, 30, 25, 50, 25, 30, 25, 25, 40, 35, 25, 35, 20, 85, 25, 45, 75, 25, 50, 20, 45, 40, 55, 45, 30, 25, 35, 30, 25, 20, 40, 60, 30, 45, 35, 35, 55, 50, 35, 30, 15, 30, 45, 35, 20, 30, 20, 40, 40, 35, 40, 40, 10, 35, 40, 45, 45, 20, 65, 30, 50, 25, 25, 40, 45, 40, 35, 35, 20, 30, 20, 35, 30, 35, 50, 25, 40, 40, 35, 75, 120, 30, 55, 45, 30, 25, 35, 10, 40, 35, 95, 35, 21, 30, 25, 70, 35, 25, 65, 55, 25, 20, 70, 30, 40, 25, 40, 40, 50, 35, 20, 70, 20, 30, 30, 30, 25, 55, 50, 60, 75, 45, 25, 25, 40, 35, 20, 70, 30, 35, 60, 25, 55, 30, 30, 25, 30, 35, 60, 55, 30, 36, 15, 25, 60, 40, 25, 75, 30, 45, 70, 40, 35, 25, 35, 60, 30, 35, 50, 65, 60, 25, 35, 50, 35, 35, 35, 20, 40, 45, 25, 30, 55, 40, 45, 45, 25, 65, 15, 55, 20, 45, 58, 20, 45, 21, 20, 65, 25, 40, 50, 35, 25, 45, 55, 25, 45, 55, 35, 60, 45, 60, 30, 40, 30, 30, 45, 50, 60, 70, 30, 35, 15, 35, 25, 35, 25, 25, 25, 10, 55, 25, 30, 50, 50, 40, 40, 35, 39, 35, 40, 30, 40, 40, 35, 86, 25, 30, 70, 35, 25, 30, 15, 90, 50, 77, 45, 51, 55, 50, 20, 25, 20, 65, 60, 40, 55, 40, 15, 35, 35, 55, 40, 40, 40, 30, 65, 55, 75, 35, 40, 20, 15, 20, 110, 70, 40, 65, 15, 20, 35, 45, 40, 45, 50, 35, 15, 45, 55, 10, 35, 35, 35, 45, 31, 30, 30, 30, 55, 20, 90, 50, 40, 40, 50, 20, 40, 30, 55, 45, 30, 35, 45, 45, 20, 20, 26, 40, 25, 55, 70, 40, 25, 50, 30, 30, 40, 50, 35, 57, 70, 15, 35, 30, 15, 45, 40, 30, 45, 70, 30, 35, 40, 35, 45, 15, 25, 50, 45, 35, 55, 65, 30, 55, 40, 25, 22, 50, 45, 35, 30, 25, 40, 20, 35, 40, 25, 30, 25, 30, 55, 50, 25, 40, 45, 15, 35, 30, 30, 50, 45, 35, 20, 35, 25, 45, 30, 15, 55, 55, 21, 55, 20, 25, 25, 20, 10, 20, 35, 25, 35, 20, 30, 65, 45, 50, 45, 31, 45, 76, 10, 25, 105, 40, 20, 40, 46, 25, 25, 70, 25, 65, 30, 20, 30, 35, 50, 35, 45, 50, 25, 30, 30, 50, 45, 65, 35, 30, 75, 55, 35, 35, 30, 10, 40, 35, 30, 80, 80, 30, 40, 15, 20, 45, 40, 45, 45, 40, 45, 65, 35, 55, 40, 35, 50, 35, 55, 35, 50, 40, 50, 45, 25, 30, 65, 35, 25, 35, 60, 40, 45, 50, 25, 40, 40, 35, 35, 35, 45, 55, 60, 30, 35, 40, 20, 35, 50, 40, 20, 70, 30, 50, 35, 40, 101, 40, 40, 50, 30, 50, 25, 15, 25, 60, 40, 25, 50, 25, 60, 30, 15, 55, 30, 75, 55, 15, 50, 40, 35, 65, 50, 25, 30, 40, 25, 40, 45, 25, 30, 120, 100, 50, 30, 45, 55, 35, 40, 25, 25, 50, 25, 35, 25, 45, 45, 45, 40, 30, 30, 35, 35, 55, 5, 35, 35, 35, 40, 36, 75, 106, 40, 25, 15, 35, 10, 30, 30, 50, 40, 55, 35, 50, 20, 30, 50, 30, 30, 35, 25, 80, 30, 45, 40, 20, 61, 55, 60, 40, 25, 15, 50, 35, 65, 55, 45, 20, 66, 30, 30, 25, 20, 15, 35, 35, 40, 110, 70, 40, 55, 50, 50, 30, 30, 50, 35, 25, 35, 20, 90, 40, 40, 45, 28, 90, 30, 80, 45, 45, 35, 35, 55, 35, 45, 70, 40, 25, 50, 30, 40, 30, 40, 50, 40, 30, 85, 35, 20, 45, 35, 60, 50, 30, 30, 55, 50, 40, 20, 25, 45, 20, 15, 55, 36, 40, 65, 25, 105, 35, 30, 50, 50, 70, 45, 45, 55, 25, 25, 35, 25, 20, 30, 40, 121, 111, 50, 35, 30, 65, 40, 65, 30, 30, 45, 30, 50, 50, 30, 45, 60, 30, 35, 40, 50, 40, 30, 35, 55, 40, 35, 15, 30, 60, 40, 50, 15, 50, 
2004847, 1
2004847, 1709
2004847, 2116
2004847, 31384
2004847, 6119
2004847, 32510
2004848, 1
2004848, 
2004848, 1
2004848, 7070
2004848, 7484
2004848, 62874
2004848, 14770
2004848, 32490
2018058, 15
2018058, 5, 5, 5, 5, 5, 5, 5, 5, 5, 5, 5, 5, 5, 5, 5, 5, 5, 5, 5, 5, 5, 5, 5, 5, 5, 5, 5, 5, 5, 5, 5, 5, 5, 10, 5, 5, 5, 5, 5, 15, 5, 5, 15, 5, 5, 5, 5, 5, 5, 5, 5, 5, 5, 10, 10, 5, 10, 10, 10, 5, 10, 10, 5, 5, 5, 15, 5, 5, 5, 10, 5, 5, 10, 5, 5, 5, 5, 10, 5, 5, 10, 5, 10, 5, 5, 10, 5, 5, 10, 5, 5, 5, 5, 5, 10, 5, 5, 5, 5, 5, 5, 5, 5, 5, 15, 5, 5, 5, 5, 5, 5, 5, 5, 5, 10, 5, 10, 5, 10, 5, 10, 10, 5, 10, 10, 10, 15, 5, 20, 10, 10, 5, 10, 5, 5, 5, 5, 10, 5, 5, 5, 5, 15, 5, 5, 10, 10, 5, 5, 15, 15, 10, 5, 5, 5, 15, 5, 10, 5, 5, 5, 10, 10, 5, 10, 5, 5, 10, 10, 5, 15, 5, 5, 5, 5, 5, 10, 5, 5, 10, 5, 10, 5, 5, 5, 10, 10, 10, 5, 5, 5, 5, 10, 10, 5, 5, 10, 15, 5, 10, 10, 5, 5, 10, 5, 10, 10, 15, 5, 10, 5, 10, 10, 16, 20, 20, 15, 5, 5, 10, 10, 20, 5, 5, 5, 5, 5, 15, 10, 10, 15, 5, 5, 5, 30, 5, 5, 5, 5, 15, 5, 5, 15, 5, 15, 10, 5, 5, 10, 10, 10, 5, 5, 5, 5, 10, 10, 10, 5, 10, 10, 5, 10, 5, 10, 5, 5, 5, 5, 20, 10, 10, 10, 5, 5, 5, 5, 5, 15, 5, 5, 10, 5, 5, 10, 10, 5, 5, 10, 5, 20, 15, 5, 10, 5, 10, 5, 15, 5, 10, 5, 5, 15, 5, 15, 15, 15, 10, 5, 10, 10, 5, 5, 10, 5, 5, 10, 10, 15, 5, 15, 15, 15, 5, 10, 5, 10, 20, 5, 15, 10, 10, 10, 10, 10, 5, 10, 5, 20, 10, 10, 5, 20, 5, 10, 10, 10, 5, 15, 15, 15, 5, 5, 20, 15, 10, 15, 10, 5, 10, 10, 15, 10, 30, 5, 10, 10, 5, 20, 5, 10, 10, 10, 5, 5, 10, 20, 5, 20, 5, 20, 10, 5, 5, 10, 5, 10, 10, 5, 10, 10, 10, 5, 5, 5, 5, 10, 15, 10, 10, 5, 15, 20, 5, 5, 15, 10, 25, 15, 5, 15, 10, 10, 15, 10, 5, 10, 10, 20, 10, 25, 10, 10, 10, 15, 10, 10, 10, 10, 10, 15, 10, 10, 10, 15, 5, 10, 20, 25, 30, 20, 10, 10, 20, 15, 10, 5, 5, 5, 10, 10, 30, 20, 10, 20, 25, 5, 10, 15, 5, 30, 35, 5, 5, 15, 15, 10, 10, 5, 10, 15, 15, 5, 15, 15, 10, 5, 5, 10, 10, 25, 10, 20, 5, 10, 15, 15, 5, 10, 15, 15, 15, 5, 15, 10, 10, 10, 10, 10, 10, 25, 10, 15, 10, 15, 15, 5, 5, 5, 15, 10, 20, 10, 10, 10, 35, 10, 5, 10, 10, 15, 10, 5, 16, 15, 15, 5, 5, 10, 15, 40, 15, 10, 5, 10, 5, 10, 20, 5, 10, 15, 5, 10, 15, 5, 10, 10, 5, 15, 10, 10, 15, 15, 15, 5, 10, 15, 15, 15, 10, 5, 15, 30, 10, 10, 15, 10, 15, 5, 20, 15, 15, 20, 15, 20, 15, 10, 10, 5, 5, 5, 10, 20, 5, 5, 5, 5, 10, 10, 15, 5, 10, 15, 20, 10, 5, 15, 10, 15, 25, 10, 15, 25, 10, 10, 10, 10, 10, 10, 10, 5, 30, 5, 15, 10, 5, 15, 5, 10, 20, 15, 10, 15, 10, 10, 5, 10, 10, 10, 25, 15, 20, 20, 20, 20, 20, 15, 5, 5, 5, 5, 10, 10, 15, 20, 5, 15, 5, 15, 20, 10, 20, 5, 15, 15, 10, 10, 10, 5, 16, 15, 15, 15, 15, 25, 5, 20, 30, 10, 5, 15, 10, 10, 10, 15, 15, 15, 15, 10, 20, 5, 20, 5, 25, 10, 5, 25, 5, 10, 20, 10, 10, 20, 15, 5, 20, 30, 10, 5, 5, 15, 5, 5, 15, 20, 15, 25, 5, 10, 20, 10, 5, 20, 15, 15, 10, 20, 10, 5, 15, 25, 10, 5, 5, 10, 15, 10, 20, 15, 30, 10, 20, 15, 15, 15, 10, 15, 10, 10, 5, 20, 10, 5, 15, 10, 10, 15, 15, 10, 25, 10, 10, 15, 11, 15, 15, 10, 5, 20, 10, 10, 15, 15, 5, 5, 15, 15, 10, 10, 20, 20, 20, 5, 5, 35, 5, 15, 15, 5, 5, 25, 15, 20, 15, 20, 10, 5, 10, 10, 10, 15, 25, 5, 20, 10, 15, 5, 20, 10, 10, 10, 15, 15, 25, 25, 25, 10, 5, 5, 20, 15, 10, 10, 15, 30, 25, 10, 25, 15, 10, 10, 10, 15, 15, 10, 20, 10, 5, 5, 15, 10, 10, 10, 15, 5, 5, 10, 15, 15, 5, 15, 10, 15, 15, 15, 5, 25, 10, 15, 5, 10, 15, 10, 15, 30, 20, 10, 30, 20, 45, 10, 15, 10, 15, 10, 10, 20, 15, 5, 10, 15, 10, 10, 10, 5, 25, 10, 25, 15, 25, 15, 5, 20, 15, 20, 5, 20, 25, 15, 5, 15, 15, 5, 15, 10, 10, 15, 10, 10, 10, 20, 12, 20, 20, 15, 5, 5, 15, 10, 5, 10, 10, 10, 15, 5, 15, 5, 10, 5, 5, 15, 20, 10, 30, 25, 5, 20, 20, 20, 20, 10, 10, 15, 15, 20, 30, 10, 20, 5, 10, 5, 35, 5, 30, 10, 20, 15, 20, 15, 20, 15, 5, 15, 15, 35, 10, 10, 5, 10, 5, 15, 15, 10, 20, 35, 10, 10, 15, 5, 10, 5, 20, 15, 15, 20, 15, 50, 15, 25, 15, 10, 10, 15, 5, 30, 15, 10, 15, 10, 10, 10, 25, 15, 10, 30, 20, 10, 10, 25, 15, 15, 5, 5, 10, 25, 10, 15, 20, 15, 15, 5, 15, 15, 15, 15, 25, 5, 15, 15, 10, 5, 10, 10, 5, 15, 20, 15, 15, 10, 25, 5, 5, 5, 10, 15, 15, 30, 5, 10, 5, 10, 15, 15, 10, 10, 10, 30, 15, 25, 10, 15, 10, 5, 12, 10, 10, 10, 10, 10, 10, 10, 15, 30, 5, 20, 15, 10, 10, 25, 10, 5, 10, 20, 15, 10, 10, 30, 10, 15, 15, 15, 20, 20, 30, 25, 15, 15, 15, 20, 25, 5, 30, 5, 5, 20, 15, 15, 15, 10, 5, 10, 10, 20, 5, 10, 15, 15, 10, 20, 15, 25, 25, 20, 15, 10, 35, 20, 15, 15, 5, 15, 5, 10, 15, 10, 20, 5, 5, 15, 10, 10, 10, 20, 10, 5, 15, 25, 15, 20, 30, 35, 25, 2, 
2018058, 1
2018058, 2141
2018058, 2550
2018058, 51867
2018058, 11986
2018058, 32494
2018059, 1
2018059, 
2018059, 2
2018059, 7511
2018059, 7922
2018059, 16586
2018059, 4947
2018059, 32473
2020789, 6
2020789, 5, 5, 5, 5, 5, 5, 5, 5, 5, 5, 5, 5, 5, 5, 5, 10, 5, 5, 5, 5, 5, 5, 5, 5, 10, 5, 5, 5, 5, 5, 5, 5, 5, 5, 5, 5, 5, 5, 5, 5, 5, 5, 5, 5, 5, 5, 10, 10, 5, 5, 5, 5, 5, 5, 5, 5, 5, 5, 5, 5, 5, 10, 5, 5, 5, 5, 5, 5, 5, 5, 5, 5, 5, 5, 5, 5, 5, 5, 5, 5, 5, 5, 5, 5, 5, 5, 5, 10, 5, 5, 5, 5, 5, 5, 5, 5, 5, 5, 5, 5, 5, 10, 5, 5, 5, 5, 5, 10, 15, 5, 5, 5, 5, 5, 5, 10, 5, 5, 5, 10, 10, 5, 15, 5, 5, 5, 5, 5, 5, 10, 5, 5, 5, 10, 5, 5, 5, 5, 5, 5, 5, 5, 5, 5, 5, 5, 5, 5, 5, 10, 5, 5, 5, 5, 10, 5, 5, 5, 10, 5, 5, 5, 10, 10, 5, 5, 5, 10, 5, 5, 5, 5, 5, 5, 5, 5, 10, 5, 5, 5, 5, 5, 5, 5, 5, 5, 5, 5, 5, 5, 5, 10, 5, 5, 15, 5, 10, 5, 5, 5, 5, 5, 5, 5, 5, 5, 5, 10, 5, 5, 5, 5, 5, 5, 5, 5, 5, 5, 5, 10, 5, 5, 10, 5, 5, 5, 5, 10, 10, 5, 10, 5, 10, 5, 5, 5, 10, 5, 10, 5, 5, 5, 5, 5, 5, 5, 5, 5, 5, 5, 5, 5, 5, 10, 5, 10, 10, 5, 5, 10, 5, 5, 5, 15, 10, 5, 5, 10, 10, 15, 10, 5, 5, 5, 5, 10, 5, 5, 5, 5, 5, 15, 5, 5, 5, 5, 5, 5, 5, 5, 5, 10, 5, 5, 5, 10, 10, 5, 5, 5, 10, 5, 5, 5, 5, 5, 5, 5, 5, 10, 10, 5, 5, 5, 5, 10, 5, 5, 15, 5, 5, 5, 5, 5, 10, 10, 5, 5, 5, 10, 5, 5, 5, 5, 5, 5, 5, 5, 5, 5, 5, 5, 10, 5, 5, 5, 5, 5, 5, 5, 5, 10, 5, 5, 10, 5, 5, 10, 10, 10, 5, 10, 10, 5, 5, 5, 5, 5, 5, 10, 5, 5, 5, 5, 5, 5, 5, 5, 5, 5, 5, 20, 5, 5, 5, 5, 5, 10, 10, 5, 5, 5, 5, 10, 10, 5, 10, 5, 10, 10, 5, 15, 5, 5, 5, 5, 10, 5, 5, 10, 10, 5, 5, 5, 5, 5, 5, 5, 20, 15, 5, 15, 10, 5, 30, 5, 10, 10, 20, 5, 15, 5, 5, 10, 9, 
2020789, 2
2020789, 3297
2020789, 3705
2020789, 62291
2020789, 19324
2020789, 32474
2020790, 1
2020790, 
2020790, 1
2020790, 8615
2020790, 14355
2020790, 21031
2020790, 4240
2020790, 32444
2020791, 1
2020791, 
2020791, 11
2020791, 13963
2020791, 19721
2020791, 31194
2020791, 5921
2020791, 32436
2023423, 12
2023423, 5, 5, 5, 5, 5, 5, 5, 10, 5, 5, 5, 5, 5, 5, 5, 5, 5, 5, 5, 5, 5, 5, 5, 5, 5, 5, 5, 5, 5, 5, 5, 5, 5, 5, 5, 5, 5, 5, 5, 5, 5, 5, 5, 5, 5, 5, 5, 5, 5, 5, 5, 5, 5, 5, 5, 5, 5, 1, 5, 5, 5, 5, 5, 5, 5, 5, 5, 5, 5, 5, 10, 5, 5, 5, 5, 5, 5, 5, 5, 5, 5, 5, 5, 5, 5, 5, 15, 5, 5, 5, 5, 5, 5, 10, 5, 5, 5, 10, 10, 5, 10, 10, 5, 5, 10, 5, 5, 5, 5, 5, 5, 5, 5, 10, 5, 5, 10, 5, 5, 5, 5, 5, 5, 10, 5, 5, 5, 5, 5, 10, 5, 5, 5, 5, 5, 5, 5, 5, 5, 5, 5, 5, 10, 5, 5, 5, 5, 5, 5, 5, 5, 5, 10, 5, 5, 5, 10, 5, 5, 5, 5, 5, 5, 5, 5, 5, 5, 5, 10, 5, 5, 5, 10, 5, 5, 5, 5, 5, 10, 5, 5, 5, 5, 5, 5, 5, 5, 10, 10, 10, 10, 10, 5, 5, 5, 5, 6, 5, 5, 10, 5, 5, 5, 5, 5, 5, 5, 5, 5, 15, 10, 5, 10, 5, 10, 5, 5, 5, 5, 5, 5, 5, 5, 5, 5, 5, 5, 5, 5, 5, 10, 10, 5, 5, 5, 5, 5, 5, 5, 5, 5, 5, 10, 10, 5, 5, 10, 5, 5, 5, 5, 10, 5, 5, 10, 10, 5, 10, 5, 5, 10, 5, 5, 10, 5, 5, 5, 5, 5, 10, 5, 5, 5, 5, 5, 5, 5, 5, 5, 5, 5, 15, 5, 5, 10, 5, 5, 5, 5, 5, 15, 15, 5, 5, 5, 5, 10, 5, 5, 5, 5, 5, 5, 10, 10, 5, 5, 15, 20, 10, 5, 5, 5, 5, 5, 5, 5, 5, 10, 5, 10, 10, 5, 15, 5, 10, 5, 5, 5, 5, 10, 10, 5, 5, 5, 5, 5, 5, 5, 10, 5, 10, 5, 5, 5, 15, 5, 5, 10, 5, 10, 10, 5, 15, 5, 10, 5, 5, 10, 5, 10, 5, 10, 5, 15, 10, 5, 5, 5, 5, 10, 5, 5, 5, 5, 5, 5, 5, 5, 5, 10, 5, 10, 10, 10, 10, 10, 5, 5, 10, 5, 10, 5, 15, 5, 15, 15, 5, 15, 5, 10, 10, 5, 5, 5, 5, 10, 5, 5, 5, 10, 5, 5, 10, 5, 5, 5, 10, 3, 
2023423, 1
2023423, 13286
2023423, 14152
2023423, 29249
2023423, 11644
2023423, 32422
2023424, 1
2023424, 
2023424, 5
2023424, 18467
2023424, 19331
2023424, 35655
2023424, 12462
2023424, 32415
2025505, 2
2025505, 5, 5, 5, 5, 5, 5, 5, 5, 5, 5, 5, 5, 5, 5, 5, 10, 10, 5, 5, 5, 5, 5, 5, 5, 5, 5, 5, 5, 5, 5, 5, 5, 5, 5, 5, 5, 5, 5, 5, 5, 5, 5, 5, 5, 5, 5, 5, 5, 5, 5, 5, 5, 5, 2, 5, 5, 5, 5, 5, 5, 5, 5, 5, 5, 5, 5, 5, 5, 5, 5, 5, 5, 5, 5, 5, 5, 5, 5, 5, 5, 5, 5, 5, 5, 10, 5, 5, 5, 5, 5, 5, 10, 5, 5, 5, 5, 5, 10, 5, 5, 5, 5, 5, 10, 5, 5, 10, 5, 5, 5, 5, 5, 5, 5, 5, 5, 10, 5, 10, 5, 5, 5, 5, 5, 5, 5, 5, 5, 5, 5, 5, 5, 5, 5, 5, 5, 10, 10, 5, 5, 5, 5, 15, 5, 5, 5, 5, 5, 5, 5, 5, 5, 5, 5, 5, 10, 5, 5, 5, 5, 5, 5, 5, 5, 5, 5, 10, 5, 5, 5, 10, 5, 5, 5, 5, 5, 5, 5, 5, 10, 5, 5, 5, 5, 5, 5, 15, 5, 5, 5, 5, 5, 5, 15, 5, 5, 5, 5, 5, 5, 15, 5, 5, 5, 5, 5, 5, 5, 10, 10, 5, 5, 5, 10, 5, 5, 5, 5, 5, 10, 5, 5, 5, 5, 5, 5, 5, 5, 5, 5, 5, 5, 15, 5, 10, 5, 5, 5, 5, 5, 10, 5, 5, 5, 10, 5, 5, 5, 5, 10, 10, 5, 5, 5, 5, 5, 5, 5, 5, 10, 10, 5, 5, 5, 5, 15, 5, 10, 5, 10, 5, 5, 5, 5, 5, 5, 5, 5, 5, 5, 5, 5, 5, 5, 9, 15, 10, 10, 10, 5, 5, 10, 5, 5, 5, 5, 5, 5, 5, 10, 5, 5, 5, 5, 5, 5, 5, 5, 10, 5, 5, 5, 5, 5, 10, 5, 5, 20, 5, 5, 15, 10, 5, 10, 5, 10, 10, 5, 10, 10, 5, 10, 5, 5, 5, 5, 5, 5, 5, 5, 5, 5, 5, 5, 5, 15, 5, 5, 5, 5, 13, 
2025505, 2
2025505, 9250
2025505, 28174
2025505, 6296
2025505, 842
2025505, 32386
2026223, 3
2026223, 5, 5, 5, 5, 5, 5, 5, 5, 5, 5, 5, 5, 5, 5, 5, 5, 5, 5, 5, 5, 10, 5, 5, 5, 5, 5, 5, 5, 5, 5, 5, 5, 5, 5, 5, 5, 5, 5, 5, 5, 5, 5, 5, 5, 5, 5, 5, 5, 5, 5, 10, 5, 5, 5, 5, 5, 5, 5, 5, 5, 5, 5, 5, 5, 5, 5, 5, 5, 5, 5, 5, 5, 5, 5, 5, 5, 5, 5, 5, 5, 5, 5, 5, 5, 5, 5, 5, 5, 5, 5, 5, 5, 5, 5, 5, 5, 5, 5, 5, 5, 5, 5, 5, 5, 10, 5, 5, 5, 5, 5, 5, 5, 5, 5, 5, 5, 5, 5, 10, 5, 5, 5, 5, 5, 5, 5, 5, 5, 5, 5, 5, 5, 5, 5, 5, 5, 10, 5, 
2026223, 1
2026223, 5734
2026223, 29802
2026223, 4461
2026223, 607
2026223, 32395
2026705, 2
2026705, 5, 5, 5, 5, 5, 5, 5, 5, 5, 5, 5, 5, 5, 5, 5, 5, 5, 5, 5, 5, 5, 5, 5, 5, 5, 5, 5, 5, 5, 5, 5, 5, 5, 5, 5, 5, 5, 5, 5, 5, 5, 5, 5, 5, 5, 5, 5, 5, 5, 5, 5, 5, 5, 5, 5, 5, 5, 5, 5, 5, 5, 5, 5, 5, 10, 5, 5, 5, 5, 5, 5, 5, 5, 5, 5, 5, 5, 5, 10, 5, 5, 10, 10, 10, 5, 5, 5, 5, 5, 5, 5, 
2026705, 3
2026705, 13190
2026705, 17943
2026705, 21515
2026705, 3405
2026705, 32398
2033094, 23
2033094, 5, 5, 5, 5, 5, 10, 5, 5, 5, 5, 5, 5, 5, 5, 5, 10, 5, 5, 5, 5, 5, 5, 5, 5, 1, 5, 5, 5, 5, 5, 5, 5, 5, 5, 5, 5, 5, 5, 5, 5, 5, 5, 5, 5, 5, 5, 5, 5, 5, 5, 5, 10, 5, 5, 10, 5, 5, 5, 5, 5, 5, 5, 5, 15, 5, 10, 10, 10, 5, 5, 5, 5, 5, 5, 5, 5, 5, 5, 5, 5, 5, 5, 5, 5, 10, 5, 5, 5, 5, 5, 5, 5, 5, 5, 15, 5, 5, 5, 5, 5, 10, 5, 5, 5, 5, 5, 5, 5, 5, 10, 5, 5, 5, 10, 10, 5, 5, 5, 5, 5, 5, 5, 5, 5, 5, 5, 5, 5, 5, 5, 5, 5, 5, 5, 10, 10, 5, 5, 5, 5, 5, 10, 5, 5, 10, 10, 5, 5, 5, 5, 5, 10, 5, 5, 5, 10, 5, 15, 10, 10, 5, 5, 5, 10, 5, 5, 5, 10, 5, 5, 5, 5, 5, 5, 5, 5, 5, 5, 5, 5, 15, 5, 10, 5, 10, 5, 5, 5, 10, 10, 5, 5, 5, 5, 5, 5, 5, 5, 5, 5, 10, 5, 5, 10, 5, 5, 5, 10, 5, 5, 10, 10, 5, 5, 15, 5, 5, 10, 5, 5, 20, 5, 2, 10, 10, 5, 5, 5, 5, 5, 10, 5, 5, 5, 5, 5, 5, 5, 10, 5, 5, 10, 5, 10, 5, 5, 10, 10, 5, 5, 5, 5, 5, 5, 5, 10, 5, 5, 10, 5, 5, 10, 10, 5, 5, 5, 5, 5, 10, 5, 10, 10, 15, 5, 5, 10, 5, 5, 5, 5, 10, 5, 15, 5, 5, 10, 5, 10, 5, 10, 20, 15, 5, 15, 11, 5, 10, 10, 5, 5, 5, 5, 10, 5, 5, 5, 10, 10, 5, 5, 5, 10, 10, 5, 5, 5, 5, 15, 5, 10, 15, 5, 5, 5, 10, 5, 5, 15, 5, 10, 5, 15, 10, 15, 10, 15, 5, 10, 5, 5, 5, 10, 5, 5, 5, 5, 5, 5, 10, 10, 15, 10, 10, 5, 5, 10, 15, 15, 5, 10, 10, 5, 5, 5, 10, 5, 10, 30, 5, 10, 5, 5, 5, 5, 5, 5, 5, 5, 10, 5, 5, 5, 5, 5, 10, 10, 10, 10, 5, 5, 5, 10, 5, 5, 10, 7, 10, 5, 5, 15, 5, 15, 5, 5, 10, 15, 10, 10, 5, 5, 15, 10, 5, 10, 10, 10, 5, 5, 5, 15, 5, 15, 10, 10, 5, 15, 10, 5, 10, 10, 15, 10, 15, 10, 5, 5, 15, 5, 10, 5, 5, 15, 10, 5, 5, 5, 10, 10, 10, 5, 5, 5, 5, 10, 10, 5, 5, 5, 5, 10, 5, 5, 15, 5, 15, 10, 10, 5, 5, 5, 10, 5, 10, 5, 15, 10, 5, 5, 20, 15, 5, 5, 20, 20, 5, 15, 10, 10, 10, 10, 5, 15, 5, 5, 5, 5, 10, 15, 10, 5, 5, 15, 5, 20, 5, 10, 10, 5, 5, 10, 15, 5, 5, 10, 5, 5, 10, 5, 20, 20, 5, 10, 15, 5, 25, 5, 15, 5, 15, 5, 5, 20, 5, 5, 5, 10, 10, 5, 5, 15, 10, 5, 25, 5, 5, 10, 5, 5, 5, 10, 5, 15, 5, 10, 5, 5, 10, 5, 5, 10, 20, 15, 10, 10, 5, 10, 10, 15, 15, 5, 5, 5, 5, 15, 10, 5, 10, 10, 5, 5, 5, 20, 5, 5, 15, 20, 15, 10, 5, 10, 10, 10, 5, 5, 11, 10, 15, 5, 5, 5, 10, 10, 10, 5, 10, 5, 5, 15, 15, 20, 10, 5, 5, 5, 10, 10, 5, 10, 10, 15, 5, 5, 5, 10, 5, 5, 10, 15, 10, 15, 15, 5, 5, 15, 20, 10, 10, 5, 5, 15, 5, 25, 5, 15, 5, 15, 15, 20, 5, 10, 20, 15, 10, 15, 5, 5, 5, 5, 10, 27, 10, 5, 15, 5, 20, 10, 5, 15, 10, 5, 10, 5, 30, 15, 10, 10, 20, 5, 10, 5, 20, 5, 10, 5, 5, 5, 15, 10, 10, 5, 5, 15, 15, 25, 5, 5, 5, 10, 20, 15, 10, 10, 20, 10, 20, 5, 10, 10, 5, 10, 5, 5, 15, 10, 10, 5, 5, 1, 10, 5, 10, 30, 5, 5, 10, 10, 10, 5, 15, 20, 5, 10, 20, 10, 10, 10, 5, 15, 15, 15, 10, 10, 5, 10, 10, 5, 30, 10, 15, 15, 5, 5, 30, 5, 15, 15, 5, 10, 20, 5, 15, 10, 10, 10, 10, 20, 5, 5, 5, 10, 10, 10, 5, 5, 5, 10, 10, 25, 15, 1, 
2033094, 2
2033094, 5273
2033094, 5943
2033094, 6196
2033094, 1072
2033094, 32378
2033095, 1
2033095, 
2033095, 1
2033095, 10353
2033095, 11020
2033095, 16165
2033095, 4116
2033095, 32389
2051834, 4
2051834, 5, 5, 5, 5, 10, 5, 5, 5, 5, 5, 5, 5, 5, 5, 5, 5, 5, 5, 5, 5, 5, 5, 5, 10, 10, 5, 10, 5, 10, 5, 5, 5, 10, 5, 5, 5, 5, 15, 10, 5, 5, 15, 10, 5, 10, 10, 5, 5, 5, 10, 5, 5, 5, 10, 15, 5, 5, 5, 10, 5, 10, 10, 5, 5, 10, 5, 5, 20, 10, 10, 10, 5, 15, 10, 5, 5, 5, 5, 10, 5, 20, 5, 5, 5, 5, 10, 15, 20, 5, 5, 20, 5, 15, 20, 5, 15, 5, 10, 10, 10, 15, 10, 5, 10, 5, 10, 10, 10, 10, 5, 10, 5, 10, 5, 10, 10, 10, 5, 5, 5, 10, 5, 15, 15, 5, 15, 20, 15, 15, 10, 5, 15, 5, 5, 10, 10, 5, 10, 20, 5, 15, 10, 10, 10, 15, 10, 5, 15, 15, 15, 15, 5, 5, 20, 10, 5, 5, 10, 5, 5, 5, 15, 15, 10, 5, 10, 15, 5, 15, 5, 5, 5, 5, 15, 25, 10, 5, 5, 10, 10, 10, 5, 15, 10, 5, 5, 5, 5, 15, 15, 15, 10, 10, 5, 10, 25, 15, 5, 15, 5, 5, 25, 5, 25, 15, 10, 20, 25, 10, 15, 5, 10, 15, 10, 5, 10, 5, 15, 10, 25, 25, 15, 10, 10, 10, 15, 15, 5, 20, 5, 20, 30, 10, 5, 10, 15, 5, 5, 15, 15, 20, 10, 5, 15, 10, 10, 5, 5, 10, 25, 20, 25, 20, 5, 15, 5, 25, 15, 10, 10, 15, 25, 10, 10, 5, 5, 10, 5, 5, 10, 15, 10, 20, 5, 15, 10, 15, 5, 10, 5, 5, 10, 5, 15, 5, 20, 10, 15, 10, 10, 10, 15, 10, 5, 5, 10, 25, 5, 10, 10, 15, 15, 5, 5, 25, 5, 15, 5, 5, 25, 10, 20, 20, 20, 15, 5, 10, 10, 15, 20, 15, 25, 10, 15, 10, 10, 5, 5, 5, 10, 10, 15, 10, 15, 20, 10, 20, 5, 15, 15, 10, 10, 10, 15, 20, 5, 5, 20, 5, 20, 15, 5, 10, 5, 15, 25, 10, 15, 10, 15, 20, 20, 10, 15, 25, 15, 5, 15, 10, 20, 15, 20, 10, 15, 5, 10, 5, 15, 25, 20, 10, 15, 5, 30, 10, 25, 10, 15, 10, 5, 10, 15, 15, 10, 15, 15, 20, 20, 5, 20, 25, 20, 10, 5, 5, 5, 15, 10, 10, 20, 10, 10, 5, 15, 15, 30, 10, 20, 15, 20, 25, 5, 10, 5, 5, 15, 20, 25, 5, 10, 10, 10, 15, 5, 20, 15, 25, 15, 10, 15, 15, 5, 15, 20, 15, 10, 30, 5, 10, 5, 25, 20, 5, 10, 30, 10, 15, 10, 5, 5, 25, 30, 20, 10, 40, 15, 5, 20, 15, 10, 20, 10, 5, 20, 20, 5, 10, 5, 20, 15, 15, 10, 15, 5, 5, 5, 5, 10, 25, 20, 10, 10, 25, 15, 10, 5, 10, 5, 15, 20, 5, 10, 20, 10, 5, 20, 5, 15, 20, 15, 22, 15, 10, 5, 15, 20, 40, 5, 10, 10, 20, 20, 15, 15, 20, 10, 30, 10, 10, 20, 10, 25, 25, 15, 15, 30, 15, 15, 25, 10, 15, 20, 15, 15, 15, 15, 15, 5, 25, 25, 20, 5, 20, 10, 15, 20, 10, 15, 20, 15, 15, 15, 10, 15, 20, 15, 15, 10, 15, 20, 15, 10, 10, 20, 10, 15, 15, 15, 20, 25, 15, 15, 25, 15, 5, 15, 25, 20, 10, 20, 5, 20, 10, 15, 25, 15, 17, 5, 10, 20, 15, 5, 15, 20, 15, 5, 10, 40, 20, 10, 20, 10, 10, 15, 10, 20, 5, 25, 30, 5, 10, 10, 10, 10, 10, 15, 15, 10, 45, 32, 35, 25, 25, 25, 5, 15, 30, 25, 5, 5, 25, 5, 5, 15, 10, 15, 5, 10, 15, 10, 15, 10, 10, 15, 25, 15, 20, 15, 10, 11, 10, 10, 10, 20, 5, 25, 10, 15, 25, 30, 15, 20, 25, 10, 15, 10, 10, 5, 15, 20, 15, 20, 10, 50, 15, 15, 15, 15, 20, 20, 10, 15, 15, 15, 15, 10, 10, 5, 15, 10, 15, 10, 15, 5, 20, 15, 15, 15, 20, 10, 20, 50, 10, 10, 20, 10, 5, 15, 10, 30, 15, 20, 25, 20, 10, 50, 59, 20, 20, 30, 30, 10, 35, 10, 5, 15, 10, 5, 15, 25, 10, 10, 35, 20, 30, 25, 15, 5, 10, 10, 20, 40, 5, 20, 20, 30, 10, 20, 20, 20, 40, 20, 15, 15, 15, 20, 5, 20, 5, 20, 15, 25, 5, 20, 15, 20, 15, 10, 15, 35, 25, 20, 10, 25, 5, 10, 20, 20, 10, 10, 25, 25, 10, 15, 20, 10, 5, 35, 10, 30, 20, 20, 30, 10, 25, 10, 20, 15, 10, 20, 5, 35, 35, 15, 15, 20, 35, 5, 25, 10, 20, 15, 25, 25, 20, 20, 25, 5, 15, 15, 20, 10, 15, 25, 10, 20, 15, 15, 30, 25, 20, 15, 15, 20, 15, 15, 35, 15, 15, 30, 30, 15, 25, 25, 15, 10, 40, 15, 25, 15, 20, 15, 35, 15, 10, 20, 15, 45, 20, 10, 30, 25, 10, 15, 20, 15, 25, 30, 20, 25, 10, 20, 30, 15, 15, 15, 35, 25, 25, 25, 10, 10, 20, 5, 30, 10, 35, 30, 15, 5, 5, 5, 10, 20, 10, 15, 10, 20, 20, 5, 10, 10, 25, 15, 5, 10, 10, 15, 25, 20, 25, 10, 10, 20, 10, 15, 5, 25, 15, 10, 20, 5, 20, 25, 5, 5, 45, 35, 35, 20, 15, 20, 5, 15, 15, 20, 27, 11, 10, 10, 15, 15, 25, 10, 30, 15, 15, 5, 40, 15, 10, 10, 15, 10, 5, 50, 10, 10, 20, 20, 10, 10, 10, 20, 20, 20, 35, 10, 20, 10, 15, 55, 60, 25, 25, 15, 15, 15, 10, 35, 20, 5, 50, 10, 10, 15, 15, 15, 10, 20, 15, 15, 25, 20, 15, 20, 30, 15, 25, 10, 10, 25, 35, 20, 10, 25, 20, 15, 25, 25, 15, 35, 20, 25, 40, 20, 45, 25, 20, 25, 15, 20, 15, 45, 20, 20, 30, 10, 30, 20, 40, 20, 25, 10, 20, 10, 20, 15, 16, 15, 30, 10, 15, 25, 10, 15, 20, 10, 15, 15, 10, 5, 35, 25, 25, 25, 24, 5, 25, 25, 30, 25, 20, 35, 20, 10, 15, 10, 20, 15, 25, 16, 35, 35, 5, 20, 21, 5, 5, 30, 35, 25, 25, 15, 20, 25, 30, 25, 10, 10, 45, 16, 15, 25, 5, 15, 20, 35, 25, 25, 10, 10, 15, 5, 15, 10, 10, 10, 30, 20, 15, 5, 30, 30, 10, 15, 20, 20, 10, 25, 20, 35, 35, 15, 10, 20, 20, 30, 30, 20, 10, 10, 5, 25, 15, 15, 15, 5, 25, 5, 30, 10, 5, 10, 15, 10, 5, 15, 10, 25, 20, 30, 20, 38, 10, 25, 20, 16, 28, 20, 35, 15, 30, 10, 20, 15, 35, 5, 40, 30, 52, 20, 15, 15, 20, 30, 30, 5, 20, 10, 25, 10, 5, 35, 10, 30, 40, 40, 15, 25, 20, 15, 40, 15, 10, 10, 15, 10, 10, 15, 20, 45, 40, 20, 25, 10, 25, 15, 20, 25, 10, 24, 
2051834, 1
2051834, 2680
2051834, 3191
2051834, 37277
2051834, 10449
2051834, 32381
2064697, 41
2064697, 5, 5, 5, 5, 5, 5, 5, 5, 5, 5, 5, 5, 5, 5, 5, 5, 5, 5, 5, 5, 5, 5, 5, 5, 5, 5, 5, 5, 5, 5, 5, 5, 5, 5, 5, 5, 5, 5, 5, 5, 5, 5, 5, 5, 5, 5, 5, 10, 5, 5, 5, 10, 5, 5, 5, 10, 10, 10, 5, 5, 5, 15, 5, 10, 5, 10, 5, 5, 5, 10, 5, 10, 5, 5, 5, 5, 5, 10, 5, 5, 10, 10, 10, 10, 5, 5, 5, 5, 5, 5, 5, 5, 5, 5, 10, 5, 10, 5, 10, 15, 5, 10, 5, 10, 10, 10, 5, 5, 10, 5, 10, 5, 10, 5, 5, 5, 5, 10, 5, 5, 5, 5, 5, 10, 10, 5, 5, 10, 7, 10, 10, 15, 5, 10, 15, 10, 5, 5, 10, 5, 10, 10, 5, 10, 10, 10, 5, 5, 10, 15, 5, 10, 5, 10, 10, 5, 5, 10, 5, 10, 5, 15, 10, 5, 5, 5, 10, 5, 5, 20, 10, 5, 10, 5, 5, 5, 5, 10, 5, 15, 10, 5, 10, 5, 15, 5, 5, 15, 5, 5, 5, 5, 5, 5, 10, 15, 10, 10, 10, 5, 10, 20, 10, 5, 5, 5, 10, 15, 5, 5, 10, 5, 5, 5, 10, 5, 10, 10, 10, 15, 10, 5, 15, 10, 15, 25, 20, 5, 5, 5, 5, 15, 10, 10, 10, 10, 2, 10, 10, 5, 15, 10, 5, 15, 10, 10, 10, 1, 20, 35, 5, 10, 10, 5, 10, 15, 15, 15, 5, 20, 5, 10, 5, 5, 15, 5, 5, 5, 10, 5, 15, 15, 10, 15, 5, 5, 15, 5, 15, 5, 25, 5, 10, 5, 5, 10, 5, 15, 5, 5, 5, 5, 5, 5, 10, 10, 10, 5, 10, 10, 5, 5, 10, 10, 5, 5, 10, 5, 15, 10, 10, 15, 15, 5, 15, 5, 5, 10, 10, 5, 5, 16, 15, 5, 15, 10, 10, 5, 10, 10, 5, 10, 10, 15, 5, 5, 5, 5, 5, 15, 10, 10, 5, 10, 5, 15, 15, 10, 5, 10, 5, 15, 5, 10, 5, 10, 10, 10, 20, 5, 5, 10, 5, 5, 10, 10, 10, 15, 6, 5, 10, 10, 5, 25, 10, 15, 10, 5, 5, 5, 5, 15, 10, 15, 25, 5, 10, 5, 15, 5, 10, 10, 10, 10, 10, 10, 15, 10, 5, 10, 5, 5, 5, 15, 5, 20, 15, 5, 15, 10, 10, 5, 20, 10, 10, 10, 10, 20, 5, 10, 5, 10, 25, 15, 15, 20, 25, 15, 5, 5, 10, 15, 15, 5, 5, 5, 15, 5, 10, 10, 10, 5, 10, 10, 10, 10, 10, 15, 6, 10, 10, 20, 5, 30, 10, 20, 5, 15, 5, 15, 15, 5, 15, 15, 10, 15, 20, 10, 10, 20, 15, 10, 10, 15, 10, 15, 15, 5, 15, 15, 10, 15, 15, 15, 5, 5, 5, 10, 5, 20, 15, 10, 15, 25, 10, 5, 5, 20, 15, 10, 20, 10, 10, 5, 10, 15, 20, 25, 10, 5, 5, 10, 10, 10, 25, 10, 5, 15, 5, 10, 10, 5, 15, 15, 5, 10, 15, 10, 15, 20, 5, 30, 10, 5, 25, 25, 15, 10, 30, 5, 30, 35, 15, 25, 15, 15, 15, 25, 10, 10, 15, 15, 15, 5, 5, 5, 15, 10, 15, 5, 5, 10, 15, 10, 10, 5, 5, 10, 5, 5, 15, 17, 10, 10, 5, 10, 5, 5, 15, 5, 5, 15, 20, 10, 5, 5, 15, 15, 5, 10, 10, 5, 15, 11, 5, 25, 20, 15, 15, 10, 10, 10, 5, 5, 15, 20, 5, 30, 10, 15, 10, 20, 10, 10, 20, 15, 15, 20, 10, 30, 5, 5, 5, 10, 10, 15, 15, 15, 25, 10, 15, 5, 20, 5, 10, 20, 15, 10, 15, 15, 20, 15, 20, 20, 5, 20, 20, 10, 10, 10, 10, 35, 25, 10, 15, 5, 10, 5, 15, 10, 10, 5, 15, 5, 10, 10, 5, 10, 10, 35, 10, 10, 10, 15, 20, 15, 10, 20, 10, 20, 10, 15, 10, 15, 5, 25, 30, 10, 15, 5, 10, 20, 15, 20, 10, 15, 10, 15, 5, 10, 20, 25, 15, 15, 10, 5, 5, 25, 10, 5, 20, 10, 20, 5, 10, 10, 5, 15, 5, 15, 10, 10, 5, 10, 5, 10, 5, 5, 10, 15, 25, 25, 10, 25, 20, 20, 10, 30, 25, 5, 26, 15, 15, 10, 15, 20, 15, 25, 10, 5, 25, 15, 10, 15, 15, 20, 15, 30, 20, 5, 15, 5, 10, 10, 15, 10, 15, 10, 20, 10, 10, 20, 10, 10, 15, 30, 15, 5, 20, 20, 15, 20, 5, 5, 10, 5, 10, 15, 5, 30, 22, 5, 20, 35, 5, 15, 10, 17, 20, 10, 20, 10, 10, 10, 20, 15, 10, 5, 30, 15, 10, 10, 10, 5, 10, 10, 10, 10, 5, 15, 10, 10, 20, 10, 10, 10, 10, 5, 10, 15, 20, 5, 10, 10, 15, 15, 20, 15, 15, 10, 20, 5, 10, 5, 15, 15, 10, 30, 15, 10, 10, 10, 25, 15, 25, 10, 10, 30, 10, 15, 5, 20, 10, 15, 25, 10, 10, 20, 10, 10, 15, 20, 20, 20, 5, 5, 15, 15, 30, 10, 15, 15, 25, 5, 15, 15, 5, 10, 30, 15, 35, 10, 15, 15, 20, 10, 10, 25, 15, 20, 20, 10, 10, 20, 10, 10, 20, 5, 15, 10, 5, 15, 15, 10, 5, 5, 5, 10, 5, 10, 5, 10, 5, 40, 20, 5, 33, 10, 10, 5, 10, 25, 5, 5, 15, 15, 15, 15, 15, 20, 15, 20, 25, 15, 20, 10, 15, 10, 10, 30, 20, 5, 10, 5, 25, 45, 15, 15, 5, 10, 10, 20, 10, 10, 10, 15, 15, 10, 15, 10, 25, 15, 15, 15, 15, 25, 10, 20, 25, 15, 30, 20, 20, 25, 5, 5, 15, 15, 20, 25, 5, 5, 20, 20, 25, 10, 5, 15, 10, 15, 10, 15, 20, 15, 10, 15, 5, 10, 5, 15, 15, 15, 10, 30, 5, 15, 25, 20, 20, 5, 10, 20, 15, 10, 20, 10, 10, 40, 10, 25, 30, 20, 25, 25, 10, 5, 10, 20, 10, 15, 20, 15, 15, 10, 15, 10, 15, 5, 10, 15, 10, 10, 5, 5, 15, 10, 5, 25, 10, 10, 5, 15, 20, 10, 5, 10, 15, 5, 15, 20, 20, 20, 20, 30, 10, 25, 15, 20, 5, 15, 5, 35, 10, 25, 10, 15, 15, 35, 20, 15, 21, 15, 20, 10, 5, 20, 15, 5, 10, 15, 20, 15, 20, 5, 12, 
2064697, 2
2064697, 2484
2064697, 2966
2064697, 7251
2064697, 1981
2064697, 32339
2064698, 1
2064698, 
2064698, 1
2064698, 7657
2064698, 8138
2064698, 27938
2064698, 3335
2064698, 32340
2065719, 2
2065719, 5, 5, 5, 5, 5, 5, 5, 5, 5, 5, 5, 5, 5, 5, 5, 5, 5, 10, 5, 5, 5, 5, 5, 5, 5, 5, 5, 5, 5, 5, 5, 5, 5, 5, 5, 5, 5, 5, 5, 5, 5, 2, 5, 1, 5, 5, 5, 5, 5, 5, 5, 5, 5, 5, 5, 5, 5, 5, 5, 5, 5, 5, 5, 5, 5, 5, 5, 5, 5, 5, 10, 5, 5, 5, 5, 5, 5, 5, 5, 5, 5, 5, 5, 5, 5, 5, 5, 5, 5, 5, 5, 5, 5, 5, 5, 5, 5, 5, 5, 5, 5, 5, 5, 5, 5, 5, 10, 5, 5, 5, 5, 5, 10, 5, 5, 5, 5, 5, 5, 5, 5, 5, 5, 5, 5, 5, 15, 5, 10, 5, 10, 5, 5, 5, 10, 5, 5, 5, 5, 5, 5, 5, 5, 5, 10, 5, 5, 10, 5, 5, 5, 5, 10, 5, 5, 5, 5, 5, 5, 5, 5, 5, 5, 5, 5, 5, 5, 5, 5, 5, 5, 5, 5, 5, 5, 5, 5, 5, 5, 5, 5, 5, 10, 5, 5, 5, 10, 5, 5, 5, 5, 1, 
2065719, 16
2065719, 12804
2065719, 13288
2065719, 27025
2065719, 4850
2065719, 32278
2065721, 2
2065721, 
2065721, 1
2065721, 17513
2065721, 17994
2065721, 26488
2065721, 6620
2065721, 32239
2065722, 1
2065722, 
2065722, 1
2065722, 22560
2065722, 23040
2065722, 11854
2065722, 2884
2065722, 32234
2071965, 6
2071965, 5, 5, 5, 5, 5, 5, 5, 5, 5, 5, 5, 5, 5, 5, 5, 5, 5, 5, 5, 5, 5, 5, 5, 5, 5, 5, 5, 5, 5, 5, 5, 5, 5, 5, 5, 5, 5, 5, 5, 5, 5, 5, 5, 5, 5, 5, 5, 5, 5, 5, 5, 5, 5, 5, 5, 5, 5, 5, 5, 5, 5, 5, 5, 5, 5, 5, 5, 5, 5, 5, 5, 5, 5, 5, 5, 5, 5, 1, 5, 5, 5, 10, 5, 5, 5, 5, 5, 5, 5, 5, 5, 5, 5, 10, 5, 5, 5, 5, 5, 10, 5, 5, 5, 5, 5, 5, 5, 10, 5, 10, 5, 5, 10, 5, 5, 5, 5, 10, 5, 5, 5, 5, 5, 5, 5, 5, 5, 10, 10, 10, 5, 10, 5, 5, 10, 5, 10, 10, 10, 5, 5, 5, 5, 5, 5, 5, 5, 5, 5, 25, 5, 10, 5, 5, 5, 10, 5, 5, 5, 5, 5, 5, 5, 10, 5, 5, 15, 5, 5, 5, 5, 10, 5, 5, 20, 5, 5, 5, 5, 10, 5, 5, 5, 5, 5, 10, 5, 10, 5, 15, 5, 5, 10, 5, 15, 5, 10, 5, 10, 5, 5, 5, 5, 5, 10, 5, 5, 6, 10, 10, 5, 5, 5, 10, 5, 5, 10, 5, 5, 15, 5, 5, 5, 5, 10, 10, 5, 5, 5, 10, 5, 5, 10, 5, 5, 10, 5, 5, 10, 5, 5, 10, 10, 10, 5, 5, 5, 10, 10, 5, 5, 5, 5, 10, 5, 5, 5, 5, 5, 5, 5, 5, 5, 5, 5, 5, 10, 15, 5, 10, 10, 5, 5, 5, 15, 10, 5, 5, 10, 10, 10, 15, 15, 5, 10, 5, 10, 10, 15, 10, 5, 10, 25, 5, 5, 5, 5, 5, 5, 5, 15, 5, 5, 5, 5, 10, 5, 15, 5, 5, 5, 10, 10, 5, 5, 15, 5, 5, 15, 10, 5, 10, 5, 10, 15, 10, 5, 5, 5, 5, 5, 5, 10, 5, 15, 5, 10, 5, 7, 5, 5, 15, 5, 5, 10, 10, 10, 5, 10, 10, 10, 10, 10, 10, 10, 10, 15, 10, 5, 10, 10, 5, 10, 5, 5, 15, 5, 10, 5, 10, 5, 5, 5, 10, 5, 10, 5, 1, 5, 5, 5, 5, 5, 5, 5, 5, 5, 10, 10, 15, 5, 5, 15, 15, 5, 10, 10, 5, 5, 10, 5, 5, 15, 5, 5, 5, 5, 10, 5, 5, 5, 10, 10, 10, 10, 10, 15, 10, 10, 5, 10, 15, 10, 10, 5, 15, 15, 20, 5, 5, 15, 10, 10, 5, 5, 15, 15, 5, 5, 5, 10, 5, 10, 10, 5, 5, 5, 15, 10, 5, 10, 5, 16, 5, 15, 5, 10, 5, 5, 10, 10, 5, 15, 5, 10, 15, 15, 5, 5, 5, 5, 15, 5, 10, 5, 20, 10, 10, 10, 10, 5, 5, 5, 10, 10, 10, 5, 10, 10, 5, 5, 15, 20, 5, 15, 15, 5, 10, 10, 5, 10, 5, 5, 10, 10, 10, 10, 5, 5, 10, 10, 10, 5, 5, 5, 5, 15, 5, 5, 10, 5, 5, 10, 5, 5, 35, 10, 10, 25, 5, 2, 10, 5, 5, 5, 10, 5, 10, 5, 10, 10, 5, 10, 10, 10, 5, 25, 10, 5, 5, 5, 5, 10, 10, 15, 5, 5, 20, 5, 5, 5, 5, 15, 10, 7, 5, 10, 5, 5, 5, 20, 5, 10, 5, 5, 15, 15, 15, 10, 10, 5, 5, 15, 5, 15, 5, 10, 10, 5, 5, 15, 10, 15, 5, 10, 10, 5, 10, 15, 5, 10, 10, 5, 10, 15, 5, 10, 15, 5, 5, 5, 5, 5, 6, 5, 10, 5, 10, 15, 5, 10, 5, 15, 10, 15, 10, 15, 5, 10, 5, 10, 10, 5, 5, 10, 5, 5, 10, 20, 5, 5, 20, 5, 10, 5, 20, 10, 20, 10, 30, 5, 5, 5, 15, 5, 5, 15, 15, 10, 10, 5, 10, 10, 5, 5, 5, 10, 10, 10, 5, 5, 5, 5, 10, 5, 10, 5, 10, 5, 10, 10, 5, 5, 5, 10, 10, 6, 10, 5, 5, 10, 10, 10, 5, 10, 5, 10, 5, 15, 10, 5, 5, 5, 10, 5, 10, 10, 20, 10, 10, 5, 5, 5, 20, 10, 5, 5, 20, 5, 15, 10, 10, 10, 10, 15, 15, 5, 20, 5, 5, 10, 10, 5, 5, 5, 15, 5, 10, 15, 35, 10, 5, 5, 10, 10, 10, 10, 5, 10, 10, 10, 20, 10, 5, 5, 15, 5, 5, 10, 20, 10, 10, 5, 21, 25, 5, 5, 10, 5, 10, 15, 5, 5, 10, 20, 10, 5, 5, 10, 5, 5, 10, 10, 5, 10, 5, 5, 5, 15, 5, 5, 19, 
2071965, 1
2071965, 3449
2071965, 4110
2071965, 26011
2071965, 12675
2071965, 32074
2105091, 44
2105091, 5, 5, 5, 10, 5, 5, 5, 5, 5, 5, 10, 15, 10, 5, 10, 5, 10, 15, 10, 10, 15, 10, 15, 10, 5, 10, 5, 5, 10, 5, 10, 10, 15, 10, 25, 15, 10, 10, 20, 15, 10, 5, 15, 5, 20, 10, 15, 10, 10, 10, 10, 15, 25, 15, 15, 10, 10, 25, 10, 15, 20, 10, 5, 10, 15, 10, 20, 20, 15, 15, 5, 20, 15, 15, 10, 5, 15, 15, 15, 10, 20, 25, 20, 15, 30, 30, 25, 35, 15, 25, 10, 10, 20, 15, 25, 30, 20, 15, 10, 15, 10, 20, 15, 20, 15, 5, 10, 20, 50, 20, 35, 30, 15, 10, 25, 15, 15, 35, 20, 20, 25, 20, 35, 25, 10, 5, 10, 5, 10, 5, 40, 15, 15, 5, 10, 10, 15, 20, 30, 15, 15, 10, 10, 30, 30, 30, 15, 5, 25, 20, 15, 15, 10, 20, 40, 35, 20, 15, 25, 5, 15, 15, 25, 20, 25, 10, 10, 15, 11, 20, 35, 15, 10, 20, 25, 15, 20, 30, 20, 10, 20, 5, 20, 15, 20, 15, 30, 20, 15, 35, 20, 10, 10, 40, 20, 20, 10, 45, 20, 15, 25, 20, 15, 15, 20, 20, 5, 15, 20, 25, 15, 20, 15, 15, 15, 20, 35, 25, 15, 25, 20, 5, 35, 20, 15, 25, 10, 25, 10, 20, 5, 25, 15, 25, 25, 5, 31, 10, 40, 20, 35, 25, 10, 15, 15, 30, 20, 25, 25, 25, 15, 5, 10, 20, 10, 15, 30, 25, 10, 20, 20, 10, 25, 25, 15, 20, 25, 25, 15, 5, 20, 25, 15, 35, 25, 35, 25, 25, 20, 15, 20, 15, 7, 20, 15, 25, 15, 45, 15, 15, 30, 30, 40, 25, 25, 15, 25, 30, 35, 30, 25, 20, 24, 35, 25, 15, 30, 30, 45, 15, 25, 5, 20, 74, 15, 45, 6, 20, 25, 25, 15, 15, 20, 30, 35, 20, 35, 30, 20, 10, 25, 35, 25, 30, 30, 25, 25, 20, 10, 30, 15, 30, 10, 20, 45, 30, 20, 15, 25, 10, 35, 21, 30, 40, 35, 15, 35, 35, 15, 20, 25, 25, 25, 10, 35, 25, 25, 15, 15, 30, 20, 20, 25, 10, 5, 20, 20, 20, 15, 20, 20, 20, 48, 35, 35, 35, 45, 20, 20, 20, 19, 25, 35, 15, 20, 30, 40, 15, 25, 20, 25, 15, 25, 25, 35, 25, 5, 25, 15, 15, 10, 30, 40, 10, 25, 10, 30, 25, 10, 20, 20, 25, 40, 30, 40, 20, 30, 30, 10, 10, 15, 40, 15, 65, 25, 15, 20, 25, 5, 50, 30, 10, 35, 5, 35, 20, 20, 15, 15, 15, 30, 10, 20, 20, 15, 35, 20, 20, 15, 10, 20, 30, 15, 25, 30, 10, 30, 10, 30, 10, 25, 25, 25, 10, 35, 15, 50, 20, 15, 25, 10, 10, 10, 20, 65, 20, 15, 40, 10, 15, 30, 25, 20, 20, 30, 20, 26, 30, 20, 25, 25, 5, 20, 15, 50, 10, 20, 25, 30, 15, 10, 35, 5, 15, 10, 15, 40, 35, 25, 30, 20, 15, 30, 35, 35, 25, 30, 25, 20, 15, 35, 35, 15, 35, 35, 15, 70, 30, 30, 15, 35, 15, 25, 40, 30, 25, 30, 20, 35, 25, 25, 12, 20, 25, 30, 35, 15, 15, 25, 30, 10, 20, 30, 10, 25, 10, 15, 5, 15, 10, 15, 15, 25, 15, 5, 25, 55, 15, 25, 15, 20, 10, 20, 15, 40, 20, 25, 25, 20, 15, 45, 35, 30, 20, 61, 15, 25, 20, 25, 45, 30, 15, 15, 25, 35, 25, 25, 25, 35, 25, 30, 25, 15, 25, 30, 25, 25, 30, 40, 25, 25, 10, 30, 5, 20, 20, 85, 15, 20, 30, 35, 20, 36, 20, 25, 40, 25, 30, 20, 30, 10, 20, 20, 20, 15, 25, 20, 25, 20, 25, 35, 40, 45, 5, 50, 20, 30, 10, 25, 30, 61, 35, 15, 30, 45, 25, 35, 45, 35, 40, 40, 35, 30, 20, 25, 35, 40, 30, 20, 35, 15, 15, 25, 31, 20, 25, 10, 30, 15, 25, 20, 30, 20, 10, 30, 30, 20, 30, 20, 20, 15, 20, 30, 45, 20, 65, 20, 25, 30, 40, 30, 25, 25, 10, 25, 35, 20, 30, 5, 20, 30, 10, 55, 30, 25, 20, 20, 25, 30, 55, 30, 25, 25, 40, 30, 35, 25, 20, 60, 10, 20, 10, 35, 25, 10, 20, 45, 50, 15, 20, 40, 15, 20, 25, 40, 20, 30, 20, 20, 30, 15, 20, 20, 35, 20, 15, 15, 15, 30, 20, 30, 25, 50, 30, 20, 15, 40, 25, 55, 35, 30, 20, 40, 20, 35, 25, 40, 10, 45, 35, 40, 20, 20, 20, 30, 25, 25, 30, 20, 45, 55, 45, 50, 30, 35, 25, 20, 40, 30, 45, 35, 15, 20, 15, 5, 30, 25, 20, 40, 35, 25, 35, 40, 25, 25, 45, 25, 20, 35, 29, 50, 20, 90, 25, 15, 10, 30, 25, 30, 15, 35, 20, 45, 37, 25, 20, 30, 35, 20, 50, 25, 5, 42, 30, 40, 15, 30, 25, 25, 25, 20, 35, 20, 15, 25, 15, 20, 45, 15, 25, 25, 25, 50, 45, 10, 20, 30, 40, 15, 30, 40, 30, 10, 25, 40, 45, 25, 10, 15, 30, 20, 40, 45, 50, 20, 30, 30, 25, 20, 30, 25, 15, 35, 40, 50, 20, 35, 15, 25, 40, 25, 20, 15, 20, 30, 25, 25, 60, 40, 40, 40, 5, 10, 25, 15, 15, 20, 25, 30, 15, 25, 20, 15, 30, 80, 15, 25, 35, 35, 50, 15, 30, 30, 15, 15, 25, 20, 45, 25, 40, 15, 35, 25, 66, 30, 35, 40, 20, 30, 45, 35, 35, 45, 20, 20, 30, 25, 20, 35, 35, 25, 20, 25, 35, 15, 15, 25, 35, 30, 30, 20, 30, 20, 35, 20, 25, 35, 20, 30, 25, 35, 20, 35, 25, 20, 25, 25, 30, 15, 10, 15, 25, 10, 40, 25, 25, 20, 20, 80, 20, 25, 15, 45, 40, 73, 20, 30, 25, 30, 30, 35, 20, 15, 65, 20, 15, 15, 15, 15, 35, 15, 20, 25, 20, 25, 40, 70, 10, 85, 20, 45, 15, 25, 30, 45, 45, 20, 25, 15, 30, 25, 35, 45, 35, 35, 50, 20, 15, 60, 30, 45, 25, 42, 30, 5, 40, 30, 40, 20, 20, 35, 45, 15, 55, 89, 25, 30, 35, 25, 25, 35, 25, 15, 15, 15, 40, 20, 30, 15, 35, 15, 50, 40, 30, 30, 25, 30, 35, 20, 15, 45, 60, 10, 35, 20, 15, 40, 20, 25, 40, 40, 5, 40, 20, 30, 35, 25, 15, 30, 35, 15, 35, 50, 45, 45, 30, 35, 15, 25, 55, 15, 10, 30, 10, 50, 25, 25, 20, 45, 10, 35, 25, 25, 25, 20, 15, 35, 30, 40, 70, 60, 35, 30, 20, 25, 20, 10, 25, 30, 25, 15, 20, 20, 30, 25, 50, 15, 15, 25, 25, 15, 35, 15, 30, 35, 30, 40, 20, 15, 20, 60, 55, 50, 45, 25, 35, 40, 35, 20, 25, 20, 55, 20, 35, 30, 20, 30, 35, 30, 10, 35, 15, 67, 30, 15, 55, 20, 30, 20, 35, 25, 25, 10, 30, 30, 35, 60, 20, 45, 10, 35, 40, 50, 20, 50, 45, 30, 35, 45, 45, 5, 10, 30, 15, 15, 30, 35, 25, 60, 45, 40, 30, 25, 50, 20, 35, 20, 20, 15, 35, 15, 20, 15, 20, 30, 30, 25, 20, 15, 25, 40, 25, 25, 25, 105, 40, 35, 90, 25, 20, 25, 35, 25, 30, 20, 35, 10, 30, 57, 45, 45, 30, 40, 25, 15, 30, 50, 15, 35, 45, 10, 87, 35, 40, 30, 35, 50, 45, 30, 45, 50, 50, 15, 20, 25, 20, 55, 20, 20, 25, 20, 
2105091, 1
2105091, 2105
2105091, 2609
2105091, 31552
2105091, 5812
2105091, 31985
2112451, 7
2112451, 5, 5, 5, 5, 5, 5, 5, 5, 5, 5, 5, 5, 5, 5, 5, 5, 5, 10, 5, 5, 5, 5, 5, 5, 5, 5, 5, 5, 5, 10, 5, 5, 5, 5, 5, 5, 5, 5, 5, 5, 5, 5, 5, 5, 10, 5, 5, 5, 5, 5, 5, 5, 5, 10, 5, 5, 5, 5, 5, 5, 5, 10, 5, 5, 5, 5, 5, 5, 10, 5, 5, 5, 5, 5, 5, 5, 5, 5, 5, 5, 5, 5, 5, 5, 5, 5, 5, 5, 5, 5, 5, 5, 5, 5, 5, 5, 5, 5, 5, 5, 5, 5, 10, 5, 5, 5, 5, 5, 5, 5, 5, 5, 5, 5, 5, 5, 5, 10, 5, 5, 5, 5, 5, 5, 5, 5, 5, 5, 5, 10, 5, 5, 5, 5, 5, 5, 5, 5, 5, 10, 5, 5, 5, 5, 5, 5, 10, 5, 5, 5, 5, 5, 5, 5, 10, 5, 5, 5, 5, 15, 5, 5, 5, 5, 5, 5, 10, 10, 5, 5, 5, 10, 5, 5, 10, 5, 5, 5, 5, 10, 10, 5, 5, 5, 5, 5, 5, 10, 10, 5, 5, 5, 5, 5, 5, 10, 5, 5, 10, 15, 5, 5, 5, 5, 10, 10, 10, 15, 5, 10, 5, 5, 5, 10, 10, 10, 10, 5, 5, 10, 5, 5, 5, 5, 5, 5, 5, 5, 10, 10, 5, 5, 5, 5, 5, 5, 10, 10, 5, 10, 5, 15, 5, 5, 5, 10, 5, 10, 10, 5, 5, 10, 5, 10, 5, 5, 5, 10, 10, 5, 5, 10, 10, 5, 10, 5, 10, 5, 15, 5, 15, 5, 10, 10, 5, 10, 5, 5, 10, 10, 10, 10, 10, 10, 5, 10, 5, 5, 10, 5, 10, 5, 10, 5, 5, 5, 11, 15, 10, 5, 5, 5, 5, 10, 10, 5, 5, 5, 10, 10, 10, 10, 10, 10, 5, 5, 5, 25, 5, 10, 5, 10, 5, 5, 5, 10, 10, 10, 5, 10, 5, 5, 10, 5, 10, 10, 10, 10, 5, 5, 15, 5, 5, 10, 10, 20, 5, 15, 5, 15, 5, 10, 10, 10, 5, 5, 15, 5, 5, 1, 10, 5, 10, 10, 5, 5, 10, 5, 5, 5, 10, 10, 10, 5, 15, 5, 10, 5, 5, 5, 5, 5, 10, 5, 10, 10, 5, 5, 5, 10, 5, 5, 10, 5, 5, 10, 15, 5, 5, 15, 5, 5, 5, 10, 10, 10, 10, 7, 15, 5, 10, 5, 10, 5, 10, 5, 5, 5, 5, 10, 15, 15, 15, 15, 10, 5, 5, 5, 5, 15, 5, 5, 10, 10, 5, 5, 10, 5, 10, 5, 15, 10, 10, 20, 10, 5, 20, 10, 5, 5, 10, 5, 10, 5, 10, 5, 10, 5, 10, 5, 15, 25, 5, 15, 5, 5, 5, 5, 5, 10, 10, 5, 5, 10, 5, 5, 10, 5, 15, 10, 5, 10, 10, 5, 20, 15, 15, 5, 10, 10, 5, 15, 5, 5, 5, 10, 10, 10, 15, 5, 15, 10, 5, 5, 5, 5, 10, 5, 10, 5, 5, 5, 5, 10, 10, 15, 5, 15, 5, 10, 2, 10, 5, 10, 10, 5, 15, 15, 5, 5, 15, 10, 10, 5, 15, 15, 5, 15, 20, 5, 10, 10, 5, 10, 5, 15, 5, 5, 15, 5, 5, 5, 5, 10, 5, 25, 20, 20, 10, 20, 5, 10, 5, 10, 15, 10, 10, 5, 10, 5, 5, 10, 5, 5, 5, 8, 5, 15, 15, 15, 5, 5, 10, 25, 5, 15, 5, 10, 5, 5, 15, 45, 25, 10, 20, 10, 5, 10, 10, 20, 10, 5, 5, 5, 10, 5, 10, 5, 5, 10, 5, 15, 10, 5, 15, 5, 15, 5, 15, 10, 5, 10, 5, 5, 10, 5, 5, 10, 5, 5, 20, 10, 5, 10, 10, 10, 5, 10, 5, 10, 5, 10, 10, 15, 5, 5, 25, 10, 10, 5, 15, 10, 5, 5, 10, 5, 5, 10, 10, 10, 5, 10, 10, 5, 5, 10, 10, 10, 10, 10, 5, 10, 5, 10, 15, 15, 10, 25, 15, 25, 10, 10, 30, 5, 5, 25, 5, 10, 15, 10, 15, 10, 5, 10, 20, 5, 15, 15, 10, 5, 10, 10, 10, 15, 10, 15, 5, 5, 10, 5, 15, 5, 10, 10, 5, 5, 10, 5, 5, 15, 10, 10, 15, 15, 5, 5, 10, 5, 10, 15, 15, 5, 5, 5, 15, 5, 10, 5, 15, 15, 5, 10, 15, 10, 20, 20, 15, 10, 10, 20, 15, 10, 10, 10, 21, 5, 5, 25, 15, 10, 5, 5, 5, 15, 10, 15, 15, 10, 15, 20, 5, 5, 20, 10, 5, 20, 10, 15, 5, 10, 25, 5, 15, 5, 25, 5, 15, 5, 25, 20, 10, 10, 10, 10, 5, 10, 10, 15, 5, 15, 10, 5, 10, 10, 10, 20, 10, 10, 5, 15, 15, 5, 10, 5, 10, 10, 5, 5, 5, 5, 5, 10, 5, 5, 15, 10, 5, 5, 15, 20, 15, 5, 20, 15, 20, 10, 10, 20, 5, 5, 5, 20, 15, 25, 15, 20, 10, 10, 10, 20, 10, 10, 5, 5, 10, 5, 15, 31, 10, 10, 10, 5, 10, 20, 15, 12, 
2112451, 2
2112451, 2348
2112451, 2851
2112451, 42264
2112451, 10040
2112451, 31919
2112452, 1
2112452, 
2112452, 2
2112452, 7499
2112452, 8001
2112452, 40437
2112452, 7347
2112452, 31891
2112453, 1
2112453, 
2112453, 1
2112453, 12593
2112453, 13093
2112453, 17636
2112453, 7978
2112453, 31831
2112454, 1
2112454, 
2112454, 2
2112454, 17665
2112454, 18165
2112454, 45834
2112454, 10090
2112454, 31758
2112455, 1
2112455, 
2112455, 1
2112455, 22657
2112455, 23158
2112455, 41462
2112455, 12420
2112455, 31676
2112456, 1
2112456, 
2112456, 1
2112456, 27640
2112456, 28139
2112456, 74064
2112456, 12259
2112456, 31632
2112457, 1
2112457, 
2112457, 1
2112457, 32576
2112457, 33096
2112457, 59743
2112457, 17615
2112457, 31461
2112458, 1
2112458, 
2112458, 1
2112458, 37453
2112458, 37972
2112458, 8922
2112458, 2064
2112458, 31448
2112459, 1
2112459, 
2112459, 1
2112459, 42364
2112459, 42883
2112459, 47258
2112459, 15073
2112459, 31288
2115130, 8
2115130, 5, 5, 5, 5, 5, 5, 5, 5, 5, 5, 5, 5, 5, 5, 5, 5, 5, 5, 5, 5, 5, 5, 5, 5, 5, 5, 5, 5, 5, 5, 5, 5, 5, 5, 5, 5, 5, 5, 5, 5, 5, 5, 5, 5, 5, 5, 5, 5, 5, 5, 5, 5, 5, 5, 5, 5, 5, 5, 5, 5, 5, 5, 5, 5, 15, 5, 5, 5, 5, 5, 5, 5, 5, 5, 5, 5, 5, 5, 5, 5, 10, 5, 10, 5, 5, 5, 5, 5, 5, 5, 5, 5, 5, 10, 5, 5, 5, 5, 5, 5, 5, 5, 5, 5, 5, 5, 5, 5, 10, 5, 10, 5, 5, 5, 5, 5, 5, 5, 5, 5, 5, 5, 5, 5, 5, 5, 5, 1, 5, 5, 5, 5, 5, 5, 5, 5, 5, 5, 10, 5, 5, 5, 5, 5, 5, 5, 5, 10, 5, 5, 5, 5, 5, 5, 5, 5, 5, 5, 5, 5, 5, 5, 5, 10, 5, 5, 5, 5, 5, 6, 5, 10, 5, 10, 5, 10, 5, 5, 5, 5, 5, 10, 5, 5, 10, 5, 5, 5, 5, 5, 5, 10, 5, 5, 5, 5, 10, 5, 5, 5, 5, 5, 5, 5, 5, 5, 5, 5, 5, 5, 5, 5, 15, 5, 5, 10, 5, 10, 5, 5, 5, 5, 10, 5, 5, 15, 5, 5, 10, 5, 5, 5, 5, 5, 5, 5, 10, 5, 10, 5, 5, 5, 5, 5, 5, 5, 10, 5, 5, 5, 5, 20, 5, 5, 5, 5, 10, 5, 10, 5, 5, 10, 10, 10, 5, 5, 10, 5, 5, 10, 5, 5, 5, 5, 15, 5, 5, 5, 10, 5, 10, 5, 5, 5, 5, 5, 10, 5, 5, 5, 5, 5, 5, 10, 5, 5, 5, 5, 5, 15, 5, 5, 5, 5, 5, 5, 5, 5, 10, 5, 10, 5, 5, 10, 5, 5, 5, 5, 5, 10, 5, 6, 10, 5, 5, 5, 10, 5, 5, 10, 5, 15, 5, 5, 5, 5, 5, 10, 5, 5, 5, 10, 5, 5, 5, 5, 5, 5, 5, 5, 15, 15, 10, 10, 15, 5, 10, 5, 5, 5, 10, 5, 5, 5, 5, 5, 10, 5, 10, 5, 5, 10, 10, 5, 2, 5, 5, 5, 5, 5, 1, 5, 5, 5, 5, 5, 2, 5, 10, 15, 5, 5, 10, 5, 5, 5, 5, 5, 5, 5, 10, 5, 5, 5, 15, 10, 5, 5, 5, 10, 10, 5, 10, 5, 10, 10, 10, 10, 10, 5, 5, 5, 5, 5, 10, 5, 5, 5, 10, 10, 5, 10, 5, 10, 5, 5, 5, 10, 15, 5, 
2115130, 2
2115130, 15773
2115130, 16791
2115130, 31675
2115130, 7917
2115130, 31199
2115131, 1
2115131, 
2115131, 1
2115131, 20673
2115131, 21694
2115131, 45562
2115131, 8340
2115131, 31113
2128860, 21
2128860, 5, 5, 5, 5, 5, 5, 5, 5, 5, 5, 5, 5, 5, 5, 5, 5, 5, 5, 5, 5, 5, 5, 5, 5, 5, 5, 10, 5, 5, 5, 5, 5, 10, 5, 5, 5, 5, 5, 5, 15, 5, 5, 15, 5, 5, 5, 5, 5, 5, 5, 5, 5, 5, 5, 15, 5, 10, 5, 5, 5, 5, 5, 10, 5, 5, 20, 5, 5, 5, 10, 5, 5, 5, 5, 5, 6, 5, 5, 10, 5, 5, 5, 10, 5, 5, 5, 5, 15, 5, 5, 20, 5, 5, 5, 5, 5, 5, 5, 5, 5, 5, 5, 5, 5, 10, 10, 5, 5, 5, 15, 5, 5, 5, 5, 10, 10, 5, 5, 5, 10, 5, 10, 10, 5, 15, 10, 10, 10, 15, 5, 5, 5, 5, 10, 5, 5, 5, 10, 5, 5, 5, 15, 15, 10, 10, 10, 5, 10, 5, 5, 5, 10, 5, 5, 5, 5, 5, 5, 5, 5, 10, 5, 25, 10, 10, 10, 10, 5, 10, 10, 10, 5, 10, 5, 15, 5, 5, 10, 5, 10, 5, 5, 5, 10, 10, 5, 10, 10, 10, 5, 10, 25, 5, 5, 5, 10, 5, 5, 5, 10, 5, 10, 5, 5, 10, 15, 10, 10, 5, 5, 10, 5, 10, 10, 5, 15, 5, 15, 10, 15, 5, 10, 10, 5, 5, 15, 5, 10, 10, 10, 5, 5, 10, 5, 5, 15, 5, 20, 15, 10, 20, 10, 15, 10, 10, 5, 20, 5, 15, 10, 10, 10, 15, 10, 15, 5, 10, 10, 5, 15, 5, 10, 10, 10, 5, 10, 10, 5, 5, 10, 5, 10, 10, 5, 10, 10, 10, 5, 10, 5, 10, 10, 5, 5, 10, 5, 5, 15, 15, 5, 5, 5, 10, 10, 5, 20, 5, 10, 5, 20, 15, 10, 5, 15, 15, 5, 5, 10, 5, 5, 5, 5, 20, 20, 10, 10, 5, 5, 10, 5, 15, 10, 5, 5, 5, 5, 15, 5, 15, 10, 10, 10, 10, 5, 10, 5, 5, 5, 15, 20, 10, 10, 5, 5, 5, 10, 5, 10, 10, 5, 25, 5, 10, 10, 15, 20, 36, 5, 10, 25, 5, 10, 10, 5, 10, 10, 5, 15, 15, 5, 5, 15, 5, 10, 10, 10, 10, 5, 6, 20, 10, 5, 10, 10, 5, 5, 10, 5, 5, 10, 20, 10, 15, 5, 10, 5, 5, 5, 10, 5, 10, 10, 5, 15, 15, 5, 10, 20, 10, 15, 10, 10, 15, 5, 20, 20, 5, 10, 25, 25, 20, 21, 10, 5, 5, 10, 15, 10, 15, 5, 15, 10, 16, 5, 15, 15, 20, 15, 10, 10, 15, 25, 5, 30, 15, 5, 15, 10, 15, 20, 15, 15, 15, 10, 10, 20, 10, 10, 10, 5, 10, 15, 5, 10, 5, 5, 15, 15, 10, 20, 10, 20, 5, 15, 15, 5, 10, 20, 5, 10, 20, 5, 5, 15, 5, 10, 10, 10, 5, 15, 5, 10, 20, 15, 5, 10, 10, 10, 10, 10, 15, 10, 10, 5, 5, 20, 5, 15, 15, 20, 10, 20, 20, 10, 5, 15, 10, 20, 15, 5, 15, 5, 10, 10, 35, 15, 15, 5, 5, 5, 5, 5, 10, 10, 5, 10, 20, 15, 10, 5, 5, 10, 10, 10, 5, 5, 25, 20, 5, 20, 15, 20, 5, 10, 10, 10, 5, 10, 5, 10, 25, 25, 15, 10, 10, 35, 10, 5, 20, 10, 15, 5, 10, 15, 10, 10, 10, 16, 15, 15, 15, 20, 10, 12, 15, 30, 15, 15, 15, 5, 10, 10, 25, 15, 5, 35, 5, 5, 10, 10, 15, 10, 10, 15, 10, 20, 5, 30, 25, 10, 15, 25, 10, 25, 10, 10, 30, 15, 10, 20, 10, 20, 5, 10, 10, 10, 15, 15, 15, 25, 10, 10, 10, 5, 5, 10, 15, 20, 5, 5, 10, 10, 25, 15, 10, 5, 5, 34, 20, 20, 25, 10, 15, 21, 20, 5, 5, 10, 15, 5, 15, 5, 15, 20, 15, 15, 10, 10, 5, 25, 15, 10, 20, 5, 5, 30, 15, 10, 25, 5, 5, 20, 15, 15, 10, 35, 10, 15, 25, 15, 15, 15, 10, 5, 15, 10, 5, 10, 15, 15, 5, 25, 10, 5, 10, 5, 5, 5, 10, 10, 5, 20, 10, 10, 20, 10, 20, 35, 5, 5, 15, 15, 15, 10, 15, 15, 30, 5, 25, 10, 20, 10, 10, 10, 10, 15, 5, 17, 10, 10, 10, 10, 5, 10, 5, 5, 10, 15, 25, 15, 20, 15, 5, 25, 10, 5, 15, 10, 10, 10, 15, 15, 5, 5, 35, 30, 5, 10, 5, 20, 25, 10, 15, 15, 5, 15, 15, 10, 10, 15, 20, 15, 10, 20, 15, 25, 15, 18, 5, 20, 10, 15, 10, 15, 30, 15, 5, 10, 20, 20, 10, 5, 10, 10, 10, 15, 15, 15, 20, 5, 5, 5, 10, 25, 25, 15, 10, 5, 15, 20, 5, 15, 20, 15, 15, 5, 10, 10, 5, 5, 5, 30, 5, 5, 20, 5, 10, 15, 5, 5, 15, 20, 15, 20, 10, 20, 30, 20, 5, 15, 5, 20, 15, 5, 15, 10, 30, 15, 15, 25, 30, 15, 5, 5, 10, 10, 15, 10, 10, 5, 20, 25, 5, 30, 10, 5, 20, 10, 10, 10, 5, 15, 10, 15, 20, 20, 10, 10, 10, 15, 15, 16, 15, 5, 5, 20, 30, 10, 15, 25, 15, 30, 5, 25, 10, 11, 30, 10, 15, 15, 30, 10, 5, 10, 15, 10, 30, 20, 10, 10, 31, 5, 5, 10, 10, 10, 15, 10, 15, 15, 25, 15, 15, 15, 15, 15, 10, 5, 15, 25, 5, 15, 5, 10, 15, 15, 11, 15, 10, 27, 20, 10, 20, 10, 5, 10, 20, 10, 10, 20, 20, 5, 5, 15, 10, 10, 20, 15, 15, 25, 10, 10, 20, 25, 15, 15, 15, 5, 25, 15, 10, 25, 20, 15, 5, 40, 25, 20, 20, 10, 10, 25, 15, 10, 20, 5, 15, 10, 35, 5, 20, 25, 30, 30, 5, 20, 30, 5, 15, 15, 5, 5, 5, 10, 30, 25, 15, 25, 25, 20, 10, 20, 15, 5, 15, 6, 30, 15, 10, 30, 10, 15, 20, 10, 15, 15, 20, 20, 5, 20, 5, 15, 15, 5, 15, 10, 10, 5, 10, 15, 25, 15, 30, 10, 5, 45, 5, 30, 10, 15, 10, 35, 10, 25, 15, 5, 5, 10, 20, 25, 5, 25, 30, 35, 10, 35, 25, 5, 5, 20, 15, 35, 16, 25, 15, 10, 20, 20, 51, 10, 15, 15, 15, 20, 15, 10, 20, 5, 15, 5, 10, 5, 10, 35, 10, 15, 30, 35, 10, 10, 15, 20, 10, 15, 16, 10, 10, 15, 20, 25, 20, 6, 20, 25, 15, 25, 20, 10, 10, 30, 15, 5, 25, 10, 10, 20, 15, 25, 15, 30, 5, 5, 10, 5, 10, 10, 10, 10, 20, 4, 
2128860, 1
2128860, 3736
2128860, 4301
2128860, 86410
2128860, 18662
2128860, 30983
2136946, 1
2136946, 5, 5, 5, 5, 5, 5, 5, 5, 5, 5, 5, 5, 5, 5, 10, 5, 5, 5, 5, 5, 5, 5, 5, 5, 5, 5, 5, 5, 5, 5, 5, 5, 5, 5, 10, 5, 5, 5, 5, 5, 5, 5, 5, 5, 5, 5, 5, 5, 5, 5, 5, 10, 5, 5, 10, 5, 5, 5, 5, 10, 15, 5, 10, 5, 5, 5, 10, 5, 5, 5, 10, 5, 5, 5, 5, 5, 5, 10, 5, 5, 5, 5, 5, 5, 5, 5, 5, 5, 5, 5, 10, 5, 5, 15, 5, 5, 5, 5, 5, 5, 5, 5, 5, 5, 5, 5, 10, 10, 5, 5, 5, 5, 10, 10, 5, 5, 10, 5, 5, 5, 10, 5, 5, 10, 5, 10, 5, 5, 10, 10, 5, 5, 5, 5, 5, 5, 5, 5, 5, 5, 10, 5, 5, 5, 10, 5, 5, 5, 5, 5, 5, 15, 10, 5, 10, 5, 5, 5, 5, 5, 5, 5, 15, 5, 10, 20, 10, 5, 10, 5, 5, 10, 5, 5, 5, 5, 15, 10, 5, 5, 5, 5, 5, 5, 5, 15, 5, 5, 5, 5, 10, 5, 5, 5, 5, 10, 10, 5, 5, 10, 5, 5, 5, 10, 5, 15, 5, 20, 10, 5, 5, 5, 5, 10, 5, 5, 10, 5, 5, 5, 5, 5, 5, 10, 5, 15, 10, 15, 5, 5, 5, 5, 5, 10, 10, 5, 5, 5, 10, 5, 5, 5, 5, 10, 5, 5, 5, 10, 5, 10, 10, 5, 5, 10, 5, 5, 10, 5, 5, 5, 5, 10, 5, 5, 10, 10, 10, 5, 5, 5, 5, 5, 15, 5, 5, 10, 5, 5, 10, 5, 15, 10, 10, 5, 5, 5, 5, 5, 15, 15, 10, 10, 10, 5, 25, 10, 5, 10, 15, 10, 10, 5, 10, 5, 5, 10, 10, 5, 20, 5, 10, 10, 15, 5, 15, 10, 5, 5, 5, 20, 5, 5, 10, 5, 10, 5, 10, 10, 10, 10, 10, 10, 10, 10, 5, 15, 5, 10, 10, 15, 15, 5, 5, 5, 5, 5, 5, 5, 10, 15, 25, 5, 5, 20, 10, 5, 5, 15, 5, 5, 15, 5, 10, 10, 10, 10, 15, 10, 5, 5, 10, 5, 10, 5, 5, 10, 5, 5, 5, 10, 5, 10, 10, 5, 5, 15, 15, 5, 5, 5, 10, 5, 5, 5, 5, 5, 5, 5, 5, 10, 5, 10, 10, 10, 10, 15, 10, 5, 5, 15, 5, 15, 5, 5, 5, 10, 10, 5, 5, 10, 10, 5, 10, 5, 5, 10, 5, 10, 10, 10, 5, 10, 5, 10, 5, 20, 5, 5, 10, 10, 5, 10, 20, 5, 6, 5, 5, 5, 10, 5, 15, 10, 5, 5, 10, 5, 5, 10, 10, 5, 10, 20, 10, 10, 5, 5, 5, 5, 10, 5, 10, 15, 5, 5, 10, 10, 15, 5, 10, 10, 5, 15, 15, 5, 20, 25, 5, 5, 5, 5, 10, 10, 15, 10, 5, 15, 5, 10, 15, 10, 10, 10, 5, 5, 5, 5, 10, 10, 10, 5, 5, 15, 10, 5, 5, 10, 5, 5, 10, 5, 10, 5, 10, 5, 20, 5, 5, 5, 5, 5, 10, 5, 5, 5, 5, 10, 5, 10, 10, 10, 5, 10, 15, 5, 10, 5, 10, 5, 5, 5, 5, 5, 5, 10, 5, 5, 5, 5, 5, 10, 15, 29, 15, 15, 10, 5, 10, 5, 5, 10, 10, 15, 10, 15, 10, 15, 15, 25, 5, 10, 5, 10, 5, 10, 5, 5, 15, 25, 5, 5, 5, 10, 15, 5, 25, 15, 10, 20, 5, 25, 15, 5, 15, 10, 10, 5, 15, 5, 15, 5, 15, 5, 5, 25, 10, 15, 10, 10, 5, 5, 10, 5, 15, 10, 15, 5, 10, 15, 15, 5, 5, 5, 5, 10, 10, 5, 5, 5, 20, 5, 15, 10, 10, 10, 10, 15, 10, 5, 10, 10, 10, 10, 5, 5, 5, 10, 5, 15, 20, 20, 5, 10, 5, 10, 10, 10, 10, 5, 35, 15, 15, 5, 5, 10, 25, 25, 5, 5, 5, 20, 10, 15, 10, 20, 5, 5, 5, 5, 5, 15, 10, 5, 20, 5, 5, 15, 15, 5, 5, 10, 5, 5, 10, 15, 5, 10, 30, 5, 5, 5, 5, 10, 5, 10, 15, 10, 10, 20, 16, 5, 5, 5, 5, 15, 10, 15, 10, 10, 10, 15, 20, 5, 10, 20, 5, 20, 5, 10, 5, 5, 10, 5, 5, 5, 30, 10, 5, 10, 15, 5, 20, 30, 5, 15, 15, 10, 10, 5, 10, 5, 40, 5, 15, 15, 10, 5, 10, 10, 10, 5, 10, 10, 5, 10, 10, 20, 10, 5, 25, 15, 20, 5, 15, 25, 10, 5, 15, 15, 10, 20, 30, 30, 5, 10, 5, 10, 10, 10, 10, 5, 10, 5, 10, 15, 5, 5, 15, 5, 15, 20, 15, 10, 10, 15, 10, 5, 5, 10, 5, 15, 15, 15, 5, 5, 10, 10, 10, 15, 5, 20, 15, 10, 15, 15, 15, 5, 10, 30, 5, 5, 10, 10, 15, 35, 10, 20, 5, 5, 10, 10, 10, 5, 5, 10, 15, 10, 5, 10, 10, 25, 5, 10, 10, 10, 25, 15, 5, 10, 15, 5, 5, 10, 20, 15, 10, 25, 10, 10, 10, 15, 5, 5, 5, 25, 10, 15, 10, 10, 10, 10, 5, 15, 25, 5, 15, 15, 15, 10, 10, 15, 15, 15, 15, 10, 10, 15, 5, 10, 5, 5, 5, 15, 14, 
2136946, 1
2136946, 3047
2136946, 3434
2136946, 94526
2136946, 14484
2136946, 30836
2136947, 1
2136947, 
2136947, 1
2136947, 8559
2136947, 8957
2136947, 52830
2136947, 17897
2136947, 30723
2136948, 1
2136948, 
2136948, 1
2136948, 13930
2136948, 14327
2136948, 94898
2136948, 18801
2136948, 30587
2143396, 6
2143396, 5, 5, 5, 5, 5, 5, 5, 5, 5, 5, 5, 5, 5, 5, 5, 5, 5, 5, 5, 5, 10, 5, 5, 5, 5, 5, 5, 5, 5, 5, 5, 5, 5, 10, 5, 10, 10, 5, 5, 5, 5, 5, 5, 5, 5, 10, 5, 5, 5, 5, 5, 5, 10, 10, 5, 5, 5, 10, 5, 5, 5, 5, 5, 5, 5, 5, 5, 5, 5, 5, 5, 5, 5, 5, 5, 5, 10, 10, 5, 5, 5, 5, 5, 5, 10, 5, 5, 5, 5, 10, 5, 5, 5, 5, 5, 10, 5, 5, 5, 5, 5, 5, 5, 5, 5, 5, 5, 5, 5, 5, 10, 5, 5, 5, 5, 5, 5, 5, 5, 10, 10, 5, 5, 5, 5, 5, 5, 5, 5, 5, 5, 5, 5, 5, 5, 5, 5, 10, 10, 5, 10, 10, 5, 5, 5, 5, 5, 5, 10, 5, 5, 1, 10, 5, 5, 5, 5, 5, 5, 5, 5, 15, 10, 10, 5, 10, 5, 5, 5, 5, 5, 10, 5, 10, 5, 5, 5, 5, 5, 5, 5, 10, 5, 5, 5, 5, 5, 5, 10, 5, 15, 10, 5, 5, 5, 5, 5, 5, 5, 5, 10, 5, 5, 10, 5, 5, 5, 5, 5, 5, 5, 10, 5, 10, 10, 15, 5, 5, 5, 5, 5, 5, 5, 5, 5, 5, 5, 5, 5, 5, 5, 5, 10, 5, 5, 5, 10, 10, 10, 5, 5, 5, 15, 10, 5, 5, 5, 5, 5, 5, 15, 5, 10, 5, 1, 5, 5, 5, 5, 10, 5, 5, 10, 10, 5, 5, 5, 5, 5, 5, 5, 5, 5, 5, 5, 20, 10, 10, 10, 5, 5, 5, 10, 5, 10, 5, 5, 10, 5, 5, 5, 5, 10, 5, 5, 5, 10, 5, 15, 5, 10, 10, 10, 5, 5, 5, 5, 5, 15, 5, 5, 15, 10, 10, 5, 10, 10, 10, 5, 5, 5, 5, 10, 5, 5, 10, 5, 5, 5, 5, 10, 20, 5, 20, 10, 5, 5, 5, 5, 10, 5, 10, 10, 5, 5, 10, 10, 10, 10, 10, 10, 10, 10, 5, 5, 10, 5, 5, 5, 30, 15, 5, 5, 10, 5, 10, 5, 5, 10, 10, 5, 5, 5, 5, 10, 10, 5, 5, 15, 5, 10, 5, 10, 5, 15, 10, 10, 5, 10, 15, 5, 10, 5, 5, 10, 5, 10, 10, 5, 5, 5, 5, 10, 15, 5, 10, 5, 10, 10, 5, 5, 5, 5, 10, 10, 10, 5, 10, 10, 5, 10, 5, 10, 5, 10, 5, 10, 5, 5, 5, 5, 5, 5, 10, 5, 20, 25, 10, 10, 5, 10, 5, 15, 10, 15, 5, 5, 10, 5, 10, 5, 10, 5, 5, 15, 10, 10, 5, 15, 5, 10, 5, 5, 10, 5, 10, 5, 20, 5, 10, 10, 5, 5, 5, 10, 5, 15, 15, 10, 10, 5, 5, 10, 10, 10, 5, 5, 5, 10, 15, 15, 10, 5, 5, 15, 10, 20, 15, 5, 5, 10, 10, 5, 10, 5, 10, 5, 15, 15, 5, 10, 5, 10, 20, 5, 10, 10, 5, 10, 20, 10, 10, 10, 10, 20, 5, 10, 10, 20, 20, 5, 15, 10, 15, 5, 5, 10, 5, 10, 5, 20, 5, 5, 5, 5, 5, 5, 10, 15, 15, 5, 5, 10, 10, 5, 15, 5, 10, 5, 5, 15, 10, 10, 5, 5, 5, 5, 10, 15, 10, 10, 5, 5, 5, 15, 5, 25, 20, 5, 15, 10, 15, 10, 15, 10, 5, 15, 10, 10, 5, 10, 10, 10, 10, 10, 5, 10, 5, 10, 10, 5, 10, 5, 15, 20, 5, 15, 10, 5, 10, 15, 15, 10, 5, 5, 10, 5, 5, 10, 10, 5, 10, 10, 15, 5, 5, 10, 10, 20, 15, 5, 5, 5, 5, 10, 1, 10, 5, 5, 5, 5, 20, 5, 5, 10, 7, 20, 10, 5, 5, 5, 5, 10, 10, 5, 10, 5, 10, 10, 20, 5, 5, 5, 10, 5, 10, 15, 5, 5, 15, 15, 15, 20, 5, 5, 5, 5, 10, 10, 30, 10, 10, 10, 10, 10, 15, 5, 10, 15, 10, 5, 10, 10, 10, 5, 10, 5, 10, 10, 5, 5, 5, 10, 5, 5, 10, 10, 5, 10, 10, 10, 10, 5, 10, 5, 10, 5, 15, 5, 5, 15, 15, 5, 15, 10, 5, 10, 5, 10, 15, 15, 10, 5, 10, 5, 5, 10, 10, 15, 10, 5, 10, 15, 10, 10, 10, 10, 10, 15, 5, 5, 10, 15, 10, 5, 10, 10, 5, 10, 10, 5, 5, 5, 20, 6, 15, 10, 10, 15, 5, 10, 5, 15, 15, 5, 15, 5, 15, 10, 5, 10, 5, 10, 5, 5, 10, 5, 5, 5, 10, 25, 20, 5, 30, 10, 5, 20, 10, 5, 5, 5, 10, 10, 5, 10, 10, 5, 5, 15, 10, 5, 15, 5, 6, 
2143396, 1
2143396, 3674
2143396, 4065
2143396, 71937
2143396, 19320
2143396, 30434
2158166, 17
2158166, 5, 10, 5, 5, 5, 5, 5, 5, 5, 5, 5, 5, 5, 5, 5, 5, 5, 5, 5, 5, 5, 10, 5, 10, 5, 5, 5, 5, 5, 5, 5, 5, 5, 5, 5, 15, 5, 5, 5, 5, 5, 5, 5, 10, 5, 5, 5, 5, 5, 5, 10, 5, 5, 5, 5, 15, 5, 10, 5, 5, 15, 10, 10, 5, 5, 5, 10, 5, 5, 10, 5, 10, 5, 10, 5, 5, 5, 5, 5, 5, 5, 5, 5, 15, 10, 5, 5, 5, 5, 5, 15, 20, 5, 5, 10, 15, 5, 10, 5, 5, 5, 5, 10, 5, 5, 10, 5, 5, 5, 5, 15, 5, 10, 20, 15, 10, 5, 5, 5, 5, 5, 15, 5, 10, 10, 5, 5, 5, 5, 10, 5, 10, 10, 5, 5, 5, 5, 10, 10, 5, 10, 1, 10, 10, 15, 10, 10, 10, 5, 15, 15, 10, 5, 5, 5, 10, 10, 5, 10, 20, 5, 5, 15, 5, 15, 10, 10, 15, 20, 10, 10, 5, 5, 5, 10, 10, 10, 15, 5, 15, 10, 5, 5, 5, 10, 10, 5, 5, 5, 15, 10, 10, 15, 10, 5, 5, 5, 5, 5, 10, 5, 5, 5, 5, 20, 15, 5, 5, 10, 10, 5, 5, 5, 5, 10, 15, 10, 5, 20, 5, 5, 10, 5, 5, 10, 10, 5, 5, 20, 10, 5, 5, 5, 20, 5, 10, 5, 5, 5, 5, 20, 5, 5, 20, 10, 10, 5, 10, 10, 15, 10, 10, 5, 5, 5, 20, 5, 5, 5, 5, 5, 20, 5, 5, 15, 10, 15, 10, 15, 10, 10, 10, 5, 10, 10, 20, 10, 5, 5, 10, 5, 5, 10, 10, 5, 5, 10, 5, 5, 10, 5, 10, 10, 15, 10, 10, 10, 5, 10, 5, 5, 5, 5, 10, 15, 31, 20, 15, 15, 5, 15, 10, 10, 20, 20, 5, 15, 10, 20, 15, 10, 5, 20, 5, 5, 5, 5, 5, 5, 15, 10, 15, 15, 10, 15, 10, 5, 25, 10, 10, 10, 10, 10, 10, 10, 15, 15, 10, 15, 15, 15, 15, 10, 15, 5, 10, 20, 10, 20, 20, 15, 15, 20, 10, 5, 5, 10, 15, 10, 15, 10, 10, 30, 5, 10, 25, 10, 15, 15, 10, 10, 30, 15, 5, 15, 5, 5, 10, 15, 5, 5, 20, 15, 20, 5, 5, 10, 10, 10, 15, 15, 10, 10, 10, 15, 10, 15, 5, 7, 5, 30, 5, 15, 15, 20, 10, 10, 15, 15, 10, 10, 5, 15, 5, 20, 5, 10, 5, 20, 10, 20, 25, 10, 10, 10, 10, 5, 5, 5, 5, 5, 15, 10, 10, 10, 5, 5, 15, 25, 15, 5, 30, 15, 20, 10, 15, 10, 5, 10, 15, 15, 5, 10, 30, 10, 15, 30, 15, 15, 15, 10, 15, 10, 10, 10, 10, 10, 20, 20, 15, 10, 10, 10, 5, 10, 20, 10, 25, 5, 25, 20, 15, 35, 15, 10, 15, 10, 10, 10, 15, 10, 10, 25, 5, 10, 15, 30, 10, 5, 15, 5, 20, 5, 5, 15, 5, 10, 5, 10, 5, 10, 10, 10, 5, 5, 5, 30, 15, 5, 10, 5, 10, 5, 15, 20, 55, 10, 10, 15, 20, 20, 10, 10, 5, 5, 15, 15, 20, 20, 35, 15, 20, 30, 5, 20, 5, 5, 5, 20, 10, 15, 20, 15, 10, 20, 5, 10, 35, 15, 10, 5, 10, 15, 5, 10, 22, 10, 5, 10, 15, 25, 47, 10, 20, 5, 15, 15, 15, 25, 10, 5, 5, 15, 20, 20, 15, 15, 15, 20, 10, 5, 15, 15, 6, 10, 20, 10, 6, 10, 10, 15, 15, 10, 10, 5, 10, 20, 40, 15, 10, 20, 10, 5, 10, 15, 35, 10, 20, 10, 5, 10, 15, 15, 10, 20, 5, 10, 20, 15, 5, 5, 20, 5, 10, 10, 5, 5, 10, 5, 10, 10, 15, 15, 20, 10, 10, 10, 35, 10, 15, 20, 20, 15, 10, 15, 10, 10, 30, 15, 20, 10, 20, 10, 35, 10, 10, 15, 15, 15, 20, 10, 20, 20, 20, 15, 5, 5, 10, 10, 15, 20, 25, 5, 5, 5, 10, 25, 5, 15, 15, 10, 15, 10, 10, 25, 15, 10, 20, 5, 15, 15, 20, 15, 15, 15, 15, 20, 5, 20, 15, 20, 15, 5, 5, 10, 30, 15, 15, 15, 10, 23, 15, 10, 10, 5, 10, 10, 5, 5, 15, 15, 10, 15, 27, 15, 20, 15, 10, 20, 10, 20, 15, 15, 15, 10, 10, 15, 20, 10, 15, 5, 15, 10, 5, 10, 10, 15, 30, 25, 10, 10, 5, 5, 20, 10, 15, 15, 15, 10, 25, 20, 20, 10, 15, 5, 20, 10, 20, 10, 15, 10, 15, 10, 5, 20, 5, 10, 5, 10, 10, 10, 5, 20, 20, 15, 5, 15, 10, 10, 15, 30, 10, 15, 10, 5, 10, 10, 35, 15, 5, 10, 10, 5, 10, 20, 10, 15, 15, 10, 5, 15, 10, 10, 5, 15, 10, 15, 15, 15, 15, 40, 10, 20, 25, 15, 15, 10, 20, 5, 15, 25, 15, 20, 20, 5, 10, 10, 20, 20, 5, 20, 15, 15, 15, 10, 5, 10, 15, 30, 20, 15, 10, 10, 15, 15, 10, 20, 20, 10, 15, 15, 10, 25, 15, 10, 20, 30, 15, 10, 5, 10, 30, 5, 10, 20, 15, 10, 20, 10, 10, 5, 5, 15, 5, 15, 15, 15, 10, 20, 10, 20, 10, 5, 25, 10, 35, 10, 30, 25, 5, 15, 15, 20, 25, 20, 15, 10, 15, 15, 10, 5, 20, 25, 10, 5, 25, 15, 10, 10, 10, 10, 25, 15, 10, 20, 5, 25, 5, 25, 5, 5, 15, 20, 10, 27, 10, 45, 25, 5, 15, 5, 15, 15, 35, 20, 25, 5, 10, 20, 15, 15, 15, 10, 15, 20, 5, 10, 10, 5, 10, 20, 10, 15, 20, 15, 35, 15, 10, 40, 20, 15, 20, 5, 15, 10, 10, 20, 30, 10, 35, 20, 10, 25, 5, 25, 25, 15, 30, 15, 15, 5, 20, 25, 5, 15, 25, 15, 15, 10, 15, 15, 25, 10, 25, 25, 15, 30, 10, 15, 25, 20, 15, 15, 12, 10, 15, 50, 15, 20, 10, 15, 15, 10, 45, 25, 10, 10, 25, 10, 10, 15, 25, 20, 15, 5, 30, 25, 20, 15, 20, 5, 15, 10, 15, 20, 20, 10, 15, 10, 15, 30, 15, 25, 35, 25, 10, 20, 20, 5, 10, 10, 45, 15, 20, 5, 10, 5, 15, 45, 15, 15, 16, 5, 40, 10, 20, 40, 20, 10, 20, 25, 25, 15, 15, 15, 35, 10, 15, 10, 10, 30, 5, 10, 10, 20, 15, 10, 10, 5, 20, 20, 35, 10, 10, 15, 15, 20, 10, 5, 10, 15, 30, 30, 5, 10, 5, 25, 15, 20, 10, 20, 20, 5, 20, 20, 10, 20, 15, 20, 12, 55, 20, 10, 10, 10, 5, 22, 25, 5, 5, 20, 10, 25, 10, 34, 
2158166, 4
2158166, 2722
2158166, 3118
2158166, 159101
2158166, 41731
2158166, 30107
2158167, 1
2158167, 
2158167, 3
2158167, 18901
2158167, 62496
2158167, 57853
2158167, 15163
2158167, 30010
2158185, 3
2158185, 5, 5, 5, 
2158185, 3
2158185, 24286
2158185, 67847
2158185, 199076
2158185, 30051
2158185, 29819
2189910, 26
2189910, 5, 10, 5, 5, 5, 5, 5, 5, 10, 10, 5, 5, 10, 10, 10, 5, 5, 10, 5, 10, 10, 10, 20, 5, 5, 15, 15, 15, 5, 10, 5, 10, 10, 5, 20, 10, 10, 10, 15, 15, 5, 15, 20, 10, 20, 5, 15, 30, 25, 15, 15, 5, 15, 10, 15, 10, 10, 25, 10, 5, 15, 15, 25, 10, 10, 10, 20, 10, 10, 5, 10, 15, 25, 30, 20, 5, 15, 15, 5, 10, 10, 10, 10, 20, 10, 35, 25, 5, 10, 15, 10, 30, 15, 20, 10, 5, 15, 25, 15, 20, 15, 10, 15, 15, 5, 20, 15, 20, 25, 20, 10, 15, 20, 10, 15, 30, 10, 10, 20, 5, 20, 10, 15, 10, 5, 20, 30, 25, 5, 10, 20, 25, 5, 15, 11, 20, 10, 20, 15, 10, 30, 15, 30, 15, 10, 35, 15, 20, 20, 15, 25, 20, 20, 15, 15, 20, 10, 5, 15, 15, 15, 10, 10, 10, 25, 10, 20, 30, 15, 20, 25, 15, 10, 15, 15, 15, 20, 55, 10, 15, 10, 25, 10, 25, 40, 10, 5, 30, 25, 9, 50, 20, 30, 50, 15, 20, 5, 20, 15, 10, 15, 5, 10, 30, 5, 25, 10, 10, 15, 10, 15, 20, 15, 10, 15, 15, 30, 10, 15, 25, 15, 15, 15, 10, 35, 15, 25, 20, 10, 10, 20, 20, 25, 35, 15, 30, 20, 5, 15, 10, 50, 20, 25, 10, 15, 20, 20, 20, 10, 10, 60, 15, 20, 15, 15, 20, 25, 20, 20, 10, 30, 10, 30, 30, 15, 5, 15, 15, 30, 15, 30, 35, 35, 10, 20, 18, 15, 15, 5, 25, 15, 25, 15, 10, 35, 20, 25, 25, 15, 20, 25, 25, 20, 15, 10, 10, 25, 25, 15, 40, 20, 26, 25, 20, 20, 35, 20, 10, 20, 25, 15, 20, 20, 10, 30, 30, 20, 10, 5, 20, 10, 55, 15, 5, 10, 30, 15, 15, 15, 15, 10, 20, 15, 35, 20, 20, 9, 15, 20, 20, 15, 40, 20, 20, 25, 15, 10, 25, 10, 15, 35, 25, 10, 30, 25, 55, 15, 30, 30, 25, 35, 25, 30, 15, 30, 20, 25, 15, 35, 15, 5, 25, 25, 25, 30, 25, 25, 35, 20, 30, 25, 25, 20, 25, 5, 15, 30, 30, 40, 30, 10, 30, 20, 5, 20, 35, 50, 20, 15, 25, 25, 10, 20, 20, 20, 10, 15, 20, 30, 20, 15, 20, 15, 20, 25, 20, 5, 5, 15, 10, 5, 35, 15, 35, 40, 5, 65, 20, 10, 20, 10, 45, 10, 25, 25, 20, 20, 35, 35, 15, 15, 30, 20, 10, 5, 25, 30, 20, 45, 20, 45, 20, 20, 25, 20, 15, 30, 25, 15, 15, 15, 45, 15, 30, 35, 20, 35, 10, 20, 10, 15, 20, 30, 20, 15, 20, 25, 25, 25, 35, 50, 20, 25, 20, 30, 10, 15, 25, 25, 5, 15, 10, 25, 15, 30, 20, 20, 15, 15, 30, 20, 15, 25, 15, 25, 25, 30, 40, 15, 30, 10, 35, 20, 35, 45, 30, 40, 30, 20, 40, 35, 40, 20, 20, 15, 35, 5, 20, 20, 45, 25, 25, 5, 60, 10, 25, 25, 30, 20, 20, 20, 25, 17, 25, 20, 15, 10, 10, 75, 15, 35, 5, 35, 25, 15, 40, 25, 30, 30, 15, 35, 20, 35, 40, 5, 35, 15, 15, 30, 25, 40, 15, 20, 25, 25, 30, 15, 25, 30, 55, 20, 40, 20, 20, 20, 15, 30, 50, 30, 20, 20, 30, 30, 30, 15, 15, 25, 40, 10, 20, 40, 15, 20, 25, 15, 15, 25, 20, 20, 30, 40, 30, 20, 20, 10, 15, 35, 20, 15, 40, 20, 20, 20, 15, 15, 25, 41, 25, 40, 15, 20, 20, 30, 10, 50, 10, 10, 20, 40, 45, 10, 30, 20, 40, 20, 20, 25, 15, 35, 35, 15, 41, 15, 10, 35, 15, 25, 40, 35, 30, 15, 15, 15, 20, 35, 30, 15, 20, 20, 35, 15, 20, 10, 30, 50, 50, 35, 40, 55, 20, 15, 25, 25, 35, 30, 5, 55, 35, 10, 15, 50, 20, 25, 30, 30, 25, 5, 30, 5, 15, 10, 25, 25, 15, 25, 15, 45, 25, 35, 20, 40, 30, 15, 35, 30, 25, 20, 25, 15, 15, 10, 10, 10, 75, 25, 25, 20, 15, 25, 20, 25, 30, 20, 15, 40, 15, 25, 20, 10, 15, 15, 25, 30, 10, 40, 30, 62, 15, 15, 25, 15, 25, 20, 35, 15, 30, 30, 25, 20, 35, 15, 20, 45, 20, 10, 10, 10, 50, 20, 30, 25, 20, 20, 20, 25, 45, 15, 20, 15, 40, 20, 50, 25, 20, 50, 20, 15, 15, 30, 20, 25, 25, 20, 30, 25, 25, 20, 30, 25, 40, 25, 50, 40, 35, 15, 25, 25, 40, 20, 30, 5, 20, 55, 30, 35, 10, 10, 20, 30, 25, 20, 25, 20, 93, 65, 35, 25, 20, 15, 20, 15, 20, 55, 30, 35, 35, 30, 40, 35, 50, 25, 50, 15, 20, 30, 16, 30, 25, 20, 40, 20, 35, 25, 15, 30, 30, 20, 35, 40, 50, 30, 30, 25, 15, 30, 20, 20, 5, 25, 10, 35, 20, 20, 5, 35, 25, 35, 25, 30, 10, 30, 15, 15, 20, 5, 35, 15, 35, 25, 35, 25, 15, 50, 26, 30, 20, 25, 50, 25, 30, 30, 25, 30, 45, 15, 15, 15, 45, 45, 15, 35, 20, 25, 40, 30, 25, 45, 20, 20, 35, 20, 40, 40, 10, 15, 10, 10, 20, 15, 25, 10, 40, 20, 15, 40, 25, 30, 10, 10, 15, 10, 25, 50, 25, 35, 10, 25, 25, 25, 35, 45, 30, 25, 50, 20, 15, 17, 5, 30, 15, 45, 15, 35, 15, 30, 25, 20, 35, 20, 30, 30, 20, 20, 25, 35, 25, 45, 20, 15, 20, 40, 70, 25, 25, 45, 25, 30, 35, 30, 15, 10, 30, 20, 25, 35, 25, 20, 30, 25, 20, 30, 25, 20, 40, 25, 40, 10, 35, 70, 35, 35, 25, 25, 40, 45, 25, 16, 35, 30, 30, 45, 25, 25, 80, 15, 35, 40, 20, 30, 15, 5, 20, 20, 40, 35, 25, 15, 30, 30, 10, 15, 45, 45, 30, 25, 15, 40, 25, 25, 30, 10, 40, 15, 45, 30, 25, 40, 30, 26, 30, 20, 45, 20, 25, 15, 5, 20, 10, 15, 10, 20, 35, 25, 30, 35, 10, 15, 30, 30, 45, 30, 15, 20, 25, 25, 20, 10, 25, 20, 35, 50, 20, 30, 30, 25, 30, 15, 73, 30, 30, 35, 15, 20, 20, 20, 25, 25, 20, 30, 15, 30, 35, 25, 20, 30, 25, 10, 10, 30, 35, 35, 25, 20, 10, 15, 30, 35, 15, 30, 20, 15, 45, 65, 15, 30, 61, 25, 85, 20, 25, 30, 30, 25, 20, 15, 25, 20, 10, 20, 10, 40, 20, 15, 15, 50, 45, 20, 20, 56, 25, 20, 20, 50, 35, 40, 60, 25, 25, 20, 20, 25, 20, 40, 30, 25, 40, 35, 35, 55, 25, 20, 35, 20, 10, 35, 35, 35, 40, 10, 25, 10, 85, 15, 50, 10, 20, 25, 25, 20, 20, 10, 30, 30, 25, 20, 25, 30, 30, 85, 35, 25, 15, 20, 20, 80, 25, 40, 30, 35, 10, 15, 20, 25, 35, 30, 10, 25, 45, 35, 25, 35, 20, 35, 20, 20, 30, 15, 40, 10, 30, 45, 25, 30, 55, 5, 35, 30, 10, 25, 35, 30, 25, 10, 40, 35, 30, 20, 15, 50, 25, 121, 35, 20, 30, 20, 20, 30, 35, 15, 35, 85, 45, 20, 10, 35, 15, 10, 85, 20, 25, 20, 107, 60, 15, 25, 25, 45, 20, 20, 40, 40, 50, 5, 35, 50, 5, 35, 40, 15, 15, 65, 20, 15, 50, 25, 20, 85, 35, 10, 40, 5, 40, 30, 35, 30, 35, 15, 50, 20, 50, 25, 20, 30, 15, 15, 33, 
2189910, 1
2189910, 2276
2189910, 2770
2189910, 63600
2189910, 20089
2189910, 29656
2189911, 1
2189911, 
2189911, 2
2189911, 7783
2189911, 8275
2189911, 47493
2189911, 10512
2189911, 29580
2189912, 1
2189912, 
2189912, 5
2189912, 13265
2189912, 13877
2189912, 47350
2189912, 12686
2189912, 29497
2197214, 3
2197214, 5, 5, 5, 5, 5, 5, 5, 5, 5, 5, 5, 5, 5, 5, 5, 15, 5, 5, 5, 5, 5, 5, 5, 5, 5, 5, 5, 5, 5, 5, 5, 5, 5, 5, 5, 5, 5, 5, 5, 5, 5, 5, 5, 5, 5, 5, 5, 5, 5, 10, 5, 5, 10, 5, 5, 5, 5, 5, 5, 15, 5, 5, 5, 5, 10, 5, 10, 5, 5, 5, 5, 5, 5, 5, 5, 5, 5, 5, 5, 5, 10, 5, 5, 5, 5, 5, 10, 5, 5, 5, 5, 5, 15, 5, 5, 5, 5, 5, 5, 10, 5, 5, 10, 5, 5, 10, 5, 5, 15, 5, 5, 10, 5, 5, 5, 15, 5, 5, 5, 5, 5, 10, 5, 5, 10, 5, 10, 5, 5, 5, 5, 5, 5, 5, 10, 5, 10, 5, 5, 5, 10, 5, 5, 5, 15, 5, 5, 10, 5, 5, 10, 5, 5, 5, 5, 5, 5, 5, 5, 15, 5, 5, 5, 5, 5, 5, 10, 5, 5, 10, 5, 5, 5, 5, 5, 5, 5, 5, 5, 5, 5, 5, 5, 5, 10, 5, 5, 5, 5, 10, 5, 5, 5, 5, 10, 10, 10, 5, 10, 5, 20, 15, 5, 5, 5, 5, 5, 5, 5, 5, 5, 5, 5, 5, 5, 5, 10, 5, 5, 5, 10, 5, 15, 10, 5, 5, 10, 5, 5, 10, 5, 5, 5, 5, 5, 5, 5, 10, 5, 6, 5, 5, 10, 5, 5, 5, 5, 5, 1, 5, 5, 5, 10, 10, 5, 5, 10, 5, 10, 5, 5, 5, 5, 5, 25, 5, 10, 5, 5, 5, 10, 5, 5, 5, 5, 10, 5, 5, 5, 5, 5, 15, 5, 15, 5, 5, 5, 5, 20, 10, 10, 15, 5, 5, 5, 5, 10, 5, 5, 10, 5, 10, 5, 5, 5, 5, 15, 5, 10, 5, 5, 5, 5, 5, 5, 5, 15, 15, 20, 5, 5, 10, 5, 5, 5, 5, 10, 10, 15, 5, 15, 5, 10, 5, 10, 10, 10, 5, 5, 5, 20, 15, 10, 5, 5, 5, 5, 10, 15, 5, 15, 5, 10, 10, 15, 10, 5, 5, 5, 5, 5, 5, 10, 15, 10, 5, 5, 10, 10, 5, 10, 5, 5, 5, 5, 5, 5, 5, 10, 5, 5, 5, 10, 20, 5, 10, 10, 10, 10, 5, 15, 5, 5, 10, 10, 5, 5, 10, 5, 5, 5, 5, 5, 5, 5, 5, 5, 5, 10, 10, 5, 5, 10, 10, 5, 15, 5, 10, 5, 5, 10, 5, 5, 10, 10, 5, 5, 5, 5, 10, 5, 5, 5, 10, 5, 15, 5, 5, 15, 5, 15, 5, 10, 5, 10, 5, 5, 5, 5, 5, 5, 5, 10, 5, 15, 5, 10, 5, 5, 10, 10, 5, 5, 5, 10, 15, 5, 5, 10, 5, 5, 5, 10, 5, 5, 5, 5, 5, 5, 5, 10, 15, 5, 15, 10, 10, 10, 5, 5, 20, 20, 5, 10, 5, 15, 10, 10, 10, 5, 5, 10, 10, 10, 5, 5, 10, 10, 20, 10, 5, 5, 5, 10, 5, 10, 15, 20, 5, 25, 10, 10, 5, 20, 10, 5, 15, 5, 5, 15, 5, 10, 5, 5, 15, 20, 10, 5, 10, 5, 15, 5, 5, 10, 5, 5, 15, 5, 5, 10, 10, 5, 10, 5, 5, 5, 20, 5, 15, 5, 5, 5, 10, 5, 5, 5, 10, 10, 10, 5, 10, 10, 5, 5, 10, 10, 5, 5, 20, 5, 11, 5, 5, 10, 10, 10, 45, 10, 10, 5, 5, 10, 5, 10, 5, 5, 5, 10, 5, 5, 10, 10, 5, 10, 5, 10, 10, 10, 10, 15, 5, 5, 5, 10, 20, 10, 10, 10, 5, 15, 10, 15, 10, 5, 5, 10, 17, 5, 5, 15, 15, 10, 5, 5, 10, 5, 10, 5, 10, 15, 5, 5, 20, 10, 5, 5, 5, 25, 5, 5, 15, 15, 5, 20, 5, 5, 10, 10, 5, 5, 5, 10, 10, 5, 10, 5, 15, 10, 10, 10, 5, 15, 10, 15, 5, 10, 10, 10, 5, 20, 15, 10, 10, 15, 5, 5, 5, 10, 10, 15, 20, 5, 15, 20, 10, 5, 5, 5, 10, 15, 5, 15, 15, 5, 5, 25, 5, 5, 5, 15, 10, 10, 20, 10, 5, 10, 5, 10, 10, 10, 15, 5, 15, 10, 10, 15, 15, 5, 15, 10, 10, 15, 5, 13, 10, 5, 10, 5, 5, 10, 10, 5, 5, 20, 15, 10, 10, 30, 10, 10, 15, 15, 10, 15, 15, 5, 15, 15, 5, 5, 10, 10, 10, 5, 5, 5, 15, 10, 5, 5, 15, 5, 5, 5, 15, 10, 15, 15, 15, 10, 15, 10, 15, 33, 5, 5, 10, 10, 5, 5, 5, 5, 15, 10, 10, 10, 10, 5, 10, 20, 20, 20, 25, 5, 16, 5, 10, 15, 5, 25, 15, 17, 10, 10, 10, 10, 5, 5, 5, 10, 5, 15, 20, 5, 10, 10, 10, 5, 15, 5, 5, 15, 15, 5, 10, 5, 5, 5, 15, 10, 5, 15, 10, 10, 15, 5, 5, 20, 5, 20, 5, 5, 20, 15, 15, 10, 5, 5, 15, 10, 25, 10, 15, 10, 5, 5, 10, 5, 5, 15, 25, 25, 10, 15, 10, 10, 5, 5, 10, 20, 20, 10, 5, 10, 5, 10, 10, 
2197214, 1
2197214, 5027
2197214, 7038
2197214, 47935
2197214, 13080
2197214, 29426
2244569, 116
2244569, 10, 10, 5, 5, 5, 5, 5, 10, 10, 5, 10, 10, 5, 5, 15, 7, 10, 10, 15, 20, 15, 5, 5, 10, 5, 30, 25, 40, 45, 20, 20, 20, 30, 20, 5, 15, 15, 20, 5, 20, 25, 5, 5, 15, 25, 35, 15, 15, 25, 10, 5, 10, 25, 10, 15, 15, 25, 35, 15, 25, 10, 20, 30, 10, 25, 10, 15, 30, 15, 25, 25, 20, 30, 25, 10, 20, 10, 25, 30, 20, 15, 30, 40, 30, 15, 35, 20, 30, 20, 10, 15, 15, 20, 5, 20, 15, 15, 25, 25, 20, 30, 25, 15, 10, 25, 35, 25, 35, 10, 20, 20, 25, 25, 30, 25, 15, 20, 15, 25, 70, 10, 20, 30, 20, 40, 25, 15, 15, 25, 5, 25, 40, 15, 20, 35, 40, 25, 35, 35, 25, 25, 25, 30, 30, 35, 30, 15, 30, 25, 25, 20, 25, 35, 25, 30, 25, 40, 35, 35, 40, 10, 15, 25, 20, 40, 15, 25, 30, 20, 15, 10, 20, 25, 20, 35, 20, 30, 10, 35, 45, 45, 25, 20, 30, 20, 15, 15, 25, 40, 30, 40, 30, 17, 25, 20, 20, 40, 25, 10, 35, 40, 40, 30, 25, 30, 40, 36, 30, 20, 45, 25, 20, 10, 50, 30, 30, 20, 42, 40, 20, 25, 35, 20, 35, 20, 25, 55, 25, 25, 35, 30, 20, 35, 50, 10, 35, 25, 25, 35, 25, 45, 30, 25, 20, 45, 35, 25, 40, 30, 20, 20, 10, 30, 20, 50, 5, 15, 20, 20, 20, 25, 20, 20, 35, 45, 20, 30, 40, 50, 45, 15, 35, 45, 35, 35, 30, 30, 15, 25, 15, 50, 25, 35, 40, 30, 35, 35, 30, 35, 35, 50, 15, 25, 30, 25, 35, 10, 20, 25, 25, 15, 35, 45, 55, 30, 40, 30, 20, 30, 20, 20, 25, 15, 35, 20, 15, 20, 30, 20, 30, 35, 100, 15, 20, 30, 10, 40, 30, 40, 21, 5, 50, 40, 25, 35, 20, 30, 45, 40, 30, 35, 20, 60, 55, 40, 30, 35, 50, 25, 35, 40, 55, 10, 30, 35, 40, 25, 30, 45, 20, 15, 35, 30, 40, 45, 35, 30, 25, 20, 55, 25, 45, 25, 10, 30, 55, 30, 45, 35, 35, 20, 40, 20, 40, 40, 15, 25, 85, 40, 30, 15, 40, 40, 20, 30, 35, 30, 25, 35, 35, 45, 40, 15, 35, 70, 25, 15, 20, 15, 55, 50, 35, 20, 25, 25, 15, 45, 10, 35, 35, 20, 35, 40, 45, 115, 15, 15, 15, 55, 30, 35, 40, 15, 40, 30, 45, 55, 25, 20, 15, 20, 35, 40, 40, 43, 45, 25, 15, 20, 50, 30, 30, 20, 25, 30, 40, 10, 35, 20, 25, 30, 35, 45, 45, 30, 35, 25, 45, 30, 20, 35, 25, 40, 20, 20, 25, 40, 30, 20, 60, 50, 20, 25, 22, 30, 55, 45, 25, 25, 30, 25, 45, 35, 30, 25, 45, 30, 25, 50, 30, 15, 35, 25, 50, 15, 35, 35, 20, 35, 50, 35, 30, 30, 30, 30, 35, 30, 15, 35, 35, 40, 15, 35, 50, 50, 45, 35, 45, 30, 25, 63, 30, 75, 35, 15, 90, 50, 25, 35, 30, 55, 40, 30, 20, 60, 40, 20, 35, 25, 20, 40, 55, 35, 35, 30, 35, 60, 50, 60, 40, 20, 45, 30, 25, 15, 30, 30, 45, 20, 80, 30, 40, 20, 40, 20, 35, 41, 40, 30, 50, 65, 40, 50, 35, 40, 40, 40, 35, 45, 20, 35, 15, 35, 50, 35, 25, 30, 78, 45, 45, 40, 20, 40, 30, 30, 25, 45, 15, 40, 35, 40, 25, 60, 40, 35, 30, 50, 60, 20, 55, 35, 30, 15, 45, 40, 58, 45, 80, 15, 15, 35, 35, 40, 30, 35, 40, 35, 10, 25, 20, 40, 45, 35, 40, 30, 26, 80, 30, 55, 70, 35, 35, 35, 20, 35, 25, 25, 30, 25, 30, 35, 35, 20, 30, 15, 75, 90, 60, 35, 55, 30, 40, 50, 30, 35, 15, 40, 30, 40, 60, 60, 45, 35, 30, 20, 30, 25, 25, 20, 30, 45, 75, 35, 35, 40, 20, 35, 25, 25, 40, 50, 30, 30, 40, 30, 20, 15, 50, 30, 35, 20, 45, 25, 25, 31, 20, 20, 40, 20, 35, 45, 35, 35, 35, 112, 55, 20, 25, 40, 41, 35, 47, 30, 20, 35, 80, 60, 40, 20, 65, 45, 30, 45, 40, 61, 50, 30, 60, 25, 25, 35, 70, 35, 25, 30, 45, 40, 45, 25, 25, 30, 55, 25, 20, 25, 55, 75, 40, 55, 35, 35, 60, 45, 70, 40, 20, 20, 50, 55, 40, 40, 30, 45, 35, 70, 35, 55, 45, 30, 95, 15, 15, 25, 45, 30, 35, 40, 50, 20, 45, 45, 40, 35, 20, 20, 25, 50, 20, 45, 65, 35, 25, 20, 35, 10, 65, 40, 45, 30, 30, 25, 45, 35, 50, 35, 60, 35, 20, 40, 40, 45, 75, 45, 40, 30, 15, 65, 35, 51, 35, 35, 35, 25, 55, 40, 50, 25, 65, 35, 20, 35, 40, 45, 45, 35, 45, 35, 85, 30, 15, 45, 20, 60, 30, 55, 30, 50, 40, 50, 20, 40, 35, 61, 55, 45, 50, 10, 15, 40, 45, 20, 60, 55, 30, 40, 20, 55, 35, 30, 35, 45, 30, 45, 20, 25, 45, 25, 25, 20, 40, 30, 50, 25, 35, 35, 30, 50, 35, 45, 30, 35, 25, 30, 55, 25, 35, 25, 40, 40, 45, 20, 85, 20, 30, 85, 30, 40, 10, 50, 45, 35, 35, 40, 45, 20, 35, 40, 30, 25, 30, 35, 40, 35, 40, 30, 55, 37, 25, 40, 45, 50, 65, 35, 45, 50, 30, 25, 30, 70, 30, 50, 45, 55, 25, 40, 35, 75, 35, 20, 20, 55, 10, 50, 50, 65, 55, 15, 55, 35, 35, 30, 25, 50, 35, 40, 30, 97, 55, 50, 35, 45, 25, 55, 25, 30, 35, 40, 60, 40, 25, 55, 30, 25, 30, 20, 30, 35, 35, 40, 30, 35, 45, 60, 15, 60, 40, 45, 45, 70, 70, 25, 20, 45, 35, 20, 60, 15, 40, 40, 25, 40, 40, 30, 40, 60, 25, 25, 100, 10, 40, 35, 20, 30, 35, 20, 30, 50, 30, 55, 91, 25, 35, 31, 35, 30, 45, 10, 115, 40, 40, 40, 25, 40, 40, 30, 25, 30, 20, 45, 25, 35, 10, 30, 40, 50, 91, 35, 35, 55, 30, 80, 60, 35, 50, 30, 40, 45, 40, 50, 30, 25, 40, 30, 35, 20, 45, 45, 55, 35, 35, 70, 20, 40, 35, 75, 45, 45, 122, 51, 40, 75, 60, 21, 82, 55, 30, 30, 85, 30, 45, 40, 30, 32, 25, 31, 20, 45, 35, 30, 35, 5, 25, 35, 25, 25, 30, 110, 40, 55, 50, 85, 30, 35, 25, 20, 25, 50, 90, 40, 120, 65, 37, 50, 95, 50, 35, 45, 20, 40, 49, 70, 55, 45, 35, 35, 30, 15, 50, 30, 40, 65, 45, 10, 35, 40, 35, 35, 55, 30, 45, 95, 35, 30, 85, 30, 30, 25, 20, 30, 45, 50, 25, 30, 40, 35, 25, 35, 50, 30, 20, 45, 36, 90, 45, 30, 30, 55, 45, 30, 35, 55, 40, 60, 20, 111, 5, 30, 20, 40, 40, 50, 31, 35, 35, 40, 35, 35, 40, 40, 45, 45, 30, 50, 55, 60, 55, 40, 20, 50, 65, 35, 65, 40, 35, 20, 25, 55, 40, 15, 40, 40, 20, 25, 35, 45, 20, 50, 35, 35, 35, 80, 67, 105, 45, 95, 40, 40, 25, 40, 65, 45, 60, 10, 50, 55, 30, 30, 35, 75, 45, 45, 35, 30, 30, 25, 25, 10, 20, 65, 20, 40, 40, 35, 20, 50, 40, 25, 20, 90, 60, 35, 45, 20, 35, 30, 45, 50, 35, 40, 60, 25, 45, 84, 35, 50, 55, 45, 60, 35, 70, 25, 35, 50, 50, 45, 50, 40, 25, 30, 40, 30, 40, 35, 30, 30, 45, 50, 30, 30, 76, 40, 20, 40, 110, 74, 
2244569, 2
2244569, 2074
2244569, 2491
2244569, 50236
2244569, 15487
2244569, 29273
2244570, 1
2244570, 
2244570, 1
2244570, 8195
2244570, 8630
2244570, 24045
2244570, 7232
2244570, 29257
2251560, 16
2251560, 5, 5, 5, 5, 5, 5, 5, 5, 5, 5, 5, 5, 5, 5, 5, 5, 5, 5, 5, 5, 5, 5, 5, 5, 5, 5, 5, 5, 5, 5, 5, 5, 5, 5, 5, 5, 5, 5, 5, 5, 5, 5, 5, 5, 5, 5, 5, 5, 5, 5, 5, 5, 5, 5, 5, 5, 5, 5, 5, 5, 10, 5, 5, 5, 5, 5, 5, 5, 5, 5, 10, 5, 5, 5, 5, 10, 10, 5, 10, 5, 5, 5, 5, 5, 5, 5, 10, 10, 5, 10, 5, 10, 10, 5, 5, 5, 5, 5, 5, 5, 5, 5, 5, 5, 5, 5, 10, 5, 5, 5, 5, 10, 5, 5, 10, 5, 5, 5, 5, 10, 5, 5, 5, 5, 5, 10, 10, 5, 10, 5, 5, 5, 5, 5, 5, 5, 5, 5, 5, 10, 5, 5, 5, 10, 15, 5, 5, 2, 5, 5, 5, 5, 5, 5, 5, 10, 5, 5, 10, 5, 15, 5, 5, 5, 5, 5, 10, 10, 5, 5, 5, 6, 5, 10, 5, 5, 5, 5, 10, 5, 10, 10, 10, 5, 10, 5, 5, 5, 5, 10, 5, 5, 5, 5, 5, 5, 10, 5, 5, 5, 15, 8, 5, 5, 5, 5, 10, 5, 5, 5, 10, 10, 10, 5, 10, 10, 5, 5, 5, 5, 15, 5, 10, 10, 5, 5, 10, 10, 5, 5, 10, 10, 15, 10, 10, 5, 5, 5, 5, 10, 5, 5, 10, 5, 5, 5, 5, 5, 10, 5, 10, 5, 5, 5, 5, 10, 10, 5, 5, 15, 10, 10, 5, 10, 10, 5, 5, 10, 5, 15, 10, 5, 10, 20, 10, 5, 10, 10, 5, 15, 5, 10, 5, 10, 5, 5, 10, 10, 10, 15, 5, 10, 5, 5, 10, 5, 5, 5, 5, 10, 10, 5, 5, 5, 5, 10, 5, 10, 5, 5, 5, 5, 5, 10, 5, 5, 10, 10, 5, 5, 15, 15, 5, 10, 5, 5, 5, 20, 15, 5, 5, 5, 10, 10, 10, 5, 10, 5, 10, 15, 5, 10, 5, 5, 5, 10, 10, 5, 15, 5, 10, 5, 10, 5, 5, 5, 15, 5, 10, 5, 5, 10, 5, 10, 5, 10, 15, 10, 10, 10, 10, 10, 5, 10, 5, 5, 10, 15, 10, 5, 10, 5, 5, 10, 5, 5, 5, 15, 5, 5, 5, 5, 25, 10, 5, 10, 10, 20, 10, 10, 10, 10, 10, 25, 10, 10, 5, 10, 5, 5, 5, 5, 5, 5, 15, 15, 10, 15, 10, 5, 10, 5, 15, 10, 10, 15, 15, 5, 10, 5, 25, 15, 20, 5, 5, 10, 5, 5, 5, 15, 10, 5, 5, 10, 5, 5, 5, 15, 5, 5, 10, 10, 5, 5, 5, 25, 15, 3, 5, 15, 5, 5, 15, 5, 10, 5, 5, 10, 10, 6, 10, 5, 5, 5, 5, 10, 5, 15, 5, 5, 10, 10, 5, 15, 10, 15, 5, 10, 10, 10, 5, 20, 5, 5, 5, 5, 30, 10, 10, 5, 10, 15, 5, 10, 10, 10, 5, 10, 5, 5, 5, 10, 5, 5, 10, 10, 10, 5, 15, 10, 10, 5, 25, 20, 10, 15, 5, 5, 10, 15, 15, 10, 10, 10, 10, 5, 15, 5, 15, 10, 20, 10, 10, 10, 5, 5, 5, 15, 10, 11, 5, 7, 5, 5, 20, 5, 15, 10, 10, 10, 10, 10, 10, 5, 5, 5, 5, 5, 5, 5, 10, 5, 10, 5, 5, 3, 10, 5, 10, 10, 20, 5, 10, 5, 5, 5, 5, 15, 5, 5, 10, 15, 10, 10, 15, 5, 10, 5, 10, 5, 10, 15, 10, 10, 5, 10, 5, 10, 10, 10, 5, 5, 5, 5, 5, 5, 15, 10, 5, 10, 10, 5, 10, 5, 10, 5, 10, 10, 10, 10, 10, 15, 5, 5, 15, 25, 15, 5, 10, 5, 15, 10, 5, 15, 15, 10, 5, 5, 5, 15, 5, 10, 10, 15, 10, 5, 10, 5, 5, 5, 10, 10, 5, 20, 10, 10, 10, 10, 10, 10, 10, 5, 5, 10, 5, 5, 5, 5, 5, 5, 5, 5, 5, 10, 15, 10, 5, 15, 10, 5, 10, 20, 5, 10, 10, 15, 10, 10, 5, 5, 5, 5, 15, 20, 5, 5, 10, 5, 10, 5, 5, 5, 10, 5, 20, 10, 15, 10, 10, 10, 10, 15, 5, 5, 5, 5, 5, 15, 20, 5, 5, 15, 5, 5, 5, 5, 10, 15, 5, 15, 15, 15, 10, 5, 15, 5, 5, 10, 10, 5, 10, 15, 5, 5, 20, 25, 10, 5, 10, 15, 5, 10, 5, 5, 10, 20, 10, 10, 15, 10, 10, 10, 5, 10, 5, 5, 15, 5, 5, 10, 20, 10, 5, 10, 5, 5, 5, 5, 10, 15, 15, 5, 10, 5, 10, 15, 5, 5, 5, 10, 10, 15, 5, 5, 15, 10, 15, 10, 10, 10, 10, 20, 10, 10, 23, 15, 15, 15, 20, 15, 10, 15, 5, 10, 15, 15, 5, 5, 10, 25, 5, 15, 10, 15, 15, 10, 5, 10, 10, 10, 5, 5, 5, 20, 20, 5, 10, 5, 5, 10, 
2251560, 1
2251560, 2634
2251560, 3440
2251560, 15555
2251560, 3101
2251560, 29236
2251566, 1
2251566, 5, 
2251566, 1
2251566, 8719
2251566, 9526
2251566, 2510
2251566, 253
2251566, 29239
2265412, 16
2265412, 5, 5, 5, 5, 5, 5, 5, 5, 5, 5, 5, 5, 5, 5, 10, 5, 5, 5, 5, 5, 5, 5, 5, 10, 10, 5, 5, 5, 5, 5, 5, 5, 10, 5, 5, 5, 5, 5, 5, 5, 5, 5, 5, 5, 5, 5, 5, 10, 5, 10, 5, 5, 5, 5, 5, 5, 5, 5, 5, 5, 5, 10, 5, 10, 5, 5, 5, 5, 10, 15, 10, 5, 5, 10, 10, 5, 15, 10, 10, 10, 5, 10, 10, 5, 15, 5, 5, 5, 5, 5, 10, 5, 5, 5, 5, 5, 5, 10, 5, 5, 5, 15, 5, 5, 20, 5, 5, 15, 5, 5, 5, 15, 5, 5, 5, 5, 5, 5, 5, 10, 5, 5, 10, 5, 15, 5, 10, 5, 5, 5, 10, 10, 5, 5, 10, 15, 10, 5, 10, 10, 5, 5, 10, 5, 10, 10, 5, 5, 15, 5, 5, 5, 5, 10, 15, 5, 15, 10, 10, 15, 5, 10, 5, 5, 15, 15, 5, 5, 5, 10, 5, 5, 15, 25, 10, 5, 10, 10, 10, 5, 5, 10, 10, 10, 15, 5, 10, 10, 5, 10, 5, 5, 10, 15, 5, 15, 5, 10, 5, 5, 15, 10, 10, 5, 10, 10, 5, 10, 10, 10, 10, 5, 15, 10, 10, 10, 5, 10, 10, 10, 5, 10, 15, 5, 5, 20, 10, 5, 5, 10, 5, 10, 10, 15, 5, 5, 5, 5, 10, 10, 10, 5, 15, 10, 10, 5, 5, 10, 5, 5, 15, 10, 10, 15, 5, 5, 5, 5, 15, 5, 5, 25, 10, 5, 15, 5, 5, 10, 10, 5, 10, 10, 5, 15, 5, 10, 5, 20, 20, 15, 5, 5, 5, 10, 10, 10, 10, 10, 10, 10, 20, 5, 5, 5, 5, 10, 15, 5, 10, 5, 10, 10, 5, 5, 10, 5, 10, 10, 15, 10, 5, 10, 20, 10, 10, 10, 5, 15, 20, 5, 10, 10, 5, 5, 15, 15, 25, 15, 5, 5, 10, 10, 10, 5, 5, 10, 5, 5, 5, 20, 10, 15, 10, 5, 5, 15, 5, 15, 5, 10, 10, 25, 10, 5, 15, 5, 10, 25, 5, 10, 15, 5, 5, 5, 5, 5, 10, 25, 10, 20, 15, 5, 15, 5, 5, 5, 5, 10, 10, 5, 20, 5, 5, 10, 10, 5, 5, 10, 10, 10, 10, 10, 10, 10, 5, 10, 15, 10, 20, 25, 5, 10, 20, 15, 15, 10, 20, 10, 5, 5, 5, 5, 15, 15, 10, 5, 15, 5, 5, 5, 10, 25, 15, 10, 15, 20, 10, 15, 10, 11, 5, 20, 10, 10, 10, 5, 5, 5, 10, 5, 10, 10, 10, 10, 20, 10, 10, 15, 10, 10, 10, 20, 10, 15, 10, 5, 5, 10, 10, 10, 15, 10, 15, 10, 15, 15, 10, 15, 10, 10, 10, 10, 15, 10, 10, 15, 10, 10, 10, 5, 5, 25, 5, 10, 10, 20, 10, 10, 10, 5, 15, 20, 5, 15, 10, 5, 10, 30, 10, 20, 15, 5, 10, 10, 40, 10, 5, 5, 10, 10, 10, 10, 15, 5, 5, 25, 25, 15, 30, 15, 10, 20, 15, 25, 10, 10, 5, 15, 15, 15, 10, 5, 25, 10, 15, 15, 5, 5, 5, 15, 10, 25, 20, 10, 5, 15, 10, 5, 10, 10, 10, 5, 5, 15, 15, 15, 30, 25, 20, 5, 5, 5, 20, 5, 10, 10, 15, 15, 15, 15, 20, 15, 20, 5, 15, 10, 5, 5, 10, 15, 10, 5, 5, 10, 5, 11, 10, 10, 10, 10, 10, 10, 10, 10, 15, 10, 20, 5, 10, 15, 5, 20, 20, 10, 5, 20, 5, 15, 5, 20, 10, 10, 10, 15, 15, 10, 15, 10, 20, 20, 20, 10, 10, 10, 20, 10, 10, 25, 5, 35, 10, 5, 30, 15, 10, 5, 15, 5, 5, 15, 20, 15, 15, 5, 10, 5, 10, 10, 30, 10, 20, 15, 10, 5, 5, 5, 20, 10, 30, 5, 15, 5, 15, 10, 10, 15, 15, 30, 15, 20, 5, 5, 5, 20, 15, 10, 25, 35, 15, 35, 5, 10, 21, 10, 10, 10, 10, 10, 15, 5, 5, 5, 10, 5, 5, 15, 10, 5, 20, 10, 15, 15, 10, 10, 10, 15, 20, 15, 15, 10, 15, 15, 15, 20, 5, 5, 20, 20, 15, 10, 20, 20, 15, 5, 25, 10, 20, 10, 15, 15, 20, 5, 20, 25, 5, 15, 15, 20, 15, 10, 15, 30, 5, 15, 15, 10, 10, 5, 5, 15, 5, 10, 10, 5, 15, 5, 10, 5, 15, 5, 5, 5, 15, 25, 15, 20, 10, 10, 20, 5, 15, 15, 10, 10, 15, 5, 15, 15, 15, 10, 15, 5, 5, 25, 15, 25, 5, 15, 25, 20, 10, 15, 15, 15, 10, 15, 30, 20, 15, 23, 10, 5, 10, 20, 20, 10, 20, 15, 10, 30, 25, 45, 10, 10, 20, 25, 10, 20, 20, 10, 10, 15, 5, 5, 10, 15, 15, 15, 5, 10, 5, 10, 10, 10, 10, 30, 30, 15, 10, 10, 15, 10, 10, 5, 20, 5, 15, 10, 15, 15, 20, 25, 10, 15, 20, 10, 15, 10, 5, 10, 5, 20, 5, 20, 15, 15, 15, 15, 15, 15, 20, 15, 10, 15, 15, 15, 20, 5, 5, 5, 25, 5, 10, 10, 15, 10, 5, 10, 20, 20, 25, 10, 25, 15, 35, 15, 25, 10, 25, 5, 10, 20, 5, 20, 30, 10, 15, 20, 15, 20, 30, 15, 5, 5, 10, 10, 15, 15, 5, 5, 15, 10, 20, 10, 5, 10, 25, 35, 10, 10, 10, 20, 25, 10, 5, 20, 20, 10, 15, 15, 20, 15, 5, 20, 5, 25, 25, 5, 15, 10, 5, 10, 15, 30, 15, 10, 10, 10, 10, 15, 15, 15, 10, 20, 15, 10, 10, 10, 10, 15, 5, 20, 40, 40, 25, 35, 30, 20, 15, 20, 35, 25, 20, 15, 10, 15, 10, 15, 15, 20, 15, 15, 10, 10, 15, 10, 20, 5, 10, 15, 10, 10, 25, 15, 15, 10, 25, 20, 30, 10, 10, 25, 15, 10, 5, 15, 20, 25, 10, 20, 30, 10, 11, 15, 10, 30, 10, 15, 10, 10, 10, 15, 30, 5, 20, 25, 20, 40, 20, 25, 10, 10, 20, 20, 25, 20, 20, 5, 10, 5, 10, 20, 20, 15, 10, 25, 5, 20, 15, 30, 10, 10, 15, 25, 5, 10, 25, 25, 10, 26, 10, 10, 5, 15, 25, 10, 10, 15, 20, 5, 5, 15, 25, 5, 15, 25, 10, 5, 10, 20, 10, 15, 10, 10, 20, 15, 20, 25, 10, 5, 45, 25, 10, 5, 5, 15, 20, 5, 5, 15, 5, 5, 15, 20, 10, 10, 25, 10, 15, 10, 10, 10, 5, 15, 15, 10, 5, 20, 20, 15, 5, 10, 15, 25, 15, 25, 15, 5, 20, 10, 20, 15, 5, 5, 20, 25, 15, 10, 10, 15, 5, 25, 15, 5, 6, 15, 10, 15, 15, 10, 15, 20, 10, 46, 
2265412, 1
2265412, 2529
2265412, 3138
2265412, 6134
2265412, 1485
2265412, 29209
2266567, 1
2266567, 5, 5, 5, 5, 5, 5, 5, 5, 5, 5, 5, 5, 5, 5, 5, 5, 5, 5, 5, 5, 5, 5, 5, 5, 5, 5, 5, 5, 5, 5, 5, 5, 5, 5, 5, 5, 5, 5, 5, 5, 5, 5, 5, 5, 5, 5, 10, 5, 5, 10, 5, 5, 5, 5, 5, 5, 5, 5, 5, 5, 5, 5, 5, 15, 5, 5, 5, 5, 5, 5, 5, 5, 5, 10, 5, 5, 5, 5, 5, 5, 5, 5, 5, 5, 5, 5, 5, 5, 5, 5, 5, 5, 5, 5, 5, 5, 5, 5, 5, 5, 5, 5, 5, 5, 5, 5, 5, 5, 5, 5, 5, 5, 5, 5, 5, 5, 10, 5, 10, 5, 5, 5, 5, 10, 5, 5, 5, 5, 5, 5, 5, 5, 5, 10, 5, 5, 5, 5, 5, 10, 5, 5, 5, 5, 5, 10, 5, 5, 5, 5, 5, 5, 5, 5, 5, 5, 5, 10, 5, 5, 5, 5, 5, 5, 5, 5, 5, 5, 10, 15, 10, 10, 5, 5, 5, 5, 5, 5, 5, 5, 5, 5, 5, 10, 5, 5, 5, 5, 5, 10, 5, 5, 5, 5, 5, 5, 5, 5, 5, 5, 5, 5, 5, 5, 5, 10, 5, 5, 5, 5, 4, 
2266567, 1
2266567, 2995
2266567, 3583
2266567, 47976
2266567, 10483
2266567, 29168
2269934, 11
2269934, 5, 5, 5, 5, 5, 5, 5, 5, 5, 5, 5, 5, 5, 5, 5, 5, 5, 5, 5, 5, 5, 5, 5, 5, 5, 5, 10, 5, 5, 5, 5, 10, 5, 5, 5, 5, 5, 5, 5, 5, 5, 5, 5, 10, 5, 5, 5, 5, 5, 5, 5, 5, 5, 5, 10, 5, 5, 5, 5, 5, 5, 5, 5, 5, 5, 5, 5, 5, 5, 5, 5, 5, 5, 5, 5, 10, 5, 5, 5, 5, 5, 5, 15, 5, 5, 5, 5, 5, 5, 5, 5, 5, 5, 10, 5, 5, 5, 5, 5, 5, 5, 5, 5, 5, 5, 5, 5, 5, 5, 5, 5, 10, 5, 5, 5, 5, 5, 5, 5, 5, 5, 5, 5, 5, 10, 5, 5, 5, 5, 5, 5, 10, 5, 5, 5, 10, 5, 10, 5, 5, 5, 5, 5, 5, 5, 5, 5, 6, 5, 5, 5, 10, 5, 5, 5, 5, 5, 5, 5, 10, 5, 5, 5, 5, 5, 15, 10, 10, 5, 5, 5, 15, 5, 5, 10, 5, 2, 5, 5, 5, 5, 5, 5, 5, 5, 10, 5, 10, 10, 5, 5, 15, 5, 5, 10, 10, 5, 5, 10, 5, 5, 5, 5, 5, 5, 5, 5, 5, 5, 5, 5, 5, 5, 5, 5, 5, 5, 10, 5, 10, 5, 10, 5, 5, 5, 5, 10, 5, 5, 5, 5, 1, 5, 15, 5, 5, 5, 5, 5, 5, 5, 2, 15, 5, 10, 15, 5, 15, 5, 5, 5, 5, 10, 5, 5, 5, 10, 10, 5, 5, 5, 5, 5, 5, 10, 5, 10, 5, 5, 10, 10, 5, 5, 10, 5, 5, 5, 15, 5, 5, 10, 10, 5, 10, 10, 5, 10, 5, 5, 5, 5, 5, 5, 10, 5, 5, 10, 10, 5, 5, 10, 5, 5, 5, 5, 5, 10, 10, 5, 15, 5, 5, 5, 5, 5, 5, 5, 5, 5, 5, 5, 5, 10, 5, 5, 10, 5, 10, 5, 5, 12, 5, 15, 10, 5, 5, 5, 15, 10, 5, 10, 10, 5, 5, 5, 10, 5, 15, 10, 5, 5, 5, 5, 5, 10, 15, 10, 10, 5, 5, 5, 5, 5, 5, 5, 5, 10, 10, 5, 10, 15, 5, 5, 5, 5, 5, 5, 5, 5, 5, 5, 5, 10, 5, 10, 10, 5, 5, 10, 5, 5, 10, 5, 5, 10, 10, 10, 5, 5, 10, 5, 5, 5, 5, 15, 5, 5, 5, 15, 5, 5, 15, 5, 25, 15, 5, 5, 5, 5, 5, 10, 5, 5, 10, 10, 5, 5, 10, 10, 10, 5, 5, 5, 5, 5, 5, 5, 5, 10, 15, 5, 15, 5, 20, 15, 10, 10, 5, 5, 5, 5, 10, 3, 5, 5, 5, 10, 10, 10, 10, 5, 10, 10, 5, 5, 5, 15, 5, 5, 5, 5, 5, 10, 10, 5, 5, 5, 5, 5, 5, 5, 10, 10, 5, 5, 15, 5, 5, 5, 5, 5, 5, 5, 5, 5, 5, 10, 15, 10, 20, 5, 10, 20, 5, 10, 5, 10, 15, 5, 10, 5, 
2269934, 2
2269934, 8965
2269934, 9620
2269934, 27246
2269934, 2963
2269934, 29143
2269935, 1
2269935, 
2269935, 1
2269935, 14978
2269935, 21694
2269935, 38655
2269935, 8191
2269935, 29108
2274611, 14
2274611, 5, 5, 5, 5, 5, 5, 5, 5, 5, 5, 5, 5, 5, 5, 5, 5, 5, 5, 5, 5, 10, 5, 5, 5, 5, 5, 5, 5, 5, 5, 5, 5, 5, 5, 5, 5, 5, 5, 5, 5, 5, 5, 5, 5, 5, 5, 10, 5, 5, 5, 5, 5, 5, 5, 5, 5, 5, 5, 5, 10, 5, 10, 5, 5, 5, 5, 5, 5, 5, 5, 5, 5, 5, 5, 5, 5, 5, 5, 5, 5, 5, 5, 5, 5, 6, 5, 5, 5, 5, 10, 5, 5, 5, 5, 5, 5, 5, 5, 10, 5, 5, 5, 5, 5, 5, 5, 5, 5, 5, 10, 10, 5, 5, 5, 5, 10, 5, 5, 5, 5, 5, 5, 10, 5, 5, 5, 5, 5, 5, 10, 5, 5, 5, 5, 5, 5, 5, 5, 5, 10, 5, 5, 15, 5, 5, 5, 5, 5, 5, 5, 5, 5, 5, 5, 5, 5, 5, 10, 5, 5, 5, 5, 5, 10, 13, 5, 5, 5, 5, 5, 5, 10, 10, 5, 5, 10, 5, 5, 10, 5, 5, 5, 5, 10, 5, 5, 5, 5, 5, 5, 5, 5, 10, 5, 5, 10, 10, 5, 5, 5, 5, 5, 5, 5, 5, 10, 5, 5, 10, 5, 10, 5, 5, 5, 10, 10, 5, 5, 5, 5, 5, 15, 10, 5, 10, 10, 10, 5, 5, 10, 5, 10, 10, 5, 5, 10, 10, 5, 5, 10, 10, 10, 5, 5, 5, 10, 5, 5, 5, 5, 5, 5, 5, 5, 10, 10, 5, 5, 5, 5, 10, 15, 10, 10, 5, 5, 10, 5, 5, 5, 5, 5, 15, 5, 5, 10, 5, 5, 5, 5, 10, 5, 5, 10, 5, 5, 5, 5, 10, 5, 5, 5, 5, 10, 5, 5, 5, 15, 5, 4, 5, 10, 10, 10, 10, 5, 5, 5, 5, 5, 10, 5, 5, 5, 5, 5, 5, 5, 5, 10, 10, 5, 10, 5, 5, 5, 10, 5, 5, 5, 10, 7, 5, 5, 5, 10, 5, 5, 10, 5, 5, 5, 5, 10, 15, 5, 5, 5, 5, 10, 5, 5, 10, 5, 10, 10, 5, 10, 5, 5, 5, 5, 5, 5, 5, 5, 2, 5, 5, 10, 10, 5, 5, 15, 5, 5, 5, 5, 5, 5, 5, 10, 5, 10, 5, 5, 10, 5, 10, 5, 5, 10, 10, 10, 10, 5, 16, 5, 5, 5, 5, 10, 5, 5, 10, 15, 10, 5, 10, 10, 10, 5, 10, 5, 5, 5, 10, 5, 15, 10, 10, 15, 5, 10, 10, 15, 15, 10, 10, 10, 5, 10, 5, 5, 5, 15, 5, 5, 5, 10, 5, 5, 5, 10, 10, 5, 10, 10, 10, 5, 15, 5, 5, 10, 20, 5, 5, 5, 10, 10, 5, 5, 5, 5, 5, 10, 5, 5, 5, 5, 10, 5, 10, 10, 5, 5, 20, 5, 5, 10, 30, 10, 15, 5, 5, 5, 5, 5, 5, 10, 10, 10, 10, 15, 10, 5, 15, 5, 30, 5, 5, 5, 11, 5, 10, 15, 5, 5, 5, 20, 5, 5, 5, 5, 5, 5, 10, 5, 20, 5, 5, 5, 5, 5, 5, 5, 10, 10, 5, 5, 20, 10, 10, 10, 5, 10, 5, 15, 10, 10, 5, 15, 5, 5, 10, 15, 15, 5, 5, 5, 15, 10, 20, 10, 10, 10, 5, 5, 5, 10, 15, 10, 5, 10, 10, 15, 5, 15, 5, 5, 5, 5, 5, 15, 5, 5, 5, 5, 15, 5, 15, 5, 10, 10, 20, 10, 5, 20, 10, 5, 5, 15, 5, 5, 45, 5, 5, 5, 5, 5, 5, 10, 10, 5, 20, 5, 10, 10, 5, 10, 5, 10, 5, 5, 10, 5, 5, 5, 5, 5, 10, 15, 15, 5, 5, 5, 10, 5, 15, 15, 10, 5, 5, 5, 15, 10, 5, 5, 5, 20, 5, 10, 10, 5, 10, 20, 5, 5, 15, 10, 8, 
2274611, 1
2274611, 9540
2274611, 10311
2274611, 4284
2274611, 957
2274611, 29123
2274612, 1
2274612, 
2274612, 1
2274612, 15903
2274612, 16685
2274612, 11183
2274612, 3967
2274612, 29075
2274613, 1
2274613, 
2274613, 1
2274613, 22028
2274613, 22808
2274613, 12898
2274613, 2595
2274613, 29072
2274614, 1
2274614, 
2274614, 1
2274614, 28080
2274614, 28858
2274614, 93515
2274614, 21040
2274614, 28964
2274615, 1
2274615, 
2274615, 5
2274615, 34172
2274615, 34947
2274615, 48684
2274615, 9970
2274615, 28920
2281826, 20
2281826, 5, 5, 5, 5, 5, 5, 5, 5, 1, 5, 5, 5, 5, 5, 5, 5, 5, 5, 5, 5, 5, 5, 5, 5, 5, 5, 5, 5, 5, 10, 5, 5, 5, 5, 10, 5, 5, 5, 5, 5, 5, 5, 5, 5, 5, 5, 5, 5, 5, 5, 5, 5, 5, 5, 5, 5, 5, 5, 5, 5, 5, 5, 5, 5, 5, 5, 5, 5, 5, 5, 5, 5, 5, 5, 5, 5, 10, 5, 10, 5, 5, 5, 5, 5, 15, 5, 5, 5, 5, 5, 10, 5, 5, 5, 5, 5, 5, 5, 5, 5, 5, 10, 5, 5, 5, 5, 5, 5, 5, 10, 5, 5, 5, 5, 5, 5, 5, 5, 5, 5, 5, 5, 15, 5, 10, 5, 5, 5, 5, 5, 5, 5, 5, 5, 10, 5, 5, 5, 10, 5, 5, 5, 10, 10, 5, 5, 5, 10, 5, 5, 10, 5, 5, 5, 5, 5, 10, 10, 10, 5, 5, 10, 5, 5, 10, 10, 10, 5, 5, 5, 5, 10, 5, 10, 5, 5, 5, 5, 5, 10, 5, 1, 15, 5, 5, 5, 5, 5, 10, 5, 5, 10, 5, 5, 5, 5, 5, 5, 10, 10, 10, 5, 5, 5, 5, 10, 5, 5, 5, 10, 15, 5, 10, 10, 10, 10, 5, 5, 5, 5, 5, 10, 5, 5, 5, 5, 10, 5, 10, 5, 5, 10, 5, 10, 5, 5, 5, 5, 20, 5, 10, 5, 5, 10, 20, 5, 15, 10, 5, 10, 5, 5, 5, 5, 10, 5, 5, 5, 10, 10, 15, 15, 5, 15, 5, 5, 5, 5, 5, 10, 10, 5, 5, 5, 15, 5, 5, 10, 10, 15, 5, 5, 5, 5, 10, 5, 5, 5, 15, 10, 10, 5, 15, 5, 5, 5, 5, 5, 10, 5, 5, 5, 5, 5, 5, 10, 10, 5, 5, 5, 5, 10, 10, 10, 20, 5, 5, 5, 5, 10, 10, 5, 5, 5, 5, 5, 5, 5, 5, 5, 5, 5, 10, 20, 5, 5, 5, 5, 5, 5, 10, 5, 10, 10, 5, 15, 10, 5, 15, 15, 10, 15, 5, 5, 10, 15, 5, 5, 10, 5, 15, 5, 10, 15, 10, 5, 5, 10, 5, 5, 5, 5, 10, 5, 10, 5, 5, 5, 10, 5, 10, 5, 5, 10, 5, 5, 5, 20, 10, 5, 10, 5, 10, 5, 10, 10, 10, 10, 15, 5, 10, 5, 5, 5, 5, 20, 5, 10, 5, 5, 5, 5, 5, 10, 10, 5, 15, 5, 5, 5, 10, 5, 10, 10, 10, 5, 10, 5, 10, 5, 5, 10, 5, 5, 5, 5, 5, 15, 5, 5, 20, 15, 15, 10, 15, 10, 15, 10, 15, 5, 10, 5, 5, 35, 10, 20, 10, 5, 10, 5, 5, 10, 10, 5, 15, 5, 5, 5, 5, 5, 10, 5, 5, 5, 15, 15, 20, 5, 10, 15, 5, 5, 10, 10, 10, 15, 15, 15, 5, 15, 10, 5, 10, 10, 5, 15, 5, 5, 15, 5, 20, 10, 5, 10, 15, 10, 5, 5, 5, 10, 5, 5, 10, 5, 5, 10, 5, 25, 10, 15, 5, 10, 5, 5, 10, 15, 5, 20, 5, 5, 10, 20, 5, 5, 15, 10, 5, 5, 15, 5, 5, 10, 5, 10, 10, 10, 10, 15, 10, 10, 5, 5, 10, 5, 10, 5, 5, 5, 5, 5, 20, 5, 5, 10, 20, 25, 10, 5, 5, 10, 10, 5, 15, 15, 10, 10, 10, 5, 10, 5, 15, 15, 5, 15, 5, 5, 15, 20, 20, 20, 5, 5, 5, 10, 5, 5, 10, 20, 5, 15, 5, 10, 20, 5, 10, 20, 10, 5, 10, 10, 15, 15, 15, 20, 5, 10, 10, 15, 5, 10, 10, 5, 5, 5, 5, 5, 5, 15, 20, 10, 5, 5, 5, 15, 5, 5, 15, 10, 10, 5, 5, 10, 5, 10, 15, 15, 11, 5, 20, 5, 5, 5, 5, 5, 5, 10, 5, 5, 5, 10, 10, 5, 1, 5, 10, 5, 5, 10, 5, 5, 5, 5, 10, 5, 15, 5, 15, 10, 5, 15, 5, 5, 5, 5, 5, 10, 5, 10, 5, 15, 15, 5, 10, 5, 15, 10, 10, 5, 5, 5, 10, 10, 5, 5, 15, 15, 25, 5, 15, 5, 10, 15, 10, 10, 10, 25, 20, 10, 10, 15, 5, 5, 20, 5, 10, 5, 10, 20, 5, 10, 30, 10, 10, 5, 20, 5, 5, 5, 10, 15, 20, 10, 10, 5, 10, 5, 25, 15, 10, 10, 15, 10, 10, 10, 10, 10, 10, 10, 20, 5, 5, 10, 5, 20, 5, 5, 15, 11, 10, 10, 5, 5, 5, 10, 10, 20, 3, 10, 10, 10, 5, 5, 15, 5, 5, 20, 5, 10, 5, 10, 5, 5, 10, 10, 25, 10, 15, 15, 15, 10, 5, 10, 15, 10, 15, 5, 10, 5, 15, 5, 5, 5, 10, 15, 15, 10, 15, 20, 10, 10, 10, 15, 5, 5, 5, 5, 20, 15, 20, 15, 20, 10, 5, 10, 10, 10, 5, 10, 10, 10, 5, 5, 10, 10, 5, 5, 5, 20, 25, 5, 15, 5, 10, 20, 5, 25, 25, 10, 10, 15, 5, 10, 10, 15, 13, 
2281826, 1
2281826, 4860
2281826, 5395
2281826, 52304
2281826, 15691
2281826, 28855
2281827, 1
2281827, 
2281827, 2
2281827, 11252
2281827, 11792
2281827, 16881
2281827, 4935
2281827, 28819
2281828, 1
2281828, 
2281828, 1
2281828, 17454
2281828, 18314
2281828, 37882
2281828, 10897
2281828, 28757
2289884, 6
2289884, 5, 5, 5, 5, 5, 5, 5, 5, 5, 5, 5, 5, 10, 5, 5, 5, 5, 2, 5, 5, 5, 5, 5, 5, 5, 5, 5, 5, 5, 5, 5, 5, 5, 5, 5, 10, 5, 5, 5, 5, 5, 5, 10, 5, 5, 5, 5, 5, 5, 5, 5, 5, 5, 5, 5, 5, 5, 5, 5, 10, 5, 10, 5, 5, 5, 5, 5, 5, 5, 15, 10, 5, 5, 5, 10, 10, 5, 5, 5, 5, 5, 5, 5, 5, 5, 5, 5, 5, 5, 5, 5, 5, 10, 5, 5, 5, 5, 5, 5, 10, 10, 10, 5, 5, 5, 5, 5, 5, 5, 5, 5, 5, 5, 5, 5, 5, 5, 5, 10, 10, 5, 5, 5, 5, 5, 5, 5, 5, 5, 5, 5, 5, 15, 5, 5, 10, 10, 5, 5, 10, 5, 5, 5, 5, 5, 5, 5, 10, 25, 5, 5, 5, 5, 5, 5, 5, 5, 5, 5, 5, 10, 5, 5, 5, 10, 5, 5, 5, 5, 5, 5, 5, 5, 5, 5, 10, 5, 5, 5, 10, 5, 10, 5, 10, 5, 5, 5, 5, 5, 5, 15, 5, 10, 6, 5, 5, 15, 5, 10, 5, 5, 5, 10, 5, 5, 5, 5, 5, 5, 5, 10, 5, 5, 5, 10, 5, 5, 5, 15, 5, 5, 15, 5, 5, 5, 5, 15, 5, 10, 5, 5, 10, 5, 5, 10, 10, 5, 10, 10, 5, 5, 5, 10, 5, 5, 5, 5, 10, 5, 10, 10, 10, 5, 10, 25, 10, 5, 5, 5, 10, 10, 10, 10, 10, 5, 5, 11, 5, 5, 5, 15, 10, 5, 20, 10, 10, 10, 5, 5, 5, 5, 5, 10, 10, 10, 5, 5, 5, 5, 20, 10, 10, 5, 5, 10, 15, 10, 10, 5, 5, 5, 5, 1, 5, 5, 5, 15, 5, 5, 10, 10, 5, 5, 5, 5, 10, 5, 5, 5, 10, 5, 10, 5, 5, 10, 10, 10, 10, 10, 10, 10, 15, 5, 20, 5, 5, 15, 10, 25, 5, 5, 5, 15, 5, 5, 5, 5, 15, 5, 5, 10, 10, 5, 10, 5, 10, 15, 10, 10, 5, 15, 15, 10, 5, 5, 15, 10, 5, 5, 5, 5, 5, 5, 20, 5, 10, 5, 25, 5, 5, 5, 10, 10, 10, 5, 5, 5, 5, 15, 15, 10, 5, 10, 5, 5, 10, 5, 5, 5, 5, 5, 5, 5, 10, 10, 5, 10, 15, 10, 5, 5, 5, 10, 10, 5, 10, 15, 15, 5, 10, 20, 5, 20, 5, 10, 5, 10, 10, 5, 5, 5, 10, 15, 10, 10, 5, 10, 5, 10, 10, 5, 5, 5, 10, 10, 5, 15, 10, 10, 5, 15, 5, 5, 15, 10, 5, 20, 5, 10, 10, 5, 15, 5, 10, 5, 5, 10, 15, 5, 10, 5, 10, 5, 10, 5, 10, 10, 15, 10, 10, 15, 10, 5, 10, 10, 10, 10, 4, 10, 10, 1, 15, 15, 10, 5, 5, 10, 25, 10, 10, 10, 10, 15, 25, 5, 5, 10, 10, 20, 5, 15, 15, 25, 5, 5, 5, 10, 5, 15, 5, 5, 10, 10, 5, 10, 15, 5, 20, 10, 5, 20, 5, 10, 5, 15, 5, 10, 5, 5, 5, 5, 15, 5, 15, 15, 15, 20, 5, 5, 10, 5, 10, 5, 10, 5, 5, 10, 10, 5, 5, 10, 5, 10, 20, 5, 10, 20, 10, 10, 10, 5, 5, 15, 10, 10, 15, 5, 10, 15, 5, 5, 23, 5, 15, 15, 5, 15, 15, 10, 30, 15, 5, 10, 10, 10, 15, 35, 5, 5, 10, 15, 15, 10, 5, 20, 5, 5, 15, 10, 5, 15, 5, 5, 5, 5, 5, 10, 10, 10, 10, 10, 10, 20, 5, 10, 5, 5, 5, 10, 5, 5, 15, 5, 10, 10, 10, 15, 10, 10, 5, 10, 15, 15, 5, 15, 15, 5, 20, 10, 5, 15, 5, 25, 20, 15, 15, 5, 10, 15, 15, 10, 10, 10, 15, 10, 15, 10, 10, 20, 5, 5, 10, 10, 10, 10, 5, 5, 5, 5, 20, 30, 10, 5, 10, 5, 20, 15, 10, 5, 10, 15, 10, 15, 10, 5, 20, 10, 5, 15, 15, 10, 25, 5, 10, 5, 5, 10, 10, 5, 10, 10, 5, 5, 10, 10, 10, 5, 5, 15, 15, 15, 20, 5, 5, 5, 15, 15, 5, 5, 15, 10, 5, 5, 15, 10, 10, 5, 5, 10, 30, 5, 15, 5, 25, 5, 10, 20, 10, 10, 15, 10, 20, 20, 25, 5, 25, 15, 30, 10, 10, 15, 5, 10, 25, 15, 20, 15, 10, 10, 10, 5, 15, 5, 5, 5, 10, 15, 5, 5, 5, 5, 10, 5, 10, 5, 5, 5, 10, 5, 20, 5, 5, 5, 5, 20, 10, 10, 10, 10, 10, 5, 5, 10, 5, 5, 10, 15, 10, 15, 5, 15, 5, 10, 5, 15, 15, 10, 10, 5, 5, 10, 10, 5, 10, 10, 5, 30, 10, 10, 10, 20, 10, 5, 10, 15, 5, 5, 10, 20, 10, 5, 5, 10, 5, 5, 5, 10, 10, 15, 10, 10, 15, 5, 10, 10, 15, 35, 5, 5, 10, 10, 20, 5, 5, 5, 5, 10, 5, 10, 15, 20, 20, 10, 30, 10, 10, 5, 15, 15, 5, 10, 10, 10, 5, 10, 20, 15, 5, 5, 15, 5, 15, 5, 5, 5, 15, 5, 10, 20, 10, 5, 10, 15, 20, 20, 22, 5, 5, 20, 10, 10, 10, 15, 
2289884, 1
2289884, 4008
2289884, 4910
2289884, 63660
2289884, 12606
2289884, 28693
2339106, 126
2339106, 5, 5, 5, 15, 10, 10, 5, 10, 5, 15, 20, 15, 25, 15, 10, 15, 30, 30, 10, 35, 10, 25, 20, 20, 15, 20, 30, 10, 15, 5, 15, 15, 15, 25, 5, 10, 30, 15, 21, 25, 10, 10, 5, 20, 25, 20, 20, 20, 25, 25, 5, 30, 25, 15, 25, 16, 25, 15, 15, 30, 25, 20, 25, 15, 25, 20, 15, 20, 10, 40, 10, 40, 20, 25, 35, 15, 45, 25, 10, 20, 30, 45, 35, 20, 35, 25, 35, 40, 20, 30, 40, 20, 45, 35, 30, 25, 25, 20, 30, 20, 20, 30, 30, 45, 25, 20, 30, 35, 35, 5, 25, 20, 40, 30, 20, 30, 35, 20, 25, 15, 40, 40, 25, 25, 15, 30, 10, 20, 30, 40, 25, 20, 40, 25, 40, 35, 20, 30, 10, 50, 20, 10, 20, 45, 25, 15, 20, 20, 25, 20, 10, 40, 25, 15, 16, 25, 30, 40, 25, 35, 50, 35, 30, 50, 20, 15, 15, 50, 50, 15, 15, 25, 30, 45, 35, 20, 55, 20, 10, 25, 40, 20, 30, 20, 35, 15, 20, 15, 15, 20, 30, 25, 40, 5, 35, 35, 25, 5, 50, 30, 25, 15, 15, 15, 10, 30, 15, 45, 20, 25, 20, 40, 20, 20, 30, 20, 30, 20, 25, 20, 25, 30, 55, 20, 30, 40, 20, 30, 20, 35, 16, 50, 40, 30, 30, 35, 10, 25, 25, 35, 65, 45, 35, 10, 25, 20, 35, 30, 35, 25, 30, 30, 30, 10, 20, 25, 15, 65, 25, 20, 20, 25, 35, 15, 40, 35, 50, 35, 40, 35, 35, 35, 25, 30, 35, 35, 35, 25, 35, 30, 25, 15, 35, 45, 40, 20, 25, 20, 25, 35, 50, 40, 60, 25, 20, 50, 25, 20, 30, 20, 35, 25, 41, 20, 20, 30, 30, 20, 30, 25, 40, 15, 20, 30, 35, 25, 15, 25, 35, 25, 35, 35, 15, 20, 30, 40, 15, 40, 35, 20, 20, 10, 25, 35, 15, 20, 25, 50, 15, 40, 25, 45, 20, 30, 35, 35, 25, 35, 10, 40, 20, 45, 27, 45, 20, 40, 25, 35, 20, 45, 35, 15, 10, 50, 20, 30, 45, 20, 35, 20, 45, 45, 25, 30, 25, 35, 50, 20, 15, 45, 45, 10, 25, 20, 30, 30, 25, 25, 30, 30, 45, 30, 85, 55, 25, 45, 25, 30, 35, 55, 35, 35, 25, 20, 45, 30, 45, 20, 25, 25, 55, 15, 30, 30, 40, 40, 15, 45, 10, 25, 50, 30, 15, 50, 40, 20, 60, 50, 35, 35, 35, 25, 35, 40, 45, 56, 30, 30, 30, 15, 65, 35, 30, 70, 35, 30, 30, 40, 40, 10, 40, 50, 30, 20, 51, 25, 45, 50, 65, 30, 20, 20, 35, 35, 51, 30, 85, 20, 55, 40, 60, 40, 15, 35, 30, 35, 40, 20, 35, 25, 15, 20, 25, 45, 30, 35, 25, 65, 25, 20, 25, 50, 40, 15, 10, 60, 30, 25, 25, 35, 30, 30, 50, 25, 90, 35, 40, 40, 20, 25, 40, 30, 25, 15, 35, 20, 30, 20, 50, 25, 36, 30, 45, 35, 28, 20, 40, 15, 30, 40, 20, 35, 30, 55, 65, 31, 25, 90, 25, 35, 30, 45, 65, 20, 25, 45, 30, 25, 25, 35, 50, 25, 20, 15, 55, 30, 40, 25, 35, 15, 40, 35, 20, 30, 15, 15, 35, 120, 25, 65, 40, 45, 25, 45, 20, 40, 50, 25, 40, 15, 25, 40, 20, 35, 15, 40, 25, 30, 10, 45, 80, 50, 50, 30, 35, 15, 45, 25, 15, 20, 35, 20, 25, 45, 35, 20, 25, 20, 37, 20, 26, 30, 30, 30, 60, 25, 25, 35, 35, 30, 30, 65, 45, 45, 25, 25, 30, 40, 40, 40, 35, 25, 25, 45, 30, 60, 30, 25, 20, 25, 30, 75, 40, 91, 10, 35, 20, 30, 30, 15, 70, 60, 45, 70, 20, 35, 25, 15, 20, 45, 40, 30, 30, 45, 30, 45, 15, 35, 20, 45, 45, 45, 20, 35, 50, 45, 35, 25, 30, 35, 40, 35, 30, 30, 40, 40, 40, 35, 50, 30, 45, 60, 40, 20, 60, 45, 30, 20, 45, 60, 45, 20, 45, 30, 20, 35, 15, 35, 85, 70, 50, 60, 70, 40, 55, 45, 25, 30, 45, 50, 85, 10, 25, 65, 30, 5, 55, 50, 25, 75, 25, 15, 35, 51, 21, 35, 58, 40, 15, 35, 35, 30, 35, 35, 45, 30, 35, 65, 45, 75, 35, 45, 35, 45, 80, 30, 45, 30, 20, 30, 45, 50, 30, 40, 65, 50, 20, 35, 101, 25, 45, 30, 20, 35, 25, 20, 35, 55, 45, 30, 40, 20, 30, 35, 55, 95, 45, 35, 20, 30, 20, 45, 75, 110, 30, 55, 49, 20, 35, 60, 55, 40, 25, 30, 15, 55, 15, 35, 46, 35, 30, 40, 50, 30, 40, 35, 56, 35, 20, 20, 25, 26, 25, 50, 70, 40, 20, 60, 21, 30, 40, 20, 50, 30, 30, 40, 20, 35, 45, 35, 40, 20, 50, 110, 80, 20, 30, 40, 95, 40, 40, 50, 45, 35, 25, 35, 45, 35, 55, 45, 10, 105, 35, 25, 15, 35, 35, 40, 50, 40, 70, 25, 45, 20, 35, 45, 40, 15, 40, 40, 40, 30, 30, 50, 45, 20, 25, 70, 55, 15, 25, 60, 70, 25, 55, 30, 55, 40, 35, 35, 95, 30, 30, 40, 25, 116, 40, 40, 30, 40, 30, 25, 45, 40, 45, 55, 20, 35, 30, 45, 40, 30, 30, 50, 30, 60, 70, 15, 30, 35, 30, 45, 40, 45, 25, 20, 40, 25, 30, 25, 35, 50, 25, 50, 50, 35, 70, 35, 50, 30, 65, 40, 45, 50, 25, 20, 15, 5, 35, 50, 30, 20, 40, 30, 40, 50, 55, 37, 20, 45, 15, 40, 22, 65, 40, 40, 75, 25, 105, 30, 40, 30, 35, 5, 50, 55, 30, 55, 20, 25, 45, 35, 40, 30, 55, 40, 55, 50, 40, 50, 40, 35, 20, 35, 40, 60, 35, 30, 35, 20, 40, 50, 45, 80, 25, 35, 35, 35, 60, 16, 31, 50, 50, 35, 15, 35, 45, 35, 35, 80, 20, 20, 40, 50, 35, 20, 35, 40, 35, 35, 25, 45, 50, 55, 20, 70, 65, 15, 45, 30, 84, 30, 15, 35, 30, 40, 65, 25, 50, 45, 45, 35, 65, 30, 45, 45, 50, 30, 60, 15, 30, 40, 45, 15, 60, 40, 40, 35, 35, 35, 25, 20, 45, 25, 55, 70, 30, 45, 35, 55, 35, 25, 30, 30, 130, 40, 50, 30, 155, 130, 30, 30, 10, 50, 20, 30, 20, 50, 65, 15, 15, 80, 65, 25, 55, 95, 103, 45, 40, 30, 20, 50, 45, 105, 30, 15, 35, 65, 25, 30, 30, 40, 45, 35, 65, 35, 45, 20, 55, 45, 55, 40, 15, 30, 25, 30, 15, 70, 35, 40, 15, 40, 45, 40, 30, 25, 65, 65, 40, 45, 45, 30, 15, 45, 30, 65, 25, 15, 65, 70, 30, 60, 45, 50, 60, 35, 30, 70, 95, 50, 60, 81, 40, 50, 45, 40, 30, 40, 50, 25, 55, 40, 50, 5, 30, 50, 20, 80, 80, 25, 35, 20, 40, 60, 40, 35, 15, 45, 20, 60, 25, 25, 70, 25, 50, 110, 45, 40, 35, 50, 50, 60, 30, 25, 65, 35, 45, 55, 25, 30, 40, 40, 35, 50, 105, 45, 20, 20, 23, 118, 35, 35, 30, 25, 40, 45, 40, 30, 50, 30, 25, 30, 100, 10, 45, 30, 120, 50, 50, 35, 30, 25, 30, 15, 40, 50, 110, 50, 35, 20, 40, 45, 20, 105, 25, 33, 40, 35, 120, 15, 50, 35, 25, 40, 105, 45, 30, 40, 65, 35, 45, 50, 40, 85, 25, 45, 60, 40, 126, 30, 55, 30, 15, 35, 45, 125, 90, 30, 48, 25, 50, 55, 20, 30, 40, 100, 40, 60, 30, 50, 30, 35, 55, 35, 25, 20, 40, 15, 45, 50, 40, 80, 122, 20, 30, 105, 40, 90, 20, 30, 40, 15, 30, 120, 20, 15, 35, 60, 40, 45, 25, 30, 55, 45, 50, 35, 45, 35, 30, 30, 55, 23, 
2339106, 1
2339106, 2176
2339106, 2682
2339106, 49593
2339106, 10729
2339106, 28624
2384887, 42
2384887, 5, 10, 5, 5, 10, 5, 10, 5, 5, 10, 15, 10, 15, 15, 10, 5, 10, 10, 5, 10, 10, 10, 15, 25, 15, 25, 15, 30, 10, 5, 10, 5, 30, 10, 5, 15, 25, 15, 5, 30, 15, 20, 25, 15, 15, 20, 15, 20, 10, 25, 15, 5, 10, 15, 20, 5, 5, 15, 5, 25, 15, 20, 30, 15, 15, 30, 15, 30, 35, 15, 5, 25, 10, 25, 10, 15, 15, 15, 40, 25, 15, 15, 10, 20, 35, 10, 20, 25, 5, 30, 25, 20, 35, 30, 15, 20, 30, 45, 40, 20, 30, 7, 15, 30, 15, 20, 25, 20, 25, 45, 25, 30, 10, 15, 25, 40, 25, 30, 35, 25, 20, 10, 30, 30, 35, 20, 10, 20, 20, 15, 25, 20, 35, 20, 30, 25, 10, 30, 20, 30, 20, 5, 35, 20, 15, 15, 20, 35, 15, 30, 10, 25, 35, 40, 30, 10, 15, 20, 25, 30, 10, 30, 35, 35, 30, 31, 15, 15, 30, 35, 35, 25, 31, 20, 20, 10, 20, 10, 20, 20, 25, 25, 10, 10, 30, 30, 20, 25, 10, 25, 15, 25, 25, 35, 40, 10, 40, 15, 20, 15, 25, 40, 30, 35, 25, 10, 20, 25, 30, 25, 40, 40, 30, 40, 30, 20, 25, 20, 26, 10, 30, 30, 30, 45, 50, 45, 25, 30, 15, 25, 30, 35, 5, 30, 30, 25, 15, 40, 10, 30, 25, 35, 20, 25, 55, 25, 20, 30, 50, 30, 25, 30, 25, 50, 25, 15, 25, 15, 20, 30, 30, 30, 25, 20, 25, 40, 25, 40, 20, 40, 25, 40, 10, 30, 25, 15, 5, 35, 25, 20, 30, 15, 20, 35, 30, 20, 25, 30, 20, 20, 50, 5, 15, 30, 20, 30, 35, 50, 35, 25, 30, 40, 15, 25, 15, 20, 15, 25, 35, 30, 25, 30, 45, 60, 70, 30, 20, 45, 40, 30, 25, 40, 45, 41, 30, 30, 45, 30, 15, 65, 75, 35, 30, 35, 15, 25, 20, 25, 30, 10, 20, 20, 20, 25, 20, 40, 40, 35, 20, 10, 20, 20, 45, 45, 85, 55, 25, 40, 60, 30, 55, 30, 15, 25, 15, 25, 30, 40, 50, 50, 25, 30, 38, 25, 30, 20, 40, 35, 20, 30, 45, 25, 25, 35, 20, 20, 65, 35, 60, 25, 35, 35, 30, 20, 20, 25, 25, 32, 40, 55, 35, 25, 20, 50, 25, 40, 40, 25, 10, 15, 45, 55, 80, 25, 15, 50, 45, 25, 50, 45, 35, 20, 25, 35, 25, 35, 30, 35, 45, 30, 40, 50, 25, 25, 50, 70, 15, 30, 30, 85, 35, 45, 40, 15, 5, 40, 30, 30, 25, 25, 25, 40, 15, 40, 10, 30, 20, 30, 25, 40, 35, 95, 25, 30, 30, 55, 35, 15, 50, 40, 15, 45, 25, 30, 35, 15, 20, 50, 30, 25, 40, 40, 20, 40, 35, 30, 50, 65, 35, 30, 35, 50, 30, 30, 60, 45, 30, 25, 15, 30, 35, 55, 35, 20, 30, 60, 30, 20, 50, 15, 35, 30, 60, 25, 30, 15, 30, 30, 25, 45, 25, 40, 15, 20, 45, 20, 10, 45, 40, 25, 35, 40, 30, 35, 40, 35, 40, 30, 25, 15, 35, 40, 25, 35, 55, 15, 40, 50, 15, 20, 40, 55, 35, 25, 25, 25, 30, 45, 30, 25, 25, 65, 20, 30, 40, 25, 40, 30, 20, 30, 25, 30, 30, 25, 40, 60, 30, 25, 30, 15, 60, 20, 30, 45, 55, 55, 25, 15, 10, 35, 35, 35, 20, 15, 45, 65, 25, 20, 30, 25, 55, 25, 15, 10, 45, 40, 55, 30, 60, 40, 25, 61, 25, 40, 30, 35, 35, 16, 35, 40, 45, 25, 30, 25, 35, 65, 15, 65, 30, 30, 40, 40, 35, 50, 40, 20, 35, 15, 25, 10, 35, 30, 105, 25, 35, 30, 35, 40, 15, 50, 65, 45, 35, 40, 45, 25, 35, 15, 35, 35, 15, 30, 15, 50, 88, 25, 70, 35, 25, 65, 35, 5, 71, 20, 35, 25, 35, 20, 30, 25, 40, 85, 35, 25, 60, 35, 20, 30, 50, 60, 35, 30, 50, 45, 20, 70, 40, 55, 45, 35, 15, 45, 25, 25, 25, 40, 20, 35, 30, 25, 25, 35, 35, 25, 10, 25, 20, 35, 45, 20, 20, 25, 20, 70, 55, 60, 40, 10, 50, 20, 40, 35, 40, 35, 55, 30, 50, 20, 15, 35, 30, 20, 35, 25, 50, 30, 45, 45, 55, 25, 25, 35, 25, 90, 35, 35, 45, 25, 35, 47, 30, 50, 35, 20, 35, 25, 10, 40, 20, 35, 35, 25, 30, 30, 55, 20, 35, 35, 35, 30, 35, 20, 30, 40, 30, 25, 40, 25, 55, 65, 40, 25, 50, 45, 25, 20, 10, 20, 65, 40, 40, 25, 40, 55, 35, 45, 30, 40, 20, 75, 55, 20, 75, 30, 65, 96, 40, 25, 85, 40, 30, 55, 30, 15, 35, 30, 5, 15, 30, 25, 40, 35, 35, 45, 40, 35, 35, 25, 45, 45, 35, 60, 25, 40, 25, 45, 40, 20, 35, 25, 80, 30, 20, 25, 40, 55, 20, 65, 40, 20, 40, 20, 90, 30, 10, 50, 45, 55, 50, 35, 60, 20, 25, 45, 15, 30, 30, 45, 30, 25, 40, 37, 45, 45, 55, 35, 35, 35, 45, 20, 40, 35, 35, 35, 20, 30, 25, 25, 10, 15, 40, 70, 65, 76, 30, 35, 25, 45, 40, 40, 60, 15, 50, 15, 35, 35, 100, 40, 65, 35, 25, 15, 35, 20, 20, 30, 20, 55, 20, 25, 45, 45, 65, 45, 45, 15, 25, 20, 70, 20, 55, 10, 25, 25, 15, 30, 40, 35, 25, 28, 20, 40, 55, 40, 30, 50, 45, 45, 55, 25, 60, 30, 20, 50, 15, 35, 15, 25, 10, 15, 35, 35, 40, 45, 51, 35, 30, 40, 50, 40, 35, 20, 75, 45, 95, 20, 40, 25, 15, 50, 125, 35, 35, 30, 25, 35, 85, 25, 40, 35, 30, 20, 36, 10, 30, 40, 26, 50, 40, 110, 30, 35, 45, 35, 25, 30, 25, 30, 10, 25, 40, 60, 30, 35, 40, 55, 126, 55, 30, 40, 55, 30, 40, 30, 25, 40, 95, 45, 40, 20, 10, 15, 15, 35, 65, 40, 25, 20, 40, 45, 35, 30, 50, 50, 20, 30, 60, 35, 30, 20, 20, 35, 25, 25, 20, 15, 40, 35, 45, 60, 30, 60, 20, 30, 30, 40, 30, 60, 21, 45, 50, 35, 45, 55, 15, 15, 20, 35, 30, 30, 35, 82, 30, 30, 20, 30, 20, 70, 59, 25, 15, 100, 40, 40, 25, 25, 40, 10, 20, 15, 35, 65, 25, 45, 20, 40, 50, 50, 25, 35, 90, 45, 35, 65, 35, 86, 15, 65, 25, 40, 30, 35, 65, 30, 35, 45, 50, 46, 35, 35, 10, 35, 30, 50, 20, 30, 85, 20, 40, 15, 40, 35, 20, 10, 75, 35, 25, 20, 60, 50, 25, 35, 31, 25, 25, 30, 20, 30, 115, 10, 30, 40, 40, 35, 15, 45, 25, 40, 40, 35, 35, 30, 25, 45, 45, 90, 25, 50, 30, 30, 42, 35, 40, 50, 105, 50, 25, 15, 30, 55, 70, 25, 10, 20, 40, 35, 50, 30, 60, 60, 30, 40, 60, 5, 25, 25, 30, 25, 115, 60, 50, 30, 35, 37, 25, 80, 15, 30, 15, 30, 30, 25, 60, 80, 80, 35, 40, 68, 20, 30, 65, 35, 55, 50, 70, 45, 35, 90, 45, 20, 25, 50, 20, 55, 120, 10, 45, 45, 70, 45, 50, 20, 10, 65, 50, 30, 95, 30, 45, 40, 60, 35, 40, 40, 50, 70, 81, 10, 25, 55, 25, 55, 40, 90, 35, 30, 30, 40, 30, 40, 25, 20, 20, 25, 25, 30, 10, 20, 30, 40, 35, 40, 35, 60, 45, 30, 50, 25, 52, 40, 10, 25, 55, 60, 45, 47, 75, 50, 20, 25, 40, 55, 25, 20, 35, 105, 45, 35, 30, 60, 45, 50, 50, 20, 65, 40, 50, 20, 50, 70, 35, 20, 40, 45, 35, 30, 25, 60, 40, 40, 30, 30, 45, 35, 25, 35, 35, 35, 81, 25, 61, 
2384887, 2
2384887, 1954
2384887, 2305
2384887, 97599
2384887, 13912
2384887, 28582
2386109, 7
2386109, 5, 5, 5, 5, 5, 5, 5, 5, 5, 5, 5, 5, 5, 5, 5, 5, 5, 5, 5, 5, 5, 5, 5, 5, 5, 5, 5, 5, 5, 5, 5, 5, 5, 10, 5, 1, 10, 10, 5, 5, 5, 5, 5, 5, 5, 5, 5, 5, 5, 5, 5, 5, 5, 5, 5, 5, 5, 5, 5, 5, 5, 5, 5, 5, 5, 5, 5, 5, 10, 5, 5, 5, 5, 5, 5, 5, 5, 5, 5, 5, 5, 5, 5, 5, 5, 5, 5, 10, 5, 5, 5, 5, 5, 5, 5, 5, 5, 5, 5, 10, 5, 5, 5, 5, 5, 5, 5, 5, 5, 5, 5, 5, 5, 5, 5, 5, 5, 5, 5, 5, 10, 5, 5, 5, 5, 5, 5, 5, 5, 5, 5, 5, 8, 15, 5, 5, 5, 5, 5, 5, 5, 10, 5, 5, 5, 5, 5, 5, 10, 5, 5, 5, 5, 5, 5, 5, 10, 5, 5, 5, 5, 5, 5, 5, 5, 5, 5, 10, 5, 5, 5, 10, 5, 5, 5, 5, 5, 10, 5, 5, 5, 5, 5, 5, 5, 5, 10, 5, 5, 5, 5, 10, 5, 5, 5, 10, 5, 10, 10, 5, 5, 5, 5, 5, 5, 5, 10, 5, 5, 5, 5, 5, 5, 5, 5, 5, 5, 5, 15, 5, 1, 
2386109, 1
2386109, 2988
2386109, 3340
2386109, 82741
2386109, 10368
2386109, 28546
2389952, 6
2389952, 5, 5, 5, 5, 5, 5, 5, 5, 5, 5, 5, 5, 5, 5, 5, 5, 5, 5, 5, 5, 5, 5, 5, 5, 5, 5, 5, 5, 5, 5, 5, 5, 5, 5, 5, 5, 5, 5, 5, 5, 5, 5, 5, 5, 5, 5, 5, 5, 5, 5, 5, 5, 5, 5, 5, 5, 5, 5, 5, 5, 5, 5, 5, 5, 5, 5, 5, 5, 5, 10, 5, 5, 5, 5, 5, 5, 5, 5, 5, 5, 10, 5, 5, 5, 5, 5, 15, 5, 5, 5, 5, 5, 5, 5, 5, 5, 5, 5, 5, 5, 5, 5, 5, 10, 10, 10, 5, 5, 10, 5, 5, 10, 5, 5, 5, 5, 5, 5, 5, 5, 5, 5, 5, 5, 5, 5, 5, 5, 5, 5, 5, 5, 5, 5, 5, 5, 5, 5, 5, 5, 10, 5, 5, 5, 5, 5, 10, 10, 5, 5, 10, 5, 5, 10, 15, 5, 10, 5, 10, 5, 5, 10, 5, 5, 5, 5, 5, 10, 5, 5, 5, 5, 5, 5, 10, 10, 5, 10, 5, 5, 5, 5, 5, 5, 5, 15, 5, 5, 5, 10, 5, 5, 5, 10, 5, 10, 5, 5, 5, 10, 5, 5, 5, 5, 5, 10, 5, 10, 5, 5, 10, 10, 10, 5, 5, 10, 5, 5, 10, 5, 10, 10, 5, 5, 5, 5, 5, 5, 5, 5, 5, 5, 5, 5, 10, 5, 5, 5, 10, 5, 5, 10, 5, 5, 5, 5, 5, 5, 5, 5, 10, 5, 5, 5, 5, 10, 5, 5, 10, 5, 5, 5, 10, 10, 5, 10, 5, 5, 10, 5, 10, 10, 5, 10, 5, 10, 5, 15, 5, 5, 5, 5, 5, 10, 10, 5, 5, 5, 5, 5, 10, 5, 5, 5, 5, 5, 15, 5, 10, 5, 5, 5, 10, 10, 5, 5, 15, 10, 5, 5, 5, 5, 5, 10, 5, 5, 5, 5, 5, 10, 5, 5, 5, 10, 10, 10, 10, 10, 5, 10, 5, 10, 5, 5, 5, 5, 10, 15, 20, 10, 10, 15, 5, 10, 5, 5, 5, 5, 5, 15, 10, 10, 5, 5, 5, 5, 5, 10, 10, 5, 5, 10, 5, 5, 10, 5, 10, 5, 5, 15, 5, 10, 5, 5, 5, 5, 10, 5, 5, 10, 5, 5, 10, 20, 5, 5, 5, 5, 10, 5, 15, 5, 10, 5, 10, 10, 10, 10, 15, 15, 5, 5, 10, 5, 10, 10, 5, 5, 5, 10, 5, 10, 5, 5, 10, 5, 10, 5, 5, 5, 5, 10, 5, 5, 5, 5, 5, 10, 15, 5, 5, 10, 5, 5, 10, 20, 10, 5, 5, 5, 5, 5, 5, 10, 5, 5, 5, 15, 5, 5, 5, 5, 10, 5, 10, 15, 5, 10, 5, 10, 5, 15, 15, 5, 15, 5, 5, 5, 5, 10, 5, 15, 5, 5, 5, 5, 5, 5, 15, 15, 10, 5, 5, 5, 5, 5, 20, 20, 5, 10, 5, 5, 5, 15, 5, 10, 5, 5, 5, 5, 1, 10, 15, 15, 5, 10, 5, 10, 5, 5, 10, 5, 10, 10, 5, 5, 5, 5, 10, 10, 5, 5, 10, 15, 10, 5, 20, 5, 5, 10, 5, 5, 5, 5, 5, 15, 5, 5, 5, 10, 10, 5, 7, 20, 5, 10, 10, 10, 5, 5, 15, 5, 10, 10, 5, 15, 5, 10, 5, 10, 5, 5, 14, 
2389952, 1
2389952, 9548
2389952, 9900
2389952, 40551
2389952, 13061
2389952, 28512
2421952, 31
2421952, 5, 5, 5, 5, 10, 5, 5, 5, 5, 10, 10, 10, 5, 5, 5, 15, 20, 10, 10, 10, 15, 15, 5, 10, 15, 10, 10, 10, 10, 10, 35, 5, 15, 5, 10, 15, 10, 10, 5, 10, 5, 5, 15, 10, 10, 10, 5, 5, 20, 10, 10, 15, 10, 15, 5, 10, 15, 15, 5, 10, 10, 25, 5, 15, 15, 25, 10, 10, 5, 5, 5, 25, 5, 5, 26, 15, 15, 5, 30, 15, 15, 15, 15, 15, 15, 10, 20, 15, 10, 40, 5, 25, 20, 10, 5, 15, 15, 15, 15, 15, 10, 15, 25, 35, 15, 10, 15, 15, 10, 15, 25, 15, 10, 25, 35, 20, 25, 10, 20, 5, 10, 20, 25, 15, 10, 20, 10, 25, 20, 25, 5, 15, 5, 30, 15, 25, 20, 17, 5, 5, 10, 10, 25, 30, 10, 5, 15, 25, 10, 20, 25, 20, 15, 10, 15, 10, 10, 20, 20, 5, 20, 25, 20, 20, 15, 5, 15, 30, 10, 20, 25, 15, 15, 20, 25, 10, 25, 15, 5, 20, 30, 20, 25, 25, 35, 20, 10, 15, 30, 25, 25, 30, 10, 5, 15, 20, 5, 20, 20, 15, 30, 10, 20, 10, 15, 20, 15, 15, 25, 10, 20, 10, 15, 10, 25, 30, 30, 30, 15, 15, 15, 5, 20, 40, 20, 5, 20, 15, 20, 20, 35, 25, 10, 20, 15, 10, 5, 20, 20, 15, 20, 10, 10, 15, 25, 20, 20, 55, 10, 10, 20, 15, 35, 25, 20, 10, 35, 25, 20, 10, 15, 5, 20, 15, 5, 20, 10, 10, 15, 15, 25, 20, 10, 15, 5, 20, 15, 35, 15, 25, 10, 15, 5, 30, 15, 10, 35, 25, 15, 25, 5, 15, 40, 10, 15, 15, 10, 25, 40, 10, 15, 10, 15, 15, 10, 10, 25, 20, 15, 30, 5, 35, 10, 35, 15, 30, 20, 25, 10, 20, 10, 40, 20, 30, 15, 15, 15, 20, 35, 10, 30, 10, 20, 20, 20, 5, 20, 35, 20, 15, 10, 15, 40, 20, 25, 20, 10, 30, 25, 25, 35, 20, 10, 25, 5, 30, 5, 25, 40, 30, 20, 33, 30, 10, 16, 15, 15, 50, 20, 35, 20, 20, 15, 20, 15, 15, 25, 15, 40, 10, 20, 20, 15, 10, 10, 15, 15, 5, 15, 15, 15, 10, 30, 15, 45, 20, 20, 25, 25, 30, 15, 25, 20, 25, 35, 20, 35, 30, 35, 15, 10, 15, 50, 40, 15, 25, 20, 20, 15, 10, 20, 25, 20, 5, 20, 20, 35, 10, 15, 16, 30, 25, 30, 20, 20, 30, 30, 30, 30, 20, 30, 20, 5, 10, 35, 20, 25, 10, 35, 20, 15, 45, 40, 25, 25, 40, 20, 30, 60, 20, 10, 35, 35, 25, 30, 30, 10, 25, 20, 35, 15, 35, 10, 45, 30, 25, 15, 25, 20, 35, 25, 20, 20, 15, 30, 10, 20, 15, 25, 35, 10, 10, 25, 10, 30, 25, 30, 35, 20, 5, 15, 10, 20, 35, 25, 15, 20, 20, 22, 16, 20, 30, 10, 15, 25, 40, 20, 30, 15, 15, 15, 15, 35, 15, 20, 10, 15, 20, 25, 30, 30, 15, 25, 35, 25, 30, 20, 10, 20, 15, 25, 30, 25, 25, 20, 20, 25, 30, 20, 10, 20, 25, 25, 45, 15, 35, 20, 5, 15, 10, 25, 15, 15, 10, 10, 25, 10, 25, 15, 10, 20, 30, 15, 20, 45, 55, 25, 25, 15, 20, 20, 15, 50, 20, 15, 25, 20, 20, 25, 50, 15, 15, 25, 20, 30, 25, 50, 35, 30, 30, 25, 55, 20, 10, 30, 25, 20, 30, 20, 40, 5, 30, 10, 35, 10, 30, 55, 45, 20, 25, 20, 15, 25, 20, 20, 25, 15, 25, 20, 40, 22, 35, 15, 20, 15, 10, 15, 30, 15, 40, 25, 21, 35, 30, 30, 30, 15, 30, 5, 15, 35, 30, 20, 15, 20, 15, 25, 30, 10, 35, 25, 15, 25, 20, 45, 30, 20, 25, 30, 25, 30, 20, 25, 25, 30, 20, 25, 35, 35, 15, 25, 10, 10, 25, 25, 25, 35, 15, 40, 20, 20, 25, 15, 20, 35, 15, 30, 5, 15, 15, 30, 20, 40, 15, 10, 15, 40, 25, 26, 20, 45, 16, 10, 35, 20, 10, 35, 6, 35, 35, 20, 20, 25, 30, 30, 40, 20, 15, 30, 35, 10, 35, 20, 30, 20, 10, 25, 25, 15, 15, 25, 40, 35, 35, 15, 15, 20, 20, 10, 10, 35, 45, 30, 25, 20, 20, 35, 40, 35, 30, 30, 25, 15, 30, 20, 20, 25, 20, 25, 15, 30, 15, 25, 25, 20, 10, 55, 30, 20, 15, 15, 25, 25, 45, 20, 50, 25, 20, 30, 10, 30, 20, 40, 10, 20, 15, 30, 20, 10, 35, 15, 30, 30, 10, 60, 15, 20, 25, 26, 30, 40, 45, 35, 25, 70, 15, 15, 20, 26, 30, 15, 25, 15, 25, 20, 40, 40, 35, 35, 10, 30, 20, 35, 5, 35, 15, 15, 15, 10, 20, 15, 10, 25, 25, 60, 25, 20, 25, 65, 65, 25, 20, 70, 45, 30, 15, 25, 15, 30, 20, 30, 25, 15, 25, 55, 30, 35, 35, 20, 35, 35, 25, 10, 30, 35, 35, 10, 15, 25, 45, 30, 35, 5, 55, 20, 45, 30, 20, 60, 25, 10, 35, 10, 65, 20, 16, 50, 20, 20, 25, 60, 35, 30, 35, 40, 45, 35, 35, 15, 35, 63, 15, 25, 40, 35, 25, 35, 35, 20, 25, 10, 55, 30, 30, 36, 55, 60, 16, 25, 45, 35, 10, 25, 10, 35, 10, 40, 30, 10, 20, 20, 10, 25, 30, 50, 25, 25, 15, 35, 30, 30, 30, 45, 20, 42, 35, 55, 45, 35, 20, 30, 25, 40, 35, 20, 40, 30, 30, 30, 20, 35, 25, 20, 15, 20, 30, 30, 30, 20, 25, 10, 30, 41, 55, 10, 20, 15, 65, 40, 20, 20, 30, 15, 25, 25, 25, 35, 25, 25, 40, 10, 10, 40, 20, 45, 20, 15, 20, 30, 40, 35, 30, 20, 30, 30, 20, 20, 15, 35, 25, 15, 15, 25, 45, 15, 10, 20, 20, 45, 30, 10, 15, 25, 20, 15, 15, 35, 5, 10, 10, 35, 50, 57, 10, 15, 5, 25, 25, 35, 15, 50, 25, 20, 15, 20, 10, 32, 20, 20, 20, 40, 40, 30, 50, 20, 50, 30, 35, 40, 75, 15, 35, 50, 15, 25, 25, 60, 35, 20, 30, 10, 25, 55, 30, 40, 15, 50, 60, 5, 75, 10, 25, 50, 20, 25, 15, 20, 25, 15, 31, 35, 30, 20, 25, 5, 30, 50, 20, 30, 10, 20, 20, 20, 40, 25, 30, 10, 25, 35, 15, 20, 20, 15, 15, 35, 40, 30, 50, 30, 45, 30, 15, 20, 20, 40, 15, 25, 30, 20, 30, 35, 5, 20, 20, 20, 35, 25, 25, 20, 20, 25, 20, 20, 30, 30, 25, 20, 45, 25, 35, 30, 15, 40, 20, 15, 35, 95, 15, 30, 30, 25, 30, 30, 15, 35, 10, 40, 25, 20, 50, 25, 65, 20, 25, 30, 30, 15, 50, 25, 10, 65, 30, 35, 25, 35, 15, 25, 10, 30, 30, 30, 75, 35, 20, 20, 25, 16, 75, 30, 30, 15, 30, 40, 15, 45, 20, 15, 35, 40, 35, 20, 21, 30, 35, 60, 35, 10, 65, 35, 25, 25, 15, 30, 20, 15, 21, 20, 20, 15, 50, 20, 45, 5, 15, 10, 10, 10, 25, 15, 45, 50, 30, 45, 50, 35, 25, 20, 10, 15, 35, 20, 22, 15, 40, 10, 40, 20, 25, 30, 10, 30, 30, 25, 10, 70, 10, 75, 10, 25, 30, 30, 61, 20, 25, 45, 30, 30, 15, 10, 30, 5, 35, 5, 35, 20, 35, 10, 30, 50, 35, 60, 15, 15, 90, 25, 20, 30, 5, 15, 30, 40, 55, 30, 30, 35, 15, 45, 25, 40, 25, 35, 55, 20, 35, 30, 30, 40, 50, 25, 20, 15, 45, 15, 60, 30, 20, 30, 20, 10, 15, 70, 91, 35, 35, 10, 20, 20, 19, 
2421952, 1
2421952, 2026
2421952, 2358
2421952, 122177
2421952, 26841
2421952, 28421
2445843, 14
2445843, 5, 5, 10, 10, 5, 5, 5, 5, 5, 5, 5, 5, 5, 10, 5, 5, 5, 10, 5, 5, 10, 5, 10, 5, 5, 5, 5, 5, 15, 15, 10, 10, 5, 10, 10, 10, 5, 15, 5, 5, 5, 5, 10, 5, 5, 5, 5, 5, 5, 5, 5, 10, 15, 5, 10, 5, 10, 10, 15, 5, 5, 5, 5, 10, 15, 5, 5, 15, 15, 10, 10, 10, 10, 10, 15, 15, 10, 10, 10, 5, 15, 15, 20, 5, 10, 5, 5, 15, 20, 10, 15, 10, 20, 5, 5, 15, 20, 10, 30, 5, 5, 10, 10, 10, 5, 5, 10, 15, 10, 10, 10, 5, 10, 15, 15, 10, 10, 10, 20, 5, 5, 10, 20, 5, 10, 5, 15, 5, 10, 5, 5, 5, 10, 10, 15, 5, 5, 5, 20, 5, 5, 10, 5, 5, 10, 15, 10, 5, 10, 5, 5, 10, 5, 15, 10, 10, 5, 10, 15, 5, 20, 20, 5, 10, 15, 10, 10, 5, 15, 10, 20, 15, 10, 10, 10, 15, 10, 25, 5, 30, 10, 10, 15, 15, 20, 15, 10, 15, 15, 15, 15, 15, 5, 15, 10, 20, 10, 20, 5, 20, 25, 15, 15, 5, 10, 30, 5, 5, 10, 15, 10, 5, 25, 10, 30, 10, 10, 10, 5, 15, 15, 5, 20, 10, 30, 5, 10, 20, 10, 5, 20, 20, 10, 15, 15, 20, 10, 15, 20, 5, 10, 10, 10, 25, 15, 10, 15, 5, 10, 10, 5, 10, 10, 10, 15, 5, 5, 10, 35, 5, 15, 20, 20, 10, 30, 20, 10, 15, 5, 5, 10, 10, 25, 25, 20, 15, 5, 15, 10, 10, 25, 10, 10, 25, 10, 20, 20, 15, 15, 20, 25, 10, 15, 10, 10, 10, 20, 30, 10, 5, 15, 5, 5, 15, 10, 35, 20, 10, 2, 15, 5, 15, 10, 20, 15, 10, 10, 10, 20, 10, 20, 20, 20, 15, 30, 10, 10, 20, 20, 10, 10, 25, 15, 5, 20, 10, 25, 25, 10, 15, 15, 25, 20, 15, 5, 5, 20, 15, 10, 15, 20, 25, 20, 10, 15, 25, 10, 25, 10, 15, 50, 5, 15, 20, 15, 20, 15, 15, 25, 20, 25, 30, 15, 25, 26, 15, 30, 5, 10, 20, 30, 15, 20, 10, 25, 10, 35, 25, 20, 15, 10, 10, 15, 10, 15, 10, 25, 10, 5, 10, 15, 30, 15, 35, 25, 10, 15, 25, 15, 10, 35, 15, 25, 15, 10, 25, 10, 5, 10, 10, 15, 20, 25, 10, 30, 10, 10, 20, 5, 10, 15, 35, 20, 5, 25, 30, 10, 15, 15, 40, 10, 25, 10, 25, 15, 5, 10, 25, 10, 25, 10, 10, 5, 25, 20, 10, 15, 20, 20, 20, 15, 20, 15, 40, 5, 10, 20, 30, 30, 15, 15, 30, 15, 15, 21, 15, 10, 20, 15, 30, 30, 30, 5, 15, 5, 40, 15, 15, 30, 5, 25, 15, 10, 20, 10, 25, 5, 20, 20, 20, 15, 10, 10, 6, 35, 10, 10, 10, 35, 15, 30, 5, 15, 15, 15, 5, 10, 5, 10, 10, 5, 10, 30, 15, 15, 20, 20, 25, 10, 20, 20, 20, 5, 20, 20, 25, 5, 5, 15, 40, 20, 10, 15, 15, 10, 5, 15, 5, 40, 35, 20, 20, 45, 5, 10, 35, 5, 5, 10, 10, 10, 35, 25, 20, 10, 30, 15, 25, 25, 15, 10, 20, 25, 10, 20, 15, 30, 35, 15, 20, 15, 5, 5, 25, 25, 25, 15, 15, 10, 20, 20, 25, 50, 20, 15, 15, 15, 10, 20, 40, 20, 10, 15, 15, 5, 25, 20, 10, 15, 15, 20, 20, 25, 15, 20, 10, 15, 10, 20, 5, 20, 15, 10, 20, 10, 10, 15, 25, 25, 35, 15, 10, 20, 10, 35, 20, 30, 15, 20, 25, 20, 10, 15, 20, 5, 15, 10, 20, 20, 15, 5, 10, 25, 20, 15, 10, 15, 10, 15, 15, 30, 15, 30, 20, 30, 50, 25, 10, 20, 10, 15, 10, 10, 20, 20, 10, 5, 20, 15, 30, 5, 20, 15, 30, 20, 15, 15, 25, 30, 35, 5, 30, 15, 25, 15, 20, 15, 20, 20, 15, 10, 25, 25, 20, 20, 35, 15, 10, 15, 10, 30, 25, 10, 65, 30, 20, 15, 20, 5, 15, 20, 5, 25, 20, 10, 10, 30, 20, 35, 32, 10, 40, 10, 5, 15, 13, 20, 76, 25, 20, 30, 20, 10, 30, 10, 15, 15, 5, 5, 10, 20, 10, 25, 10, 30, 15, 15, 35, 15, 10, 25, 20, 30, 25, 25, 15, 20, 30, 20, 15, 40, 5, 15, 20, 5, 35, 20, 25, 10, 15, 40, 15, 30, 20, 20, 10, 25, 15, 15, 5, 50, 10, 5, 20, 30, 35, 25, 15, 30, 10, 25, 25, 10, 15, 10, 40, 15, 20, 25, 10, 50, 30, 15, 20, 20, 25, 30, 15, 15, 5, 10, 20, 30, 15, 15, 10, 10, 30, 30, 25, 15, 15, 25, 25, 20, 15, 15, 10, 20, 25, 20, 35, 20, 20, 10, 10, 30, 55, 5, 35, 30, 25, 15, 25, 25, 10, 25, 45, 25, 25, 15, 35, 15, 5, 10, 20, 15, 5, 20, 15, 25, 10, 40, 20, 30, 20, 20, 15, 40, 10, 15, 15, 25, 30, 15, 25, 30, 40, 17, 10, 10, 20, 15, 25, 20, 35, 35, 10, 20, 25, 20, 30, 45, 15, 5, 10, 5, 25, 15, 60, 22, 15, 40, 25, 15, 35, 20, 20, 20, 15, 15, 30, 10, 10, 40, 10, 30, 10, 25, 10, 20, 10, 10, 30, 20, 5, 45, 30, 15, 30, 20, 10, 50, 30, 5, 25, 20, 5, 25, 15, 30, 10, 25, 15, 30, 15, 5, 30, 35, 5, 20, 25, 40, 10, 15, 25, 10, 25, 10, 15, 15, 20, 35, 30, 30, 25, 30, 30, 30, 30, 25, 15, 15, 10, 15, 15, 15, 10, 15, 25, 10, 10, 10, 35, 10, 35, 10, 25, 15, 15, 20, 30, 25, 10, 40, 25, 25, 25, 25, 25, 10, 10, 15, 45, 10, 30, 20, 30, 15, 20, 20, 5, 40, 20, 10, 20, 30, 10, 15, 25, 25, 20, 5, 15, 25, 10, 15, 15, 20, 15, 15, 15, 35, 15, 15, 25, 10, 40, 20, 20, 10, 10, 25, 25, 10, 15, 15, 20, 20, 20, 20, 25, 20, 25, 15, 25, 25, 20, 15, 35, 30, 50, 35, 15, 50, 10, 10, 20, 10, 10, 15, 15, 40, 30, 25, 25, 55, 25, 15, 30, 30, 10, 15, 50, 35, 15, 25, 40, 35, 35, 15, 20, 20, 15, 15, 25, 25, 35, 25, 25, 10, 30, 30, 25, 20, 15, 10, 30, 15, 30, 20, 5, 70, 10, 40, 20, 40, 20, 10, 10, 50, 40, 45, 30, 50, 10, 15, 35, 45, 20, 21, 25, 55, 35, 10, 25, 20, 29, 25, 25, 15, 15, 5, 20, 30, 15, 30, 25, 35, 40, 20, 30, 35, 30, 30, 25, 35, 5, 20, 20, 15, 35, 20, 10, 25, 20, 20, 25, 25, 15, 25, 85, 20, 15, 15, 50, 35, 30, 45, 35, 25, 35, 26, 15, 40, 10, 15, 25, 40, 20, 20, 25, 30, 25, 30, 20, 25, 50, 15, 20, 15, 15, 10, 25, 25, 25, 5, 20, 15, 10, 25, 15, 25, 20, 40, 10, 25, 25, 20, 30, 25, 15, 25, 5, 25, 55, 15, 20, 15, 10, 10, 30, 65, 10, 10, 20, 30, 11, 25, 15, 35, 20, 10, 20, 20, 25, 20, 20, 15, 25, 15, 5, 20, 10, 22, 20, 39, 15, 25, 30, 30, 20, 30, 80, 30, 20, 15, 37, 20, 25, 20, 70, 20, 40, 25, 15, 10, 25, 20, 10, 20, 35, 35, 25, 25, 45, 30, 20, 6, 5, 30, 25, 65, 20, 30, 30, 31, 
2445843, 1
2445843, 2025
2445843, 2485
2445843, 145116
2445843, 18377
2445843, 28377
2490588, 86
2490588, 5, 5, 20, 5, 5, 10, 20, 10, 10, 5, 30, 30, 10, 10, 20, 15, 5, 20, 5, 10, 30, 15, 10, 15, 20, 5, 5, 20, 10, 10, 15, 25, 20, 20, 20, 20, 20, 25, 30, 10, 20, 20, 15, 10, 10, 15, 15, 15, 10, 10, 20, 25, 15, 10, 20, 20, 15, 25, 20, 20, 15, 30, 15, 25, 15, 20, 20, 5, 15, 30, 25, 25, 10, 20, 35, 15, 15, 25, 15, 10, 20, 20, 10, 15, 40, 11, 20, 25, 30, 20, 10, 50, 25, 30, 45, 30, 20, 20, 35, 40, 15, 16, 45, 5, 20, 30, 25, 20, 30, 25, 25, 15, 15, 25, 20, 40, 25, 20, 20, 45, 20, 20, 25, 15, 30, 25, 25, 10, 35, 10, 25, 25, 20, 10, 15, 5, 15, 15, 10, 30, 45, 20, 25, 30, 25, 35, 20, 25, 35, 20, 10, 20, 25, 15, 25, 15, 25, 35, 45, 20, 25, 25, 25, 25, 15, 20, 30, 20, 20, 45, 30, 20, 20, 10, 15, 35, 50, 35, 25, 30, 15, 15, 30, 20, 20, 25, 10, 30, 35, 20, 40, 15, 25, 25, 65, 25, 20, 10, 30, 20, 90, 15, 10, 45, 15, 40, 10, 20, 40, 20, 20, 40, 25, 20, 30, 15, 25, 20, 15, 35, 30, 25, 25, 50, 20, 20, 25, 30, 35, 10, 30, 20, 15, 60, 15, 20, 35, 25, 15, 25, 25, 40, 25, 25, 25, 40, 20, 30, 25, 25, 35, 30, 10, 20, 10, 50, 20, 35, 25, 31, 35, 50, 10, 25, 15, 15, 25, 50, 70, 35, 25, 25, 40, 25, 30, 25, 30, 15, 21, 25, 15, 55, 30, 40, 20, 30, 20, 15, 35, 25, 30, 50, 30, 25, 10, 35, 11, 30, 15, 15, 10, 35, 30, 40, 40, 15, 30, 30, 30, 40, 25, 15, 25, 25, 15, 35, 25, 55, 65, 15, 35, 45, 30, 35, 55, 25, 25, 35, 10, 35, 50, 20, 45, 70, 20, 40, 30, 20, 20, 20, 20, 30, 30, 35, 25, 40, 25, 25, 5, 45, 10, 30, 25, 15, 15, 20, 45, 30, 15, 25, 35, 30, 25, 35, 20, 40, 35, 40, 35, 50, 20, 15, 15, 30, 15, 30, 27, 20, 26, 40, 35, 35, 75, 40, 15, 20, 20, 10, 35, 25, 40, 15, 25, 35, 45, 20, 80, 45, 45, 20, 35, 30, 30, 10, 20, 10, 72, 35, 10, 40, 25, 35, 26, 10, 40, 20, 25, 35, 30, 45, 25, 30, 35, 35, 20, 20, 50, 40, 45, 30, 35, 20, 45, 15, 45, 20, 15, 30, 20, 20, 15, 20, 25, 45, 60, 35, 50, 10, 35, 15, 55, 20, 35, 20, 80, 70, 35, 20, 35, 25, 35, 25, 25, 35, 20, 35, 25, 45, 20, 35, 40, 30, 80, 10, 15, 25, 40, 35, 30, 45, 85, 5, 20, 30, 30, 35, 35, 15, 25, 40, 25, 55, 15, 30, 40, 55, 35, 50, 15, 25, 50, 40, 35, 20, 25, 25, 25, 30, 10, 25, 40, 20, 47, 40, 45, 20, 30, 15, 30, 35, 45, 25, 35, 15, 70, 35, 25, 25, 25, 40, 20, 30, 15, 35, 35, 35, 25, 40, 50, 55, 35, 15, 15, 40, 30, 60, 25, 40, 25, 30, 15, 35, 25, 5, 35, 35, 25, 45, 25, 40, 30, 40, 40, 30, 40, 45, 40, 20, 15, 25, 45, 20, 35, 10, 50, 30, 40, 20, 25, 30, 10, 50, 35, 40, 30, 25, 25, 25, 25, 55, 45, 35, 20, 35, 60, 30, 50, 20, 30, 15, 40, 35, 20, 25, 25, 50, 50, 25, 40, 45, 25, 40, 30, 40, 35, 25, 30, 30, 40, 20, 30, 70, 60, 20, 10, 50, 20, 65, 25, 25, 25, 15, 20, 40, 40, 25, 25, 30, 35, 40, 30, 40, 40, 30, 35, 30, 40, 25, 30, 25, 35, 25, 35, 25, 15, 25, 20, 30, 25, 60, 15, 15, 35, 40, 40, 50, 15, 70, 45, 50, 30, 65, 50, 45, 45, 30, 25, 30, 30, 50, 20, 105, 20, 30, 40, 25, 40, 45, 55, 35, 55, 15, 25, 30, 25, 25, 15, 31, 25, 35, 30, 35, 25, 25, 25, 60, 35, 20, 35, 5, 55, 35, 10, 15, 25, 25, 30, 35, 25, 35, 15, 10, 20, 30, 10, 25, 60, 30, 30, 40, 30, 30, 45, 15, 45, 10, 35, 50, 30, 35, 50, 55, 10, 20, 15, 25, 35, 15, 30, 25, 25, 45, 20, 30, 16, 35, 80, 30, 35, 60, 30, 35, 25, 30, 30, 20, 30, 15, 55, 30, 30, 65, 35, 35, 25, 20, 55, 55, 35, 15, 40, 55, 35, 40, 45, 40, 5, 15, 45, 20, 45, 30, 35, 45, 55, 40, 50, 40, 25, 20, 30, 65, 30, 25, 30, 40, 55, 50, 30, 45, 20, 75, 70, 40, 15, 30, 20, 20, 35, 35, 45, 30, 15, 30, 45, 15, 10, 30, 40, 25, 45, 70, 40, 25, 75, 50, 30, 30, 50, 25, 30, 50, 40, 95, 35, 25, 40, 25, 40, 20, 30, 40, 35, 60, 50, 50, 35, 65, 35, 45, 35, 35, 35, 20, 30, 20, 40, 25, 20, 40, 35, 55, 45, 35, 30, 25, 40, 25, 40, 45, 35, 30, 20, 35, 35, 120, 15, 35, 60, 25, 140, 35, 20, 35, 20, 25, 50, 15, 65, 50, 30, 20, 40, 20, 15, 25, 60, 30, 40, 30, 30, 25, 25, 35, 65, 45, 10, 25, 25, 45, 20, 20, 30, 40, 30, 35, 25, 45, 40, 35, 10, 25, 30, 20, 25, 50, 25, 20, 25, 30, 30, 35, 25, 30, 40, 25, 45, 30, 35, 35, 20, 60, 40, 45, 65, 40, 35, 40, 20, 35, 45, 35, 35, 15, 45, 70, 35, 15, 80, 25, 65, 40, 20, 30, 50, 45, 45, 25, 25, 25, 30, 20, 35, 15, 5, 20, 25, 30, 35, 60, 25, 40, 30, 40, 40, 55, 30, 40, 45, 20, 10, 25, 35, 45, 60, 50, 25, 40, 55, 40, 35, 15, 30, 90, 40, 25, 35, 20, 30, 30, 25, 50, 35, 50, 40, 50, 25, 16, 30, 30, 85, 35, 65, 30, 20, 20, 55, 40, 70, 40, 35, 55, 35, 15, 60, 30, 30, 35, 35, 45, 15, 20, 35, 35, 15, 45, 45, 55, 35, 45, 60, 42, 35, 20, 45, 40, 40, 35, 20, 40, 35, 30, 55, 65, 70, 45, 35, 30, 55, 105, 30, 130, 50, 20, 20, 36, 40, 30, 55, 35, 20, 27, 45, 30, 70, 30, 20, 25, 10, 45, 35, 35, 40, 45, 10, 45, 30, 50, 55, 25, 35, 45, 45, 50, 10, 30, 75, 25, 80, 41, 30, 40, 60, 60, 35, 95, 25, 95, 20, 60, 25, 35, 25, 45, 35, 40, 35, 30, 25, 40, 40, 25, 25, 40, 60, 40, 40, 40, 10, 40, 55, 55, 20, 40, 75, 55, 85, 45, 20, 40, 15, 50, 20, 19, 35, 35, 51, 65, 40, 85, 55, 65, 25, 40, 40, 35, 55, 45, 35, 20, 25, 55, 30, 35, 30, 40, 30, 35, 55, 65, 75, 50, 35, 40, 45, 15, 25, 45, 30, 25, 50, 30, 25, 45, 40, 45, 35, 30, 55, 30, 30, 60, 30, 35, 30, 45, 70, 45, 85, 90, 60, 20, 30, 25, 35, 25, 35, 40, 15, 35, 40, 25, 35, 35, 25, 45, 45, 20, 30, 20, 35, 20, 41, 35, 45, 35, 20, 15, 35, 30, 30, 30, 45, 50, 50, 50, 15, 10, 40, 40, 45, 60, 20, 30, 30, 35, 30, 20, 50, 40, 60, 30, 25, 25, 55, 45, 25, 35, 15, 35, 40, 40, 45, 35, 85, 40, 50, 35, 50, 35, 30, 30, 40, 60, 50, 60, 50, 20, 35, 40, 45, 75, 30, 45, 25, 25, 70, 40, 40, 25, 40, 20, 30, 25, 15, 45, 20, 30, 55, 20, 45, 35, 20, 30, 100, 40, 60, 35, 50, 45, 20, 35, 15, 35, 50, 35, 65, 55, 20, 20, 35, 50, 105, 20, 5, 35, 30, 45, 35, 30, 30, 40, 60, 40, 45, 26, 36, 45, 20, 40, 30, 55, 70, 30, 20, 14, 
2490588, 2
2490588, 1833
2490588, 2062
2490588, 79404
2490588, 18045
2490588, 28324
2515033, 26
2515033, 5, 5, 5, 5, 5, 5, 5, 5, 5, 5, 5, 5, 10, 5, 5, 5, 5, 10, 5, 5, 15, 5, 5, 5, 5, 10, 10, 5, 5, 5, 5, 10, 5, 5, 10, 5, 10, 5, 10, 5, 5, 5, 5, 5, 5, 5, 5, 10, 5, 5, 10, 5, 10, 15, 5, 5, 20, 10, 5, 15, 20, 5, 5, 10, 10, 10, 5, 10, 25, 10, 20, 5, 10, 10, 5, 5, 5, 20, 10, 5, 5, 10, 10, 5, 10, 10, 10, 11, 5, 15, 5, 15, 20, 5, 5, 10, 5, 5, 5, 10, 5, 10, 5, 15, 20, 15, 10, 10, 10, 15, 10, 10, 5, 20, 20, 5, 5, 5, 15, 5, 25, 15, 10, 5, 15, 15, 5, 10, 20, 15, 10, 5, 15, 5, 20, 15, 15, 5, 5, 10, 10, 5, 25, 15, 10, 5, 20, 5, 15, 15, 10, 25, 20, 15, 10, 5, 5, 15, 10, 5, 5, 20, 10, 5, 15, 5, 15, 15, 30, 20, 5, 15, 5, 15, 10, 5, 15, 25, 10, 10, 10, 15, 25, 15, 25, 10, 15, 10, 10, 15, 15, 5, 10, 10, 5, 25, 10, 5, 5, 25, 20, 15, 15, 15, 20, 15, 5, 10, 5, 35, 20, 15, 10, 5, 10, 10, 5, 20, 10, 10, 30, 10, 20, 20, 5, 10, 15, 5, 20, 5, 15, 25, 15, 20, 25, 5, 20, 5, 10, 20, 5, 15, 20, 15, 10, 10, 5, 15, 5, 20, 30, 5, 15, 15, 15, 10, 10, 20, 10, 10, 5, 20, 20, 5, 30, 10, 25, 30, 10, 20, 5, 10, 15, 5, 25, 10, 30, 5, 5, 20, 15, 25, 15, 25, 20, 5, 5, 15, 10, 30, 10, 20, 10, 30, 20, 5, 15, 10, 10, 20, 25, 5, 20, 10, 15, 10, 15, 20, 25, 5, 10, 20, 10, 10, 15, 15, 30, 15, 15, 10, 10, 10, 25, 10, 25, 20, 10, 10, 10, 15, 15, 20, 15, 15, 20, 30, 10, 15, 15, 5, 15, 15, 25, 10, 15, 5, 25, 10, 20, 10, 25, 10, 10, 20, 10, 20, 10, 5, 10, 10, 15, 15, 20, 10, 15, 15, 15, 25, 15, 5, 15, 20, 10, 10, 25, 20, 20, 10, 5, 20, 25, 10, 30, 15, 35, 15, 20, 10, 25, 30, 5, 30, 5, 35, 20, 25, 30, 20, 15, 15, 15, 5, 15, 10, 15, 30, 30, 15, 20, 20, 10, 15, 25, 5, 20, 25, 10, 15, 15, 10, 15, 10, 20, 35, 15, 10, 25, 5, 15, 35, 20, 25, 5, 15, 10, 20, 10, 20, 10, 40, 20, 15, 20, 20, 25, 15, 10, 20, 20, 15, 10, 20, 35, 10, 20, 15, 35, 15, 35, 20, 15, 15, 20, 10, 5, 15, 15, 10, 10, 10, 30, 10, 20, 15, 10, 10, 15, 5, 25, 10, 15, 10, 10, 20, 15, 15, 25, 5, 15, 10, 25, 20, 25, 25, 10, 10, 20, 10, 30, 5, 15, 30, 10, 5, 15, 30, 15, 20, 15, 45, 21, 10, 30, 5, 25, 15, 15, 20, 30, 25, 20, 20, 35, 40, 15, 20, 20, 5, 10, 15, 10, 25, 20, 20, 30, 10, 20, 16, 15, 10, 30, 20, 17, 15, 15, 10, 15, 15, 25, 15, 21, 10, 20, 25, 10, 10, 15, 25, 15, 20, 25, 25, 15, 10, 15, 25, 15, 30, 20, 10, 5, 30, 40, 20, 20, 5, 25, 15, 20, 20, 5, 30, 15, 35, 45, 5, 15, 30, 35, 10, 10, 15, 5, 10, 20, 35, 25, 40, 15, 10, 35, 20, 20, 15, 20, 15, 15, 35, 20, 10, 25, 20, 5, 15, 15, 15, 15, 5, 15, 15, 35, 20, 5, 35, 10, 20, 15, 25, 5, 20, 25, 5, 10, 15, 15, 40, 10, 40, 20, 30, 15, 15, 15, 15, 20, 15, 15, 20, 25, 17, 15, 20, 30, 15, 5, 25, 30, 15, 10, 5, 15, 25, 10, 10, 15, 10, 15, 30, 15, 15, 20, 25, 25, 10, 10, 35, 15, 15, 25, 10, 15, 10, 40, 30, 25, 10, 30, 10, 25, 30, 40, 10, 15, 15, 10, 10, 5, 30, 35, 20, 25, 30, 25, 15, 10, 10, 30, 35, 15, 20, 30, 15, 20, 25, 31, 10, 5, 35, 20, 20, 20, 10, 20, 20, 10, 45, 20, 20, 35, 15, 10, 15, 15, 15, 20, 10, 20, 15, 5, 15, 25, 10, 25, 25, 10, 20, 15, 15, 35, 60, 35, 35, 20, 30, 20, 20, 20, 10, 25, 10, 20, 15, 15, 5, 10, 20, 35, 35, 5, 20, 15, 20, 20, 10, 10, 35, 10, 5, 20, 10, 10, 15, 40, 25, 15, 25, 30, 35, 10, 5, 25, 35, 10, 20, 35, 30, 20, 40, 15, 35, 15, 20, 25, 30, 20, 10, 20, 5, 10, 15, 15, 15, 5, 30, 20, 10, 50, 10, 15, 40, 15, 10, 10, 10, 10, 20, 15, 30, 30, 15, 15, 30, 25, 10, 20, 20, 25, 25, 20, 10, 25, 15, 30, 30, 30, 10, 10, 36, 25, 20, 10, 20, 15, 40, 35, 15, 25, 20, 20, 55, 30, 45, 36, 15, 25, 15, 20, 60, 30, 25, 15, 10, 5, 30, 15, 50, 20, 20, 20, 40, 20, 10, 25, 10, 10, 20, 10, 35, 15, 5, 30, 10, 30, 25, 35, 30, 25, 15, 30, 25, 20, 25, 35, 10, 30, 25, 20, 20, 20, 25, 15, 15, 40, 30, 5, 13, 20, 25, 30, 25, 5, 30, 20, 20, 15, 25, 20, 10, 10, 20, 25, 35, 30, 35, 35, 30, 10, 35, 35, 65, 5, 15, 15, 35, 30, 20, 30, 30, 20, 15, 30, 10, 20, 25, 30, 30, 20, 15, 20, 15, 20, 10, 20, 20, 25, 30, 20, 25, 20, 25, 30, 20, 30, 20, 25, 60, 25, 40, 10, 20, 20, 10, 20, 25, 15, 20, 25, 25, 25, 20, 15, 15, 40, 20, 10, 15, 15, 15, 25, 20, 35, 15, 15, 35, 25, 20, 15, 15, 30, 15, 20, 25, 45, 10, 20, 25, 15, 30, 20, 15, 25, 10, 15, 30, 20, 10, 50, 30, 20, 10, 15, 25, 25, 15, 20, 15, 20, 25, 20, 25, 35, 10, 15, 45, 10, 25, 30, 20, 15, 10, 20, 15, 25, 10, 15, 20, 25, 15, 15, 10, 20, 10, 25, 30, 10, 30, 5, 30, 10, 25, 25, 35, 5, 25, 75, 30, 30, 15, 15, 25, 15, 40, 35, 20, 10, 40, 5, 25, 20, 35, 15, 25, 25, 10, 10, 15, 10, 15, 10, 30, 20, 20, 10, 15, 55, 40, 15, 25, 10, 30, 5, 30, 35, 10, 10, 5, 36, 50, 5, 35, 15, 30, 25, 20, 15, 20, 25, 25, 25, 10, 15, 35, 15, 25, 15, 35, 15, 35, 30, 30, 20, 30, 35, 35, 25, 30, 30, 20, 20, 35, 20, 25, 25, 15, 5, 25, 30, 20, 30, 20, 15, 40, 25, 15, 25, 20, 15, 20, 25, 25, 25, 30, 10, 27, 40, 20, 35, 30, 30, 15, 25, 47, 40, 55, 50, 20, 25, 30, 25, 25, 15, 30, 15, 25, 25, 65, 5, 20, 40, 15, 10, 25, 15, 35, 15, 30, 15, 20, 20, 15, 45, 25, 15, 25, 40, 15, 15, 40, 15, 25, 15, 15, 30, 20, 35, 15, 15, 20, 15, 30, 25, 35, 55, 15, 20, 15, 10, 15, 20, 30, 45, 20, 20, 35, 30, 36, 10, 15, 15, 40, 35, 25, 20, 35, 25, 25, 25, 20, 15, 5, 15, 20, 10, 15, 40, 15, 10, 5, 20, 30, 25, 25, 15, 30, 30, 15, 77, 30, 27, 10, 10, 25, 25, 15, 15, 25, 15, 35, 25, 40, 35, 50, 20, 35, 40, 20, 15, 40, 55, 30, 40, 10, 25, 5, 25, 30, 20, 20, 30, 15, 25, 35, 25, 15, 
2515033, 1
2515033, 1945
2515033, 2180
2515033, 87703
2515033, 17952
2515033, 28253
2515034, 1
2515034, 
2515034, 22
2515034, 10849
2515034, 11082
2515034, 47200
2515034, 17479
2515034, 28207
2528295, 26
2528295, 5, 5, 5, 5, 5, 5, 5, 5, 5, 5, 5, 5, 5, 5, 5, 5, 5, 5, 5, 5, 5, 5, 5, 5, 5, 5, 5, 5, 5, 5, 5, 5, 5, 5, 5, 5, 5, 5, 5, 5, 5, 5, 10, 5, 5, 5, 5, 5, 5, 5, 5, 5, 5, 5, 5, 5, 5, 5, 5, 5, 15, 10, 10, 5, 10, 5, 5, 5, 5, 10, 5, 10, 5, 5, 5, 5, 5, 5, 5, 5, 10, 5, 5, 5, 5, 5, 5, 5, 5, 5, 5, 10, 5, 15, 5, 5, 5, 5, 10, 10, 10, 5, 5, 5, 5, 10, 10, 10, 5, 10, 5, 10, 5, 10, 10, 10, 5, 5, 5, 5, 10, 10, 5, 10, 5, 5, 10, 15, 5, 5, 5, 10, 5, 5, 5, 5, 5, 20, 5, 5, 5, 5, 15, 5, 5, 5, 5, 10, 5, 5, 10, 10, 5, 15, 10, 10, 5, 5, 5, 15, 10, 20, 5, 15, 10, 5, 5, 5, 5, 5, 5, 10, 10, 5, 15, 10, 10, 15, 5, 10, 10, 20, 15, 10, 5, 5, 10, 10, 5, 5, 15, 5, 5, 5, 20, 10, 15, 10, 5, 10, 10, 15, 10, 5, 15, 5, 10, 10, 15, 5, 10, 15, 5, 10, 15, 10, 10, 10, 5, 15, 10, 10, 10, 10, 5, 5, 10, 15, 15, 10, 5, 5, 15, 10, 10, 10, 5, 5, 10, 5, 10, 5, 5, 5, 10, 15, 5, 10, 15, 5, 5, 5, 5, 5, 15, 5, 10, 5, 10, 5, 10, 5, 5, 5, 10, 10, 5, 20, 20, 10, 5, 25, 15, 5, 15, 5, 10, 10, 5, 15, 10, 15, 10, 5, 10, 10, 10, 5, 10, 15, 5, 15, 10, 5, 15, 10, 10, 15, 5, 5, 10, 5, 15, 15, 5, 10, 5, 10, 10, 10, 5, 5, 5, 15, 15, 10, 5, 5, 15, 5, 20, 10, 10, 10, 10, 10, 10, 10, 15, 15, 15, 10, 10, 10, 10, 15, 5, 5, 10, 5, 5, 5, 10, 5, 5, 5, 10, 25, 5, 10, 20, 10, 5, 10, 10, 10, 5, 5, 20, 5, 5, 10, 15, 10, 10, 10, 15, 5, 10, 20, 5, 5, 5, 5, 5, 5, 5, 10, 20, 10, 10, 10, 5, 5, 15, 10, 5, 5, 10, 5, 5, 10, 15, 5, 5, 15, 10, 15, 5, 5, 5, 15, 15, 5, 5, 10, 20, 5, 15, 30, 15, 10, 5, 15, 5, 15, 10, 5, 15, 20, 10, 5, 5, 15, 5, 20, 10, 5, 5, 10, 5, 5, 10, 15, 5, 35, 10, 10, 5, 10, 15, 20, 25, 10, 15, 5, 15, 15, 15, 10, 5, 10, 10, 10, 10, 15, 10, 20, 5, 10, 10, 15, 10, 15, 10, 20, 10, 5, 10, 15, 15, 10, 30, 15, 20, 10, 10, 10, 5, 10, 10, 5, 10, 15, 15, 15, 5, 5, 10, 5, 10, 5, 5, 5, 10, 10, 15, 5, 5, 5, 20, 15, 25, 5, 10, 5, 5, 5, 15, 15, 15, 10, 10, 5, 5, 5, 15, 10, 15, 5, 10, 5, 25, 5, 5, 20, 15, 5, 5, 15, 15, 20, 25, 10, 10, 10, 10, 5, 10, 5, 10, 15, 10, 25, 10, 13, 10, 10, 15, 10, 5, 25, 10, 5, 5, 10, 10, 5, 10, 15, 10, 20, 5, 10, 10, 15, 5, 15, 20, 20, 10, 15, 15, 10, 5, 10, 15, 5, 10, 10, 25, 10, 15, 10, 20, 5, 6, 15, 5, 10, 20, 5, 10, 20, 10, 5, 20, 20, 5, 15, 5, 10, 15, 20, 15, 15, 5, 10, 5, 15, 5, 10, 15, 10, 15, 10, 15, 10, 15, 10, 10, 15, 10, 5, 10, 20, 15, 5, 15, 15, 10, 5, 10, 10, 5, 15, 15, 15, 20, 20, 5, 5, 30, 20, 30, 15, 10, 5, 10, 10, 5, 5, 5, 5, 10, 5, 15, 10, 10, 30, 20, 20, 10, 15, 15, 10, 10, 10, 10, 20, 20, 10, 15, 15, 5, 5, 20, 10, 15, 5, 5, 10, 30, 5, 15, 10, 20, 15, 15, 15, 10, 5, 15, 5, 15, 25, 15, 15, 5, 20, 30, 25, 35, 10, 15, 5, 15, 15, 5, 15, 5, 5, 15, 15, 10, 10, 5, 20, 10, 5, 5, 15, 10, 20, 10, 5, 10, 15, 5, 25, 10, 10, 20, 25, 20, 10, 8, 10, 10, 5, 5, 15, 5, 40, 10, 10, 20, 15, 15, 10, 15, 20, 10, 20, 20, 15, 15, 10, 10, 5, 5, 15, 10, 5, 10, 10, 10, 5, 15, 15, 10, 15, 20, 10, 40, 20, 10, 5, 20, 5, 20, 10, 15, 5, 5, 10, 20, 10, 15, 10, 20, 25, 25, 5, 10, 10, 20, 15, 20, 5, 35, 10, 5, 20, 25, 5, 20, 15, 10, 20, 40, 10, 15, 10, 5, 10, 5, 5, 15, 15, 15, 20, 20, 5, 15, 10, 10, 5, 10, 15, 10, 15, 25, 5, 15, 5, 37, 15, 25, 10, 15, 10, 10, 10, 15, 5, 20, 30, 15, 15, 15, 15, 10, 10, 10, 15, 20, 10, 5, 5, 20, 5, 36, 5, 5, 15, 10, 15, 10, 20, 15, 10, 15, 15, 5, 20, 5, 15, 10, 5, 10, 5, 20, 10, 5, 10, 10, 15, 25, 30, 15, 15, 10, 10, 10, 25, 10, 10, 15, 5, 5, 25, 20, 10, 15, 5, 20, 5, 15, 20, 15, 20, 15, 10, 15, 10, 10, 10, 15, 15, 15, 15, 15, 15, 15, 15, 5, 10, 10, 10, 15, 30, 15, 5, 5, 10, 10, 10, 5, 15, 11, 10, 20, 15, 15, 10, 25, 10, 5, 5, 5, 15, 15, 20, 20, 5, 10, 10, 5, 15, 10, 10, 10, 20, 35, 51, 15, 10, 20, 5, 15, 25, 20, 15, 20, 15, 5, 20, 5, 10, 5, 15, 25, 5, 35, 15, 5, 40, 5, 5, 5, 15, 5, 10, 15, 10, 25, 20, 10, 25, 20, 10, 5, 35, 25, 20, 5, 15, 15, 25, 10, 10, 20, 15, 15, 15, 15, 15, 5, 35, 20, 15, 15, 10, 15, 25, 10, 15, 15, 15, 20, 10, 20, 10, 20, 10, 10, 5, 11, 25, 15, 20, 15, 10, 15, 15, 5, 15, 20, 10, 35, 10, 1, 30, 10, 10, 10, 20, 20, 20, 5, 30, 5, 15, 15, 15, 5, 30, 15, 10, 5, 15, 20, 15, 30, 20, 20, 15, 10, 10, 15, 10, 10, 5, 5, 10, 5, 25, 25, 10, 15, 40, 25, 20, 15, 40, 25, 25, 35, 35, 20, 15, 20, 20, 15, 5, 15, 10, 10, 20, 35, 25, 5, 25, 5, 25, 15, 10, 15, 40, 10, 20, 15, 15, 10, 10, 15, 15, 25, 10, 20, 15, 10, 15, 25, 20, 15, 25, 20, 40, 16, 
2528295, 2
2528295, 3118
2528295, 7314
2528295, 20182
2528295, 8946
2528295, 28173
2582995, 67
2582995, 5, 5, 5, 10, 20, 20, 15, 15, 10, 15, 25, 30, 20, 30, 30, 5, 10, 15, 10, 10, 35, 20, 15, 15, 10, 35, 25, 20, 40, 10, 30, 20, 15, 15, 35, 20, 15, 15, 20, 25, 25, 25, 40, 25, 10, 25, 15, 35, 35, 35, 35, 20, 5, 25, 30, 15, 5, 25, 40, 25, 5, 20, 35, 30, 25, 30, 35, 25, 25, 15, 30, 20, 25, 25, 50, 10, 52, 30, 30, 40, 15, 20, 40, 45, 30, 55, 15, 15, 35, 20, 40, 30, 20, 20, 20, 25, 50, 25, 40, 15, 5, 10, 25, 10, 60, 10, 35, 30, 30, 25, 20, 35, 35, 15, 60, 10, 30, 35, 10, 20, 35, 45, 30, 30, 45, 15, 50, 30, 55, 30, 25, 15, 25, 25, 35, 5, 15, 65, 45, 40, 40, 50, 45, 50, 35, 30, 20, 35, 20, 15, 20, 35, 20, 25, 25, 30, 35, 20, 35, 20, 20, 30, 25, 40, 45, 25, 40, 15, 45, 40, 20, 5, 25, 5, 40, 35, 35, 25, 30, 35, 35, 50, 25, 20, 60, 30, 45, 50, 40, 30, 15, 20, 10, 35, 15, 45, 30, 10, 30, 25, 35, 30, 30, 80, 40, 20, 30, 40, 50, 20, 35, 20, 15, 20, 30, 35, 35, 35, 50, 30, 45, 25, 35, 15, 40, 35, 35, 45, 20, 30, 91, 60, 25, 25, 45, 50, 30, 30, 35, 30, 30, 30, 10, 35, 40, 50, 10, 15, 20, 30, 15, 20, 20, 45, 25, 50, 30, 35, 30, 20, 25, 55, 25, 30, 30, 5, 20, 31, 15, 21, 40, 35, 40, 20, 25, 50, 30, 40, 30, 50, 55, 50, 40, 45, 45, 30, 40, 35, 45, 30, 51, 45, 40, 35, 25, 55, 35, 25, 45, 65, 40, 35, 45, 35, 20, 20, 45, 30, 30, 47, 35, 10, 20, 40, 35, 25, 45, 20, 30, 15, 30, 5, 35, 55, 60, 40, 20, 30, 15, 40, 35, 65, 30, 45, 45, 45, 25, 35, 40, 25, 25, 40, 30, 30, 20, 15, 30, 20, 40, 50, 30, 25, 55, 25, 45, 40, 30, 45, 50, 65, 65, 35, 40, 50, 35, 55, 55, 35, 25, 16, 45, 35, 40, 60, 20, 25, 45, 35, 35, 45, 40, 47, 50, 10, 40, 30, 35, 35, 40, 50, 45, 70, 65, 15, 32, 10, 50, 60, 20, 35, 35, 46, 40, 35, 55, 35, 55, 25, 40, 65, 30, 45, 55, 35, 35, 65, 30, 15, 40, 20, 30, 25, 60, 50, 55, 50, 25, 25, 10, 35, 45, 50, 45, 45, 55, 55, 35, 25, 50, 40, 40, 20, 40, 40, 35, 70, 37, 40, 40, 35, 25, 35, 20, 35, 40, 30, 10, 20, 45, 35, 40, 40, 40, 55, 50, 40, 20, 50, 70, 40, 20, 20, 35, 35, 60, 45, 25, 35, 20, 25, 31, 50, 55, 25, 50, 45, 35, 65, 55, 40, 35, 35, 35, 35, 25, 35, 35, 45, 25, 30, 30, 50, 20, 55, 30, 65, 25, 40, 35, 35, 35, 25, 45, 55, 50, 50, 45, 25, 45, 50, 15, 30, 30, 40, 25, 55, 55, 40, 25, 25, 70, 40, 45, 30, 45, 40, 20, 50, 35, 60, 45, 50, 50, 10, 45, 15, 30, 45, 70, 40, 55, 45, 35, 55, 11, 50, 35, 5, 35, 45, 30, 30, 15, 55, 50, 50, 55, 55, 65, 25, 25, 30, 40, 45, 25, 40, 35, 35, 20, 35, 35, 35, 30, 40, 35, 60, 45, 50, 65, 40, 55, 15, 30, 60, 45, 35, 45, 20, 55, 50, 55, 60, 50, 65, 50, 50, 50, 25, 20, 35, 40, 55, 25, 40, 45, 50, 50, 70, 25, 45, 50, 25, 55, 20, 35, 67, 85, 45, 45, 55, 25, 15, 50, 30, 55, 35, 55, 25, 45, 60, 65, 45, 75, 30, 55, 35, 30, 45, 45, 45, 45, 55, 45, 20, 45, 40, 48, 43, 45, 25, 60, 40, 60, 20, 25, 40, 30, 30, 46, 25, 30, 20, 30, 35, 30, 40, 20, 20, 55, 25, 45, 10, 35, 35, 50, 55, 15, 25, 35, 30, 45, 25, 30, 35, 40, 35, 15, 25, 35, 40, 35, 45, 55, 40, 30, 35, 35, 30, 35, 15, 47, 60, 80, 40, 55, 25, 60, 40, 75, 40, 40, 20, 30, 50, 60, 35, 40, 25, 35, 30, 30, 40, 40, 40, 25, 60, 40, 65, 45, 45, 120, 50, 10, 25, 35, 35, 30, 55, 50, 40, 70, 35, 50, 15, 35, 126, 25, 30, 20, 75, 46, 75, 40, 40, 50, 45, 45, 35, 30, 30, 35, 45, 55, 125, 25, 50, 45, 65, 40, 35, 36, 35, 50, 50, 45, 40, 40, 50, 25, 30, 55, 35, 30, 45, 25, 20, 105, 45, 40, 80, 20, 55, 45, 40, 50, 50, 20, 30, 30, 125, 25, 30, 80, 40, 50, 50, 15, 50, 60, 30, 25, 25, 35, 40, 50, 40, 25, 55, 50, 85, 65, 25, 30, 35, 30, 45, 25, 35, 55, 25, 30, 25, 30, 50, 45, 40, 65, 30, 45, 50, 75, 35, 45, 45, 35, 25, 40, 55, 30, 55, 50, 30, 60, 35, 50, 45, 60, 70, 45, 75, 55, 105, 45, 25, 45, 55, 25, 75, 40, 30, 60, 25, 40, 50, 25, 55, 35, 25, 50, 56, 35, 35, 35, 50, 30, 30, 80, 35, 110, 45, 35, 35, 30, 35, 20, 35, 67, 65, 20, 45, 40, 60, 35, 30, 45, 65, 55, 20, 30, 50, 40, 15, 55, 40, 50, 40, 25, 55, 25, 50, 65, 35, 50, 40, 40, 35, 40, 50, 30, 40, 45, 40, 65, 68, 25, 65, 55, 50, 35, 40, 65, 30, 30, 30, 45, 20, 50, 98, 35, 35, 30, 35, 55, 45, 25, 30, 45, 50, 30, 35, 100, 35, 80, 35, 30, 110, 45, 50, 75, 15, 20, 65, 30, 35, 90, 20, 25, 45, 25, 45, 70, 30, 40, 65, 40, 30, 35, 35, 40, 55, 25, 50, 35, 30, 50, 25, 40, 45, 40, 35, 50, 25, 20, 35, 40, 90, 85, 60, 30, 25, 35, 30, 20, 35, 35, 55, 50, 95, 75, 45, 30, 30, 60, 10, 50, 10, 25, 35, 35, 30, 55, 45, 40, 30, 80, 25, 60, 50, 50, 65, 110, 30, 40, 60, 35, 30, 35, 40, 50, 25, 65, 15, 30, 45, 20, 35, 47, 50, 35, 45, 65, 70, 45, 20, 50, 35, 35, 65, 25, 25, 35, 20, 35, 40, 30, 50, 40, 25, 60, 60, 25, 35, 25, 25, 50, 65, 40, 35, 25, 50, 36, 45, 50, 30, 50, 35, 30, 15, 35, 30, 25, 45, 35, 10, 55, 50, 25, 54, 75, 65, 95, 15, 70, 25, 60, 30, 50, 40, 45, 25, 75, 25, 25, 65, 45, 25, 45, 45, 55, 50, 35, 60, 45, 70, 30, 65, 60, 70, 30, 35, 40, 60, 35, 35, 40, 55, 15, 70, 35, 40, 35, 35, 35, 35, 40, 40, 30, 55, 40, 25, 55, 50, 75, 20, 45, 40, 55, 50, 40, 50, 25, 40, 50, 40, 40, 25, 20, 50, 50, 25, 50, 35, 50, 40, 40, 15, 40, 35, 40, 30, 25, 40, 45, 30, 55, 35, 40, 55, 101, 45, 20, 50, 65, 50, 35, 55, 60, 60, 45, 30, 25, 120, 55, 161, 75, 40, 20, 65, 85, 45, 175, 35, 45, 25, 50, 120, 45, 45, 25, 25, 70, 30, 35, 50, 65, 35, 30, 90, 30, 60, 20, 40, 22, 40, 35, 45, 75, 65, 80, 55, 45, 45, 30, 40, 35, 75, 40, 93, 60, 25, 30, 30, 35, 100, 30, 79, 35, 130, 80, 25, 45, 55, 20, 30, 65, 60, 50, 15, 30, 65, 90, 35, 25, 25, 45, 60, 45, 30, 45, 40, 73, 45, 40, 45, 45, 35, 60, 45, 30, 40, 25, 15, 35, 35, 40, 45, 25, 85, 35, 30, 45, 25, 20, 50, 95, 70, 55, 35, 45, 25, 35, 70, 50, 30, 30, 65, 75, 30, 50, 35, 70, 35, 75, 45, 45, 100, 45, 60, 40, 66, 50, 60, 40, 75, 75, 80, 100, 55, 30, 55, 45, 25, 50, 25, 30, 190, 40, 60, 30, 55, 45, 55, 
2582995, 1
2582995, 1752
2582995, 2143
2582995, 65775
2582995, 15623
2582995, 28111
2593334, 19
2593334, 5, 5, 5, 5, 5, 5, 5, 5, 5, 5, 5, 5, 5, 5, 5, 5, 5, 5, 5, 5, 5, 5, 5, 5, 5, 10, 5, 5, 5, 10, 5, 5, 5, 5, 5, 5, 15, 5, 5, 5, 5, 5, 10, 5, 5, 5, 5, 15, 5, 5, 5, 5, 10, 5, 5, 5, 5, 5, 5, 10, 10, 10, 5, 5, 5, 5, 5, 5, 5, 5, 5, 5, 5, 5, 5, 5, 5, 10, 5, 5, 5, 5, 5, 5, 5, 5, 5, 5, 5, 10, 10, 5, 5, 5, 5, 5, 5, 5, 5, 5, 15, 5, 5, 10, 10, 5, 5, 10, 5, 5, 10, 5, 5, 5, 5, 5, 5, 10, 10, 5, 5, 5, 5, 5, 5, 15, 10, 5, 5, 5, 5, 5, 10, 5, 10, 5, 10, 5, 5, 10, 5, 5, 5, 10, 15, 5, 5, 5, 5, 10, 10, 5, 5, 5, 5, 10, 5, 5, 5, 5, 10, 5, 5, 5, 10, 5, 10, 5, 5, 10, 10, 5, 10, 5, 10, 10, 10, 10, 5, 10, 5, 10, 5, 5, 5, 5, 10, 5, 15, 5, 5, 5, 10, 10, 10, 5, 5, 5, 5, 5, 10, 10, 15, 5, 5, 5, 10, 10, 5, 5, 5, 5, 5, 5, 5, 5, 10, 10, 15, 15, 15, 10, 10, 5, 5, 20, 5, 5, 15, 5, 5, 10, 5, 15, 5, 10, 5, 5, 5, 10, 5, 10, 5, 10, 10, 15, 10, 10, 5, 15, 10, 10, 10, 15, 10, 10, 5, 5, 5, 5, 5, 5, 10, 20, 1, 5, 5, 10, 10, 10, 10, 10, 10, 10, 10, 20, 5, 10, 10, 5, 5, 5, 15, 10, 10, 5, 10, 5, 5, 5, 10, 10, 5, 5, 5, 10, 10, 10, 10, 5, 5, 10, 20, 10, 15, 5, 5, 7, 10, 5, 5, 5, 5, 10, 5, 5, 5, 10, 10, 15, 5, 5, 5, 5, 5, 15, 20, 15, 15, 5, 10, 10, 10, 5, 15, 10, 5, 10, 15, 5, 5, 15, 10, 5, 10, 5, 15, 10, 10, 5, 10, 5, 20, 10, 15, 5, 10, 5, 10, 5, 5, 5, 10, 15, 10, 15, 5, 5, 20, 5, 10, 5, 5, 20, 15, 15, 15, 10, 10, 10, 15, 20, 5, 15, 20, 15, 15, 15, 5, 5, 5, 5, 5, 10, 10, 10, 5, 5, 5, 5, 5, 5, 15, 5, 10, 10, 10, 15, 10, 15, 5, 5, 20, 10, 10, 10, 5, 5, 10, 15, 10, 10, 5, 5, 15, 5, 5, 10, 5, 30, 10, 5, 5, 10, 10, 15, 10, 5, 15, 15, 15, 10, 10, 5, 5, 5, 20, 15, 10, 5, 5, 11, 10, 25, 5, 10, 10, 5, 20, 15, 5, 10, 25, 10, 5, 15, 5, 25, 10, 15, 20, 15, 15, 15, 10, 5, 25, 5, 10, 5, 5, 15, 10, 15, 5, 5, 10, 5, 10, 15, 15, 5, 10, 5, 5, 10, 10, 10, 10, 10, 5, 10, 15, 5, 15, 5, 5, 10, 5, 5, 15, 10, 10, 5, 5, 15, 10, 5, 5, 5, 5, 10, 15, 10, 15, 10, 10, 5, 1, 15, 5, 15, 15, 10, 5, 5, 15, 5, 5, 10, 20, 10, 10, 5, 10, 5, 10, 10, 5, 10, 15, 10, 15, 5, 10, 10, 15, 13, 5, 10, 15, 30, 20, 15, 15, 5, 5, 10, 25, 5, 5, 10, 5, 11, 15, 10, 5, 10, 5, 5, 10, 15, 10, 10, 10, 10, 15, 5, 10, 5, 35, 10, 5, 20, 10, 5, 5, 5, 20, 10, 15, 5, 25, 10, 10, 10, 5, 20, 10, 15, 5, 5, 15, 5, 15, 5, 20, 5, 10, 5, 5, 15, 5, 5, 5, 10, 15, 5, 5, 10, 5, 15, 10, 20, 5, 10, 10, 10, 15, 15, 20, 10, 10, 5, 20, 10, 10, 15, 10, 5, 20, 10, 20, 10, 10, 10, 5, 10, 15, 20, 5, 25, 15, 5, 5, 10, 5, 20, 10, 15, 10, 5, 20, 5, 5, 10, 5, 10, 5, 20, 10, 5, 10, 10, 20, 15, 10, 10, 10, 5, 5, 5, 20, 15, 5, 5, 15, 5, 10, 10, 5, 5, 20, 15, 15, 10, 10, 5, 15, 10, 5, 5, 15, 10, 15, 5, 5, 10, 10, 20, 15, 5, 5, 15, 5, 15, 10, 5, 5, 25, 10, 15, 5, 10, 16, 40, 15, 15, 15, 15, 10, 20, 10, 20, 30, 15, 10, 10, 10, 15, 35, 25, 5, 25, 15, 15, 5, 5, 10, 15, 10, 10, 5, 35, 5, 15, 5, 5, 10, 10, 25, 15, 5, 10, 15, 5, 5, 5, 6, 15, 10, 15, 15, 20, 15, 15, 5, 20, 20, 15, 20, 15, 15, 10, 25, 20, 10, 10, 15, 10, 10, 10, 10, 10, 10, 5, 10, 10, 5, 20, 5, 10, 5, 15, 5, 2, 15, 5, 20, 15, 30, 10, 25, 10, 10, 10, 10, 10, 25, 5, 25, 5, 10, 10, 20, 20, 15, 5, 15, 5, 15, 25, 15, 5, 5, 5, 5, 10, 20, 5, 5, 5, 5, 5, 15, 10, 30, 10, 5, 5, 15, 5, 15, 20, 10, 10, 5, 5, 10, 10, 10, 25, 5, 12, 10, 5, 15, 10, 10, 10, 10, 20, 10, 15, 20, 10, 20, 5, 15, 15, 15, 5, 5, 5, 5, 5, 10, 10, 10, 10, 10, 20, 25, 5, 20, 10, 15, 10, 10, 20, 15, 10, 20, 12, 5, 10, 10, 15, 5, 15, 10, 5, 20, 10, 5, 15, 15, 10, 15, 10, 10, 20, 15, 15, 15, 10, 5, 5, 20, 15, 5, 10, 20, 25, 15, 5, 15, 10, 10, 5, 5, 10, 5, 15, 5, 10, 15, 15, 5, 5, 5, 5, 20, 10, 15, 15, 15, 10, 15, 5, 25, 15, 5, 5, 10, 45, 10, 20, 5, 15, 20, 5, 5, 10, 20, 15, 10, 15, 5, 5, 5, 20, 35, 15, 25, 5, 10, 10, 10, 10, 25, 10, 10, 20, 5, 15, 10, 5, 10, 45, 10, 15, 20, 5, 15, 10, 5, 5, 5, 5, 25, 5, 15, 5, 10, 15, 5, 10, 10, 10, 5, 10, 10, 15, 10, 20, 35, 10, 10, 13, 
2593334, 1
2593334, 1879
2593334, 2235
2593334, 75597
2593334, 26135
2593334, 28054
2605892, 6
2605892, 5, 5, 5, 5, 5, 5, 5, 5, 5, 5, 5, 5, 5, 5, 5, 5, 5, 5, 10, 5, 5, 5, 5, 5, 5, 10, 5, 5, 5, 5, 5, 5, 5, 10, 5, 5, 5, 10, 5, 5, 5, 5, 10, 5, 5, 10, 5, 10, 10, 5, 5, 5, 5, 5, 5, 15, 5, 5, 10, 5, 5, 5, 5, 10, 5, 10, 5, 5, 5, 10, 5, 5, 5, 7, 5, 10, 5, 10, 5, 5, 5, 5, 5, 5, 10, 15, 15, 5, 10, 5, 5, 5, 5, 5, 5, 15, 5, 5, 10, 5, 5, 5, 5, 5, 5, 10, 5, 5, 5, 10, 5, 5, 10, 5, 5, 5, 5, 10, 5, 10, 5, 5, 5, 5, 5, 10, 10, 5, 15, 5, 10, 5, 5, 5, 5, 5, 5, 5, 5, 5, 15, 5, 5, 15, 10, 5, 5, 5, 5, 5, 5, 5, 10, 5, 10, 5, 10, 10, 5, 5, 5, 5, 5, 10, 10, 5, 5, 5, 5, 5, 15, 10, 5, 5, 5, 10, 5, 5, 5, 5, 5, 5, 5, 5, 5, 5, 15, 10, 10, 20, 10, 15, 5, 10, 10, 5, 10, 15, 5, 5, 5, 10, 5, 5, 10, 5, 5, 10, 5, 20, 5, 5, 5, 5, 10, 10, 10, 5, 5, 5, 15, 10, 20, 5, 5, 10, 5, 10, 20, 10, 10, 10, 10, 10, 5, 5, 10, 5, 5, 5, 5, 10, 5, 5, 20, 20, 5, 15, 10, 5, 5, 10, 5, 5, 5, 10, 5, 10, 5, 10, 10, 5, 5, 10, 10, 10, 5, 10, 10, 15, 10, 15, 10, 5, 5, 5, 5, 10, 5, 10, 15, 5, 10, 10, 10, 5, 10, 15, 20, 5, 15, 5, 5, 5, 10, 10, 5, 10, 5, 15, 5, 10, 5, 5, 5, 5, 10, 10, 15, 10, 5, 15, 5, 10, 5, 5, 5, 5, 5, 10, 10, 5, 5, 5, 5, 5, 20, 10, 15, 5, 5, 15, 5, 15, 10, 25, 5, 10, 5, 15, 5, 10, 5, 10, 5, 10, 10, 15, 10, 5, 10, 10, 5, 10, 10, 15, 5, 5, 5, 5, 10, 15, 10, 10, 10, 5, 10, 15, 10, 5, 5, 20, 10, 10, 10, 15, 5, 5, 15, 15, 15, 5, 15, 15, 5, 10, 5, 5, 10, 10, 5, 20, 11, 15, 15, 25, 10, 15, 10, 10, 5, 10, 5, 15, 15, 5, 10, 10, 10, 5, 10, 5, 15, 10, 10, 5, 5, 5, 5, 10, 10, 20, 5, 15, 10, 10, 15, 5, 10, 10, 15, 5, 10, 10, 10, 15, 5, 5, 10, 5, 10, 20, 5, 5, 10, 15, 5, 5, 25, 10, 5, 10, 10, 10, 5, 5, 15, 5, 10, 20, 10, 10, 10, 15, 10, 25, 5, 10, 10, 10, 5, 5, 5, 5, 15, 10, 20, 20, 10, 5, 10, 15, 20, 5, 10, 25, 15, 5, 10, 10, 5, 5, 5, 5, 10, 15, 15, 10, 5, 15, 10, 25, 15, 20, 5, 5, 10, 10, 10, 5, 15, 10, 15, 5, 5, 15, 10, 10, 10, 5, 20, 5, 15, 10, 15, 5, 10, 5, 10, 5, 15, 10, 15, 15, 10, 5, 30, 5, 10, 5, 5, 20, 10, 15, 10, 25, 20, 15, 20, 25, 5, 10, 25, 20, 10, 5, 10, 5, 5, 10, 15, 15, 10, 5, 15, 10, 20, 10, 15, 15, 5, 5, 25, 5, 5, 10, 10, 10, 10, 10, 5, 20, 10, 15, 5, 20, 15, 5, 10, 25, 10, 5, 25, 10, 10, 10, 20, 15, 20, 25, 10, 5, 10, 25, 20, 10, 15, 5, 25, 10, 5, 15, 20, 5, 10, 10, 5, 5, 10, 10, 5, 5, 10, 5, 5, 15, 10, 10, 10, 10, 10, 20, 10, 5, 25, 5, 20, 5, 10, 10, 10, 5, 20, 10, 35, 10, 10, 10, 5, 15, 20, 10, 10, 7, 5, 10, 10, 5, 10, 20, 15, 15, 10, 5, 10, 10, 15, 25, 25, 10, 5, 5, 15, 15, 10, 15, 10, 20, 20, 15, 10, 15, 25, 10, 10, 15, 5, 20, 15, 5, 10, 5, 5, 15, 20, 20, 15, 15, 20, 20, 10, 15, 16, 5, 20, 15, 5, 10, 10, 10, 15, 5, 15, 10, 5, 5, 10, 20, 15, 25, 5, 10, 5, 5, 20, 15, 10, 20, 25, 10, 5, 5, 10, 25, 15, 10, 15, 10, 20, 10, 5, 10, 30, 5, 30, 10, 25, 10, 10, 11, 15, 15, 15, 15, 10, 20, 10, 10, 15, 10, 20, 10, 25, 5, 25, 20, 10, 5, 25, 15, 10, 5, 15, 25, 10, 10, 5, 10, 5, 10, 5, 10, 10, 10, 10, 15, 5, 15, 10, 20, 10, 25, 10, 10, 20, 10, 15, 10, 30, 20, 15, 15, 5, 20, 5, 10, 10, 10, 5, 35, 30, 10, 10, 5, 10, 20, 10, 10, 25, 10, 10, 15, 20, 10, 5, 10, 10, 20, 15, 5, 5, 5, 10, 20, 5, 15, 10, 15, 20, 20, 20, 30, 5, 15, 5, 25, 40, 20, 15, 15, 30, 15, 10, 10, 20, 25, 15, 10, 15, 20, 5, 35, 30, 5, 10, 5, 10, 10, 10, 20, 10, 15, 15, 10, 5, 5, 5, 15, 10, 15, 10, 20, 20, 30, 10, 10, 10, 5, 10, 25, 30, 25, 5, 25, 5, 15, 5, 5, 10, 10, 15, 20, 5, 5, 20, 5, 10, 10, 15, 10, 15, 10, 25, 10, 10, 5, 20, 5, 15, 10, 5, 5, 15, 5, 20, 15, 10, 10, 20, 10, 10, 10, 10, 10, 10, 15, 15, 10, 15, 10, 20, 35, 15, 15, 10, 10, 25, 25, 15, 15, 10, 10, 20, 10, 10, 15, 5, 35, 10, 10, 15, 20, 15, 15, 30, 11, 10, 15, 10, 20, 15, 25, 5, 15, 25, 5, 10, 20, 30, 20, 5, 15, 20, 10, 10, 15, 10, 20, 20, 5, 15, 10, 15, 10, 10, 15, 10, 10, 15, 15, 20, 15, 5, 10, 5, 15, 15, 15, 10, 10, 10, 5, 15, 15, 25, 10, 10, 15, 20, 35, 10, 11, 10, 15, 10, 15, 10, 5, 15, 10, 10, 20, 35, 25, 15, 5, 5, 15, 15, 20, 20, 20, 15, 10, 20, 15, 5, 25, 10, 10, 15, 20, 15, 10, 10, 10, 20, 10, 15, 36, 5, 5, 5, 35, 10, 25, 10, 20, 20, 5, 10, 10, 10, 25, 15, 30, 20, 15, 5, 20, 20, 15, 20, 20, 20, 25, 10, 10, 25, 5, 15, 20, 20, 10, 10, 10, 15, 10, 20, 10, 15, 10, 25, 10, 20, 30, 15, 15, 15, 20, 5, 10, 10, 15, 20, 30, 15, 10, 20, 15, 5, 5, 5, 25, 15, 10, 10, 17, 
2605892, 8
2605892, 2055
2605892, 2413
2605892, 43906
2605892, 8563
2605892, 28018
2621156, 17
2621156, 5, 5, 5, 5, 10, 5, 5, 5, 5, 5, 5, 5, 5, 5, 5, 5, 5, 5, 5, 5, 5, 5, 5, 5, 5, 5, 5, 5, 5, 5, 5, 5, 5, 5, 5, 5, 5, 5, 5, 10, 5, 15, 10, 5, 10, 5, 5, 5, 5, 5, 5, 10, 10, 10, 5, 5, 5, 10, 15, 10, 5, 5, 10, 5, 5, 5, 10, 5, 10, 5, 5, 5, 5, 5, 5, 10, 15, 5, 5, 5, 10, 10, 5, 5, 5, 5, 10, 5, 5, 5, 5, 5, 20, 10, 5, 5, 10, 15, 5, 10, 10, 5, 5, 5, 5, 5, 5, 5, 5, 5, 5, 5, 5, 15, 10, 10, 10, 10, 20, 10, 5, 5, 10, 5, 10, 5, 5, 15, 10, 5, 10, 10, 10, 10, 10, 5, 10, 5, 5, 5, 10, 5, 5, 15, 5, 5, 10, 5, 10, 20, 10, 5, 15, 5, 10, 5, 5, 20, 5, 10, 5, 10, 5, 15, 5, 5, 5, 15, 15, 5, 15, 15, 5, 5, 5, 15, 10, 10, 15, 10, 5, 10, 5, 10, 5, 5, 10, 5, 5, 15, 15, 5, 5, 5, 20, 10, 5, 5, 10, 15, 15, 15, 5, 15, 10, 15, 15, 10, 5, 25, 10, 5, 5, 15, 5, 5, 10, 10, 15, 5, 5, 30, 15, 10, 5, 5, 5, 5, 20, 5, 5, 15, 5, 15, 15, 5, 5, 10, 5, 10, 10, 10, 10, 10, 6, 10, 10, 10, 5, 10, 10, 5, 5, 15, 15, 5, 15, 15, 5, 10, 5, 10, 10, 10, 5, 10, 10, 5, 10, 5, 5, 20, 5, 10, 5, 10, 25, 15, 10, 10, 15, 10, 5, 20, 20, 15, 15, 10, 20, 20, 5, 30, 10, 10, 15, 20, 10, 10, 5, 15, 25, 5, 10, 20, 15, 5, 15, 10, 20, 10, 10, 5, 20, 15, 20, 20, 10, 10, 10, 20, 5, 10, 10, 15, 10, 5, 5, 5, 10, 15, 10, 25, 15, 10, 5, 5, 5, 5, 20, 10, 5, 5, 10, 10, 10, 5, 10, 15, 10, 5, 25, 15, 5, 5, 10, 15, 10, 15, 20, 15, 20, 20, 5, 5, 20, 10, 10, 10, 10, 5, 20, 10, 10, 10, 15, 10, 5, 10, 15, 15, 5, 10, 10, 5, 10, 10, 5, 10, 5, 5, 15, 10, 15, 10, 15, 5, 5, 5, 5, 5, 5, 10, 10, 10, 5, 10, 15, 10, 20, 10, 15, 10, 20, 25, 5, 15, 10, 20, 15, 10, 10, 5, 10, 10, 10, 10, 10, 15, 20, 25, 20, 15, 15, 5, 10, 20, 5, 5, 10, 10, 5, 10, 25, 5, 20, 15, 15, 15, 15, 20, 25, 25, 10, 10, 10, 20, 20, 10, 30, 10, 5, 5, 15, 10, 20, 10, 5, 15, 5, 5, 10, 10, 5, 10, 15, 15, 5, 15, 5, 20, 10, 5, 20, 20, 10, 10, 5, 10, 10, 5, 5, 15, 20, 20, 15, 10, 10, 10, 5, 20, 40, 10, 15, 20, 5, 10, 5, 15, 15, 5, 15, 5, 15, 5, 5, 5, 10, 10, 15, 15, 10, 5, 10, 15, 10, 15, 5, 25, 10, 20, 10, 20, 10, 15, 15, 10, 15, 10, 30, 15, 20, 5, 10, 5, 10, 10, 10, 5, 15, 5, 10, 20, 5, 10, 30, 10, 10, 25, 10, 10, 20, 10, 5, 10, 15, 10, 10, 20, 10, 5, 5, 20, 10, 10, 6, 15, 15, 5, 20, 5, 10, 10, 5, 20, 15, 10, 10, 10, 15, 10, 10, 20, 15, 5, 5, 20, 5, 5, 20, 30, 10, 10, 5, 15, 20, 10, 5, 15, 15, 20, 5, 10, 20, 15, 10, 5, 20, 10, 30, 5, 20, 10, 15, 5, 15, 5, 5, 25, 20, 5, 20, 15, 10, 5, 10, 20, 5, 15, 5, 15, 10, 5, 25, 5, 30, 10, 15, 25, 10, 10, 25, 10, 15, 10, 10, 10, 15, 5, 5, 15, 15, 15, 10, 15, 30, 5, 5, 10, 10, 10, 15, 20, 5, 15, 5, 20, 30, 10, 10, 5, 5, 5, 25, 5, 5, 15, 15, 17, 10, 10, 10, 15, 15, 15, 10, 10, 5, 15, 10, 10, 10, 15, 15, 20, 10, 20, 10, 15, 25, 15, 10, 10, 10, 5, 5, 10, 20, 25, 5, 5, 10, 41, 15, 5, 10, 15, 10, 15, 15, 30, 5, 20, 15, 25, 10, 15, 25, 25, 55, 20, 20, 10, 15, 20, 20, 10, 20, 5, 10, 5, 5, 20, 10, 15, 10, 15, 45, 10, 15, 10, 20, 15, 5, 10, 10, 10, 15, 10, 25, 10, 10, 15, 20, 25, 10, 20, 35, 20, 10, 20, 10, 10, 10, 25, 5, 20, 10, 18, 45, 15, 5, 25, 15, 10, 10, 15, 16, 10, 10, 10, 5, 10, 20, 15, 5, 25, 15, 25, 10, 15, 15, 25, 20, 15, 15, 10, 10, 15, 10, 15, 10, 10, 5, 10, 5, 10, 5, 20, 10, 15, 5, 10, 10, 15, 20, 5, 20, 20, 20, 5, 15, 20, 5, 10, 5, 5, 5, 5, 10, 10, 15, 20, 15, 25, 10, 10, 5, 30, 5, 15, 15, 30, 15, 30, 15, 10, 10, 5, 10, 10, 5, 10, 20, 10, 5, 10, 25, 30, 10, 20, 10, 5, 15, 10, 15, 15, 10, 10, 25, 15, 10, 5, 10, 30, 10, 5, 10, 15, 15, 10, 15, 20, 20, 40, 5, 30, 5, 15, 10, 10, 20, 10, 25, 35, 10, 25, 10, 10, 5, 15, 15, 10, 10, 10, 10, 5, 5, 35, 15, 10, 5, 15, 15, 15, 10, 10, 25, 10, 5, 25, 15, 20, 5, 20, 10, 15, 15, 5, 5, 20, 15, 40, 10, 15, 15, 15, 10, 25, 25, 5, 10, 15, 30, 15, 20, 25, 20, 20, 5, 15, 55, 5, 30, 25, 10, 5, 10, 20, 20, 25, 5, 5, 20, 10, 10, 25, 10, 30, 15, 10, 15, 15, 15, 25, 30, 15, 10, 10, 15, 20, 25, 25, 5, 15, 30, 20, 15, 15, 10, 20, 20, 5, 20, 10, 10, 10, 15, 15, 10, 10, 15, 25, 15, 20, 10, 15, 15, 10, 30, 30, 15, 15, 15, 5, 10, 25, 17, 10, 35, 5, 15, 15, 20, 15, 15, 10, 5, 15, 15, 10, 15, 30, 10, 15, 15, 10, 20, 25, 5, 10, 30, 20, 20, 10, 25, 30, 15, 10, 10, 25, 15, 5, 10, 15, 10, 20, 10, 15, 20, 20, 20, 5, 5, 20, 20, 20, 15, 25, 5, 10, 15, 15, 10, 10, 30, 15, 10, 25, 20, 25, 10, 10, 15, 5, 25, 15, 5, 5, 10, 15, 15, 5, 10, 5, 30, 25, 10, 15, 5, 10, 10, 25, 5, 25, 5, 10, 20, 10, 5, 50, 15, 10, 10, 10, 5, 10, 35, 5, 15, 25, 10, 10, 5, 40, 12, 15, 15, 35, 5, 20, 15, 30, 45, 10, 25, 10, 25, 20, 30, 15, 20, 55, 30, 5, 5, 30, 10, 10, 10, 15, 22, 5, 20, 25, 20, 5, 40, 10, 20, 10, 25, 15, 15, 20, 20, 5, 25, 25, 5, 30, 20, 20, 10, 10, 10, 10, 20, 20, 10, 25, 30, 5, 15, 30, 10, 10, 25, 15, 37, 
2621156, 2
2621156, 1992
2621156, 2370
2621156, 18827
2621156, 4081
2621156, 28018
2648248, 32
2648248, 5, 5, 5, 15, 5, 5, 5, 5, 10, 5, 10, 5, 5, 5, 5, 5, 5, 5, 5, 5, 5, 10, 10, 5, 5, 5, 10, 5, 5, 5, 5, 5, 5, 5, 5, 5, 5, 10, 5, 5, 10, 5, 2, 10, 5, 10, 5, 10, 10, 10, 5, 10, 5, 10, 10, 15, 10, 5, 10, 5, 15, 10, 10, 10, 20, 5, 5, 10, 15, 5, 5, 5, 15, 20, 10, 15, 15, 5, 5, 10, 20, 15, 5, 10, 10, 5, 10, 5, 15, 15, 10, 5, 5, 15, 15, 5, 10, 10, 15, 10, 15, 10, 10, 20, 5, 15, 5, 15, 5, 15, 10, 20, 15, 20, 15, 10, 10, 15, 15, 25, 15, 5, 5, 10, 25, 5, 10, 10, 10, 15, 10, 10, 10, 15, 10, 15, 10, 40, 10, 25, 10, 10, 10, 10, 10, 10, 5, 15, 10, 10, 15, 20, 5, 10, 10, 15, 5, 15, 5, 20, 10, 15, 30, 25, 5, 15, 10, 30, 20, 35, 15, 5, 20, 15, 25, 5, 25, 5, 15, 5, 15, 20, 15, 10, 10, 20, 20, 10, 10, 15, 20, 20, 30, 15, 15, 15, 5, 15, 5, 25, 10, 15, 35, 10, 15, 15, 15, 20, 5, 25, 5, 15, 15, 20, 20, 15, 10, 10, 25, 5, 25, 23, 15, 10, 15, 15, 10, 15, 15, 15, 10, 5, 16, 40, 10, 10, 20, 15, 25, 5, 5, 10, 5, 15, 10, 20, 15, 25, 20, 20, 10, 15, 10, 20, 15, 10, 15, 10, 5, 15, 17, 30, 25, 20, 20, 10, 10, 25, 10, 10, 5, 25, 5, 15, 25, 10, 20, 30, 15, 15, 10, 15, 45, 10, 30, 20, 20, 20, 10, 25, 20, 10, 10, 10, 15, 25, 10, 25, 15, 20, 25, 20, 10, 5, 20, 10, 10, 15, 20, 5, 15, 20, 20, 25, 20, 10, 10, 20, 20, 5, 10, 15, 15, 10, 5, 5, 20, 15, 5, 20, 20, 10, 10, 15, 15, 15, 15, 20, 15, 15, 15, 25, 25, 15, 25, 20, 15, 15, 15, 15, 10, 10, 10, 15, 15, 10, 15, 20, 15, 25, 15, 15, 30, 35, 10, 25, 20, 10, 15, 20, 5, 35, 30, 15, 10, 5, 5, 25, 10, 10, 15, 5, 15, 20, 16, 15, 30, 30, 10, 25, 35, 25, 20, 25, 10, 30, 30, 10, 5, 20, 20, 20, 25, 25, 15, 40, 15, 25, 25, 15, 35, 35, 15, 10, 10, 5, 25, 20, 20, 5, 40, 25, 5, 20, 10, 10, 25, 15, 10, 15, 7, 15, 20, 15, 15, 10, 5, 5, 15, 20, 10, 5, 25, 25, 25, 30, 30, 15, 20, 10, 25, 30, 10, 35, 10, 15, 10, 15, 20, 25, 25, 25, 20, 30, 20, 15, 15, 20, 20, 35, 10, 20, 25, 10, 15, 10, 15, 20, 20, 15, 20, 15, 15, 15, 25, 25, 25, 5, 20, 20, 15, 15, 10, 20, 15, 30, 30, 10, 20, 10, 5, 25, 15, 30, 20, 55, 15, 15, 35, 15, 40, 15, 15, 15, 5, 20, 24, 15, 10, 15, 15, 20, 25, 10, 15, 10, 25, 30, 25, 20, 15, 20, 15, 25, 40, 15, 10, 15, 15, 25, 20, 10, 35, 20, 30, 15, 25, 25, 5, 30, 50, 15, 15, 5, 20, 35, 40, 25, 15, 10, 15, 20, 15, 30, 20, 5, 35, 25, 10, 20, 10, 15, 30, 15, 10, 25, 25, 15, 20, 25, 15, 20, 10, 25, 25, 25, 30, 15, 40, 30, 35, 10, 10, 15, 25, 15, 15, 30, 20, 15, 20, 35, 10, 15, 20, 20, 10, 30, 20, 35, 25, 20, 15, 11, 60, 5, 5, 15, 10, 20, 25, 30, 35, 10, 25, 5, 15, 10, 15, 10, 10, 20, 25, 25, 10, 20, 10, 15, 35, 20, 25, 35, 20, 10, 30, 20, 35, 25, 15, 10, 30, 25, 15, 10, 35, 10, 25, 20, 20, 15, 40, 20, 35, 10, 15, 20, 15, 15, 20, 20, 25, 10, 5, 25, 35, 25, 25, 15, 25, 10, 65, 25, 15, 25, 35, 10, 28, 20, 15, 35, 10, 25, 10, 35, 10, 30, 20, 25, 25, 25, 25, 39, 35, 5, 25, 25, 20, 15, 15, 15, 20, 15, 30, 35, 10, 25, 20, 30, 20, 15, 20, 25, 15, 20, 20, 25, 15, 15, 25, 15, 15, 40, 25, 30, 15, 30, 5, 45, 40, 30, 30, 20, 15, 5, 20, 20, 5, 30, 40, 25, 10, 15, 20, 15, 26, 20, 15, 15, 65, 20, 20, 15, 35, 30, 35, 25, 20, 20, 25, 10, 30, 30, 15, 16, 25, 20, 30, 51, 15, 45, 10, 10, 30, 30, 25, 15, 10, 15, 35, 25, 25, 30, 40, 30, 30, 20, 45, 10, 15, 10, 35, 55, 10, 15, 15, 20, 20, 20, 10, 15, 25, 30, 35, 15, 25, 35, 25, 30, 25, 30, 25, 15, 30, 15, 30, 15, 15, 30, 10, 20, 10, 20, 30, 20, 15, 15, 35, 10, 5, 15, 10, 40, 10, 20, 20, 15, 15, 30, 15, 25, 20, 10, 30, 15, 25, 30, 10, 25, 15, 10, 15, 25, 15, 15, 30, 10, 20, 20, 5, 25, 30, 20, 15, 25, 25, 5, 20, 15, 15, 5, 15, 40, 35, 25, 25, 35, 5, 10, 30, 45, 30, 35, 15, 20, 20, 15, 25, 20, 15, 15, 25, 15, 30, 25, 21, 20, 25, 15, 30, 20, 15, 10, 10, 83, 30, 15, 30, 30, 30, 10, 25, 40, 20, 25, 30, 35, 20, 10, 20, 20, 20, 20, 25, 10, 35, 20, 30, 15, 20, 5, 15, 10, 25, 20, 15, 35, 20, 25, 25, 20, 10, 15, 15, 5, 30, 30, 30, 30, 15, 30, 20, 25, 10, 25, 15, 10, 30, 5, 10, 25, 30, 15, 5, 20, 25, 30, 20, 30, 30, 15, 30, 25, 30, 15, 30, 35, 35, 15, 30, 40, 30, 20, 45, 15, 10, 30, 10, 20, 30, 25, 60, 25, 30, 25, 40, 10, 35, 25, 20, 35, 20, 10, 10, 15, 10, 30, 40, 20, 10, 35, 15, 15, 15, 30, 20, 15, 35, 20, 15, 10, 16, 20, 30, 20, 40, 25, 60, 20, 16, 40, 10, 25, 35, 20, 25, 35, 30, 30, 35, 5, 20, 30, 25, 10, 60, 35, 10, 30, 15, 20, 25, 20, 25, 20, 35, 25, 10, 46, 47, 20, 25, 30, 10, 20, 30, 15, 15, 25, 30, 20, 35, 45, 35, 20, 25, 15, 30, 20, 40, 20, 15, 25, 30, 15, 25, 25, 25, 20, 25, 20, 30, 10, 25, 20, 30, 15, 20, 20, 30, 35, 20, 26, 25, 25, 15, 15, 15, 25, 30, 25, 30, 35, 25, 10, 15, 20, 20, 30, 15, 20, 15, 25, 15, 35, 30, 25, 10, 25, 40, 40, 10, 30, 25, 20, 25, 35, 5, 35, 35, 20, 15, 30, 26, 25, 10, 20, 5, 30, 30, 20, 20, 10, 45, 25, 40, 30, 40, 25, 35, 20, 20, 15, 15, 25, 5, 65, 15, 25, 10, 20, 40, 25, 25, 30, 35, 10, 16, 30, 25, 80, 20, 15, 60, 15, 20, 60, 35, 25, 35, 20, 25, 40, 15, 35, 45, 20, 10, 70, 20, 15, 30, 15, 25, 30, 15, 25, 30, 25, 40, 25, 20, 30, 25, 15, 30, 30, 20, 15, 36, 65, 20, 40, 20, 15, 32, 35, 55, 25, 15, 45, 20, 55, 20, 30, 25, 15, 25, 30, 20, 30, 30, 30, 25, 30, 30, 60, 35, 20, 35, 30, 40, 20, 20, 10, 20, 25, 20, 15, 20, 20, 50, 25, 20, 10, 20, 30, 35, 15, 20, 35, 30, 20, 25, 95, 40, 20, 15, 25, 35, 25, 20, 15, 35, 40, 30, 25, 20, 20, 5, 25, 10, 50, 30, 20, 25, 50, 25, 20, 45, 45, 59, 20, 25, 40, 30, 15, 15, 25, 40, 31, 10, 15, 55, 45, 45, 25, 15, 20, 10, 10, 25, 35, 25, 25, 35, 40, 20, 55, 39, 
2648248, 3
2648248, 1907
2648248, 2224
2648248, 106490
2648248, 13927
2648248, 27992
2648249, 1
2648249, 
2648249, 1
2648249, 11792
2648249, 51657
2648249, 35498
2648249, 4862
2648249, 27986
2691147, 18
2691147, 5, 5, 5, 5, 5, 10, 5, 15, 10, 15, 10, 5, 20, 15, 20, 15, 5, 15, 5, 5, 5, 20, 10, 15, 20, 15, 20, 15, 25, 35, 20, 5, 15, 5, 10, 20, 20, 15, 10, 20, 10, 10, 20, 30, 30, 25, 10, 15, 30, 10, 20, 25, 10, 15, 10, 20, 15, 15, 20, 10, 25, 15, 15, 10, 10, 20, 15, 25, 10, 25, 15, 15, 15, 25, 35, 20, 20, 25, 10, 20, 5, 20, 20, 20, 25, 30, 35, 15, 10, 20, 25, 25, 20, 25, 10, 40, 20, 35, 20, 16, 20, 15, 5, 10, 25, 15, 25, 15, 20, 25, 35, 25, 35, 15, 15, 53, 20, 15, 25, 25, 30, 30, 30, 15, 20, 30, 45, 15, 20, 35, 45, 20, 15, 15, 25, 40, 10, 40, 35, 30, 10, 30, 30, 25, 35, 45, 15, 40, 20, 20, 10, 25, 25, 20, 25, 25, 35, 25, 20, 30, 20, 10, 15, 20, 20, 25, 30, 30, 30, 37, 10, 40, 40, 45, 10, 35, 40, 25, 25, 20, 30, 35, 25, 20, 20, 30, 30, 11, 20, 20, 25, 15, 25, 35, 30, 50, 40, 5, 20, 35, 25, 25, 20, 10, 30, 10, 20, 30, 20, 25, 5, 25, 10, 40, 25, 25, 30, 21, 30, 25, 20, 40, 35, 5, 35, 30, 10, 45, 65, 25, 10, 20, 15, 15, 30, 30, 43, 45, 20, 35, 30, 20, 15, 15, 10, 20, 15, 25, 20, 20, 10, 25, 30, 25, 25, 25, 25, 35, 35, 20, 20, 40, 30, 30, 45, 35, 15, 25, 20, 20, 41, 30, 25, 50, 25, 30, 20, 30, 20, 10, 20, 30, 40, 10, 15, 50, 25, 35, 25, 20, 30, 40, 30, 15, 35, 35, 30, 25, 25, 20, 15, 25, 20, 40, 35, 25, 25, 35, 25, 45, 25, 35, 25, 20, 20, 55, 30, 20, 25, 7, 15, 10, 25, 20, 15, 15, 20, 25, 30, 35, 20, 30, 40, 30, 45, 20, 50, 20, 25, 35, 20, 15, 30, 30, 26, 15, 15, 15, 20, 20, 20, 20, 25, 15, 20, 30, 10, 20, 5, 30, 20, 50, 35, 30, 40, 40, 25, 10, 50, 20, 25, 25, 20, 25, 15, 55, 10, 25, 35, 30, 15, 25, 40, 15, 25, 15, 30, 30, 30, 25, 20, 30, 25, 20, 35, 25, 20, 30, 40, 35, 15, 25, 30, 10, 20, 25, 35, 20, 25, 15, 40, 30, 45, 40, 15, 20, 40, 15, 35, 20, 25, 20, 35, 20, 30, 45, 30, 45, 40, 25, 20, 20, 35, 10, 65, 15, 50, 50, 30, 20, 40, 35, 20, 20, 70, 25, 20, 25, 35, 15, 40, 15, 7, 45, 50, 30, 45, 20, 20, 42, 35, 30, 30, 15, 10, 20, 50, 35, 30, 35, 50, 35, 20, 10, 65, 35, 45, 20, 40, 25, 70, 25, 40, 35, 30, 30, 20, 35, 30, 30, 25, 20, 35, 40, 20, 35, 20, 20, 35, 20, 20, 30, 25, 15, 25, 30, 40, 20, 20, 40, 10, 25, 35, 30, 26, 50, 35, 25, 30, 40, 15, 30, 60, 60, 10, 35, 33, 35, 40, 25, 30, 50, 30, 30, 20, 30, 10, 40, 20, 45, 35, 40, 15, 55, 55, 45, 20, 25, 40, 50, 80, 35, 35, 20, 35, 15, 35, 15, 15, 20, 25, 40, 25, 50, 20, 45, 20, 80, 60, 55, 30, 45, 20, 35, 10, 35, 40, 30, 25, 60, 35, 20, 35, 30, 15, 35, 40, 40, 15, 35, 30, 40, 50, 35, 25, 25, 30, 15, 25, 30, 30, 50, 30, 20, 35, 40, 15, 20, 45, 40, 40, 15, 25, 25, 20, 30, 25, 45, 10, 45, 40, 30, 35, 40, 20, 80, 35, 20, 35, 30, 35, 20, 50, 50, 55, 20, 25, 30, 30, 10, 35, 30, 25, 20, 25, 20, 25, 30, 15, 25, 15, 25, 15, 40, 25, 80, 25, 35, 25, 45, 65, 40, 25, 20, 26, 55, 45, 30, 30, 5, 10, 35, 35, 15, 50, 35, 30, 30, 15, 20, 25, 40, 45, 55, 35, 45, 30, 30, 50, 40, 20, 50, 20, 30, 25, 40, 40, 25, 20, 65, 35, 20, 50, 45, 50, 35, 35, 30, 55, 25, 20, 55, 40, 25, 80, 20, 25, 80, 40, 65, 35, 25, 50, 15, 45, 15, 5, 50, 25, 35, 25, 25, 10, 35, 20, 30, 30, 20, 15, 10, 27, 30, 35, 25, 20, 15, 15, 85, 45, 50, 25, 30, 30, 25, 45, 37, 20, 40, 27, 40, 25, 20, 25, 30, 25, 40, 25, 45, 35, 30, 45, 20, 10, 40, 30, 30, 30, 35, 35, 10, 20, 60, 25, 30, 25, 55, 20, 40, 35, 40, 20, 25, 40, 25, 170, 30, 20, 25, 20, 30, 45, 35, 45, 40, 30, 50, 20, 35, 45, 25, 25, 35, 65, 25, 45, 50, 65, 20, 42, 50, 20, 20, 40, 35, 35, 35, 20, 20, 30, 25, 25, 25, 10, 20, 15, 35, 25, 35, 40, 35, 45, 40, 45, 5, 20, 20, 35, 65, 50, 46, 25, 60, 55, 5, 25, 35, 15, 25, 40, 30, 48, 50, 20, 40, 25, 20, 40, 45, 40, 15, 30, 20, 10, 40, 30, 45, 30, 40, 35, 40, 20, 25, 30, 50, 35, 20, 35, 25, 20, 25, 20, 70, 30, 15, 60, 85, 20, 20, 35, 25, 20, 25, 66, 35, 30, 25, 30, 40, 20, 55, 20, 30, 30, 20, 40, 25, 15, 30, 30, 25, 55, 35, 85, 30, 25, 25, 30, 10, 45, 25, 35, 70, 25, 20, 20, 15, 35, 50, 45, 30, 40, 65, 35, 45, 25, 45, 30, 30, 10, 30, 30, 65, 60, 35, 15, 40, 75, 35, 20, 25, 20, 31, 20, 35, 35, 66, 30, 50, 25, 55, 20, 15, 16, 30, 40, 35, 35, 30, 35, 25, 50, 20, 40, 10, 35, 35, 35, 40, 20, 20, 45, 35, 30, 25, 71, 40, 35, 45, 22, 30, 60, 50, 35, 25, 30, 27, 40, 60, 55, 35, 15, 40, 35, 45, 35, 35, 30, 45, 40, 35, 25, 40, 173, 35, 35, 45, 40, 20, 60, 30, 20, 20, 25, 15, 35, 55, 40, 35, 30, 35, 30, 25, 45, 30, 35, 25, 35, 30, 65, 25, 35, 30, 20, 30, 30, 20, 45, 50, 45, 35, 25, 70, 16, 20, 20, 50, 45, 10, 15, 55, 20, 30, 20, 45, 45, 35, 35, 15, 50, 55, 30, 30, 35, 25, 50, 30, 106, 40, 35, 30, 60, 45, 15, 30, 35, 30, 35, 45, 30, 40, 20, 20, 45, 40, 25, 20, 45, 20, 65, 60, 30, 135, 40, 45, 20, 20, 15, 30, 45, 20, 20, 65, 50, 20, 30, 20, 30, 20, 70, 35, 45, 90, 25, 20, 20, 15, 40, 45, 85, 25, 25, 25, 20, 20, 20, 50, 20, 35, 45, 40, 35, 40, 20, 35, 25, 35, 45, 50, 20, 50, 35, 40, 40, 35, 20, 50, 35, 40, 65, 25, 50, 40, 20, 5, 45, 25, 20, 25, 37, 15, 40, 45, 30, 20, 30, 20, 20, 35, 45, 40, 95, 40, 10, 30, 80, 30, 30, 30, 35, 20, 25, 50, 45, 35, 45, 35, 80, 30, 35, 40, 50, 45, 20, 40, 20, 20, 25, 25, 15, 35, 15, 40, 25, 30, 30, 45, 45, 45, 45, 75, 40, 35, 40, 25, 45, 25, 10, 25, 30, 45, 30, 45, 25, 25, 30, 35, 10, 40, 20, 15, 35, 15, 55, 25, 55, 40, 35, 20, 30, 25, 25, 10, 20, 60, 30, 85, 30, 55, 40, 45, 85, 90, 20, 40, 40, 35, 56, 15, 50, 30, 45, 30, 65, 45, 55, 30, 25, 30, 70, 50, 30, 45, 30, 30, 20, 45, 25, 30, 85, 30, 46, 20, 30, 25, 40, 55, 15, 45, 30, 40, 55, 30, 25, 45, 30, 80, 30, 25, 35, 30, 40, 25, 55, 30, 25, 35, 40, 45, 50, 55, 10, 20, 40, 35, 35, 15, 20, 20, 20, 40, 50, 40, 45, 45, 60, 40, 25, 25, 130, 45, 20, 40, 25, 50, 50, 15, 30, 55, 40, 35, 35, 35, 20, 45, 30, 75, 35, 40, 15, 35, 20, 40, 35, 20, 55, 30, 46, 
2691147, 1
2691147, 1774
2691147, 2065
2691147, 59145
2691147, 12558
2691147, 27939
2691148, 1
2691148, 
2691148, 1
2691148, 12095
2691148, 12386
2691148, 35366
2691148, 11758
2691148, 27920
2691149, 1
2691149, 
2691149, 1
2691149, 22279
2691149, 22569
2691149, 113803
2691149, 20209
2691149, 27878
2734827, 94
2734827, 5, 5, 5, 5, 10, 15, 10, 10, 5, 15, 10, 15, 5, 5, 5, 10, 20, 15, 20, 30, 15, 10, 15, 5, 20, 10, 10, 15, 30, 20, 30, 30, 5, 15, 25, 5, 10, 10, 10, 25, 15, 10, 15, 10, 15, 20, 25, 10, 10, 25, 15, 20, 20, 10, 30, 30, 10, 15, 30, 35, 20, 25, 20, 30, 5, 30, 15, 20, 15, 15, 20, 30, 15, 15, 26, 15, 15, 20, 10, 20, 35, 15, 15, 30, 20, 15, 10, 25, 45, 10, 15, 15, 35, 30, 10, 15, 15, 40, 20, 5, 30, 20, 10, 10, 5, 10, 5, 5, 15, 25, 40, 20, 15, 15, 10, 15, 20, 35, 30, 10, 35, 25, 15, 15, 15, 10, 10, 10, 30, 30, 15, 30, 10, 10, 40, 10, 20, 20, 30, 25, 10, 35, 25, 25, 20, 25, 35, 25, 15, 15, 10, 10, 30, 15, 15, 30, 20, 30, 20, 25, 25, 35, 20, 15, 20, 30, 20, 25, 5, 25, 40, 30, 15, 35, 25, 25, 15, 30, 30, 20, 15, 10, 25, 30, 15, 30, 35, 20, 15, 20, 30, 25, 35, 20, 30, 15, 35, 25, 25, 20, 15, 30, 25, 35, 30, 25, 25, 20, 30, 10, 25, 25, 40, 35, 35, 20, 75, 55, 15, 30, 35, 20, 30, 20, 20, 35, 10, 20, 30, 15, 15, 30, 35, 15, 15, 45, 25, 15, 40, 55, 45, 20, 10, 15, 25, 35, 45, 80, 10, 25, 10, 20, 23, 35, 25, 20, 10, 30, 35, 20, 20, 35, 55, 20, 25, 20, 5, 25, 25, 20, 20, 25, 45, 35, 25, 22, 10, 10, 10, 55, 35, 15, 40, 20, 35, 15, 25, 25, 15, 20, 35, 30, 35, 15, 25, 25, 15, 25, 30, 20, 40, 25, 25, 30, 15, 20, 25, 30, 20, 25, 25, 35, 30, 50, 15, 20, 25, 15, 40, 25, 35, 10, 35, 25, 30, 25, 10, 30, 35, 30, 35, 20, 30, 20, 20, 20, 40, 20, 20, 20, 20, 25, 35, 20, 15, 30, 20, 35, 25, 40, 35, 10, 15, 30, 35, 40, 45, 50, 40, 15, 10, 35, 25, 40, 15, 25, 45, 30, 20, 45, 15, 45, 30, 20, 35, 45, 25, 15, 40, 25, 40, 55, 15, 25, 10, 40, 10, 20, 50, 25, 20, 40, 40, 35, 50, 55, 20, 30, 20, 25, 30, 25, 30, 15, 30, 20, 35, 20, 20, 25, 25, 15, 35, 30, 35, 30, 30, 15, 45, 40, 35, 10, 20, 35, 25, 26, 45, 60, 30, 45, 25, 35, 35, 45, 15, 15, 30, 35, 30, 30, 30, 40, 20, 45, 25, 25, 15, 25, 20, 25, 25, 10, 35, 40, 35, 40, 30, 25, 40, 35, 40, 30, 40, 30, 40, 20, 40, 45, 35, 25, 15, 35, 30, 20, 25, 30, 25, 35, 5, 45, 35, 30, 30, 20, 25, 25, 20, 15, 15, 35, 60, 30, 25, 40, 35, 25, 50, 30, 25, 20, 25, 25, 30, 35, 60, 30, 35, 30, 50, 20, 30, 15, 55, 30, 50, 35, 30, 35, 26, 140, 20, 25, 25, 10, 20, 30, 70, 30, 15, 30, 30, 35, 45, 65, 30, 35, 30, 20, 25, 40, 30, 30, 25, 20, 25, 20, 35, 30, 35, 45, 55, 25, 25, 25, 35, 40, 50, 25, 35, 87, 25, 25, 50, 40, 40, 30, 25, 20, 30, 20, 20, 20, 25, 20, 50, 15, 15, 15, 30, 70, 30, 35, 25, 20, 20, 10, 40, 35, 35, 45, 35, 30, 25, 30, 20, 40, 30, 35, 20, 25, 40, 50, 65, 20, 30, 20, 35, 25, 35, 30, 40, 25, 40, 35, 40, 45, 50, 50, 25, 35, 30, 40, 25, 40, 30, 20, 30, 41, 35, 25, 15, 35, 15, 10, 25, 20, 25, 36, 50, 15, 35, 20, 45, 20, 35, 25, 45, 20, 45, 40, 45, 15, 30, 20, 30, 25, 40, 40, 50, 40, 25, 50, 60, 40, 10, 25, 50, 35, 30, 55, 30, 25, 35, 40, 10, 15, 40, 45, 40, 50, 45, 30, 50, 20, 30, 45, 50, 65, 70, 25, 50, 40, 45, 45, 15, 30, 35, 15, 45, 30, 55, 30, 45, 30, 20, 25, 35, 30, 25, 25, 40, 85, 30, 20, 15, 35, 40, 45, 35, 10, 20, 30, 35, 50, 30, 17, 25, 20, 20, 45, 25, 40, 38, 30, 30, 20, 20, 30, 45, 40, 25, 35, 30, 45, 55, 35, 30, 60, 50, 60, 45, 20, 30, 35, 25, 35, 15, 40, 20, 40, 40, 20, 25, 10, 50, 20, 35, 35, 15, 55, 30, 15, 20, 25, 55, 25, 30, 40, 25, 20, 15, 54, 35, 30, 25, 30, 35, 25, 35, 25, 25, 30, 85, 20, 35, 30, 15, 35, 40, 25, 20, 35, 50, 20, 40, 35, 30, 70, 45, 30, 30, 40, 40, 50, 30, 25, 35, 35, 40, 20, 70, 25, 25, 25, 25, 55, 15, 20, 30, 50, 25, 55, 40, 40, 20, 50, 40, 45, 55, 20, 15, 75, 35, 25, 35, 35, 80, 30, 45, 40, 40, 15, 65, 15, 40, 25, 15, 50, 30, 40, 25, 50, 40, 20, 25, 25, 35, 30, 45, 25, 30, 60, 20, 30, 15, 55, 45, 15, 45, 45, 30, 30, 35, 25, 15, 55, 25, 25, 51, 30, 30, 25, 20, 65, 30, 65, 25, 10, 45, 20, 55, 60, 30, 30, 45, 30, 40, 35, 30, 30, 20, 20, 20, 25, 40, 25, 25, 40, 40, 20, 35, 15, 20, 55, 50, 25, 40, 10, 35, 15, 30, 45, 55, 10, 25, 65, 30, 30, 35, 25, 30, 55, 50, 55, 40, 55, 40, 30, 25, 30, 25, 25, 70, 40, 24, 20, 25, 35, 10, 25, 25, 40, 45, 20, 25, 35, 15, 25, 15, 35, 20, 35, 25, 30, 40, 65, 25, 25, 20, 20, 35, 35, 55, 30, 70, 45, 20, 35, 35, 50, 25, 25, 45, 20, 55, 20, 30, 30, 15, 40, 25, 45, 15, 30, 40, 30, 50, 45, 35, 35, 45, 50, 45, 25, 20, 30, 25, 50, 31, 30, 35, 30, 45, 35, 30, 30, 30, 25, 35, 50, 50, 30, 20, 45, 25, 30, 25, 55, 45, 50, 70, 40, 20, 25, 50, 45, 50, 35, 35, 70, 40, 35, 55, 35, 55, 35, 30, 15, 50, 20, 20, 25, 20, 55, 20, 35, 35, 25, 45, 30, 30, 30, 35, 55, 20, 80, 50, 30, 30, 110, 55, 25, 60, 35, 15, 30, 150, 50, 55, 55, 65, 25, 25, 45, 60, 47, 45, 45, 21, 55, 35, 70, 35, 36, 55, 40, 15, 30, 40, 35, 85, 40, 15, 30, 45, 55, 40, 30, 35, 20, 45, 55, 30, 65, 30, 115, 50, 175, 23, 40, 35, 25, 30, 35, 30, 30, 40, 30, 55, 25, 35, 65, 40, 15, 45, 30, 30, 15, 20, 55, 15, 40, 25, 35, 55, 35, 35, 15, 40, 55, 25, 40, 25, 10, 35, 40, 30, 25, 10, 45, 30, 40, 40, 35, 25, 20, 10, 35, 30, 83, 40, 20, 40, 25, 20, 45, 40, 45, 35, 30, 30, 20, 15, 35, 10, 30, 15, 20, 25, 35, 25, 15, 60, 25, 17, 20, 35, 30, 15, 35, 20, 25, 35, 80, 40, 30, 35, 35, 40, 35, 25, 45, 60, 40, 35, 30, 35, 25, 25, 45, 35, 30, 20, 140, 30, 30, 25, 15, 65, 35, 50, 40, 40, 70, 30, 20, 25, 25, 45, 40, 40, 40, 15, 65, 30, 55, 45, 20, 20, 80, 30, 75, 20, 25, 15, 25, 35, 50, 56, 15, 30, 85, 40, 35, 30, 30, 10, 20, 25, 45, 25, 55, 50, 30, 45, 26, 30, 50, 75, 20, 35, 55, 30, 45, 116, 100, 20, 20, 15, 30, 30, 55, 45, 15, 25, 55, 25, 40, 25, 50, 50, 15, 25, 35, 25, 55, 10, 40, 25, 20, 20, 30, 35, 45, 20, 25, 40, 35, 25, 25, 40, 65, 55, 25, 27, 20, 35, 25, 95, 120, 40, 105, 25, 25, 35, 30, 160, 15, 35, 35, 70, 35, 20, 25, 40, 40, 15, 40, 20, 45, 75, 40, 40, 55, 40, 40, 20, 41, 35, 30, 20, 55, 20, 45, 30, 74, 
2734827, 1
2734827, 1799
2734827, 2110
2734827, 72284
2734827, 14846
2734827, 27853
2735011, 1
2735011, 5, 5, 5, 5, 5, 5, 5, 5, 5, 5, 5, 10, 5, 5, 5, 5, 5, 5, 5, 5, 5, 5, 5, 5, 5, 5, 5, 5, 5, 5, 5, 5, 5, 5, 8, 
2735011, 2
2735011, 12589
2735011, 12901
2735011, 21093
2735011, 5989
2735011, 27833
2735019, 1
2735019, 5, 2, 
2735019, 2
2735019, 23174
2735019, 23485
2735019, 21340
2735019, 8305
2735019, 27810
2736294, 1
2736294, 5, 5, 5, 5, 5, 5, 5, 5, 5, 5, 5, 5, 5, 5, 5, 5, 5, 5, 5, 5, 5, 5, 5, 5, 5, 5, 5, 5, 1, 5, 5, 10, 5, 5, 5, 5, 5, 5, 5, 5, 5, 5, 5, 5, 5, 5, 5, 5, 5, 10, 5, 5, 5, 5, 5, 5, 5, 5, 10, 5, 10, 5, 5, 5, 5, 5, 5, 5, 5, 5, 5, 5, 5, 5, 5, 5, 5, 5, 5, 5, 5, 5, 5, 5, 5, 10, 5, 5, 5, 5, 5, 5, 10, 5, 5, 5, 5, 5, 5, 5, 5, 10, 5, 5, 5, 5, 5, 5, 5, 5, 5, 5, 5, 5, 5, 5, 5, 5, 5, 5, 10, 5, 5, 5, 5, 5, 5, 5, 5, 5, 5, 5, 5, 5, 5, 5, 5, 5, 5, 5, 5, 5, 10, 5, 5, 15, 5, 5, 10, 5, 5, 5, 5, 5, 10, 5, 5, 10, 5, 5, 1, 5, 5, 5, 5, 5, 5, 5, 5, 5, 15, 5, 10, 10, 5, 5, 5, 5, 5, 5, 5, 10, 5, 5, 5, 5, 5, 5, 5, 5, 5, 5, 10, 5, 5, 5, 5, 5, 10, 5, 5, 5, 5, 5, 5, 5, 15, 10, 5, 5, 10, 5, 5, 5, 5, 5, 5, 5, 5, 5, 5, 10, 5, 5, 5, 5, 5, 5, 5, 5, 2, 
2736294, 2
2736294, 13857
2736294, 14248
2736294, 26707
2736294, 8822
2736294, 27815
2736295, 1
2736295, 
2736295, 1
2736295, 24240
2736295, 24628
2736295, 26345
2736295, 4226
2736295, 27804
2736296, 1
2736296, 
2736296, 1
2736296, 34522
2736296, 34909
2736296, 28277
2736296, 5452
2736296, 27780
2755148, 36
2755148, 5, 5, 5, 5, 5, 5, 5, 5, 5, 5, 5, 5, 5, 5, 10, 5, 5, 5, 5, 5, 5, 10, 5, 5, 10, 5, 5, 10, 5, 10, 10, 5, 10, 5, 5, 10, 5, 10, 5, 10, 10, 5, 5, 10, 10, 5, 10, 15, 5, 5, 10, 5, 15, 10, 5, 10, 10, 5, 10, 5, 10, 5, 5, 5, 15, 15, 5, 5, 10, 15, 10, 5, 10, 5, 15, 5, 5, 5, 20, 5, 10, 5, 10, 5, 5, 5, 5, 15, 10, 10, 5, 5, 10, 5, 15, 10, 10, 10, 10, 10, 5, 5, 5, 5, 10, 5, 5, 20, 5, 5, 5, 10, 5, 5, 15, 5, 5, 5, 10, 15, 5, 10, 10, 10, 5, 10, 10, 30, 5, 10, 5, 15, 5, 10, 5, 25, 5, 10, 5, 5, 5, 5, 5, 5, 20, 10, 10, 10, 10, 5, 5, 20, 15, 10, 10, 5, 10, 10, 5, 15, 10, 5, 5, 20, 15, 15, 5, 10, 5, 15, 10, 5, 5, 10, 5, 10, 5, 5, 10, 10, 30, 5, 5, 10, 5, 10, 25, 20, 10, 20, 25, 5, 10, 10, 5, 10, 20, 5, 5, 10, 10, 15, 5, 5, 15, 10, 10, 5, 5, 5, 15, 5, 5, 5, 5, 5, 5, 5, 5, 20, 5, 15, 5, 10, 5, 15, 15, 5, 5, 5, 5, 5, 10, 15, 5, 5, 15, 10, 10, 10, 20, 5, 15, 15, 15, 15, 10, 5, 10, 20, 10, 10, 15, 10, 10, 10, 25, 10, 10, 15, 10, 10, 20, 5, 15, 10, 5, 10, 20, 15, 10, 10, 20, 10, 15, 20, 10, 10, 15, 5, 15, 1, 10, 15, 15, 35, 5, 10, 5, 5, 10, 20, 15, 15, 5, 15, 15, 5, 10, 25, 15, 5, 20, 5, 15, 5, 5, 20, 15, 10, 15, 10, 20, 5, 5, 10, 10, 10, 20, 15, 5, 10, 15, 30, 20, 10, 15, 5, 10, 25, 10, 10, 20, 15, 10, 5, 10, 15, 10, 5, 15, 20, 10, 5, 15, 5, 15, 30, 15, 10, 5, 15, 10, 15, 10, 35, 5, 20, 20, 5, 5, 10, 10, 5, 10, 15, 5, 25, 15, 10, 20, 15, 20, 15, 10, 10, 5, 10, 25, 10, 5, 15, 20, 10, 15, 5, 25, 5, 5, 15, 15, 10, 15, 10, 10, 20, 5, 10, 5, 10, 15, 5, 15, 5, 15, 15, 5, 10, 5, 20, 20, 5, 15, 15, 30, 10, 10, 10, 25, 15, 32, 35, 20, 10, 10, 25, 15, 15, 5, 5, 15, 25, 15, 10, 10, 15, 5, 5, 5, 10, 15, 21, 5, 10, 15, 5, 35, 20, 15, 25, 15, 10, 15, 5, 15, 10, 15, 15, 20, 20, 5, 5, 20, 10, 15, 10, 15, 5, 5, 25, 15, 15, 15, 10, 20, 15, 10, 10, 10, 5, 5, 15, 5, 10, 5, 15, 50, 15, 15, 40, 20, 25, 15, 20, 10, 10, 10, 10, 20, 15, 25, 5, 10, 10, 25, 5, 5, 15, 20, 10, 15, 20, 5, 10, 10, 15, 10, 10, 15, 15, 10, 10, 25, 10, 20, 15, 10, 5, 10, 5, 10, 10, 15, 15, 20, 15, 10, 10, 10, 10, 5, 5, 15, 10, 15, 10, 10, 20, 10, 15, 25, 20, 20, 5, 15, 5, 25, 15, 25, 15, 10, 15, 10, 20, 5, 10, 30, 10, 10, 10, 5, 10, 15, 5, 10, 20, 13, 10, 20, 25, 10, 15, 5, 25, 10, 10, 10, 10, 15, 15, 10, 15, 5, 20, 25, 25, 15, 30, 20, 15, 20, 15, 15, 10, 10, 5, 20, 15, 15, 15, 15, 15, 5, 10, 15, 5, 5, 5, 10, 15, 5, 27, 15, 20, 25, 15, 5, 5, 5, 25, 25, 15, 10, 25, 15, 25, 5, 10, 10, 20, 15, 20, 10, 20, 10, 20, 10, 10, 25, 10, 20, 20, 25, 20, 25, 15, 15, 25, 15, 10, 15, 25, 10, 20, 15, 15, 5, 15, 35, 30, 25, 10, 25, 10, 30, 20, 10, 15, 5, 5, 5, 10, 20, 5, 10, 20, 15, 15, 25, 5, 35, 25, 5, 25, 5, 15, 10, 20, 15, 11, 10, 15, 30, 15, 10, 20, 15, 10, 10, 15, 15, 25, 25, 10, 15, 20, 35, 10, 20, 10, 25, 15, 10, 25, 10, 5, 10, 10, 5, 30, 5, 20, 10, 10, 10, 15, 15, 25, 10, 20, 35, 15, 15, 15, 15, 15, 70, 25, 5, 15, 10, 5, 5, 10, 10, 5, 5, 15, 15, 15, 5, 5, 5, 20, 10, 20, 15, 20, 10, 20, 15, 25, 20, 20, 5, 10, 5, 45, 15, 35, 15, 15, 10, 30, 20, 25, 25, 10, 20, 25, 7, 40, 30, 5, 15, 20, 30, 15, 30, 20, 15, 10, 15, 15, 10, 20, 25, 10, 20, 30, 20, 15, 10, 25, 25, 25, 25, 10, 5, 20, 10, 20, 20, 10, 25, 5, 30, 20, 15, 15, 10, 15, 5, 15, 20, 25, 10, 20, 15, 10, 40, 20, 15, 10, 10, 10, 15, 15, 10, 10, 25, 20, 10, 10, 10, 30, 15, 15, 25, 25, 10, 15, 20, 5, 15, 15, 5, 5, 5, 20, 25, 5, 15, 25, 5, 5, 30, 20, 25, 10, 5, 40, 15, 30, 5, 10, 20, 15, 30, 10, 5, 20, 25, 15, 10, 10, 10, 15, 25, 30, 10, 5, 10, 15, 20, 15, 20, 20, 15, 10, 5, 10, 10, 25, 10, 20, 20, 25, 5, 20, 20, 30, 20, 10, 40, 15, 35, 5, 10, 10, 15, 30, 20, 10, 20, 15, 5, 25, 15, 20, 10, 15, 16, 30, 10, 15, 15, 25, 30, 25, 15, 25, 25, 10, 15, 10, 25, 20, 25, 15, 10, 15, 20, 30, 15, 10, 20, 20, 15, 10, 15, 10, 20, 10, 15, 20, 10, 10, 10, 20, 15, 15, 15, 15, 20, 10, 10, 10, 50, 10, 30, 40, 10, 20, 20, 20, 10, 20, 15, 15, 20, 25, 5, 35, 15, 25, 20, 30, 25, 35, 25, 25, 35, 10, 15, 15, 30, 15, 25, 20, 20, 25, 15, 20, 20, 20, 20, 30, 25, 20, 30, 20, 30, 15, 19, 15, 5, 25, 35, 25, 15, 25, 5, 10, 10, 15, 20, 55, 20, 10, 20, 35, 20, 25, 20, 10, 20, 20, 25, 20, 10, 20, 30, 20, 5, 25, 30, 15, 10, 20, 20, 20, 15, 10, 10, 20, 10, 15, 35, 20, 15, 15, 40, 10, 15, 10, 5, 20, 40, 30, 35, 5, 20, 20, 5, 10, 30, 10, 10, 10, 10, 20, 10, 20, 20, 15, 15, 25, 55, 15, 5, 35, 10, 25, 10, 10, 15, 73, 15, 10, 15, 10, 20, 20, 10, 15, 15, 20, 10, 15, 30, 35, 20, 30, 20, 50, 5, 10, 10, 20, 15, 15, 5, 15, 33, 30, 25, 30, 35, 30, 20, 35, 15, 20, 10, 15, 5, 20, 25, 10, 15, 40, 25, 25, 15, 10, 11, 15, 25, 35, 20, 10, 30, 20, 15, 10, 20, 25, 10, 15, 40, 10, 25, 15, 45, 15, 10, 40, 15, 10, 10, 15, 15, 25, 10, 15, 30, 20, 20, 20, 25, 20, 25, 15, 10, 15, 15, 10, 25, 5, 15, 15, 15, 20, 15, 15, 10, 10, 10, 41, 30, 10, 20, 20, 20, 15, 15, 15, 15, 55, 55, 10, 35, 25, 25, 5, 25, 15, 25, 10, 10, 25, 20, 20, 20, 20, 10, 15, 10, 10, 30, 25, 10, 10, 20, 20, 50, 15, 10, 50, 15, 10, 30, 15, 10, 40, 10, 25, 10, 15, 20, 20, 20, 10, 21, 
2755148, 1
2755148, 3010
2755148, 3314
2755148, 80040
2755148, 23730
2755148, 27739
2755149, 1
2755149, 
2755149, 5
2755149, 13639
2755149, 13942
2755149, 119887
2755149, 31036
2755149, 27676
