2, 2
2, 
2, 13
2, 13
2, 27
2, 0
2, 0
2, 0
4, 2
4, 
4, 1
4, 3
4, 3
4, 130
4, 25
4, 0
920, 327
920, 310, 279, 
920, 2
920, 4
920, 4
920, 14073
920, 5491
920, 0
921, 1
921, 
921, 11
921, 259
921, 259
921, 6733
921, 1248
921, 0
922, 1
922, 
922, 24
922, 5084
922, 13622
922, 1781
922, 237
922, 0
923, 1
923, 
923, 8
923, 1676
923, 1679
923, 729
923, 161
923, 0
1273, 46
1273, 40, 51, 50, 58, 45, 60, 
1273, 3
1273, 24
1273, 205
1273, 1308
1273, 232
1273, 0
1274, 1
1274, 
1274, 1
1274, 192
1274, 12005
1274, 141
1274, 31
1274, 0
1286, 2
1286, 10, 
1286, 4
1286, 435
1286, 671
1286, 9
1286, 2
1286, 0
1287, 1
1287, 
1287, 9
1287, 806
1287, 1029
1287, 41
1287, 6
1287, 0
1288, 1
1288, 
1288, 1
1288, 859
1288, 5017
1288, 4
1288, 1
1288, 0
1289, 1
1289, 
1289, 1
1289, 902
1289, 10706
1289, 107
1289, 24
1289, 0
1311, 5
1311, 5, 5, 2, 5, 
1311, 1
1311, 418
1311, 1074
1311, 51
1311, 9
1311, 0
1316, 1
1316, 2, 2, 
1316, 23
1316, 774
1316, 1342
1316, 206
1316, 31
1316, 0
1317, 1
1317, 
1317, 2
1317, 777
1317, 1311
1317, 156
1317, 21
1317, 0
1318, 1
1318, 
1318, 2
1318, 824
1318, 1294
1318, 146
1318, 42
1318, 0
1327, 4
1327, 5, 
1327, 18
1327, 838
1327, 1328
1327, 212
1327, 37
1327, 0
1328, 1
1328, 
1328, 2
1328, 840
1328, 1305
1328, 78
1328, 21
1328, 0
1329, 1
1329, 
1329, 7
1329, 1283
1329, 3015
1329, 85
1329, 11
1329, 0
1330, 1
1330, 
1330, 1
1330, 1289
1330, 3607
1330, 101
1330, 21
1330, 0
1331, 1
1331, 
1331, 1
1331, 1222
1331, 5103
1331, 13
1331, 3
1331, 0
1332, 1
1332, 
1332, 6
1332, 1561
1332, 6524
1332, 100
1332, 19
1332, 0
1333, 1
1333, 
1333, 4
1333, 1562
1333, 6328
1333, 17
1333, 4
1333, 0
1334, 1
1334, 
1334, 1
1334, 1552
1334, 7410
1334, 92
1334, 20
1334, 0
1411, 2
1411, 5, 5, 5, 5, 6, 10, 5, 5, 5, 12, 5, 7, 
1411, 2
1411, 665
1411, 6374
1411, 95
1411, 21
1411, 0
1412, 1
1412, 
1412, 3
1412, 708
1412, 6014
1412, 169
1412, 25
1412, 0
1413, 1
1413, 
1413, 1
1413, 720
1413, 7101
1413, 60
1413, 16
1413, 0
1414, 1
1414, 
1414, 1
1414, 747
1414, 6640
1414, 56
1414, 14
1414, 0
1415, 1
1415, 
1415, 8
1415, 968
1415, 5961
1415, 71
1415, 8
1415, 0
1416, 1
1416, 
1416, 1
1416, 983
1416, 5914
1416, 236
1416, 25
1416, 0
1417, 1
1417, 
1417, 1
1417, 951
1417, 5005
1417, 177
1417, 36
1417, 0
1418, 1
1418, 
1418, 4
1418, 1080
1418, 5903
1418, 89
1418, 26
1418, 0
1419, 1
1419, 
1419, 6
1419, 1327
1419, 6905
1419, 21
1419, 4
1419, 0
1436, 2
1436, 5, 5, 5, 
1436, 1
1436, 815
1436, 6091
1436, 162
1436, 19
1436, 0
1532, 3
1532, 5, 5, 10, 10, 5, 5, 15, 5, 10, 3, 5, 2, 13, 
1532, 2
1532, 480
1532, 4294
1532, 106
1532, 13
1532, 0
1533, 1
1533, 
1533, 3
1533, 523
1533, 4287
1533, 56
1533, 15
1533, 0
1534, 1
1534, 
1534, 1
1534, 557
1534, 4198
1534, 32
1534, 6
1534, 0
1600, 5
1600, 5, 5, 5, 5, 10, 10, 1, 5, 15, 
1600, 2
1600, 485
1600, 3237
1600, 86
1600, 10
1600, 0
1606, 3
1606, 3, 
1606, 1
1606, 501
1606, 3093
1606, 181
1606, 43
1606, 0
1607, 1
1607, 
1607, 3
1607, 540
1607, 3064
1607, 67
1607, 18
1607, 0
1608, 1
1608, 
1608, 3
1608, 572
1608, 3037
1608, 83
1608, 24
1608, 0
1616, 1
1616, 1, 6, 
1616, 1
1616, 566
1616, 2792
1616, 92
1616, 28
1616, 0
1617, 1
1617, 
1617, 1
1617, 594
1617, 2783
1617, 41
1617, 7
1617, 0
1685, 2
1685, 2, 5, 5, 10, 4, 15, 10, 5, 5, 5, 
1685, 2
1685, 523
1685, 3090
1685, 151
1685, 22
1685, 0
1686, 1
1686, 
1686, 25
1686, 1491
1686, 5646
1686, 89
1686, 26
1686, 0
1687, 1
1687, 
1687, 3
1687, 690
1687, 7713
1687, 138
1687, 28
1687, 0
1688, 1
1688, 
1688, 1
1688, 705
1688, 7635
1688, 208
1688, 34
1688, 0
1697, 1
1697, 2, 5, 1, 
1697, 27
1697, 1662
1697, 9992
1697, 129
1697, 23
1697, 0
1699, 2
1699, 
1699, 4
1699, 1560
1699, 7781
1699, 111
1699, 12
1699, 0
1796, 3
1796, 5, 5, 9, 1, 10, 3, 5, 5, 5, 6, 10, 5, 5, 10, 10, 
1796, 19
1796, 878
1796, 6406
1796, 56
1796, 12
1796, 0
2044, 7
2044, 5, 5, 5, 10, 1, 5, 5, 2, 10, 10, 5, 5, 5, 10, 10, 10, 15, 10, 10, 12, 5, 8, 2, 13, 6, 5, 10, 30, 7, 5, 
2044, 7
2044, 578
2044, 2938
2044, 48
2044, 12
2044, 0
2059, 1
2059, 5, 5, 4, 
2059, 1
2059, 570
2059, 2880
2059, 47
2059, 8
2059, 0
2060, 1
2060, 
2060, 1
2060, 598
2060, 2894
2060, 53
2060, 12
2060, 0
2076, 1
2076, 5, 5, 5, 
2076, 2
2076, 641
2076, 3153
2076, 126
2076, 17
2076, 0
2137, 4
2137, 5, 5, 5, 5, 10, 8, 5, 5, 4, 5, 
2137, 9
2137, 722
2137, 3020
2137, 63
2137, 10
2137, 0
2138, 1
2138, 
2138, 2
2138, 777
2138, 4675
2138, 79
2138, 26
2138, 0
2165, 2
2165, 5, 1, 5, 10, 1, 3, 
2165, 2
2165, 798
2165, 4428
2165, 202
2165, 26
2165, 0
2166, 1
2166, 
2166, 4
2166, 828
2166, 4393
2166, 21
2166, 8
2166, 0
2293, 7
2293, 5, 5, 5, 5, 5, 5, 5, 5, 5, 5, 10, 5, 5, 5, 5, 5, 5, 5, 5, 8, 12, 
2293, 4
2293, 469
2293, 3109
2293, 69
2293, 13
2293, 0
2294, 1
2294, 
2294, 2
2294, 510
2294, 3094
2294, 60
2294, 12
2294, 0
2387, 3
2387, 5, 5, 5, 1, 5, 5, 5, 5, 5, 5, 5, 5, 2, 5, 7, 5, 5, 5, 5, 
2387, 1
2387, 416
2387, 2851
2387, 63
2387, 14
2387, 0
2388, 1
2388, 
2388, 1
2388, 443
2388, 3101
2388, 61
2388, 17
2388, 0
2389, 1
2389, 
2389, 4
2389, 484
2389, 3089
2389, 94
2389, 15
2389, 0
2390, 1
2390, 
2390, 1
2390, 516
2390, 3083
2390, 100
2390, 13
2390, 0
2391, 1
2391, 
2391, 3
2391, 495
2391, 3087
2391, 114
2391, 34
2391, 0
2401, 2
2401, 2, 6, 
2401, 2
2401, 516
2401, 3141
2401, 134
2401, 18
2401, 0
2402, 1
2402, 
2402, 1
2402, 547
2402, 3170
2402, 70
2402, 19
2402, 0
2403, 1
2403, 
2403, 1
2403, 576
2403, 3156
2403, 90
2403, 14
2403, 0
2469, 1
2469, 5, 5, 5, 5, 5, 5, 5, 5, 5, 5, 10, 5, 
2469, 2
2469, 489
2469, 2949
2469, 86
2469, 19
2469, 0
2470, 1
2470, 
2470, 1
2470, 520
2470, 2869
2470, 37
2470, 13
2470, 0
2496, 2
2496, 5, 5, 2, 4, 2, 1, 5, 
2496, 12
2496, 731
2496, 3350
2496, 54
2496, 12
2496, 0
2497, 1
2497, 
2497, 2
2497, 768
2497, 3345
2497, 102
2497, 15
2497, 0
2498, 1
2498, 
2498, 2
2498, 823
2498, 4542
2498, 28
2498, 9
2498, 0
2499, 1
2499, 
2499, 1
2499, 850
2499, 4536
2499, 101
2499, 19
2499, 0
2501, 2
2501, 
2501, 4
2501, 883
2501, 4527
2501, 55
2501, 16
2501, 0
2502, 1
2502, 
2502, 3
2502, 975
2502, 5674
2502, 30
2502, 8
2502, 0
2503, 1
2503, 
2503, 1
2503, 981
2503, 6786
2503, 51
2503, 6
2503, 0
2504, 1
2504, 
2504, 6
2504, 1032
2504, 6970
2504, 115
2504, 29
2504, 0
2505, 1
2505, 
2505, 1
2505, 890
2505, 6841
2505, 128
2505, 41
2505, 0
2506, 1
2506, 
2506, 2
2506, 930
2506, 5841
2506, 143
2506, 34
2506, 0
2538, 4
2538, 5, 5, 3, 5, 5, 5, 
2538, 2
2538, 894
2538, 5797
2538, 43
2538, 17
2538, 0
2539, 1
2539, 
2539, 1
2539, 917
2539, 5767
2539, 73
2539, 15
2539, 0
2540, 1
2540, 
2540, 1
2540, 938
2540, 5734
2540, 145
2540, 36
2540, 0
2541, 1
2541, 
2541, 1
2541, 942
2541, 6740
2541, 99
2541, 21
2541, 0
2542, 1
2542, 
2542, 1
2542, 963
2542, 7767
2542, 68
2542, 19
2542, 0
2550, 4
2550, 4, 
2550, 2
2550, 948
2550, 7947
2550, 93
2550, 24
2550, 0
2561, 4
2561, 5, 2, 
2561, 3
2561, 965
2561, 6837
2561, 86
2561, 28
2561, 0
2563, 2
2563, 
2563, 1
2563, 927
2563, 7007
2563, 81
2563, 14
2563, 0
2564, 1
2564, 
2564, 1
2564, 948
2564, 6982
2564, 110
2564, 22
2564, 0
2569, 1
2569, 4, 
2569, 4
2569, 855
2569, 6010
2569, 76
2569, 18
2569, 0
2606, 3
2606, 5, 5, 5, 10, 5, 4, 
2606, 2
2606, 798
2606, 6029
2606, 139
2606, 30
2606, 0
2607, 1
2607, 
2607, 1
2607, 819
2607, 5967
2607, 107
2607, 13
2607, 0
2608, 1
2608, 
2608, 1
2608, 840
2608, 6003
2608, 114
2608, 18
2608, 0
2630, 2
2630, 5, 5, 5, 5, 
2630, 1
2630, 833
2630, 6026
2630, 82
2630, 12
2630, 0
2704, 1
2704, 1, 5, 5, 1, 5, 3, 5, 10, 5, 5, 5, 5, 5, 1, 5, 7, 
2704, 3
2704, 845
2704, 5320
2704, 87
2704, 24
2704, 0
2705, 1
2705, 
2705, 1
2705, 865
2705, 6513
2705, 103
2705, 40
2705, 0
2706, 1
2706, 
2706, 1
2706, 855
2706, 6482
2706, 36
2706, 6
2706, 0
2707, 1
2707, 
2707, 2
2707, 872
2707, 6478
2707, 378
2707, 48
2707, 0
2746, 1
2746, 5, 5, 5, 10, 2, 5, 5, 1, 
2746, 1
2746, 851
2746, 6399
2746, 65
2746, 22
2746, 0
2774, 3
2774, 5, 5, 5, 5, 5, 
2774, 2
2774, 841
2774, 6266
2774, 148
2774, 29
2774, 0
2775, 1
2775, 
2775, 1
2775, 812
2775, 6243
2775, 145
2775, 22
2775, 0
2786, 2
2786, 9, 
2786, 1
2786, 825
2786, 6175
2786, 71
2786, 18
2786, 0
2803, 4
2803, 5, 2, 5, 1, 
2803, 1
2803, 850
2803, 6171
2803, 121
2803, 29
2803, 0
2922, 2
2922, 5, 5, 1, 5, 5, 5, 5, 5, 10, 5, 5, 2, 5, 10, 5, 5, 5, 5, 5, 5, 5, 9, 
2922, 4
2922, 729
2922, 5254
2922, 73
2922, 24
2922, 0
2923, 1
2923, 
2923, 2
2923, 756
2923, 5250
2923, 226
2923, 48
2923, 0
2924, 1
2924, 
2924, 2
2924, 808
2924, 5811
2924, 332
2924, 48
2924, 0
2940, 1
2940, 5, 5, 5, 
2940, 1
2940, 833
2940, 5756
2940, 82
2940, 13
2940, 0
2950, 3
2950, 1, 5, 1, 
2950, 1
2950, 835
2950, 5783
2950, 83
2950, 16
2950, 0
2951, 1
2951, 
2951, 2
2951, 862
2951, 5852
2951, 58
2951, 9
2951, 0
2952, 1
2952, 
2952, 2
2952, 900
2952, 5031
2952, 98
2952, 46
2952, 0
2953, 1
2953, 
2953, 1
2953, 926
2953, 4897
2953, 154
2953, 34
2953, 0
2954, 1
2954, 
2954, 1
2954, 941
2954, 4918
2954, 165
2954, 44
2954, 0
3425, 2
3425, 5, 5, 5, 5, 1, 5, 5, 5, 5, 5, 5, 9, 10, 9, 2, 10, 15, 5, 10, 10, 1, 6, 10, 15, 15, 10, 6, 5, 2, 5, 10, 10, 5, 10, 5, 7, 5, 5, 11, 5, 10, 5, 10, 10, 10, 7, 5, 5, 10, 10, 5, 15, 15, 8, 3, 2, 11, 15, 15, 10, 5, 4, 
3425, 2
3425, 537
3425, 5923
3425, 157
3425, 22
3425, 0
3470, 5
3470, 5, 5, 5, 5, 5, 5, 5, 5, 
3470, 3
3470, 567
3470, 5886
3470, 142
3470, 53
3470, 0
3493, 2
3493, 5, 5, 5, 5, 1, 
3493, 2
3493, 595
3493, 5810
3493, 75
3493, 15
3493, 0
3498, 4
3498, 1, 
3498, 1
3498, 601
3498, 7028
3498, 20
3498, 5
3498, 0
3635, 1
3635, 1, 5, 5, 5, 5, 5, 5, 10, 1, 5, 5, 10, 5, 10, 14, 5, 5, 5, 10, 10, 5, 5, 
3635, 2
3635, 619
3635, 6601
3635, 203
3635, 53
3635, 0
3645, 1
3645, 5, 4, 
3645, 1
3645, 616
3645, 6501
3645, 268
3645, 53
3645, 0
3646, 1
3646, 
3646, 1
3646, 645
3646, 6487
3646, 102
3646, 35
3646, 0
3668, 2
3668, 5, 5, 5, 5, 
3668, 1
3668, 657
3668, 6569
3668, 192
3668, 44
3668, 0
3669, 1
3669, 
3669, 1
3669, 684
3669, 6549
3669, 455
3669, 103
3669, 0
3670, 1
3670, 
3670, 1
3670, 711
3670, 7208
3670, 202
3670, 37
3670, 0
3691, 1
3691, 5, 10, 5, 
3691, 1
3691, 731
3691, 7063
3691, 285
3691, 43
3691, 0
3777, 6
3777, 5, 5, 2, 5, 5, 5, 5, 5, 5, 5, 5, 5, 5, 5, 5, 5, 3, 
3777, 1
3777, 720
3777, 6882
3777, 248
3777, 82
3777, 0
3778, 1
3778, 
3778, 1
3778, 736
3778, 6927
3778, 242
3778, 105
3778, 0
4142, 11
4142, 5, 1, 5, 10, 5, 10, 5, 11, 5, 5, 5, 5, 5, 5, 5, 5, 5, 5, 5, 15, 15, 5, 5, 5, 2, 5, 5, 5, 5, 5, 10, 5, 5, 5, 5, 5, 5, 10, 5, 10, 5, 5, 7, 21, 5, 15, 5, 10, 5, 15, 5, 5, 5, 1, 
4142, 1
4142, 509
4142, 4611
4142, 117
4142, 21
4142, 0
4390, 2
4390, 5, 5, 5, 5, 5, 5, 5, 5, 5, 5, 5, 5, 5, 5, 5, 5, 5, 5, 5, 5, 10, 5, 5, 5, 5, 2, 5, 10, 5, 9, 5, 5, 5, 5, 5, 5, 5, 5, 5, 10, 5, 10, 5, 10, 
4390, 2
4390, 457
4390, 3592
4390, 226
4390, 36
4390, 0
4396, 2
4396, 4, 
4396, 1
4396, 491
4396, 3690
4396, 455
4396, 77
4396, 0
4397, 1
4397, 
4397, 2
4397, 527
4397, 3728
4397, 180
4397, 54
4397, 0
4398, 1
4398, 
4398, 1
4398, 559
4398, 3736
4398, 340
4398, 103
4398, 0
4493, 2
4493, 5, 5, 5, 5, 5, 5, 5, 5, 5, 2, 5, 1, 1, 5, 10, 5, 1, 5, 5, 5, 3, 
4493, 2
4493, 472
4493, 3431
4493, 438
4493, 117
4493, 0
4546, 1
4546, 5, 5, 5, 5, 5, 5, 5, 1, 5, 5, 5, 1, 
4546, 2
4546, 508
4546, 3479
4546, 223
4546, 87
4546, 0
4557, 1
4557, 5, 5, 
4557, 2
4557, 537
4557, 3480
4557, 487
4557, 70
4557, 0
4575, 1
4575, 5, 5, 5, 2, 
4575, 1
4575, 542
4575, 3507
4575, 361
4575, 116
4575, 0
4849, 1
4849, 5, 5, 5, 5, 5, 5, 1, 5, 5, 5, 5, 5, 5, 5, 5, 5, 5, 5, 5, 1, 5, 5, 5, 5, 5, 20, 5, 5, 10, 10, 5, 5, 10, 5, 5, 10, 5, 15, 10, 5, 10, 5, 5, 11, 
4849, 1
4849, 377
4849, 3204
4849, 117
4849, 42
4849, 0
4850, 1
4850, 
4850, 2
4850, 412
4850, 3243
4850, 220
4850, 107
4850, 0
4962, 1
4962, 5, 5, 5, 5, 5, 5, 5, 5, 5, 5, 5, 10, 5, 6, 5, 5, 5, 5, 10, 5, 
4962, 1
4962, 344
4962, 3184
4962, 134
4962, 40
4962, 0
5084, 1
5084, 5, 5, 5, 5, 5, 5, 5, 5, 10, 5, 5, 5, 5, 5, 10, 5, 1, 5, 5, 5, 5, 5, 5, 
5084, 1
5084, 373
5084, 2974
5084, 660
5084, 124
5084, 0
5085, 1
5085, 
5085, 8
5085, 438
5085, 3038
5085, 694
5085, 127
5085, 0
5101, 3
5101, 5, 5, 3, 
5101, 2
5101, 430
5101, 3359
5101, 361
5101, 72
5101, 0
5219, 3
5219, 5, 5, 5, 5, 5, 5, 5, 5, 4, 5, 5, 5, 2, 5, 5, 5, 5, 5, 5, 5, 10, 5, 4, 
5219, 1
5219, 429
5219, 3389
5219, 731
5219, 120
5219, 0
5220, 1
5220, 
5220, 3
5220, 468
5220, 3408
5220, 405
5220, 84
5220, 0
5221, 1
5221, 
5221, 3
5221, 506
5221, 3432
5221, 325
5221, 111
5221, 0
5232, 1
5232, 5, 5, 
5232, 2
5232, 578
5232, 4035
5232, 82
5232, 9
5232, 0
5233, 1
5233, 
5233, 5
5233, 620
5233, 4058
5233, 323
5233, 59
5233, 0
5420, 1
5420, 5, 5, 5, 5, 10, 5, 5, 5, 5, 5, 5, 5, 5, 8, 5, 10, 5, 5, 5, 10, 5, 5, 5, 5, 5, 10, 5, 10, 5, 5, 8, 
5420, 5
5420, 557
5420, 3536
5420, 608
5420, 178
5420, 0
5421, 1
5421, 
5421, 10
5421, 651
5421, 3673
5421, 785
5421, 206
5421, 0
5422, 1
5422, 
5422, 2
5422, 725
5422, 4200
5422, 459
5422, 124
5422, 0
5444, 3
5444, 5, 5, 5, 4, 
5444, 4
5444, 764
5444, 4193
5444, 415
5444, 97
5444, 0
5683, 2
5683, 2, 5, 1, 2, 5, 5, 5, 5, 5, 5, 5, 5, 5, 5, 3, 5, 10, 3, 5, 5, 10, 5, 5, 10, 5, 5, 10, 5, 5, 10, 5, 5, 5, 11, 5, 5, 6, 5, 6, 10, 5, 5, 3, 
5683, 2
5683, 521
5683, 3778
5683, 221
5683, 74
5683, 0
5751, 1
5751, 5, 5, 1, 1, 5, 5, 5, 5, 5, 5, 10, 5, 5, 5, 
5751, 1
5751, 559
5751, 3793
5751, 187
5751, 40
5751, 0
5752, 1
5752, 
5752, 1
5752, 595
5752, 3814
5752, 337
5752, 91
5752, 0
6010, 2
6010, 1, 5, 5, 5, 5, 5, 5, 5, 5, 5, 1, 10, 5, 5, 5, 5, 5, 5, 5, 5, 5, 5, 5, 5, 5, 5, 5, 5, 5, 5, 5, 5, 5, 5, 5, 5, 10, 5, 10, 1, 10, 5, 5, 5, 5, 5, 5, 5, 5, 3, 
6010, 5
6010, 551
6010, 4204
6010, 539
6010, 137
6010, 0
6168, 3
6168, 5, 5, 5, 5, 5, 5, 5, 5, 5, 5, 5, 5, 5, 5, 5, 1, 5, 5, 5, 5, 5, 5, 5, 5, 5, 10, 10, 10, 4, 
6168, 2
6168, 562
6168, 3954
6168, 180
6168, 55
6168, 0
6169, 1
6169, 
6169, 1
6169, 590
6169, 4401
6169, 130
6169, 38
6169, 0
6170, 1
6170, 
6170, 1
6170, 610
6170, 4413
6170, 460
6170, 94
6170, 0
6260, 5
6260, 5, 1, 5, 5, 1, 5, 5, 5, 10, 5, 5, 2, 10, 5, 5, 5, 5, 1, 
6260, 3
6260, 655
6260, 4433
6260, 607
6260, 107
6260, 0
6261, 1
6261, 
6261, 4
6261, 821
6261, 5847
6261, 315
6261, 115
6261, 0
6355, 2
6355, 1, 5, 5, 5, 5, 5, 5, 5, 1, 5, 5, 5, 5, 5, 5, 10, 5, 5, 5, 
6355, 2
6355, 819
6355, 5455
6355, 483
6355, 129
6355, 0
6356, 1
6356, 
6356, 2
6356, 790
6356, 4300
6356, 452
6356, 131
6356, 0
6405, 5
6405, 5, 5, 5, 5, 5, 5, 5, 5, 4, 
6405, 1
6405, 757
6405, 4298
6405, 264
6405, 76
6405, 0
6554, 3
6554, 5, 5, 5, 5, 5, 5, 5, 1, 2, 5, 5, 5, 5, 5, 5, 1, 5, 5, 5, 4, 5, 5, 5, 5, 5, 10, 5, 5, 10, 3, 
6554, 1
6554, 727
6554, 4215
6554, 546
6554, 126
6554, 0
6735, 8
6735, 5, 5, 5, 5, 5, 5, 5, 5, 5, 5, 5, 5, 10, 5, 5, 5, 5, 5, 1, 5, 5, 5, 5, 5, 5, 5, 5, 5, 5, 6, 1, 5, 10, 5, 
6735, 1
6735, 651
6735, 4327
6735, 452
6735, 131
6735, 0
7073, 4
7073, 5, 1, 5, 5, 5, 5, 5, 10, 5, 5, 5, 10, 5, 5, 5, 2, 10, 5, 5, 10, 5, 5, 5, 5, 5, 15, 5, 5, 1, 5, 5, 5, 5, 10, 10, 5, 5, 5, 5, 5, 5, 5, 5, 1, 10, 10, 5, 5, 10, 10, 10, 5, 5, 5, 5, 9, 
7073, 1
7073, 559
7073, 3952
7073, 189
7073, 52
7073, 0
7106, 1
7106, 5, 5, 5, 5, 5, 5, 2, 
7106, 1
7106, 599
7106, 5564
7106, 198
7106, 23
7106, 0
7117, 1
7117, 5, 5, 
7117, 1
7117, 600
7117, 4570
7117, 236
7117, 42
7117, 0
7447, 9
7447, 5, 5, 5, 5, 5, 5, 5, 5, 5, 5, 5, 5, 5, 4, 5, 5, 5, 3, 1, 5, 10, 5, 5, 5, 10, 5, 4, 10, 13, 15, 5, 5, 10, 5, 5, 5, 5, 5, 5, 5, 1, 1, 10, 5, 10, 5, 10, 5, 10, 5, 10, 5, 5, 5, 4, 
7447, 2
7447, 450
7447, 3824
7447, 230
7447, 72
7447, 0
7448, 1
7448, 
7448, 4
7448, 503
7448, 3858
7448, 401
7448, 143
7448, 0
8518, 2
8518, 5, 5, 5, 2, 5, 10, 8, 5, 5, 5, 1, 5, 5, 5, 10, 5, 10, 5, 10, 5, 5, 5, 5, 5, 5, 5, 5, 10, 5, 5, 5, 5, 10, 5, 5, 7, 5, 5, 5, 10, 10, 11, 10, 6, 15, 20, 5, 15, 10, 11, 10, 5, 5, 10, 10, 10, 15, 14, 10, 6, 5, 5, 5, 10, 10, 10, 20, 5, 5, 5, 10, 5, 15, 10, 10, 10, 10, 16, 10, 5, 10, 13, 10, 15, 10, 10, 10, 5, 10, 9, 5, 11, 5, 9, 20, 5, 5, 5, 10, 10, 15, 10, 15, 15, 15, 20, 10, 15, 5, 5, 5, 33, 16, 5, 15, 5, 17, 5, 5, 5, 10, 6, 7, 
8518, 1
8518, 399
8518, 3289
8518, 462
8518, 74
8518, 0
8597, 1
8597, 5, 5, 5, 5, 5, 5, 5, 5, 1, 10, 5, 5, 5, 5, 5, 2, 
8597, 1
8597, 452
8597, 3364
8597, 361
8597, 75
8597, 0
8598, 1
8598, 
8598, 1
8598, 505
8598, 3397
8598, 377
8598, 81
8598, 0
8600, 2
8600, 
8600, 1
8600, 557
8600, 3427
8600, 557
8600, 104
8600, 0
8601, 1
8601, 
8601, 2
8601, 616
8601, 3493
8601, 316
8601, 92
8601, 0
8602, 1
8602, 
8602, 1
8602, 661
8602, 3522
8602, 377
8602, 80
8602, 0
8603, 1
8603, 
8603, 2
8603, 721
8603, 3715
8603, 738
8603, 137
8603, 0
8648, 2
8648, 5, 5, 3, 5, 5, 5, 5, 5, 5, 
8648, 4
8648, 778
8648, 3711
8648, 706
8648, 188
8648, 0
8976, 2
8976, 5, 5, 5, 5, 5, 10, 5, 1, 5, 5, 5, 5, 1, 5, 5, 5, 5, 5, 10, 7, 5, 5, 5, 10, 5, 5, 5, 5, 5, 5, 5, 5, 10, 10, 5, 5, 5, 5, 10, 10, 15, 5, 5, 5, 10, 10, 5, 5, 5, 5, 10, 5, 5, 7, 
8976, 1
8976, 646
8976, 3873
8976, 292
8976, 130
8976, 0
8977, 1
8977, 
8977, 1
8977, 688
8977, 3922
8977, 206
8977, 58
8977, 0
9089, 4
9089, 5, 5, 5, 5, 5, 2, 5, 5, 5, 5, 5, 1, 5, 5, 10, 5, 5, 5, 5, 5, 5, 5, 
9089, 1
9089, 692
9089, 3960
9089, 387
9089, 107
9089, 0
9166, 2
9166, 5, 5, 5, 5, 5, 5, 5, 5, 5, 5, 5, 5, 5, 5, 5, 
9166, 1
9166, 618
9166, 3912
9166, 787
9166, 173
9166, 0
9167, 1
9167, 
9167, 2
9167, 681
9167, 3997
9167, 620
9167, 100
9167, 0
9168, 1
9168, 
9168, 1
9168, 726
9168, 4857
9168, 566
9168, 90
9168, 0
9215, 1
9215, 5, 5, 5, 5, 1, 5, 5, 5, 5, 5, 
9215, 1
9215, 789
9215, 4898
9215, 577
9215, 138
9215, 0
9216, 1
9216, 
9216, 1
9216, 841
9216, 4926
9216, 451
9216, 82
9216, 0
9217, 1
9217, 
9217, 1
9217, 893
9217, 4895
9217, 204
9217, 41
9217, 0
9224, 5
9224, 2, 
9224, 29
9224, 969
9224, 4960
9224, 442
9224, 151
9224, 0
9273, 1
9273, 5, 5, 5, 5, 5, 5, 5, 5, 5, 3, 
9273, 1
9273, 1014
9273, 5011
9273, 642
9273, 151
9273, 0
9274, 1
9274, 
9274, 1
9274, 1059
9274, 5206
9274, 606
9274, 75
9274, 0
10437, 8
10437, 5, 5, 5, 2, 5, 5, 5, 5, 5, 5, 5, 5, 5, 10, 10, 5, 10, 5, 5, 5, 5, 5, 5, 5, 10, 5, 10, 5, 5, 10, 10, 10, 5, 7, 10, 20, 10, 15, 5, 1, 10, 5, 7, 5, 10, 6, 5, 5, 10, 5, 10, 10, 20, 10, 10, 5, 5, 5, 5, 20, 5, 7, 10, 5, 25, 15, 15, 5, 10, 10, 10, 10, 10, 15, 1, 10, 20, 10, 5, 5, 10, 5, 15, 15, 5, 5, 10, 5, 5, 20, 15, 14, 10, 5, 15, 10, 5, 10, 10, 5, 15, 5, 15, 5, 5, 20, 10, 6, 10, 15, 10, 5, 15, 5, 15, 9, 10, 5, 5, 20, 5, 15, 10, 1, 5, 10, 10, 10, 6, 10, 14, 19, 
10437, 1
10437, 603
10437, 3877
10437, 382
10437, 103
10437, 0
10617, 1
10617, 5, 5, 5, 5, 5, 5, 5, 5, 5, 5, 5, 5, 5, 5, 3, 5, 5, 5, 5, 5, 5, 5, 5, 5, 10, 5, 5, 15, 5, 5, 5, 5, 5, 1, 
10617, 1
10617, 528
10617, 3718
10617, 351
10617, 111
10617, 0
10618, 1
10618, 
10618, 3
10618, 595
10618, 3773
10618, 538
10618, 125
10618, 0
11116, 2
11116, 5, 5, 5, 5, 5, 5, 1, 3, 5, 5, 6, 5, 5, 2, 5, 5, 10, 5, 2, 5, 5, 5, 5, 5, 3, 5, 5, 5, 5, 10, 5, 5, 10, 5, 10, 5, 10, 5, 5, 5, 10, 5, 5, 5, 5, 3, 10, 10, 15, 10, 5, 5, 5, 5, 2, 15, 10, 5, 10, 15, 5, 4, 5, 10, 10, 5, 5, 5, 5, 5, 15, 14, 10, 5, 7, 19, 
11116, 1
11116, 458
11116, 3367
11116, 978
11116, 280
11116, 0
11415, 2
11415, 5, 5, 5, 5, 5, 5, 5, 5, 5, 5, 5, 5, 5, 10, 5, 5, 5, 5, 10, 10, 1, 5, 2, 10, 5, 5, 5, 5, 5, 5, 5, 5, 5, 5, 5, 10, 10, 5, 5, 5, 5, 10, 5, 5, 12, 5, 5, 10, 5, 6, 6, 
11415, 1
11415, 500
11415, 2980
11415, 1275
11415, 399
11415, 0
11725, 7
11725, 3, 5, 5, 4, 5, 5, 5, 5, 5, 5, 5, 5, 5, 5, 5, 5, 5, 5, 5, 5, 5, 5, 5, 5, 5, 1, 1, 5, 10, 10, 5, 5, 5, 10, 10, 5, 5, 5, 10, 5, 5, 5, 15, 1, 5, 10, 5, 5, 5, 5, 5, 5, 5, 13, 
11725, 1
11725, 565
11725, 3123
11725, 1470
11725, 305
11725, 0
13178, 16
13178, 5, 5, 5, 5, 10, 10, 5, 5, 3, 10, 10, 5, 10, 15, 5, 5, 5, 5, 5, 5, 5, 10, 6, 10, 5, 5, 10, 5, 5, 10, 5, 6, 5, 10, 5, 7, 5, 5, 5, 5, 5, 15, 5, 10, 5, 15, 10, 5, 5, 15, 6, 10, 10, 5, 5, 5, 4, 3, 10, 15, 10, 5, 15, 10, 15, 10, 25, 20, 20, 10, 5, 9, 10, 11, 5, 10, 15, 15, 10, 5, 10, 15, 5, 5, 16, 5, 25, 10, 6, 10, 5, 15, 10, 35, 15, 5, 15, 5, 5, 6, 15, 5, 10, 10, 5, 10, 12, 5, 10, 5, 25, 5, 10, 10, 10, 10, 10, 5, 15, 5, 12, 10, 15, 15, 6, 15, 7, 5, 10, 5, 15, 5, 15, 15, 12, 10, 10, 10, 10, 20, 10, 5, 10, 5, 10, 11, 10, 15, 10, 15, 15, 10, 14, 
13178, 1
13178, 363
13178, 2823
13178, 776
13178, 178
13178, 0
13179, 1
13179, 
13179, 1
13179, 436
13179, 2884
13179, 1518
13179, 399
13179, 0
13180, 1
13180, 
13180, 1
13180, 509
13180, 2953
13180, 1540
13180, 524
13180, 0
13181, 1
13181, 
13181, 6
13181, 586
13181, 3017
13181, 732
13181, 217
13181, 0
13182, 1
13182, 
13182, 1
13182, 656
13182, 3739
13182, 635
13182, 149
13182, 0
13304, 1
13304, 5, 5, 5, 4, 5, 5, 5, 5, 5, 5, 5, 5, 5, 5, 5, 5, 5, 5, 5, 5, 5, 5, 5, 5, 2, 
13304, 1
13304, 666
13304, 3263
13304, 857
13304, 310
13304, 0
14068, 3
14068, 5, 5, 5, 5, 5, 10, 5, 7, 5, 5, 10, 5, 5, 5, 5, 5, 5, 5, 10, 10, 5, 5, 2, 5, 5, 5, 5, 10, 5, 3, 5, 10, 5, 11, 5, 5, 5, 3, 5, 5, 5, 5, 5, 1, 15, 5, 5, 5, 5, 5, 5, 5, 10, 5, 5, 10, 5, 5, 10, 2, 10, 5, 5, 10, 15, 7, 5, 5, 5, 5, 5, 10, 5, 5, 5, 5, 5, 5, 10, 10, 1, 20, 15, 10, 5, 10, 5, 5, 10, 5, 10, 10, 15, 15, 5, 10, 5, 5, 10, 15, 10, 5, 25, 10, 5, 10, 5, 10, 9, 
14068, 1
14068, 532
14068, 3027
14068, 1777
14068, 230
14068, 0
14375, 1
14375, 5, 4, 5, 5, 5, 5, 5, 5, 5, 5, 5, 5, 5, 5, 5, 5, 5, 5, 5, 5, 3, 10, 5, 5, 5, 5, 5, 5, 5, 15, 5, 5, 5, 10, 5, 5, 5, 5, 5, 5, 5, 5, 5, 1, 10, 10, 5, 5, 5, 3, 6, 10, 5, 5, 5, 4, 
14375, 1
14375, 613
14375, 3094
14375, 1840
14375, 513
14375, 0
15241, 1
15241, 5, 5, 5, 10, 5, 5, 5, 5, 1, 5, 5, 5, 5, 5, 5, 5, 5, 5, 5, 5, 5, 5, 5, 10, 5, 5, 1, 5, 5, 5, 5, 1, 5, 5, 5, 5, 5, 5, 10, 5, 5, 1, 5, 5, 5, 10, 5, 5, 5, 5, 5, 10, 15, 10, 10, 15, 15, 5, 5, 10, 5, 5, 5, 5, 5, 5, 10, 5, 10, 5, 5, 10, 11, 10, 5, 5, 5, 10, 5, 5, 5, 5, 10, 5, 5, 5, 5, 15, 15, 15, 5, 10, 5, 9, 5, 5, 5, 3, 15, 5, 10, 5, 10, 5, 5, 5, 5, 10, 10, 10, 10, 5, 7, 5, 5, 10, 15, 20, 5, 15, 10, 6, 5, 11, 5, 15, 4, 
15241, 1
15241, 414
15241, 3021
15241, 1617
15241, 394
15241, 0
15242, 1
15242, 
15242, 3
15242, 664
15242, 4945
15242, 1300
15242, 510
15242, 0
15243, 1
15243, 
15243, 2
15243, 747
15243, 5005
15243, 2329
15243, 368
15243, 0
15244, 1
15244, 
15244, 2
15244, 827
15244, 5094
15244, 5021
15244, 734
15244, 0
15245, 1
15245, 
15245, 1
15245, 905
15245, 5168
15245, 1004
15245, 226
15245, 0
15246, 1
15246, 
15246, 1
15246, 983
15246, 5225
15246, 3131
15246, 963
15246, 248262
15247, 1
15247, 
15247, 1
15247, 1060
15247, 5286
15247, 1551
15247, 423
15247, 252497
15674, 2
15674, 5, 5, 5, 5, 5, 5, 5, 5, 5, 2, 5, 5, 5, 5, 5, 5, 5, 5, 5, 5, 5, 5, 5, 5, 7, 5, 10, 10, 5, 5, 5, 10, 5, 5, 8, 5, 5, 10, 5, 5, 5, 10, 10, 5, 5, 5, 9, 5, 5, 10, 10, 10, 8, 5, 5, 5, 5, 7, 5, 5, 5, 10, 5, 5, 2, 10, 5, 10, 5, 5, 5, 2, 
15674, 2
15674, 752
15674, 4114
15674, 1990
15674, 662
15674, 259552
15675, 1
15675, 
15675, 1
15675, 832
15675, 4180
15675, 2213
15675, 359
15675, 263143
15676, 1
15676, 
15676, 1
15676, 911
15676, 4907
15676, 2772
15676, 1127
15676, 274417
20552, 45
20552, 7, 5, 5, 10, 10, 10, 5, 20, 10, 7, 5, 10, 20, 6, 6, 5, 25, 15, 10, 20, 5, 10, 10, 27, 25, 15, 12, 20, 20, 5, 5, 39, 5, 20, 20, 20, 21, 10, 25, 20, 19, 30, 11, 26, 10, 25, 15, 15, 20, 6, 20, 15, 21, 20, 20, 25, 11, 13, 25, 20, 15, 25, 10, 15, 10, 30, 15, 21, 30, 30, 25, 35, 26, 35, 25, 41, 30, 26, 25, 40, 20, 30, 25, 46, 20, 6, 25, 12, 15, 15, 18, 22, 15, 35, 48, 30, 25, 17, 35, 28, 25, 45, 15, 35, 35, 25, 15, 35, 40, 25, 10, 10, 16, 35, 30, 21, 22, 10, 35, 25, 25, 10, 18, 10, 25, 29, 37, 30, 25, 44, 40, 31, 35, 35, 10, 20, 32, 30, 25, 16, 30, 25, 37, 35, 25, 40, 25, 30, 25, 20, 20, 35, 25, 40, 31, 16, 18, 40, 55, 20, 25, 25, 18, 22, 20, 30, 45, 25, 32, 30, 15, 35, 40, 36, 31, 18, 45, 15, 22, 21, 37, 15, 41, 30, 20, 30, 11, 11, 25, 20, 30, 33, 25, 40, 30, 30, 15, 15, 40, 35, 30, 35, 10, 21, 34, 12, 30, 30, 10, 
20552, 2
20552, 289
20552, 2049
20552, 952
20552, 149
20552, 280788
22129, 16
22129, 5, 5, 5, 5, 3, 5, 5, 5, 5, 5, 10, 10, 5, 5, 10, 1, 5, 5, 10, 5, 5, 5, 10, 5, 5, 5, 5, 5, 15, 2, 10, 20, 5, 5, 5, 10, 5, 5, 20, 5, 5, 10, 15, 10, 15, 5, 5, 10, 10, 5, 5, 10, 15, 5, 10, 5, 10, 4, 10, 10, 10, 20, 5, 5, 5, 10, 5, 25, 5, 10, 11, 28, 5, 10, 5, 5, 10, 5, 5, 5, 8, 5, 10, 5, 10, 5, 2, 15, 15, 10, 10, 5, 10, 15, 15, 5, 10, 10, 9, 10, 5, 15, 5, 5, 5, 8, 5, 15, 5, 5, 15, 10, 10, 20, 15, 10, 5, 5, 11, 10, 15, 15, 5, 5, 10, 10, 15, 10, 15, 26, 5, 10, 8, 5, 5, 5, 5, 2, 25, 15, 10, 11, 5, 10, 15, 15, 5, 5, 10, 10, 26, 10, 10, 5, 10, 10, 20, 15, 10, 10, 11, 10, 5, 20, 15, 14, 16, 5, 5, 15, 15, 
22129, 3
22129, 397
22129, 2050
22129, 1853
22129, 556
22129, 287925
22130, 1
22130, 
22130, 3
22130, 521
22130, 2171
22130, 4103
22130, 1667
22130, 304602
22131, 1
22131, 
22131, 5
22131, 642
22131, 2284
22131, 4384
22131, 715
22131, 311757
22856, 2
22856, 5, 5, 5, 5, 5, 5, 5, 5, 10, 15, 5, 5, 5, 5, 10, 5, 5, 10, 5, 5, 15, 5, 2, 10, 5, 6, 10, 15, 5, 10, 5, 5, 5, 5, 5, 5, 5, 5, 5, 10, 8, 10, 5, 5, 1, 10, 10, 10, 5, 10, 5, 5, 5, 10, 5, 5, 5, 5, 5, 2, 4, 5, 10, 5, 10, 5, 10, 5, 10, 5, 10, 5, 5, 10, 5, 5, 5, 5, 5, 10, 5, 5, 5, 10, 10, 15, 10, 24, 5, 13, 10, 5, 5, 10, 5, 5, 10, 10, 10, 13, 5, 5, 5, 
22856, 9
22856, 461
22856, 2462
22856, 6808
22856, 1086
22856, 323347
22857, 1
22857, 
22857, 1
22857, 581
22857, 2570
22857, 4182
22857, 658
22857, 329937
23069, 1
23069, 5, 5, 5, 5, 5, 5, 5, 5, 5, 5, 5, 5, 5, 5, 5, 9, 5, 5, 5, 5, 5, 5, 5, 5, 5, 5, 10, 5, 5, 5, 5, 5, 5, 5, 5, 10, 10, 5, 2, 
23069, 1
23069, 597
23069, 2596
23069, 9561
23069, 1455
23069, 344704
23070, 1
23070, 
23070, 1
23070, 718
23070, 2707
23070, 4643
23070, 1127
23070, 355979
25361, 12
25361, 5, 5, 5, 5, 5, 5, 5, 5, 5, 5, 5, 5, 10, 5, 5, 10, 10, 5, 10, 5, 12, 20, 10, 15, 10, 10, 15, 5, 5, 10, 15, 15, 10, 10, 5, 5, 5, 5, 6, 5, 5, 5, 15, 10, 5, 5, 5, 10, 5, 5, 11, 10, 20, 10, 10, 16, 5, 10, 15, 5, 15, 5, 20, 10, 11, 15, 10, 5, 25, 10, 5, 5, 5, 15, 6, 25, 10, 5, 10, 11, 10, 15, 13, 5, 20, 15, 5, 5, 15, 13, 15, 10, 15, 5, 5, 20, 5, 10, 10, 10, 20, 5, 20, 10, 10, 23, 10, 20, 15, 20, 15, 11, 15, 15, 16, 10, 20, 10, 5, 25, 10, 30, 25, 15, 10, 20, 10, 5, 15, 10, 10, 8, 15, 10, 10, 5, 15, 15, 20, 15, 20, 5, 15, 15, 6, 5, 15, 10, 13, 15, 16, 25, 10, 5, 10, 15, 5, 8, 25, 20, 20, 5, 26, 15, 25, 5, 17, 16, 12, 25, 15, 10, 25, 10, 25, 10, 25, 5, 15, 16, 5, 15, 25, 10, 25, 10, 27, 15, 10, 31, 10, 9, 
25361, 7
25361, 459
25361, 2292
25361, 7393
25361, 1849
25361, 376766
25362, 1
25362, 
25362, 1
25362, 592
25362, 2416
25362, 6628
25362, 2279
25362, 399560
33077, 36
33077, 5, 10, 10, 5, 15, 20, 35, 5, 16, 25, 35, 35, 55, 60, 16, 30, 20, 30, 41, 60, 23, 10, 45, 30, 35, 18, 5, 21, 40, 40, 25, 41, 25, 16, 45, 20, 36, 25, 25, 40, 36, 25, 50, 31, 30, 15, 21, 22, 45, 31, 25, 21, 20, 20, 40, 30, 35, 45, 30, 25, 35, 38, 27, 25, 50, 40, 35, 40, 28, 30, 39, 35, 25, 45, 45, 25, 41, 36, 25, 41, 26, 50, 40, 30, 28, 15, 40, 24, 45, 20, 30, 50, 40, 24, 45, 40, 32, 25, 50, 52, 30, 45, 28, 50, 35, 25, 35, 50, 46, 35, 55, 35, 62, 35, 35, 40, 40, 33, 35, 50, 35, 55, 40, 25, 45, 20, 35, 60, 15, 37, 36, 60, 41, 15, 30, 27, 50, 20, 32, 32, 35, 31, 35, 40, 40, 35, 45, 30, 12, 25, 55, 35, 28, 35, 30, 45, 35, 47, 30, 70, 60, 40, 40, 40, 15, 15, 30, 45, 15, 10, 45, 20, 15, 45, 35, 40, 29, 35, 35, 30, 42, 40, 40, 31, 40, 35, 20, 50, 25, 29, 50, 35, 50, 28, 39, 30, 50, 49, 22, 37, 35, 50, 35, 45, 35, 40, 49, 41, 41, 45, 55, 35, 45, 45, 25, 30, 20, 46, 65, 60, 60, 48, 
33077, 1
33077, 266
33077, 1765
33077, 7092
33077, 1265
33077, 419927
40442, 49
40442, 30, 5, 15, 5, 16, 15, 35, 10, 10, 10, 20, 25, 25, 25, 25, 30, 30, 50, 15, 35, 30, 30, 30, 30, 30, 20, 16, 39, 23, 27, 45, 35, 28, 25, 25, 23, 15, 30, 17, 37, 45, 20, 30, 20, 35, 30, 36, 36, 26, 50, 35, 40, 46, 25, 20, 20, 48, 30, 26, 25, 40, 45, 35, 40, 65, 25, 40, 20, 30, 45, 28, 25, 25, 35, 40, 70, 15, 20, 38, 20, 17, 28, 30, 44, 32, 17, 66, 30, 42, 20, 50, 40, 41, 30, 35, 40, 40, 55, 28, 20, 24, 41, 43, 30, 35, 41, 30, 30, 32, 17, 30, 45, 50, 45, 40, 35, 35, 10, 50, 10, 30, 30, 25, 35, 35, 30, 25, 30, 20, 55, 37, 40, 35, 28, 35, 43, 27, 30, 25, 20, 45, 45, 46, 30, 20, 40, 20, 45, 25, 30, 30, 24, 40, 25, 40, 40, 25, 30, 35, 35, 25, 45, 50, 37, 60, 31, 20, 30, 45, 20, 52, 25, 25, 12, 15, 32, 40, 41, 26, 30, 40, 35, 35, 45, 45, 21, 32, 46, 40, 33, 37, 21, 56, 70, 43, 25, 30, 17, 65, 35, 30, 35, 15, 42, 35, 32, 50, 30, 40, 35, 60, 55, 45, 55, 60, 40, 40, 15, 30, 40, 20, 35, 32, 
40442, 2
40442, 254
40442, 1346
40442, 3395
40442, 1443
40442, 441725
40443, 1
40443, 
40443, 1
40443, 499
40443, 1592
40443, 11657
40443, 2378
40443, 465509
40444, 1
40444, 
40444, 2
40444, 741
40444, 1828
40444, 1125
40444, 247
40444, 467988
41765, 5
41765, 5, 5, 5, 5, 5, 5, 5, 5, 5, 5, 1, 5, 5, 5, 5, 10, 5, 1, 5, 5, 5, 5, 5, 5, 5, 5, 4, 5, 10, 5, 15, 5, 5, 5, 5, 10, 5, 5, 5, 5, 5, 5, 5, 5, 5, 10, 5, 5, 10, 5, 1, 5, 5, 5, 10, 5, 5, 10, 5, 5, 15, 5, 15, 5, 5, 5, 15, 5, 15, 10, 15, 15, 5, 5, 10, 5, 10, 5, 9, 1, 10, 5, 5, 5, 10, 15, 5, 5, 10, 20, 5, 5, 10, 10, 15, 10, 4, 5, 5, 7, 10, 6, 15, 15, 5, 10, 10, 10, 15, 5, 5, 5, 5, 5, 10, 10, 10, 5, 5, 10, 5, 10, 15, 5, 15, 10, 5, 10, 2, 10, 5, 10, 10, 29, 10, 10, 15, 5, 5, 5, 5, 10, 5, 10, 5, 15, 15, 10, 15, 5, 5, 20, 5, 15, 20, 10, 10, 10, 22, 15, 10, 10, 15, 6, 13, 
41765, 2
41765, 338
41765, 1333
41765, 2807
41765, 691
41765, 476226
44108, 22
44108, 1, 5, 5, 5, 5, 5, 5, 5, 5, 5, 5, 5, 5, 5, 5, 5, 5, 5, 10, 20, 11, 5, 5, 10, 10, 5, 5, 10, 10, 10, 5, 5, 5, 1, 15, 10, 10, 10, 5, 10, 10, 5, 5, 10, 10, 10, 10, 15, 5, 16, 20, 5, 10, 15, 10, 5, 5, 15, 16, 15, 20, 5, 25, 5, 5, 10, 15, 15, 5, 10, 10, 5, 5, 20, 5, 22, 25, 5, 10, 10, 20, 5, 10, 10, 5, 10, 20, 10, 5, 10, 10, 10, 15, 11, 10, 20, 35, 15, 10, 6, 12, 10, 15, 20, 20, 10, 10, 5, 5, 12, 15, 10, 10, 5, 11, 10, 5, 15, 20, 20, 30, 10, 15, 10, 20, 15, 20, 10, 20, 10, 15, 7, 12, 15, 12, 5, 5, 5, 5, 25, 10, 5, 10, 15, 30, 8, 15, 10, 15, 5, 5, 20, 25, 5, 10, 5, 12, 10, 15, 25, 25, 10, 15, 7, 10, 10, 5, 10, 5, 15, 15, 15, 10, 20, 11, 30, 20, 5, 15, 10, 20, 25, 25, 10, 15, 11, 5, 5, 10, 20, 15, 10, 30, 20, 20, 10, 10, 10, 5, 14, 20, 15, 8, 
44108, 1
44108, 292
44108, 1310
44108, 3635
44108, 799
44108, 243280
45515, 16
45515, 5, 5, 5, 5, 5, 5, 10, 10, 5, 5, 5, 5, 5, 5, 5, 5, 5, 1, 5, 4, 10, 5, 10, 10, 5, 5, 5, 5, 10, 5, 5, 7, 5, 10, 5, 5, 10, 5, 10, 5, 5, 5, 15, 5, 5, 5, 10, 10, 5, 5, 10, 5, 10, 10, 10, 5, 10, 10, 10, 10, 5, 5, 5, 10, 5, 5, 15, 15, 10, 5, 5, 15, 5, 10, 10, 10, 5, 10, 15, 5, 5, 5, 15, 16, 5, 10, 15, 10, 10, 10, 10, 5, 5, 5, 15, 10, 10, 5, 5, 5, 5, 5, 10, 20, 10, 16, 5, 10, 10, 5, 10, 10, 5, 10, 7, 12, 5, 6, 25, 5, 5, 25, 15, 10, 16, 10, 1, 5, 7, 10, 10, 10, 5, 10, 5, 15, 10, 10, 5, 15, 6, 5, 15, 5, 15, 10, 10, 5, 5, 15, 15, 15, 5, 10, 5, 10, 5, 10, 15, 5, 10, 5, 10, 6, 10, 5, 10, 10, 1, 
45515, 3
45515, 316
45515, 1330
45515, 3083
45515, 471
45515, 246341
46214, 6
46214, 5, 5, 5, 5, 5, 5, 5, 5, 5, 5, 5, 5, 10, 5, 5, 5, 5, 5, 5, 5, 5, 5, 5, 5, 10, 5, 5, 5, 5, 5, 5, 5, 5, 5, 5, 10, 10, 10, 5, 10, 5, 1, 10, 5, 5, 10, 5, 5, 5, 5, 15, 5, 7, 5, 5, 15, 5, 5, 5, 5, 5, 5, 10, 5, 5, 5, 7, 5, 5, 5, 10, 5, 5, 5, 10, 10, 10, 5, 5, 10, 5, 15, 10, 5, 5, 10, 6, 5, 5, 5, 10, 5, 5, 10, 5, 10, 5, 5, 10, 5, 5, 10, 5, 5, 5, 10, 5, 10, 5, 2, 
46214, 2
46214, 336
46214, 1326
46214, 1729
46214, 415
46214, 248767
46215, 1
46215, 
46215, 1
46215, 619
46215, 1606
46215, 798
46215, 207
46215, 249805
47027, 18
47027, 5, 5, 5, 5, 5, 5, 5, 5, 5, 5, 5, 5, 5, 5, 10, 5, 5, 5, 5, 5, 5, 5, 5, 5, 10, 5, 10, 5, 5, 5, 5, 5, 5, 5, 5, 5, 5, 5, 5, 10, 5, 5, 5, 5, 5, 5, 15, 5, 15, 5, 6, 5, 10, 5, 10, 5, 5, 10, 5, 10, 5, 10, 6, 5, 5, 5, 5, 11, 10, 10, 5, 10, 5, 10, 1, 10, 11, 5, 10, 5, 5, 11, 10, 10, 15, 5, 5, 5, 1, 5, 5, 5, 15, 5, 5, 5, 5, 15, 5, 10, 15, 5, 5, 5, 5, 10, 6, 5, 5, 10, 10, 10, 5, 5, 8, 17, 10, 5, 1, 
47027, 1
47027, 715
47027, 5069
47027, 1603
47027, 549
47027, 252958
47028, 1
47028, 
47028, 2
47028, 1053
47028, 5900
47028, 1000
47028, 271
47028, 254317
48116, 6
48116, 5, 5, 1, 5, 5, 5, 10, 5, 5, 5, 5, 5, 1, 5, 5, 5, 5, 5, 5, 10, 5, 15, 5, 1, 5, 5, 10, 10, 10, 5, 5, 5, 10, 11, 5, 10, 5, 2, 5, 20, 6, 10, 5, 10, 5, 5, 5, 5, 5, 15, 15, 5, 10, 5, 5, 5, 10, 5, 5, 5, 5, 10, 10, 5, 5, 10, 5, 5, 5, 5, 15, 10, 5, 10, 10, 5, 5, 15, 10, 10, 10, 5, 5, 10, 20, 5, 10, 20, 10, 5, 10, 20, 10, 5, 10, 10, 15, 10, 5, 15, 10, 5, 10, 10, 5, 10, 10, 15, 20, 5, 15, 5, 5, 10, 5, 5, 5, 10, 5, 10, 15, 15, 5, 12, 10, 10, 10, 10, 5, 5, 5, 5, 5, 10, 5, 10, 8, 
48116, 3
48116, 515
48116, 6184
48116, 1756
48116, 442
48116, 257074
48117, 1
48117, 
48117, 3
48117, 804
48117, 6400
48117, 447
48117, 47
48117, 257314
48118, 1
48118, 
48118, 1
48118, 1085
48118, 10977
48118, 3752
48118, 889
48118, 261764
48119, 1
48119, 
48119, 3
48119, 1367
48119, 11183
48119, 2235
48119, 305
48119, 263294
50193, 11
50193, 5, 5, 5, 5, 2, 5, 5, 5, 5, 5, 10, 5, 5, 5, 5, 5, 5, 10, 5, 10, 5, 5, 10, 5, 10, 5, 5, 10, 10, 11, 4, 5, 10, 5, 15, 5, 5, 20, 5, 5, 5, 6, 10, 5, 10, 5, 20, 8, 5, 5, 5, 15, 5, 20, 5, 20, 1, 5, 11, 15, 15, 15, 5, 10, 5, 5, 10, 20, 5, 15, 20, 10, 10, 5, 5, 5, 10, 10, 6, 15, 10, 15, 5, 15, 5, 10, 10, 10, 15, 10, 5, 10, 5, 5, 8, 10, 5, 15, 10, 5, 5, 25, 10, 10, 1, 15, 5, 15, 10, 5, 5, 10, 10, 30, 20, 6, 20, 5, 10, 15, 10, 25, 5, 30, 12, 15, 5, 10, 15, 15, 20, 5, 5, 10, 15, 10, 10, 10, 16, 10, 15, 15, 10, 10, 5, 15, 5, 10, 15, 24, 10, 20, 10, 5, 5, 10, 10, 15, 20, 20, 25, 15, 10, 10, 5, 25, 10, 10, 5, 25, 9, 5, 11, 5, 15, 20, 5, 15, 25, 10, 10, 15, 18, 15, 10, 10, 5, 10, 10, 15, 5, 10, 15, 20, 14, 15, 1, 10, 5, 24, 
50193, 1
50193, 516
50193, 6817
50193, 1295
50193, 502
50193, 266842
50214, 2
50214, 5, 5, 5, 4, 
50214, 1
50214, 661
50214, 7189
50214, 1216
50214, 365
50214, 268678
50215, 1
50215, 
50215, 1
50215, 958
50215, 7456
50215, 1295
50215, 395
50215, 270657
50781, 2
50781, 5, 5, 5, 5, 2, 5, 5, 5, 5, 5, 5, 5, 5, 5, 5, 5, 5, 5, 5, 5, 5, 5, 5, 10, 10, 5, 5, 5, 5, 5, 5, 5, 5, 6, 5, 10, 10, 5, 5, 5, 5, 5, 5, 5, 5, 5, 5, 5, 10, 5, 5, 5, 5, 5, 5, 1, 1, 5, 15, 5, 5, 10, 5, 5, 5, 1, 5, 5, 5, 5, 5, 5, 5, 5, 5, 12, 10, 5, 5, 5, 6, 5, 5, 10, 15, 5, 10, 10, 7, 10, 5, 1, 10, 5, 5, 5, 12, 
50781, 1
50781, 750
50781, 11398
50781, 3433
50781, 600
50781, 273941
50782, 1
50782, 
50782, 2
50782, 1052
50782, 11625
50782, 4007
50782, 1163
50782, 279758
50783, 1
50783, 
50783, 1
50783, 1347
50783, 11910
50783, 1709
50783, 494
50783, 282233
52479, 11
52479, 5, 5, 5, 5, 5, 15, 5, 5, 10, 5, 5, 5, 5, 5, 5, 5, 5, 5, 2, 10, 5, 5, 5, 5, 10, 10, 5, 5, 5, 10, 10, 5, 5, 10, 10, 10, 10, 5, 10, 8, 5, 5, 10, 10, 15, 5, 10, 5, 5, 5, 10, 10, 5, 5, 5, 5, 5, 5, 10, 7, 5, 5, 5, 5, 5, 5, 10, 10, 12, 1, 10, 10, 10, 5, 10, 15, 10, 20, 10, 5, 5, 10, 5, 5, 15, 10, 5, 15, 10, 15, 5, 5, 5, 20, 4, 5, 25, 5, 10, 5, 5, 5, 10, 20, 10, 5, 5, 15, 5, 10, 5, 5, 15, 11, 5, 10, 20, 10, 10, 5, 10, 10, 5, 30, 5, 5, 10, 30, 15, 6, 5, 15, 5, 20, 5, 5, 10, 5, 5, 15, 10, 20, 15, 20, 10, 10, 10, 10, 10, 20, 5, 10, 20, 5, 5, 10, 15, 15, 10, 10, 5, 10, 5, 5, 5, 15, 10, 20, 16, 10, 10, 5, 20, 30, 8, 15, 10, 15, 10, 15, 15, 5, 10, 15, 
52479, 1
52479, 560
52479, 6807
52479, 4968
52479, 1364
52479, 289903
52480, 1
52480, 
52480, 1
52480, 865
52480, 7075
52480, 2271
52480, 509
52480, 292452
53125, 5
53125, 5, 5, 5, 5, 10, 5, 2, 5, 5, 5, 5, 5, 5, 5, 5, 5, 5, 5, 5, 5, 15, 5, 5, 10, 5, 5, 10, 5, 5, 5, 10, 5, 5, 5, 5, 5, 2, 5, 5, 5, 5, 5, 1, 5, 5, 10, 5, 5, 15, 5, 5, 5, 10, 10, 10, 10, 5, 5, 5, 5, 10, 5, 5, 5, 5, 5, 5, 10, 10, 5, 10, 10, 1, 5, 5, 5, 5, 6, 5, 5, 7, 5, 5, 5, 5, 15, 10, 5, 5, 5, 5, 10, 10, 10, 20, 10, 5, 5, 1, 5, 5, 10, 
53125, 1
53125, 598
53125, 7734
53125, 6484
53125, 1203
53125, 298791
53126, 1
53126, 
53126, 1
53126, 904
53126, 8039
53126, 4431
53126, 1715
53126, 307371
53283, 3
53283, 5, 5, 5, 5, 5, 5, 5, 5, 5, 2, 5, 2, 5, 5, 1, 5, 5, 5, 5, 5, 10, 5, 5, 5, 5, 1, 5, 5, 10, 10, 3, 
53283, 1
53283, 702
53283, 8011
53283, 7920
53283, 1863
53283, 316765
53421, 2
53421, 5, 5, 5, 5, 5, 5, 5, 5, 5, 5, 10, 5, 5, 5, 5, 5, 5, 5, 5, 5, 5, 5, 5, 5, 5, 5, 1, 
53421, 1
53421, 1006
53421, 8314
53421, 3396
53421, 640
53421, 320039
53422, 1
53422, 
53422, 1
53422, 1305
53422, 8558
53422, 6104
53422, 843
53422, 324256
53423, 1
53423, 
53423, 1
53423, 1600
53423, 8814
53423, 3020
53423, 977
53423, 329146
57107, 18
57107, 10, 5, 5, 5, 10, 5, 5, 5, 5, 15, 3, 15, 5, 10, 5, 10, 5, 5, 15, 5, 5, 10, 20, 10, 15, 10, 5, 23, 10, 10, 5, 5, 10, 15, 15, 15, 7, 15, 10, 22, 10, 10, 22, 10, 10, 20, 16, 20, 20, 20, 15, 5, 10, 20, 10, 10, 6, 10, 25, 10, 15, 10, 10, 10, 11, 20, 20, 15, 15, 10, 25, 10, 20, 10, 9, 5, 15, 5, 46, 15, 25, 10, 25, 15, 21, 30, 5, 20, 10, 7, 25, 20, 7, 25, 20, 12, 5, 10, 5, 5, 15, 11, 6, 10, 22, 15, 2, 10, 18, 20, 5, 5, 10, 15, 20, 10, 20, 20, 15, 10, 10, 24, 15, 10, 5, 10, 25, 5, 20, 15, 15, 20, 20, 15, 25, 30, 15, 30, 30, 5, 15, 30, 15, 5, 38, 20, 25, 15, 15, 20, 10, 30, 10, 10, 12, 25, 6, 30, 5, 20, 15, 25, 11, 10, 5, 35, 15, 20, 10, 15, 10, 10, 20, 20, 10, 20, 30, 26, 30, 20, 5, 20, 15, 10, 20, 10, 10, 10, 10, 20, 30, 9, 30, 5, 20, 10, 15, 5, 10, 35, 11, 10, 25, 15, 40, 20, 30, 12, 19, 25, 5, 15, 10, 21, 15, 30, 10, 15, 20, 11, 20, 20, 5, 21, 30, 20, 10, 20, 20, 25, 25, 12, 21, 25, 10, 10, 36, 27, 30, 10, 25, 8, 
57107, 1
57107, 441
57107, 1738
57107, 4165
57107, 980
57107, 335889
57108, 1
57108, 
57108, 4
57108, 771
57108, 2074
57108, 1103
57108, 134
57108, 336561
62618, 51
62618, 5, 5, 10, 5, 15, 20, 2, 15, 5, 15, 10, 20, 20, 25, 6, 15, 20, 20, 10, 35, 30, 15, 10, 20, 25, 20, 35, 20, 15, 20, 45, 30, 15, 15, 15, 10, 20, 20, 20, 20, 25, 10, 20, 30, 15, 10, 18, 15, 27, 6, 25, 16, 5, 16, 15, 10, 30, 17, 30, 15, 42, 17, 15, 20, 30, 20, 5, 25, 25, 10, 15, 10, 30, 21, 25, 25, 10, 10, 32, 5, 12, 20, 30, 35, 10, 45, 20, 35, 20, 15, 20, 10, 15, 50, 15, 40, 25, 45, 30, 15, 23, 10, 11, 11, 35, 35, 20, 20, 35, 20, 45, 35, 20, 20, 30, 20, 15, 36, 20, 15, 10, 10, 30, 25, 31, 15, 15, 35, 15, 16, 20, 12, 10, 20, 45, 30, 15, 20, 1, 40, 35, 10, 10, 20, 20, 26, 25, 19, 15, 15, 25, 30, 30, 20, 10, 15, 15, 35, 10, 20, 25, 25, 10, 45, 21, 30, 25, 30, 5, 40, 17, 25, 25, 20, 35, 10, 15, 30, 10, 5, 10, 15, 30, 10, 20, 40, 23, 21, 25, 25, 30, 20, 15, 15, 15, 40, 20, 35, 33, 30, 30, 5, 35, 35, 50, 17, 15, 40, 15, 30, 29, 20, 25, 15, 20, 21, 15, 15, 30, 47, 40, 35, 25, 20, 40, 5, 25, 15, 30, 28, 15, 45, 30, 40, 35, 25, 15, 40, 20, 20, 25, 25, 15, 20, 31, 25, 25, 45, 23, 
62618, 1
62618, 365
62618, 1362
62618, 3255
62618, 454
62618, 341587
62619, 1
62619, 
62619, 1
62619, 742
62619, 1737
62619, 8368
62619, 1441
62619, 348796
63340, 6
63340, 5, 5, 5, 5, 5, 5, 5, 5, 5, 5, 5, 5, 10, 5, 2, 5, 5, 5, 5, 5, 5, 5, 5, 10, 5, 5, 5, 10, 5, 5, 10, 5, 10, 5, 10, 5, 5, 5, 10, 5, 5, 5, 5, 5, 5, 5, 15, 5, 10, 10, 10, 10, 5, 5, 5, 5, 5, 5, 5, 5, 4, 10, 5, 5, 10, 15, 5, 5, 10, 15, 2, 5, 4, 5, 5, 10, 3, 5, 1, 5, 10, 5, 5, 5, 5, 10, 5, 5, 5, 5, 5, 5, 5, 10, 2, 10, 5, 10, 5, 5, 10, 5, 10, 10, 5, 5, 5, 5, 6, 5, 5, 5, 5, 5, 5, 5, 6, 
63340, 1
63340, 796
63340, 1774
63340, 4295
63340, 1075
63340, 236357
65989, 2
65989, 5, 5, 5, 11, 5, 5, 5, 3, 5, 5, 5, 5, 5, 10, 15, 5, 5, 5, 5, 10, 5, 10, 5, 10, 5, 10, 10, 5, 5, 5, 5, 7, 5, 5, 10, 5, 5, 10, 5, 5, 10, 10, 5, 5, 1, 16, 5, 10, 5, 10, 5, 15, 15, 15, 5, 10, 10, 5, 5, 15, 10, 10, 5, 15, 5, 25, 5, 5, 10, 5, 5, 20, 10, 5, 5, 10, 10, 25, 10, 10, 5, 5, 15, 10, 10, 10, 15, 10, 15, 20, 15, 10, 15, 5, 6, 15, 20, 15, 10, 5, 15, 5, 5, 10, 5, 10, 15, 10, 15, 10, 25, 20, 10, 24, 10, 10, 15, 10, 5, 20, 15, 5, 5, 25, 30, 40, 15, 5, 15, 10, 5, 20, 5, 15, 15, 10, 20, 15, 20, 15, 10, 10, 20, 15, 5, 25, 10, 10, 10, 30, 10, 5, 10, 15, 18, 15, 11, 10, 10, 5, 20, 15, 20, 33, 10, 10, 12, 25, 15, 20, 10, 15, 10, 10, 10, 30, 12, 11, 12, 10, 15, 15, 20, 4, 20, 5, 10, 10, 25, 25, 15, 40, 5, 20, 15, 18, 15, 20, 25, 25, 30, 25, 21, 20, 10, 20, 10, 10, 15, 20, 10, 15, 16, 3, 5, 5, 25, 20, 33, 
65989, 1
65989, 463
65989, 1430
65989, 6681
65989, 1965
65989, 243791
65990, 1
65990, 
65990, 4
65990, 868
65990, 1835
65990, 5316
65990, 1262
65990, 248000
67735, 15
67735, 5, 5, 5, 5, 5, 15, 5, 5, 5, 5, 5, 5, 5, 10, 4, 5, 5, 5, 10, 5, 5, 5, 5, 5, 5, 10, 5, 10, 15, 10, 5, 5, 5, 10, 10, 5, 10, 5, 5, 5, 10, 10, 10, 10, 20, 20, 5, 5, 10, 5, 15, 5, 10, 10, 5, 5, 10, 15, 5, 10, 15, 10, 15, 10, 5, 10, 5, 5, 10, 10, 10, 5, 10, 15, 15, 10, 20, 10, 5, 10, 15, 5, 10, 10, 15, 10, 6, 5, 10, 5, 15, 20, 10, 15, 5, 5, 20, 5, 11, 20, 15, 15, 5, 10, 5, 5, 15, 15, 10, 5, 15, 5, 10, 5, 10, 10, 10, 10, 10, 10, 10, 20, 7, 10, 10, 20, 31, 5, 10, 20, 6, 11, 15, 10, 10, 20, 20, 5, 10, 25, 5, 15, 10, 5, 15, 25, 5, 5, 25, 15, 10, 20, 12, 5, 15, 15, 17, 5, 15, 5, 5, 20, 16, 5, 10, 10, 10, 16, 10, 5, 10, 15, 8, 
67735, 2
67735, 436
67735, 1520
67735, 4217
67735, 1164
67735, 252462
70097, 11
70097, 5, 5, 10, 5, 5, 5, 5, 10, 5, 5, 1, 5, 5, 5, 10, 5, 5, 10, 5, 15, 5, 5, 10, 10, 5, 5, 5, 20, 5, 5, 10, 15, 8, 5, 5, 5, 12, 5, 5, 5, 5, 5, 5, 5, 5, 5, 10, 5, 5, 5, 5, 10, 10, 10, 10, 10, 10, 5, 10, 10, 5, 5, 5, 5, 5, 5, 10, 10, 15, 5, 10, 5, 10, 5, 5, 10, 5, 15, 20, 5, 11, 10, 5, 5, 5, 10, 10, 10, 25, 5, 10, 10, 10, 10, 20, 10, 10, 15, 10, 10, 15, 10, 5, 10, 5, 5, 10, 20, 15, 10, 15, 20, 15, 5, 5, 3, 5, 10, 15, 15, 30, 10, 5, 12, 5, 5, 15, 15, 5, 25, 5, 10, 12, 15, 15, 15, 10, 5, 15, 15, 5, 20, 10, 15, 10, 5, 5, 12, 10, 20, 10, 20, 15, 10, 10, 1, 10, 15, 15, 5, 25, 20, 10, 25, 10, 15, 5, 15, 15, 5, 15, 8, 5, 10, 30, 15, 5, 13, 20, 5, 15, 5, 10, 10, 20, 25, 15, 15, 20, 5, 5, 25, 5, 10, 10, 20, 21, 10, 10, 15, 15, 10, 15, 15, 20, 15, 5, 5, 15, 10, 10, 20, 10, 10, 18, 5, 35, 10, 20, 15, 10, 15, 7, 15, 12, 
70097, 4
70097, 445
70097, 1606
70097, 5894
70097, 1195
70097, 257234
79574, 41
79574, 10, 10, 10, 10, 20, 25, 25, 20, 15, 20, 20, 35, 30, 5, 50, 30, 22, 10, 25, 25, 25, 40, 45, 20, 30, 48, 17, 46, 20, 15, 50, 35, 30, 30, 25, 30, 40, 36, 30, 15, 45, 40, 15, 30, 50, 40, 20, 20, 50, 25, 25, 40, 40, 20, 49, 20, 47, 20, 40, 20, 40, 30, 51, 5, 15, 38, 30, 25, 25, 45, 45, 30, 20, 30, 50, 50, 21, 55, 40, 55, 35, 45, 15, 35, 22, 39, 25, 31, 45, 30, 47, 50, 25, 27, 40, 25, 40, 45, 28, 25, 25, 35, 25, 40, 45, 49, 35, 35, 20, 15, 20, 50, 65, 16, 30, 10, 25, 30, 80, 25, 30, 20, 55, 50, 40, 36, 36, 42, 40, 31, 25, 60, 35, 50, 20, 35, 40, 25, 55, 44, 56, 40, 27, 20, 30, 40, 55, 46, 60, 50, 35, 35, 46, 35, 45, 45, 42, 40, 20, 36, 25, 26, 45, 45, 40, 65, 35, 40, 60, 60, 50, 75, 31, 35, 25, 25, 23, 51, 45, 40, 15, 15, 30, 30, 25, 40, 21, 30, 35, 30, 36, 55, 55, 54, 40, 31, 61, 45, 50, 40, 25, 25, 26, 75, 39, 40, 45, 40, 35, 30, 50, 60, 75, 65, 20, 57, 36, 35, 41, 40, 26, 45, 65, 50, 30, 40, 40, 42, 40, 35, 35, 45, 35, 48, 68, 35, 40, 40, 50, 45, 55, 50, 35, 55, 30, 52, 60, 40, 20, 26, 45, 60, 35, 50, 50, 30, 35, 30, 36, 29, 
79574, 1
79574, 323
79574, 1401
79574, 4100
79574, 1265
79574, 264610
79575, 1
79575, 
79575, 1
79575, 820
79575, 1893
79575, 4354
79575, 1065
79575, 268163
84435, 23
84435, 5, 5, 10, 10, 5, 15, 10, 10, 10, 5, 5, 5, 10, 5, 5, 5, 10, 10, 10, 10, 15, 20, 10, 7, 15, 10, 10, 20, 20, 15, 20, 5, 5, 15, 30, 20, 27, 20, 15, 16, 15, 5, 20, 5, 11, 10, 5, 15, 10, 25, 10, 15, 5, 5, 25, 15, 20, 15, 10, 10, 15, 20, 30, 20, 20, 15, 10, 20, 15, 20, 21, 20, 15, 20, 15, 16, 40, 13, 15, 10, 15, 10, 15, 45, 10, 20, 12, 5, 20, 25, 20, 20, 20, 12, 25, 26, 15, 25, 15, 15, 6, 30, 19, 20, 25, 5, 5, 25, 5, 35, 15, 5, 10, 20, 25, 30, 21, 15, 20, 20, 25, 20, 20, 11, 20, 21, 35, 20, 5, 15, 10, 30, 25, 20, 40, 15, 25, 15, 20, 20, 5, 50, 20, 30, 15, 15, 25, 20, 30, 30, 41, 15, 20, 35, 35, 35, 5, 25, 6, 10, 21, 10, 12, 15, 10, 15, 20, 11, 27, 25, 7, 20, 15, 25, 40, 30, 15, 30, 15, 15, 15, 10, 35, 10, 30, 15, 30, 26, 25, 20, 15, 35, 20, 25, 5, 15, 35, 30, 10, 30, 25, 46, 30, 40, 20, 15, 40, 15, 10, 20, 20, 25, 20, 15, 45, 30, 20, 15, 30, 30, 14, 20, 10, 20, 20, 10, 35, 15, 5, 30, 25, 15, 25, 20, 25, 35, 15, 10, 25, 15, 15, 35, 30, 30, 30, 10, 25, 25, 25, 35, 20, 15, 32, 15, 25, 12, 10, 33, 
84435, 1
84435, 344
84435, 1096
84435, 11852
84435, 2229
84435, 277216
84436, 1
84436, 
84436, 2
84436, 907
84436, 1657
84436, 13020
84436, 6800
84436, 299885
84437, 1
84437, 
84437, 2
84437, 1465
84437, 2210
84437, 14002
84437, 2807
84437, 309243
88215, 17
88215, 5, 5, 5, 5, 5, 10, 5, 5, 5, 5, 5, 5, 10, 5, 5, 15, 5, 10, 10, 5, 10, 10, 10, 10, 20, 5, 5, 5, 15, 10, 10, 5, 10, 15, 10, 10, 5, 20, 10, 10, 25, 10, 5, 30, 5, 10, 15, 6, 5, 5, 20, 15, 5, 5, 10, 25, 12, 35, 20, 15, 10, 15, 15, 10, 10, 20, 15, 10, 10, 20, 20, 10, 10, 5, 35, 15, 10, 15, 15, 15, 5, 15, 10, 10, 10, 10, 26, 20, 5, 5, 5, 35, 25, 21, 25, 5, 20, 5, 15, 20, 15, 15, 10, 20, 5, 13, 20, 35, 16, 11, 5, 10, 10, 15, 15, 20, 25, 16, 20, 20, 5, 10, 11, 5, 15, 10, 25, 16, 20, 15, 15, 10, 15, 5, 20, 15, 15, 20, 10, 10, 15, 15, 5, 15, 40, 20, 20, 15, 15, 15, 20, 10, 20, 20, 20, 12, 15, 30, 10, 18, 15, 10, 15, 15, 30, 25, 20, 20, 20, 30, 20, 10, 15, 20, 10, 15, 20, 25, 20, 25, 15, 10, 15, 20, 5, 15, 15, 30, 30, 30, 20, 15, 15, 20, 15, 10, 10, 30, 20, 5, 30, 20, 15, 15, 30, 27, 10, 5, 15, 15, 10, 15, 35, 16, 10, 30, 20, 15, 25, 5, 20, 30, 40, 25, 25, 15, 10, 40, 15, 15, 15, 30, 20, 10, 23, 10, 25, 25, 25, 25, 15, 20, 25, 25, 22, 
88215, 1
88215, 455
88215, 1342
88215, 8353
88215, 1761
88215, 316373
100822, 77
100822, 30, 20, 40, 20, 40, 26, 15, 40, 45, 35, 25, 50, 30, 24, 55, 33, 25, 20, 25, 30, 45, 65, 32, 25, 35, 25, 55, 12, 35, 41, 50, 40, 40, 24, 50, 55, 35, 35, 55, 40, 35, 50, 75, 35, 25, 36, 70, 45, 30, 40, 50, 52, 40, 40, 45, 60, 35, 43, 85, 55, 45, 60, 50, 60, 40, 25, 40, 25, 35, 50, 35, 49, 45, 50, 55, 35, 45, 45, 60, 60, 60, 41, 55, 35, 30, 46, 15, 30, 25, 50, 65, 71, 50, 20, 30, 40, 46, 30, 30, 60, 50, 35, 35, 65, 30, 56, 65, 55, 35, 56, 50, 35, 16, 50, 46, 43, 35, 59, 30, 45, 30, 55, 75, 40, 25, 53, 60, 65, 60, 45, 31, 45, 55, 25, 45, 30, 36, 50, 40, 30, 40, 50, 41, 45, 35, 67, 7, 80, 35, 62, 71, 65, 76, 69, 40, 40, 35, 65, 50, 80, 30, 50, 40, 45, 55, 60, 40, 45, 50, 31, 40, 35, 32, 40, 35, 40, 56, 35, 30, 65, 52, 55, 75, 50, 50, 65, 76, 55, 30, 40, 45, 45, 50, 82, 50, 61, 25, 80, 40, 70, 33, 80, 45, 71, 60, 70, 30, 55, 45, 47, 50, 45, 32, 52, 45, 55, 53, 75, 30, 80, 40, 40, 90, 35, 70, 45, 60, 40, 70, 95, 55, 25, 40, 70, 85, 40, 35, 69, 35, 55, 78, 45, 60, 95, 35, 51, 50, 45, 85, 45, 45, 67, 70, 45, 45, 65, 25, 72, 56, 47, 50, 30, 60, 65, 82, 75, 
100822, 1
100822, 318
100822, 1077
100822, 2880
100822, 930
100822, 242758
105059, 11
105059, 5, 5, 5, 5, 5, 10, 5, 20, 5, 5, 5, 10, 15, 5, 5, 15, 10, 5, 15, 5, 10, 10, 5, 10, 10, 20, 5, 25, 5, 15, 10, 5, 10, 10, 10, 10, 15, 10, 5, 10, 20, 20, 15, 5, 15, 5, 10, 25, 5, 10, 15, 20, 10, 15, 15, 5, 20, 30, 15, 20, 15, 15, 30, 26, 5, 15, 15, 20, 20, 15, 15, 15, 15, 15, 5, 10, 15, 5, 18, 15, 6, 11, 20, 10, 10, 5, 15, 15, 10, 5, 30, 25, 15, 25, 21, 25, 25, 5, 21, 41, 20, 20, 20, 15, 15, 10, 25, 20, 10, 15, 15, 15, 5, 20, 15, 10, 16, 30, 12, 10, 10, 25, 40, 10, 15, 15, 10, 20, 25, 15, 20, 15, 20, 25, 10, 15, 15, 10, 5, 20, 30, 10, 20, 15, 36, 16, 25, 10, 20, 5, 15, 22, 25, 25, 20, 25, 25, 15, 20, 15, 25, 15, 25, 20, 10, 10, 10, 17, 20, 20, 15, 10, 10, 25, 20, 10, 10, 7, 12, 20, 15, 15, 20, 20, 20, 46, 20, 10, 15, 20, 35, 15, 5, 15, 35, 10, 20, 20, 25, 20, 40, 16, 10, 30, 20, 15, 30, 10, 10, 15, 30, 15, 15, 15, 20, 10, 35, 10, 10, 45, 15, 20, 15, 20, 25, 15, 10, 20, 26, 10, 20, 20, 20, 10, 15, 40, 20, 30, 21, 25, 10, 25, 5, 35, 15, 20, 21, 10, 35, 30, 15, 5, 25, 20, 5, 20, 10, 20, 29, 
105059, 1
105059, 338
105059, 1112
105059, 11836
105059, 1606
105059, 247832
105060, 1
105060, 
105060, 1
105060, 1095
105060, 1860
105060, 5178
105060, 1342
105060, 251188
105061, 1
105061, 
105061, 4
105061, 1835
105061, 2596
105061, 14173
105061, 3265
105061, 259353
105062, 1
105062, 
105062, 1
105062, 2554
105062, 5525
105062, 6446
105062, 2256
105062, 264995
105063, 1
105063, 
105063, 8
105063, 3263
105063, 6235
105063, 6848
105063, 1647
105063, 269113
105064, 1
105064, 
105064, 2
105064, 3947
105064, 6858
105064, 9006
105064, 1208
105064, 272136
105065, 1
105065, 
105065, 1
105065, 4610
105065, 12469
105065, 8755
105065, 2662
105065, 278792
106950, 16
106950, 5, 5, 5, 5, 5, 1, 5, 5, 10, 5, 5, 5, 5, 5, 5, 5, 10, 5, 5, 2, 5, 5, 5, 10, 5, 10, 5, 10, 5, 5, 5, 5, 10, 5, 5, 5, 5, 10, 25, 5, 5, 5, 5, 5, 5, 5, 5, 10, 5, 10, 5, 10, 15, 10, 15, 5, 10, 10, 5, 5, 15, 5, 15, 5, 10, 5, 5, 10, 15, 5, 5, 7, 10, 5, 5, 15, 10, 5, 5, 5, 10, 5, 10, 5, 5, 5, 6, 20, 5, 5, 5, 10, 10, 5, 5, 10, 5, 10, 10, 10, 10, 20, 10, 5, 10, 5, 5, 15, 10, 15, 10, 10, 5, 15, 10, 5, 10, 15, 10, 10, 10, 5, 11, 5, 10, 15, 10, 10, 5, 5, 20, 5, 10, 10, 10, 5, 6, 15, 10, 5, 15, 10, 15, 10, 15, 10, 5, 5, 15, 5, 5, 10, 10, 10, 10, 10, 5, 5, 5, 5, 15, 15, 6, 15, 15, 5, 20, 10, 15, 15, 10, 5, 15, 10, 25, 5, 5, 7, 15, 5, 30, 5, 15, 30, 10, 5, 10, 5, 12, 10, 15, 10, 20, 5, 20, 15, 5, 15, 15, 10, 15, 15, 5, 5, 10, 20, 10, 5, 6, 
106950, 2
106950, 787
106950, 2799
106950, 9014
106950, 2535
106950, 285601
106951, 1
106951, 
106951, 1
106951, 1501
106951, 3499
106951, 11049
106951, 3009
106951, 293125
107105, 3
107105, 5, 5, 5, 5, 5, 5, 5, 5, 6, 5, 5, 5, 5, 5, 5, 5, 5, 5, 5, 5, 5, 5, 5, 5, 5, 5, 5, 5, 5, 5, 
107105, 2
107105, 2195
107105, 4012
107105, 8618
107105, 2311
107105, 239153
107106, 1
107106, 
107106, 2
107106, 2886
107106, 4710
107106, 27506
107106, 6169
107106, 251493
113373, 23
113373, 5, 5, 10, 10, 15, 5, 10, 5, 5, 10, 15, 10, 20, 10, 20, 10, 5, 20, 10, 5, 20, 5, 15, 10, 5, 5, 5, 5, 15, 10, 5, 10, 10, 5, 20, 25, 10, 5, 15, 20, 15, 20, 20, 12, 5, 25, 16, 40, 10, 25, 25, 15, 20, 20, 25, 10, 5, 30, 16, 30, 30, 23, 5, 15, 35, 5, 30, 25, 20, 5, 15, 10, 20, 25, 10, 25, 25, 15, 23, 25, 20, 20, 15, 20, 21, 40, 40, 25, 25, 15, 35, 30, 10, 20, 25, 20, 12, 20, 20, 25, 5, 5, 25, 10, 30, 35, 5, 5, 15, 35, 25, 20, 15, 50, 20, 30, 5, 20, 15, 45, 30, 35, 15, 20, 45, 10, 35, 35, 35, 15, 15, 30, 45, 15, 20, 25, 15, 40, 35, 35, 25, 25, 20, 25, 30, 15, 25, 25, 21, 30, 15, 30, 26, 20, 20, 16, 20, 30, 15, 40, 25, 25, 30, 5, 15, 45, 27, 25, 30, 15, 20, 10, 25, 25, 45, 37, 20, 20, 10, 15, 50, 50, 15, 48, 25, 45, 20, 45, 35, 25, 20, 60, 12, 31, 20, 45, 35, 20, 20, 40, 35, 5, 35, 5, 25, 10, 45, 15, 45, 47, 26, 15, 36, 25, 10, 40, 20, 20, 35, 40, 15, 21, 30, 20, 30, 40, 41, 35, 15, 35, 10, 10, 30, 45, 35, 25, 15, 40, 30, 18, 30, 10, 35, 20, 30, 40, 30, 30, 45, 25, 10, 60, 45, 35, 25, 16, 25, 40, 30, 25, 10, 30, 15, 35, 46, 35, 15, 20, 31, 45, 30, 10, 21, 
113373, 1
113373, 458
113373, 2107
113373, 13598
113373, 3465
113373, 259678
113374, 1
113374, 
113374, 1
113374, 1254
113374, 2909
113374, 9253
113374, 1673
113374, 263025
113375, 1
113375, 
113375, 1
113375, 2038
113375, 3710
113375, 20976
113375, 3925
113375, 270877
113376, 1
113376, 
113376, 1
113376, 2811
113376, 4471
113376, 23784
113376, 6410
113376, 236415
119854, 37
119854, 5, 5, 10, 5, 10, 15, 15, 20, 5, 20, 5, 5, 5, 20, 5, 15, 15, 5, 5, 20, 15, 33, 15, 20, 10, 20, 30, 25, 5, 35, 25, 15, 15, 30, 11, 5, 20, 15, 20, 35, 15, 25, 15, 10, 5, 20, 10, 25, 15, 15, 5, 20, 22, 20, 10, 30, 35, 20, 15, 15, 10, 10, 15, 20, 35, 20, 30, 20, 25, 20, 16, 30, 22, 15, 35, 40, 15, 20, 25, 30, 15, 15, 10, 10, 22, 45, 15, 35, 35, 25, 16, 40, 30, 25, 10, 20, 20, 15, 10, 30, 20, 10, 20, 40, 15, 15, 30, 36, 5, 40, 15, 30, 10, 30, 15, 20, 10, 20, 20, 30, 20, 20, 25, 25, 40, 30, 40, 15, 25, 15, 30, 15, 20, 25, 35, 20, 21, 15, 40, 20, 10, 40, 20, 20, 30, 20, 20, 20, 20, 20, 35, 35, 50, 15, 15, 31, 15, 27, 25, 25, 20, 40, 27, 25, 15, 25, 40, 25, 30, 26, 15, 45, 35, 40, 25, 15, 67, 10, 40, 20, 28, 30, 25, 45, 26, 51, 15, 30, 30, 5, 20, 10, 25, 35, 25, 21, 35, 30, 20, 25, 15, 20, 20, 3, 25, 10, 20, 20, 45, 45, 30, 20, 50, 25, 15, 20, 35, 20, 45, 33, 25, 25, 21, 30, 30, 10, 30, 13, 30, 25, 25, 40, 30, 45, 25, 45, 20, 10, 25, 25, 40, 30, 55, 15, 25, 10, 30, 30, 25, 20, 25, 11, 35, 15, 25, 15, 21, 46, 35, 48, 35, 30, 30, 20, 20, 20, 35, 23, 15, 20, 35, 26, 5, 30, 5, 40, 50, 13, 
119854, 2
119854, 437
119854, 1649
119854, 13420
119854, 3864
119854, 243935
119855, 1
119855, 
119855, 2
119855, 1286
119855, 2494
119855, 25768
119855, 7528
119855, 256483
119856, 1
119856, 
119856, 1
119856, 2104
119856, 10823
119856, 17662
119856, 2546
119856, 260727
122324, 2
122324, 5, 5, 5, 10, 5, 5, 5, 5, 5, 5, 5, 5, 5, 5, 5, 5, 5, 5, 5, 5, 5, 5, 5, 5, 5, 5, 5, 9, 10, 5, 10, 5, 1, 10, 5, 6, 10, 5, 2, 5, 10, 10, 5, 5, 15, 15, 5, 5, 5, 5, 5, 15, 5, 1, 20, 5, 5, 5, 5, 6, 20, 15, 5, 10, 10, 20, 10, 5, 10, 10, 5, 10, 10, 10, 5, 5, 5, 5, 5, 10, 10, 5, 10, 5, 10, 5, 15, 5, 5, 10, 20, 10, 10, 10, 5, 1, 10, 20, 5, 5, 15, 10, 5, 10, 5, 15, 5, 15, 5, 15, 5, 5, 5, 5, 10, 15, 10, 10, 20, 5, 10, 10, 5, 10, 15, 10, 20, 1, 5, 26, 10, 10, 15, 5, 10, 10, 5, 10, 10, 25, 10, 30, 10, 10, 5, 20, 5, 5, 10, 15, 20, 15, 5, 5, 5, 10, 5, 5, 5, 10, 20, 10, 20, 10, 10, 10, 10, 25, 15, 10, 10, 10, 10, 10, 15, 10, 5, 10, 10, 10, 15, 45, 20, 10, 15, 15, 15, 10, 10, 5, 20, 6, 20, 10, 10, 15, 20, 15, 45, 20, 15, 5, 10, 20, 15, 5, 15, 15, 15, 10, 10, 10, 15, 5, 10, 15, 15, 20, 5, 25, 6, 15, 20, 5, 15, 15, 10, 10, 20, 10, 10, 20, 20, 5, 15, 15, 5, 5, 10, 20, 10, 10, 6, 
122324, 1
122324, 568
122324, 1811
122324, 15967
122324, 3066
122324, 228213
122325, 1
122325, 
122325, 2
122325, 1423
122325, 2664
122325, 9907
122325, 2943
122325, 232419
122326, 1
122326, 
122326, 1
122326, 2252
122326, 7700
122326, 7810
122326, 2214
122326, 235582
124753, 7
124753, 5, 5, 5, 5, 5, 5, 10, 5, 5, 5, 5, 5, 10, 5, 10, 5, 5, 10, 5, 5, 10, 15, 5, 10, 5, 5, 5, 5, 5, 5, 10, 5, 5, 10, 5, 10, 5, 10, 5, 5, 10, 5, 10, 15, 5, 10, 10, 5, 15, 5, 10, 5, 5, 10, 10, 5, 5, 5, 15, 10, 5, 15, 5, 10, 5, 5, 10, 10, 5, 10, 5, 5, 10, 10, 5, 10, 15, 5, 10, 10, 10, 5, 5, 5, 5, 5, 5, 10, 12, 15, 10, 15, 10, 25, 15, 10, 15, 5, 10, 5, 20, 30, 5, 10, 15, 5, 10, 20, 10, 15, 5, 10, 20, 10, 15, 20, 10, 5, 10, 5, 25, 5, 5, 10, 10, 5, 10, 5, 15, 10, 5, 15, 20, 17, 10, 5, 15, 5, 15, 15, 15, 15, 20, 10, 20, 15, 5, 5, 15, 5, 10, 20, 5, 15, 10, 10, 25, 10, 10, 5, 10, 15, 5, 10, 5, 15, 5, 26, 25, 20, 10, 10, 10, 5, 10, 15, 6, 5, 10, 10, 15, 5, 20, 5, 10, 20, 25, 20, 10, 10, 17, 10, 10, 30, 10, 10, 5, 10, 25, 20, 15, 15, 10, 15, 10, 15, 10, 20, 10, 5, 10, 5, 10, 10, 20, 15, 30, 35, 20, 32, 10, 10, 5, 15, 5, 25, 10, 5, 
124753, 1
124753, 542
124753, 1789
124753, 22749
124753, 6012
124753, 244518
143829, 86
143829, 21, 20, 76, 40, 70, 50, 70, 35, 40, 61, 30, 45, 59, 30, 35, 35, 93, 55, 50, 50, 60, 50, 50, 55, 45, 130, 55, 40, 51, 40, 40, 51, 45, 55, 65, 50, 45, 65, 45, 80, 45, 70, 60, 80, 71, 75, 38, 50, 75, 20, 60, 35, 60, 70, 69, 60, 51, 75, 60, 50, 55, 75, 60, 35, 65, 55, 60, 45, 50, 36, 75, 55, 65, 95, 116, 50, 46, 45, 65, 90, 71, 50, 85, 45, 65, 50, 50, 75, 90, 47, 60, 70, 62, 85, 107, 45, 65, 73, 85, 70, 60, 60, 50, 85, 50, 50, 75, 35, 91, 45, 90, 65, 50, 60, 40, 50, 105, 65, 80, 35, 46, 50, 50, 75, 40, 70, 45, 61, 150, 121, 82, 80, 25, 40, 45, 35, 53, 55, 111, 77, 105, 62, 80, 50, 30, 50, 40, 50, 90, 45, 91, 60, 60, 85, 76, 71, 125, 45, 80, 61, 40, 70, 75, 85, 86, 75, 80, 70, 69, 71, 75, 65, 85, 70, 80, 30, 50, 40, 38, 35, 50, 66, 90, 40, 50, 80, 90, 70, 67, 55, 70, 70, 35, 65, 95, 70, 95, 80, 46, 67, 45, 65, 40, 160, 60, 63, 95, 60, 46, 80, 35, 75, 67, 92, 51, 81, 60, 140, 75, 95, 65, 51, 92, 65, 75, 85, 100, 50, 60, 70, 75, 60, 80, 101, 60, 90, 81, 40, 75, 80, 113, 70, 75, 45, 75, 95, 80, 70, 65, 120, 60, 45, 90, 75, 60, 45, 141, 40, 55, 65, 59, 55, 65, 85, 60, 80, 123, 65, 110, 60, 70, 56, 83, 90, 115, 85, 60, 90, 75, 25, 125, 80, 60, 90, 50, 90, 55, 30, 83, 
143829, 1
143829, 360
143829, 1072
143829, 10635
143829, 3112
143829, 251690
153608, 22
153608, 5, 20, 20, 15, 15, 15, 11, 20, 15, 15, 20, 20, 35, 5, 31, 20, 30, 27, 25, 20, 40, 45, 15, 20, 25, 35, 20, 20, 15, 25, 20, 20, 30, 30, 35, 25, 30, 40, 25, 45, 30, 25, 26, 25, 40, 25, 20, 20, 20, 25, 20, 35, 35, 20, 41, 22, 25, 42, 50, 37, 35, 20, 35, 20, 45, 45, 40, 40, 25, 25, 30, 20, 30, 21, 20, 45, 40, 40, 45, 35, 30, 30, 35, 20, 25, 15, 25, 30, 25, 45, 10, 20, 25, 15, 35, 35, 60, 25, 40, 40, 60, 25, 30, 35, 25, 45, 30, 40, 50, 31, 35, 15, 20, 35, 30, 35, 30, 20, 30, 20, 35, 30, 30, 35, 35, 55, 30, 60, 20, 30, 55, 30, 24, 20, 25, 30, 36, 25, 25, 45, 50, 40, 30, 25, 25, 20, 20, 45, 15, 40, 55, 30, 45, 40, 45, 55, 35, 20, 36, 20, 40, 25, 25, 45, 77, 25, 35, 35, 40, 10, 35, 20, 35, 35, 20, 65, 45, 35, 17, 30, 40, 50, 31, 20, 35, 45, 10, 40, 25, 35, 45, 55, 55, 61, 35, 30, 25, 35, 20, 25, 20, 15, 71, 35, 30, 50, 30, 50, 51, 30, 55, 25, 25, 25, 16, 45, 15, 30, 50, 65, 35, 85, 25, 52, 35, 45, 30, 25, 35, 20, 45, 40, 45, 35, 20, 45, 51, 30, 35, 47, 30, 85, 55, 55, 35, 25, 45, 35, 10, 30, 56, 25, 15, 30, 60, 45, 40, 35, 35, 75, 65, 36, 40, 45, 40, 45, 95, 31, 45, 30, 35, 30, 30, 55, 46, 50, 40, 30, 30, 45, 20, 55, 40, 35, 21, 52, 35, 62, 25, 29, 
153608, 1
153608, 350
153608, 908
153608, 33890
153608, 7101
153608, 230327
153609, 1
153609, 
153609, 4
153609, 1669
153609, 2242
153609, 26303
153609, 5332
153609, 236994
153610, 1
153610, 
153610, 4
153610, 2968
153610, 3541
153610, 12986
153610, 3716
153610, 241640
155270, 1
155270, 5, 5, 5, 5, 5, 5, 5, 5, 5, 5, 5, 5, 5, 5, 5, 5, 5, 5, 5, 5, 10, 10, 5, 5, 5, 10, 5, 5, 5, 5, 5, 5, 5, 5, 10, 5, 5, 5, 5, 5, 10, 5, 10, 5, 10, 5, 5, 10, 5, 10, 10, 5, 5, 10, 5, 5, 5, 5, 5, 5, 5, 5, 5, 20, 5, 10, 13, 5, 5, 10, 10, 15, 5, 5, 6, 15, 5, 10, 5, 15, 5, 10, 5, 10, 10, 10, 5, 25, 10, 10, 15, 5, 10, 5, 5, 10, 5, 5, 5, 5, 5, 10, 5, 5, 10, 10, 11, 10, 5, 15, 5, 5, 15, 15, 10, 10, 15, 15, 15, 10, 15, 20, 5, 5, 10, 10, 11, 10, 10, 5, 10, 5, 10, 10, 10, 5, 10, 5, 5, 5, 5, 10, 5, 5, 5, 5, 5, 15, 5, 5, 5, 10, 15, 10, 10, 5, 5, 10, 5, 10, 10, 5, 20, 5, 10, 5, 10, 10, 5, 10, 10, 10, 10, 5, 10, 5, 5, 20, 5, 15, 5, 10, 15, 10, 15, 20, 10, 5, 10, 5, 10, 10, 10, 15, 10, 5, 10, 5, 5, 5, 10, 10, 5, 5, 10, 18, 
155270, 1
155270, 570
155270, 1318
155270, 11141
155270, 2205
155270, 244604
155271, 1
155271, 
155271, 2
155271, 1900
155271, 2902
155271, 19910
155271, 5134
155271, 223130
156476, 9
156476, 5, 5, 5, 5, 5, 5, 5, 5, 5, 5, 5, 5, 5, 5, 5, 5, 5, 5, 5, 5, 5, 5, 5, 5, 5, 5, 5, 5, 5, 5, 10, 5, 5, 5, 5, 5, 5, 5, 5, 15, 5, 5, 5, 5, 10, 5, 5, 15, 5, 15, 5, 5, 10, 5, 10, 10, 10, 5, 5, 10, 10, 5, 5, 5, 5, 10, 5, 5, 10, 15, 5, 5, 10, 5, 5, 10, 28, 5, 5, 5, 5, 5, 5, 15, 5, 5, 15, 5, 2, 10, 5, 5, 5, 5, 10, 5, 10, 5, 5, 5, 10, 5, 5, 10, 5, 10, 5, 5, 5, 5, 5, 5, 5, 10, 5, 5, 5, 10, 10, 5, 5, 5, 5, 5, 5, 5, 5, 5, 10, 10, 5, 15, 5, 10, 10, 5, 25, 10, 5, 5, 10, 10, 10, 25, 10, 5, 10, 5, 15, 5, 11, 10, 10, 5, 5, 5, 5, 15, 5, 5, 5, 15, 5, 15, 10, 5, 15, 5, 
156476, 2
156476, 745
156476, 1498
156476, 8430
156476, 2092
156476, 225589
176221, 82
176221, 50, 30, 35, 49, 67, 75, 50, 20, 55, 42, 60, 35, 58, 20, 45, 60, 40, 65, 55, 67, 40, 70, 35, 40, 65, 75, 70, 65, 61, 35, 15, 40, 40, 65, 55, 65, 50, 55, 40, 25, 72, 75, 40, 60, 55, 45, 61, 57, 70, 85, 80, 44, 75, 70, 50, 55, 35, 55, 46, 55, 46, 95, 105, 70, 45, 34, 45, 59, 35, 40, 85, 35, 80, 45, 55, 85, 70, 65, 65, 62, 20, 70, 90, 50, 80, 55, 46, 70, 65, 100, 70, 70, 110, 70, 35, 75, 55, 71, 105, 60, 56, 76, 58, 71, 51, 50, 60, 31, 45, 55, 55, 75, 85, 80, 40, 80, 73, 90, 100, 65, 85, 56, 140, 105, 46, 125, 35, 80, 85, 60, 45, 40, 85, 45, 50, 80, 65, 75, 40, 60, 75, 80, 40, 50, 51, 50, 110, 105, 104, 40, 65, 89, 70, 65, 60, 65, 80, 70, 45, 76, 80, 90, 80, 50, 95, 65, 60, 70, 55, 100, 95, 73, 109, 100, 70, 45, 70, 90, 45, 70, 52, 65, 130, 71, 42, 65, 42, 32, 65, 120, 145, 65, 30, 65, 50, 80, 85, 55, 65, 80, 55, 45, 65, 65, 50, 55, 85, 50, 51, 25, 80, 55, 85, 60, 75, 70, 80, 57, 45, 50, 80, 56, 50, 55, 70, 90, 81, 45, 166, 55, 87, 75, 92, 60, 80, 60, 100, 85, 65, 30, 65, 125, 60, 75, 70, 55, 80, 45, 75, 81, 40, 70, 90, 85, 50, 100, 70, 55, 130, 25, 70, 60, 80, 96, 90, 55, 180, 58, 50, 60, 105, 45, 95, 85, 95, 45, 70, 95, 133, 75, 70, 60, 75, 35, 70, 70, 40, 60, 125, 91, 64, 67, 75, 80, 76, 71, 
176221, 8
176221, 356
176221, 998
176221, 22276
176221, 6216
176221, 234690
176222, 1
176222, 
176222, 1
176222, 1860
176222, 2496
176222, 11484
176222, 1986
176222, 236897
176223, 1
176223, 
176223, 1
176223, 3343
176223, 3976
176223, 32021
176223, 5381
176223, 242877
176224, 1
176224, 
176224, 1
176224, 4774
176224, 15695
176224, 12870
176224, 1968
176224, 220558
177389, 9
177389, 5, 5, 5, 5, 5, 5, 5, 5, 5, 5, 5, 5, 5, 5, 10, 5, 5, 5, 5, 5, 5, 5, 5, 5, 5, 10, 5, 5, 10, 5, 5, 5, 5, 10, 5, 5, 10, 5, 10, 5, 5, 10, 5, 5, 5, 10, 5, 5, 5, 5, 10, 5, 5, 5, 15, 5, 15, 5, 5, 10, 10, 5, 10, 5, 15, 5, 5, 5, 5, 5, 5, 5, 10, 5, 5, 20, 10, 5, 10, 5, 5, 6, 10, 5, 5, 5, 10, 5, 15, 20, 5, 10, 5, 10, 15, 5, 5, 5, 5, 5, 5, 5, 24, 5, 5, 5, 10, 5, 5, 10, 5, 10, 10, 15, 15, 15, 5, 15, 10, 5, 10, 15, 5, 5, 5, 5, 10, 5, 5, 10, 25, 15, 5, 5, 5, 5, 10, 5, 10, 10, 5, 10, 5, 5, 10, 10, 5, 5, 20, 13, 5, 5, 5, 15, 8, 
177389, 2
177389, 668
177389, 1455
177389, 35504
177389, 7476
177389, 228151
177390, 1
177390, 
177390, 1
177390, 2127
177390, 2906
177390, 10662
177390, 3231
177390, 231382
212571, 106
212571, 71, 82, 65, 70, 90, 80, 60, 70, 105, 110, 95, 120, 121, 85, 140, 90, 85, 85, 70, 90, 105, 70, 95, 116, 115, 85, 120, 75, 120, 70, 85, 105, 100, 95, 65, 150, 71, 58, 80, 90, 105, 90, 100, 105, 85, 180, 130, 55, 125, 60, 180, 135, 100, 110, 115, 130, 125, 85, 70, 101, 105, 165, 110, 115, 135, 130, 130, 119, 140, 111, 130, 115, 95, 100, 130, 110, 80, 85, 95, 112, 135, 85, 155, 148, 105, 120, 132, 130, 60, 136, 120, 60, 105, 110, 95, 105, 106, 169, 145, 70, 183, 130, 110, 110, 135, 142, 75, 95, 120, 130, 95, 135, 85, 211, 180, 156, 75, 105, 105, 95, 85, 140, 85, 100, 80, 100, 86, 87, 170, 115, 84, 116, 117, 150, 146, 90, 105, 90, 135, 110, 110, 110, 75, 127, 75, 145, 106, 90, 188, 70, 112, 100, 75, 91, 108, 120, 115, 120, 108, 95, 110, 120, 130, 196, 136, 100, 221, 115, 135, 110, 130, 166, 120, 110, 95, 115, 196, 186, 70, 125, 77, 97, 170, 116, 65, 120, 90, 95, 115, 125, 152, 80, 91, 80, 130, 201, 116, 150, 131, 188, 145, 90, 90, 135, 135, 121, 110, 95, 144, 180, 106, 100, 245, 90, 95, 101, 172, 137, 180, 65, 85, 145, 155, 129, 170, 161, 95, 160, 195, 91, 120, 135, 135, 120, 254, 150, 228, 90, 275, 85, 125, 108, 170, 115, 125, 80, 130, 127, 90, 130, 102, 130, 102, 68, 172, 105, 61, 146, 113, 120, 55, 130, 125, 75, 85, 159, 70, 90, 107, 107, 120, 56, 186, 160, 75, 81, 160, 123, 75, 230, 155, 90, 90, 92, 95, 140, 145, 90, 85, 120, 115, 227, 95, 95, 160, 170, 70, 122, 100, 78, 145, 173, 
212571, 4
212571, 341
212571, 849
212571, 46464
212571, 7343
212571, 220221
212572, 1
212572, 
212572, 1
212572, 2440
212572, 2953
212572, 22653
212572, 9885
212572, 229208
212606, 4
212606, 5, 5, 5, 5, 5, 5, 
212606, 4
212606, 4508
212606, 5016
212606, 37909
212606, 17445
212606, 224648
213129, 1
213129, 5, 5, 5, 5, 5, 5, 5, 5, 5, 5, 5, 5, 10, 5, 5, 5, 5, 5, 5, 5, 5, 2, 5, 5, 10, 5, 5, 5, 5, 10, 5, 5, 5, 5, 5, 5, 5, 5, 5, 5, 10, 5, 5, 5, 5, 10, 5, 5, 10, 5, 5, 5, 5, 5, 5, 5, 5, 10, 10, 10, 10, 5, 10, 5, 10, 10, 5, 10, 5, 5, 5, 5, 5, 5, 5, 5, 5, 5, 5, 5, 5, 5, 10, 10, 5, 5, 10, 5, 
213129, 1
213129, 2817
213129, 11668
213129, 26107
213129, 3237
213129, 227390
213130, 1
213130, 
213130, 1
213130, 4823
213130, 13732
213130, 18424
213130, 7597
213130, 233721
213131, 1
213131, 
213131, 1
213131, 6749
213131, 17537
213131, 58085
213131, 13264
213131, 225946
225449, 103
225449, 15, 15, 25, 35, 20, 35, 35, 16, 40, 10, 50, 30, 25, 35, 60, 20, 20, 20, 10, 25, 35, 30, 25, 25, 30, 35, 32, 50, 35, 20, 20, 20, 95, 15, 35, 25, 30, 40, 35, 25, 30, 32, 30, 20, 25, 58, 25, 46, 20, 50, 40, 15, 20, 25, 40, 25, 60, 40, 30, 30, 25, 25, 40, 20, 20, 35, 15, 30, 35, 45, 20, 25, 52, 30, 30, 40, 25, 36, 20, 55, 55, 30, 55, 50, 45, 30, 15, 35, 41, 40, 40, 45, 45, 65, 35, 76, 30, 45, 25, 38, 25, 40, 40, 50, 15, 30, 50, 30, 15, 55, 50, 25, 25, 25, 45, 30, 25, 30, 35, 45, 25, 35, 35, 35, 25, 35, 56, 50, 35, 40, 45, 35, 35, 55, 25, 42, 55, 40, 45, 45, 80, 60, 15, 65, 35, 55, 35, 35, 15, 35, 40, 45, 45, 40, 50, 81, 41, 25, 55, 35, 35, 45, 40, 95, 20, 37, 50, 50, 35, 60, 15, 30, 45, 45, 30, 55, 26, 45, 40, 35, 45, 25, 35, 25, 15, 40, 50, 50, 15, 25, 25, 40, 30, 10, 20, 60, 40, 65, 25, 35, 65, 70, 50, 30, 25, 20, 30, 45, 50, 55, 20, 30, 104, 40, 55, 30, 50, 40, 36, 60, 42, 15, 51, 17, 30, 25, 61, 65, 35, 55, 60, 60, 15, 20, 25, 30, 47, 60, 20, 35, 40, 60, 105, 50, 60, 40, 60, 35, 20, 55, 50, 45, 45, 55, 50, 50, 20, 40, 35, 21, 114, 65, 55, 135, 20, 25, 90, 75, 25, 35, 70, 50, 50, 60, 45, 62, 25, 50, 55, 87, 86, 65, 46, 35, 50, 38, 50, 41, 45, 20, 40, 85, 35, 50, 20, 17, 55, 65, 59, 40, 20, 15, 42, 45, 35, 50, 30, 39, 
225449, 1
225449, 411
225449, 819
225449, 19903
225449, 5014
225449, 230750
225450, 1
225450, 
225450, 1
225450, 2801
225450, 3213
225450, 20684
225450, 6920
225450, 219212
225475, 1
225475, 5, 5, 5, 5, 4, 
225475, 1
225475, 3099
225475, 3510
225475, 63871
225475, 16066
225475, 230689
236800, 36
236800, 10, 10, 20, 5, 30, 15, 30, 20, 35, 30, 5, 10, 35, 20, 11, 25, 30, 15, 30, 40, 20, 35, 25, 30, 25, 35, 35, 35, 15, 25, 15, 31, 45, 15, 36, 30, 25, 20, 55, 15, 15, 35, 30, 30, 20, 35, 35, 35, 77, 35, 30, 35, 15, 20, 30, 25, 25, 75, 15, 15, 15, 30, 35, 40, 76, 30, 40, 5, 35, 30, 55, 85, 35, 45, 20, 35, 70, 40, 30, 30, 50, 55, 35, 45, 17, 55, 45, 50, 5, 80, 20, 40, 10, 25, 30, 25, 30, 55, 35, 40, 50, 30, 50, 20, 40, 15, 10, 15, 50, 45, 40, 37, 30, 20, 40, 30, 60, 20, 36, 25, 10, 64, 35, 30, 25, 15, 30, 45, 56, 5, 46, 93, 25, 35, 25, 15, 30, 35, 15, 65, 10, 40, 40, 60, 35, 40, 40, 30, 20, 40, 110, 50, 40, 30, 30, 40, 20, 22, 30, 20, 45, 30, 20, 40, 60, 35, 40, 40, 55, 35, 45, 40, 30, 50, 40, 40, 15, 35, 15, 40, 25, 25, 35, 35, 65, 35, 45, 15, 20, 45, 30, 40, 35, 20, 50, 25, 40, 15, 36, 40, 35, 50, 30, 40, 20, 46, 15, 55, 20, 40, 73, 75, 35, 45, 35, 20, 15, 44, 65, 30, 25, 30, 5, 80, 45, 30, 35, 37, 37, 55, 60, 25, 40, 40, 11, 40, 35, 57, 30, 20, 10, 35, 67, 21, 35, 45, 45, 65, 55, 115, 35, 40, 80, 55, 50, 60, 65, 45, 40, 25, 50, 45, 5, 50, 35, 20, 40, 35, 25, 35, 45, 30, 30, 45, 55, 40, 60, 50, 20, 60, 45, 25, 40, 68, 25, 25, 35, 55, 68, 55, 65, 80, 45, 45, 25, 40, 60, 40, 35, 40, 40, 20, 51, 40, 45, 30, 86, 25, 25, 35, 
236800, 2
236800, 429
236800, 826
236800, 23032
236800, 11151
236800, 223499
236801, 1
236801, 
236801, 6
236801, 15782
236801, 23862
236801, 14701
236801, 5092
236801, 226894
236802, 1
236802, 
236802, 8
236802, 34974
236802, 50180
236802, 19562
236802, 6448
236802, 231193
254394, 81
254394, 30, 10, 35, 40, 30, 20, 25, 35, 35, 40, 35, 50, 20, 35, 15, 40, 55, 40, 55, 35, 60, 25, 15, 75, 45, 35, 30, 70, 65, 50, 45, 40, 50, 45, 45, 35, 40, 30, 35, 35, 50, 55, 50, 30, 30, 55, 35, 85, 40, 59, 55, 15, 25, 46, 55, 35, 40, 55, 35, 35, 30, 30, 45, 80, 55, 40, 40, 55, 51, 65, 95, 46, 60, 50, 55, 20, 55, 35, 70, 70, 25, 25, 40, 40, 35, 35, 35, 57, 72, 33, 35, 60, 45, 70, 43, 30, 25, 50, 45, 30, 50, 75, 67, 39, 60, 85, 35, 55, 51, 25, 30, 50, 55, 70, 60, 65, 55, 60, 71, 83, 39, 60, 60, 30, 40, 85, 40, 70, 55, 55, 50, 50, 45, 75, 35, 31, 50, 55, 63, 45, 55, 45, 31, 80, 90, 50, 56, 25, 85, 80, 45, 65, 40, 50, 52, 50, 65, 127, 135, 85, 25, 50, 40, 40, 70, 55, 75, 25, 35, 55, 35, 55, 20, 30, 40, 40, 50, 60, 65, 50, 45, 61, 25, 60, 60, 60, 70, 40, 30, 40, 65, 60, 30, 40, 40, 63, 40, 70, 92, 75, 35, 63, 35, 55, 50, 55, 50, 50, 35, 80, 141, 120, 65, 70, 85, 50, 65, 35, 60, 65, 90, 55, 75, 55, 91, 40, 75, 65, 35, 70, 65, 45, 58, 35, 65, 55, 40, 52, 75, 31, 40, 85, 50, 90, 110, 70, 125, 65, 65, 75, 60, 60, 51, 70, 40, 80, 40, 120, 55, 121, 55, 55, 35, 60, 110, 35, 30, 75, 70, 185, 25, 65, 95, 60, 90, 55, 75, 45, 81, 46, 85, 60, 60, 54, 60, 95, 100, 40, 50, 70, 40, 55, 55, 80, 85, 80, 95, 80, 45, 60, 150, 67, 42, 140, 50, 50, 57, 160, 55, 90, 72, 60, 75, 61, 
254394, 1
254394, 385
254394, 882
254394, 72200
254394, 21406
254394, 231222
299290, 127
299290, 75, 90, 135, 85, 115, 81, 135, 120, 105, 110, 105, 105, 60, 115, 125, 130, 120, 150, 118, 125, 115, 105, 115, 150, 130, 90, 161, 130, 120, 100, 110, 115, 135, 175, 160, 125, 93, 150, 125, 110, 80, 135, 110, 70, 77, 145, 138, 140, 90, 170, 100, 105, 120, 115, 80, 120, 90, 125, 95, 130, 115, 160, 210, 130, 140, 161, 115, 146, 145, 131, 115, 111, 120, 143, 115, 125, 369, 155, 130, 125, 152, 146, 219, 125, 125, 115, 85, 185, 130, 155, 110, 193, 216, 85, 235, 145, 110, 106, 138, 80, 130, 160, 120, 338, 125, 136, 165, 200, 165, 135, 147, 120, 120, 115, 120, 80, 150, 145, 116, 180, 100, 110, 95, 110, 96, 180, 136, 190, 145, 110, 292, 120, 249, 110, 135, 120, 95, 135, 165, 145, 115, 140, 125, 135, 125, 110, 130, 105, 95, 185, 100, 197, 255, 135, 125, 95, 305, 125, 130, 135, 140, 113, 111, 150, 155, 175, 115, 150, 128, 165, 165, 150, 251, 100, 145, 95, 320, 92, 145, 116, 125, 108, 142, 215, 126, 120, 135, 150, 192, 99, 140, 107, 190, 125, 126, 155, 245, 180, 115, 165, 125, 66, 115, 108, 110, 165, 120, 120, 197, 165, 168, 165, 135, 120, 113, 105, 106, 130, 150, 160, 165, 380, 150, 160, 165, 290, 180, 181, 170, 225, 155, 110, 125, 95, 120, 125, 140, 115, 125, 275, 130, 150, 80, 128, 185, 260, 156, 130, 131, 127, 180, 95, 146, 180, 200, 175, 150, 330, 123, 155, 115, 165, 156, 140, 95, 175, 141, 155, 135, 145, 140, 155, 155, 110, 190, 125, 120, 178, 120, 150, 125, 155, 95, 135, 270, 155, 135, 170, 161, 125, 110, 150, 226, 105, 125, 130, 108, 140, 111, 110, 135, 140, 130, 195, 210, 237, 95, 100, 215, 140, 135, 110, 165, 106, 263, 
299290, 1
299290, 336
299290, 654
299290, 71902
299290, 10639
299290, 226521
299291, 1
299291, 
299291, 1
299291, 4463
299291, 4787
299291, 49086
299291, 14011
299291, 221720
353761, 232
353761, 91, 197, 150, 145, 140, 111, 95, 140, 166, 140, 131, 166, 210, 95, 165, 130, 175, 135, 185, 105, 125, 145, 157, 160, 125, 190, 165, 130, 165, 90, 125, 175, 150, 140, 140, 165, 100, 155, 230, 110, 255, 160, 150, 200, 170, 158, 165, 140, 140, 177, 190, 120, 140, 149, 126, 175, 175, 120, 206, 190, 165, 155, 195, 135, 170, 131, 145, 140, 205, 105, 170, 150, 145, 160, 142, 144, 155, 160, 165, 185, 135, 111, 180, 175, 105, 165, 160, 160, 112, 186, 150, 75, 147, 215, 95, 195, 135, 260, 140, 154, 145, 160, 110, 180, 170, 125, 105, 180, 200, 201, 80, 169, 405, 160, 165, 235, 105, 296, 230, 165, 180, 130, 185, 225, 135, 195, 120, 185, 165, 120, 180, 160, 95, 110, 215, 145, 155, 115, 95, 330, 125, 205, 130, 185, 185, 105, 165, 149, 145, 230, 140, 165, 110, 200, 185, 170, 165, 220, 275, 181, 130, 162, 180, 135, 141, 201, 140, 205, 230, 125, 200, 155, 160, 210, 190, 105, 150, 136, 175, 135, 171, 116, 161, 120, 131, 255, 165, 321, 240, 135, 140, 225, 245, 171, 210, 250, 231, 235, 165, 165, 126, 265, 231, 326, 165, 121, 171, 180, 156, 115, 210, 165, 165, 115, 141, 120, 175, 190, 160, 150, 161, 140, 135, 280, 170, 135, 155, 180, 170, 160, 275, 133, 205, 295, 195, 448, 190, 120, 155, 140, 145, 210, 135, 215, 165, 165, 137, 305, 115, 185, 130, 253, 71, 132, 161, 155, 225, 166, 155, 335, 180, 205, 160, 120, 150, 215, 140, 188, 215, 170, 382, 170, 156, 105, 190, 210, 142, 140, 182, 190, 160, 180, 450, 160, 175, 145, 150, 261, 201, 102, 155, 137, 180, 220, 211, 125, 155, 170, 154, 105, 185, 135, 165, 481, 170, 255, 131, 150, 160, 107, 230, 145, 260, 145, 270, 270, 249, 
353761, 3
353761, 333
353761, 634
353761, 54875
353761, 27421
353761, 227350
353762, 1
353762, 
353762, 2
353762, 5688
353762, 5984
353762, 56138
353762, 10944
353762, 221455
354181, 1
354181, 5, 5, 5, 5, 5, 5, 5, 5, 5, 5, 5, 5, 5, 5, 5, 5, 5, 5, 5, 5, 5, 5, 5, 5, 5, 5, 5, 5, 5, 5, 10, 5, 5, 5, 5, 5, 10, 5, 5, 5, 5, 5, 5, 5, 5, 5, 5, 5, 10, 5, 5, 5, 10, 5, 5, 5, 5, 5, 5, 20, 5, 10, 5, 5, 10, 5, 15, 5, 5, 5, 5, 5, 3, 
354181, 1
354181, 6298
354181, 8957
354181, 51437
354181, 12239
354181, 227595
354182, 1
354182, 
354182, 1
354182, 11271
354182, 13883
354182, 42880
354182, 15430
354182, 224105
354926, 5
354926, 5, 10, 5, 5, 5, 5, 5, 5, 5, 5, 10, 5, 10, 5, 5, 5, 5, 5, 5, 5, 5, 5, 5, 10, 5, 5, 5, 5, 5, 10, 5, 5, 5, 5, 5, 5, 5, 5, 5, 5, 5, 5, 10, 5, 5, 5, 5, 5, 5, 5, 5, 10, 5, 15, 5, 5, 5, 5, 5, 5, 5, 10, 5, 10, 10, 15, 5, 5, 5, 5, 5, 5, 10, 10, 5, 5, 5, 10, 10, 5, 5, 5, 15, 5, 5, 5, 5, 10, 5, 5, 5, 5, 5, 20, 5, 5, 5, 5, 5, 5, 5, 5, 7, 5, 25, 10, 5, 5, 2, 5, 5, 10, 5, 5, 10, 5, 5, 
354926, 1
354926, 2548
354926, 3840
354926, 8416
354926, 1896
354926, 225044
365877, 51
365877, 10, 10, 5, 10, 10, 10, 10, 20, 20, 5, 25, 15, 20, 20, 20, 20, 20, 15, 25, 35, 40, 45, 20, 40, 40, 26, 25, 15, 20, 20, 25, 15, 20, 35, 20, 20, 20, 17, 20, 35, 30, 15, 15, 15, 30, 15, 30, 20, 25, 45, 45, 25, 20, 20, 15, 20, 15, 30, 21, 35, 30, 30, 10, 30, 30, 20, 35, 10, 40, 40, 45, 35, 50, 30, 55, 45, 30, 38, 20, 35, 35, 30, 25, 25, 30, 25, 40, 10, 10, 35, 30, 40, 40, 35, 55, 30, 5, 21, 35, 20, 20, 25, 15, 20, 30, 45, 15, 20, 25, 20, 35, 35, 15, 51, 35, 40, 45, 25, 20, 45, 55, 35, 50, 45, 40, 45, 16, 30, 20, 45, 65, 55, 45, 35, 40, 20, 50, 15, 30, 25, 30, 46, 35, 50, 50, 75, 30, 35, 30, 50, 25, 40, 40, 35, 40, 36, 40, 25, 30, 15, 39, 35, 25, 45, 25, 35, 25, 40, 75, 40, 40, 25, 15, 70, 27, 15, 25, 45, 25, 50, 20, 65, 5, 25, 50, 20, 55, 40, 35, 15, 25, 60, 10, 30, 35, 25, 25, 25, 20, 30, 40, 40, 25, 20, 40, 50, 40, 25, 20, 35, 40, 35, 55, 45, 25, 35, 35, 30, 40, 20, 20, 25, 30, 60, 26, 55, 25, 40, 45, 25, 45, 25, 30, 50, 65, 25, 10, 20, 21, 40, 50, 35, 40, 35, 30, 25, 50, 55, 35, 25, 40, 25, 30, 70, 35, 125, 25, 45, 105, 35, 60, 20, 5, 55, 35, 40, 35, 99, 20, 75, 42, 30, 25, 50, 25, 15, 35, 140, 40, 40, 65, 35, 25, 20, 40, 75, 25, 30, 50, 40, 25, 55, 35, 45, 25, 50, 35, 45, 60, 60, 35, 45, 25, 45, 35, 40, 110, 40, 20, 25, 35, 35, 20, 50, 45, 25, 25, 20, 45, 20, 144, 
365877, 1
365877, 441
365877, 736
365877, 11954
365877, 3132
365877, 227057
371033, 36
371033, 5, 5, 5, 5, 5, 5, 10, 5, 5, 5, 15, 5, 10, 5, 5, 5, 5, 5, 5, 5, 5, 10, 5, 10, 25, 5, 5, 10, 10, 5, 5, 10, 5, 5, 5, 11, 10, 15, 10, 10, 5, 5, 10, 5, 15, 20, 20, 5, 5, 5, 15, 20, 5, 15, 5, 10, 15, 25, 10, 10, 5, 10, 5, 10, 5, 10, 15, 5, 20, 15, 10, 15, 20, 15, 10, 15, 5, 15, 15, 30, 15, 30, 15, 10, 25, 5, 10, 20, 10, 15, 20, 15, 15, 5, 20, 30, 10, 10, 5, 5, 10, 15, 10, 5, 10, 15, 10, 30, 10, 15, 5, 15, 10, 20, 10, 25, 10, 10, 35, 5, 15, 25, 10, 15, 10, 20, 25, 30, 15, 20, 30, 15, 25, 30, 10, 10, 25, 15, 25, 20, 30, 5, 15, 35, 10, 25, 15, 30, 5, 15, 10, 15, 20, 10, 5, 20, 20, 20, 35, 10, 15, 15, 15, 10, 11, 20, 15, 10, 10, 10, 15, 30, 25, 35, 20, 5, 35, 15, 10, 5, 25, 15, 15, 15, 15, 25, 20, 25, 25, 20, 35, 15, 10, 20, 20, 20, 35, 55, 20, 15, 10, 30, 5, 35, 15, 15, 15, 30, 10, 25, 30, 10, 25, 10, 20, 15, 15, 45, 25, 25, 25, 20, 15, 20, 30, 20, 5, 20, 5, 25, 50, 10, 20, 20, 10, 58, 20, 15, 25, 20, 15, 20, 30, 35, 10, 15, 20, 15, 25, 35, 20, 75, 20, 25, 20, 10, 30, 30, 20, 60, 30, 20, 25, 25, 30, 10, 30, 35, 15, 15, 15, 25, 25, 15, 30, 20, 10, 20, 20, 20, 15, 15, 5, 15, 15, 35, 35, 25, 20, 30, 15, 5, 15, 30, 40, 15, 10, 30, 15, 15, 25, 20, 20, 
371033, 2
371033, 470
371033, 763
371033, 34779
371033, 6570
371033, 230431
371034, 1
371034, 
371034, 1
371034, 5782
371034, 6070
371034, 14801
371034, 2884
371034, 231805
373016, 17
373016, 5, 5, 5, 5, 5, 5, 5, 5, 5, 5, 5, 5, 5, 5, 10, 5, 5, 10, 5, 5, 5, 5, 5, 10, 5, 5, 20, 5, 10, 10, 5, 5, 5, 5, 5, 10, 5, 5, 5, 10, 5, 5, 5, 10, 5, 5, 5, 5, 10, 5, 5, 5, 5, 5, 5, 5, 10, 10, 10, 5, 5, 5, 5, 5, 5, 5, 5, 10, 10, 5, 10, 20, 10, 5, 10, 5, 10, 20, 10, 5, 5, 10, 10, 5, 5, 5, 5, 5, 10, 10, 10, 5, 5, 5, 10, 10, 5, 10, 5, 5, 5, 5, 10, 10, 5, 5, 10, 10, 5, 5, 10, 5, 5, 10, 5, 10, 15, 5, 5, 15, 10, 5, 5, 25, 10, 10, 10, 10, 5, 15, 5, 10, 25, 5, 5, 5, 10, 10, 15, 5, 5, 15, 20, 10, 5, 15, 5, 15, 10, 10, 13, 15, 5, 10, 10, 15, 20, 5, 15, 5, 10, 10, 15, 15, 5, 10, 5, 5, 15, 5, 15, 5, 15, 15, 5, 5, 10, 15, 20, 10, 5, 5, 10, 6, 5, 5, 10, 10, 10, 15, 5, 10, 5, 10, 20, 25, 15, 5, 10, 15, 35, 5, 20, 10, 15, 10, 5, 10, 10, 11, 15, 10, 30, 15, 10, 5, 10, 5, 10, 10, 5, 10, 5, 10, 15, 
373016, 1
373016, 1163
373016, 1743
373016, 11569
373016, 2853
373016, 222655
373017, 1
373017, 
373017, 1
373017, 6337
373017, 6924
373017, 107544
373017, 34393
373017, 227928
379902, 92
379902, 5, 5, 5, 5, 5, 5, 5, 10, 10, 10, 15, 15, 15, 25, 15, 15, 10, 5, 10, 10, 10, 10, 10, 20, 5, 15, 10, 10, 10, 5, 5, 15, 15, 20, 20, 25, 15, 15, 5, 10, 20, 30, 10, 20, 10, 5, 40, 5, 20, 10, 10, 5, 20, 6, 20, 20, 15, 25, 10, 20, 10, 30, 35, 20, 10, 5, 10, 30, 15, 20, 15, 10, 20, 20, 15, 20, 15, 25, 25, 20, 15, 13, 10, 15, 10, 10, 5, 10, 65, 15, 15, 20, 20, 25, 10, 10, 11, 15, 5, 30, 20, 20, 30, 20, 25, 20, 5, 25, 15, 45, 25, 20, 5, 25, 10, 17, 30, 10, 10, 45, 10, 15, 15, 10, 10, 5, 5, 35, 15, 5, 5, 25, 45, 35, 15, 45, 25, 10, 20, 15, 15, 10, 35, 15, 10, 10, 5, 25, 20, 10, 20, 25, 10, 30, 20, 30, 20, 15, 10, 20, 15, 20, 30, 25, 25, 15, 20, 15, 20, 15, 10, 25, 45, 20, 30, 30, 25, 5, 25, 20, 20, 25, 10, 25, 20, 20, 26, 25, 15, 15, 30, 10, 15, 25, 5, 20, 65, 20, 15, 20, 30, 10, 15, 5, 20, 15, 15, 20, 20, 5, 40, 25, 25, 30, 15, 25, 15, 20, 15, 36, 25, 20, 40, 45, 35, 15, 10, 15, 20, 5, 20, 15, 35, 20, 30, 25, 40, 20, 35, 25, 20, 40, 15, 15, 40, 15, 35, 20, 5, 10, 50, 30, 25, 45, 10, 25, 20, 25, 26, 30, 5, 15, 20, 25, 35, 20, 40, 15, 35, 20, 25, 20, 16, 90, 15, 25, 120, 10, 40, 45, 15, 20, 45, 15, 30, 40, 15, 110, 17, 30, 25, 50, 35, 25, 20, 5, 5, 35, 35, 50, 25, 65, 5, 35, 70, 30, 30, 15, 55, 5, 20, 45, 15, 10, 40, 25, 55, 35, 16, 15, 20, 25, 9, 
379902, 1
379902, 532
379902, 956
379902, 51005
379902, 12010
379902, 223722
465004, 267
465004, 200, 215, 215, 210, 215, 175, 170, 231, 235, 225, 235, 225, 420, 230, 226, 255, 210, 345, 235, 200, 231, 200, 250, 195, 270, 245, 205, 226, 210, 205, 160, 288, 243, 135, 580, 255, 210, 230, 207, 215, 240, 215, 222, 205, 255, 220, 225, 235, 260, 185, 225, 385, 191, 180, 195, 205, 231, 190, 285, 349, 250, 290, 260, 225, 210, 235, 230, 230, 206, 280, 185, 195, 265, 235, 181, 200, 315, 272, 165, 225, 220, 240, 270, 260, 210, 235, 205, 185, 216, 215, 215, 185, 180, 255, 285, 255, 250, 181, 225, 250, 262, 290, 227, 200, 325, 245, 240, 305, 255, 232, 245, 240, 205, 250, 207, 185, 220, 185, 205, 341, 362, 190, 227, 310, 275, 175, 236, 230, 220, 220, 335, 215, 195, 192, 210, 210, 290, 285, 255, 238, 260, 185, 295, 225, 270, 205, 525, 296, 310, 210, 240, 192, 275, 215, 220, 215, 305, 488, 185, 175, 245, 321, 210, 225, 270, 190, 256, 250, 217, 212, 207, 196, 170, 215, 350, 230, 270, 256, 185, 240, 132, 236, 215, 190, 150, 256, 500, 249, 325, 250, 220, 288, 226, 240, 320, 300, 230, 260, 225, 280, 237, 276, 244, 385, 235, 201, 265, 250, 350, 270, 185, 290, 281, 290, 190, 180, 293, 253, 175, 220, 267, 400, 580, 195, 620, 290, 532, 300, 275, 275, 235, 257, 320, 230, 275, 542, 208, 258, 305, 290, 225, 225, 300, 411, 175, 205, 350, 195, 240, 300, 325, 261, 245, 185, 245, 200, 271, 264, 215, 383, 265, 236, 275, 285, 397, 200, 280, 330, 215, 245, 275, 230, 253, 215, 470, 485, 245, 270, 260, 225, 684, 250, 180, 330, 220, 205, 275, 234, 270, 190, 474, 175, 440, 260, 665, 275, 318, 340, 270, 225, 205, 235, 234, 270, 250, 265, 255, 390, 270, 355, 185, 335, 290, 230, 190, 200, 295, 166, 220, 216, 335, 580, 195, 296, 235, 551, 180, 374, 
465004, 1
465004, 347
465004, 498
465004, 172982
465004, 43900
465004, 226670
565260, 341
565260, 175, 260, 225, 251, 205, 280, 180, 325, 390, 225, 352, 255, 315, 265, 275, 321, 380, 235, 255, 265, 235, 186, 425, 355, 290, 230, 217, 215, 225, 277, 280, 295, 265, 215, 240, 250, 198, 260, 170, 315, 235, 203, 225, 197, 235, 263, 366, 295, 250, 301, 280, 435, 226, 270, 321, 261, 270, 270, 275, 250, 260, 245, 245, 310, 290, 310, 275, 366, 216, 220, 380, 260, 355, 231, 252, 265, 342, 275, 195, 270, 260, 260, 230, 315, 280, 295, 255, 515, 220, 305, 265, 540, 260, 285, 210, 307, 290, 300, 275, 275, 280, 310, 220, 245, 257, 365, 275, 405, 330, 270, 250, 400, 275, 270, 250, 255, 353, 276, 295, 280, 460, 280, 195, 300, 290, 756, 215, 275, 240, 360, 380, 255, 265, 250, 245, 230, 290, 208, 275, 290, 331, 271, 255, 255, 267, 240, 513, 220, 491, 225, 225, 255, 255, 230, 232, 305, 290, 261, 285, 411, 301, 345, 321, 225, 500, 431, 231, 315, 285, 350, 495, 240, 281, 300, 206, 205, 225, 215, 255, 220, 305, 380, 280, 280, 323, 305, 288, 335, 275, 205, 275, 275, 286, 290, 240, 260, 385, 293, 228, 270, 298, 245, 275, 255, 365, 270, 250, 270, 250, 392, 281, 535, 285, 295, 305, 220, 668, 300, 375, 255, 330, 270, 557, 297, 290, 430, 221, 270, 273, 387, 230, 245, 200, 275, 270, 405, 235, 295, 250, 1008, 290, 355, 260, 235, 235, 290, 325, 418, 275, 325, 365, 235, 245, 811, 245, 480, 461, 295, 275, 235, 390, 260, 215, 230, 285, 560, 300, 310, 275, 615, 286, 306, 510, 525, 221, 330, 300, 265, 358, 205, 295, 510, 225, 330, 330, 290, 305, 285, 505, 330, 260, 275, 230, 255, 505, 185, 345, 240, 230, 215, 340, 557, 775, 210, 295, 445, 386, 225, 205, 265, 585, 370, 277, 350, 315, 300, 300, 300, 250, 215, 465, 235, 320, 350, 851, 245, 230, 275, 336, 
565260, 1
565260, 333
565260, 539
565260, 186628
565260, 33913
565260, 226172
565261, 1
565261, 
565261, 2
565261, 26854
565261, 40314
565261, 42139
565261, 6785
565261, 220713
628875, 286
628875, 145, 130, 125, 140, 155, 133, 120, 145, 120, 180, 175, 115, 175, 145, 85, 140, 155, 145, 195, 205, 145, 130, 150, 151, 270, 110, 120, 160, 175, 165, 315, 160, 140, 210, 380, 165, 110, 95, 190, 160, 201, 145, 145, 175, 140, 145, 220, 150, 180, 165, 200, 150, 137, 215, 190, 135, 175, 290, 135, 160, 190, 155, 146, 165, 191, 170, 200, 145, 110, 207, 195, 190, 140, 126, 155, 155, 155, 145, 165, 160, 105, 185, 160, 295, 150, 270, 150, 236, 165, 155, 320, 170, 180, 165, 135, 110, 155, 165, 176, 150, 190, 135, 235, 175, 192, 170, 166, 170, 118, 157, 268, 160, 125, 205, 225, 125, 175, 145, 225, 150, 165, 320, 120, 130, 155, 130, 165, 145, 150, 220, 185, 175, 305, 260, 220, 211, 225, 180, 180, 275, 180, 330, 150, 135, 145, 120, 195, 225, 130, 135, 140, 141, 180, 115, 175, 220, 140, 200, 166, 115, 130, 215, 115, 165, 125, 185, 195, 165, 140, 135, 190, 255, 195, 190, 185, 165, 150, 200, 205, 235, 165, 145, 186, 220, 189, 210, 195, 185, 165, 135, 150, 140, 160, 155, 285, 350, 255, 110, 170, 175, 145, 155, 285, 180, 175, 155, 150, 301, 241, 170, 150, 230, 185, 171, 155, 166, 180, 195, 280, 180, 165, 130, 175, 150, 330, 146, 215, 170, 325, 125, 180, 125, 208, 185, 165, 150, 190, 240, 166, 175, 220, 182, 115, 140, 325, 195, 235, 390, 185, 215, 195, 175, 300, 315, 121, 253, 205, 225, 175, 130, 170, 155, 198, 220, 155, 200, 275, 201, 156, 140, 200, 225, 115, 360, 205, 282, 121, 195, 225, 120, 175, 175, 335, 465, 290, 139, 150, 175, 211, 145, 180, 150, 285, 195, 275, 220, 235, 155, 150, 177, 125, 160, 128, 190, 147, 165, 200, 185, 642, 210, 240, 697, 255, 165, 155, 305, 210, 235, 215, 210, 165, 420, 322, 893, 370, 275, 185, 205, 396, 135, 270, 
628875, 1
628875, 339
628875, 554
628875, 129855
628875, 47901
628875, 223978
694028, 358
694028, 90, 130, 170, 200, 175, 110, 215, 225, 155, 200, 190, 175, 186, 230, 160, 160, 150, 175, 175, 150, 125, 170, 165, 120, 180, 160, 130, 160, 160, 153, 165, 205, 150, 155, 136, 130, 130, 115, 200, 175, 185, 140, 185, 159, 180, 145, 255, 155, 158, 250, 180, 160, 145, 130, 157, 165, 175, 140, 140, 175, 125, 125, 160, 180, 115, 210, 150, 180, 140, 140, 145, 205, 150, 305, 150, 135, 205, 141, 180, 295, 130, 136, 160, 195, 185, 157, 95, 275, 415, 175, 200, 205, 120, 180, 245, 175, 141, 195, 190, 222, 140, 240, 165, 150, 175, 210, 85, 240, 185, 140, 270, 143, 167, 180, 150, 205, 160, 245, 200, 233, 190, 205, 170, 245, 165, 166, 285, 155, 140, 220, 310, 283, 165, 150, 170, 155, 225, 122, 155, 265, 365, 135, 170, 135, 185, 155, 160, 160, 170, 170, 195, 190, 275, 135, 200, 190, 375, 205, 132, 160, 195, 155, 205, 205, 160, 305, 125, 160, 138, 360, 360, 135, 185, 195, 170, 210, 180, 445, 190, 225, 235, 250, 175, 346, 180, 315, 130, 145, 150, 160, 180, 160, 155, 185, 190, 160, 172, 195, 190, 178, 290, 220, 140, 175, 220, 185, 155, 190, 180, 115, 230, 190, 200, 230, 143, 165, 145, 160, 305, 270, 360, 195, 155, 225, 165, 230, 170, 140, 153, 160, 235, 220, 115, 270, 155, 170, 280, 240, 290, 136, 225, 200, 180, 145, 469, 310, 230, 246, 205, 200, 130, 220, 160, 136, 220, 175, 170, 155, 231, 195, 221, 177, 200, 170, 200, 180, 255, 155, 270, 225, 265, 220, 180, 175, 460, 171, 160, 175, 150, 325, 190, 165, 295, 105, 185, 170, 170, 130, 170, 235, 255, 162, 215, 125, 215, 255, 155, 140, 415, 135, 156, 160, 185, 400, 170, 200, 180, 315, 708, 171, 145, 155, 135, 235, 203, 185, 150, 152, 185, 240, 200, 175, 190, 792, 140, 135, 145, 635, 205, 180, 196, 221, 
694028, 1
694028, 337
694028, 547
694028, 67689
694028, 12194
694028, 222825
694029, 1
694029, 
694029, 1
694029, 18730
694029, 18935
694029, 323940
694029, 63904
694029, 221984
707477, 62
707477, 10, 20, 15, 20, 25, 30, 15, 20, 17, 15, 35, 10, 25, 20, 25, 30, 5, 30, 35, 20, 5, 30, 40, 25, 45, 25, 25, 15, 30, 55, 35, 40, 20, 50, 40, 30, 30, 25, 20, 35, 30, 10, 30, 15, 25, 85, 45, 25, 35, 55, 15, 30, 10, 50, 31, 60, 45, 25, 25, 25, 36, 25, 25, 20, 45, 35, 45, 30, 50, 30, 25, 30, 35, 50, 20, 45, 10, 25, 50, 45, 30, 35, 20, 55, 30, 50, 25, 35, 35, 40, 45, 25, 45, 25, 5, 40, 40, 30, 15, 25, 40, 30, 55, 25, 40, 62, 40, 35, 55, 30, 20, 35, 40, 20, 25, 30, 40, 40, 25, 35, 45, 30, 20, 35, 75, 40, 40, 30, 30, 35, 40, 25, 30, 25, 22, 40, 20, 45, 50, 50, 21, 30, 45, 50, 60, 45, 10, 15, 20, 50, 36, 25, 30, 60, 35, 25, 30, 45, 55, 50, 30, 30, 30, 35, 40, 45, 35, 35, 45, 50, 20, 25, 15, 40, 35, 30, 35, 25, 50, 45, 35, 45, 35, 35, 25, 40, 70, 30, 20, 35, 30, 35, 65, 40, 50, 45, 40, 30, 20, 55, 80, 35, 35, 45, 20, 41, 60, 25, 45, 45, 35, 20, 60, 150, 60, 20, 35, 40, 55, 25, 25, 60, 50, 20, 35, 30, 30, 40, 65, 30, 40, 45, 35, 40, 35, 25, 30, 70, 55, 40, 70, 45, 35, 20, 45, 55, 25, 85, 20, 65, 20, 15, 40, 40, 20, 55, 90, 86, 50, 70, 30, 45, 45, 25, 40, 20, 65, 190, 35, 25, 70, 95, 65, 35, 35, 30, 40, 35, 100, 60, 45, 75, 65, 30, 65, 30, 20, 50, 35, 55, 90, 75, 35, 45, 30, 20, 65, 25, 40, 35, 15, 50, 100, 40, 45, 60, 40, 105, 35, 45, 20, 25, 215, 55, 35, 41, 140, 15, 45, 35, 25, 35, 30, 55, 50, 35, 125, 55, 140, 30, 40, 40, 45, 123, 
707477, 1
707477, 420
707477, 668
707477, 144996
707477, 32434
707477, 225201
717225, 221
717225, 10, 10, 5, 10, 10, 5, 5, 20, 15, 15, 20, 15, 15, 15, 20, 10, 5, 20, 15, 20, 15, 5, 10, 15, 16, 20, 10, 20, 20, 50, 5, 25, 5, 25, 20, 30, 15, 20, 10, 10, 15, 20, 15, 20, 20, 30, 15, 30, 15, 25, 20, 30, 25, 25, 40, 20, 25, 30, 25, 15, 35, 20, 50, 20, 15, 30, 20, 20, 20, 50, 60, 35, 10, 10, 30, 25, 10, 30, 50, 20, 35, 15, 25, 15, 15, 5, 10, 15, 30, 40, 25, 5, 20, 15, 15, 25, 10, 30, 20, 35, 30, 20, 20, 15, 20, 10, 25, 35, 45, 25, 20, 20, 25, 25, 15, 25, 40, 25, 35, 15, 25, 25, 15, 15, 40, 50, 50, 15, 25, 40, 20, 30, 25, 40, 10, 20, 15, 15, 36, 15, 20, 40, 25, 15, 25, 20, 10, 20, 25, 30, 25, 35, 25, 40, 30, 20, 35, 35, 25, 40, 20, 20, 10, 22, 10, 35, 40, 15, 25, 45, 10, 15, 30, 35, 40, 30, 30, 80, 20, 20, 20, 25, 15, 80, 30, 15, 15, 15, 40, 40, 35, 40, 20, 40, 75, 25, 45, 25, 75, 60, 20, 30, 25, 35, 35, 25, 50, 15, 35, 30, 30, 25, 20, 40, 25, 15, 25, 100, 45, 30, 25, 40, 15, 25, 30, 60, 25, 107, 35, 45, 65, 40, 50, 25, 50, 75, 50, 35, 55, 40, 20, 25, 20, 20, 45, 35, 35, 25, 40, 45, 15, 10, 80, 40, 15, 25, 10, 55, 35, 25, 65, 35, 30, 5, 45, 10, 25, 30, 30, 25, 15, 50, 35, 55, 35, 20, 30, 25, 35, 50, 25, 85, 65, 20, 50, 15, 35, 51, 50, 40, 45, 20, 25, 35, 35, 30, 40, 30, 20, 45, 80, 10, 15, 30, 30, 30, 15, 30, 30, 55, 35, 20, 15, 25, 15, 25, 30, 25, 50, 20, 20, 40, 50, 15, 40, 20, 20, 40, 30, 25, 35, 20, 45, 45, 45, 
717225, 1
717225, 421
717225, 747
717225, 80155
717225, 34842
717225, 222774
720273, 10
720273, 5, 5, 5, 5, 5, 5, 5, 5, 5, 5, 5, 5, 5, 5, 5, 5, 10, 5, 5, 5, 5, 5, 20, 10, 5, 5, 5, 5, 10, 10, 5, 5, 5, 5, 10, 15, 20, 5, 5, 5, 10, 5, 5, 10, 10, 5, 10, 5, 5, 5, 5, 5, 5, 10, 5, 10, 5, 5, 10, 10, 10, 10, 10, 5, 15, 10, 5, 5, 15, 5, 10, 20, 10, 15, 10, 5, 15, 10, 10, 5, 5, 5, 5, 5, 10, 10, 20, 5, 5, 5, 20, 5, 15, 20, 10, 15, 20, 5, 5, 5, 15, 20, 10, 10, 20, 15, 5, 10, 15, 10, 10, 10, 5, 5, 10, 5, 15, 15, 15, 10, 5, 10, 10, 25, 15, 10, 10, 5, 10, 5, 10, 10, 10, 20, 5, 5, 5, 15, 5, 20, 5, 10, 10, 10, 45, 10, 10, 15, 5, 20, 25, 20, 10, 15, 5, 20, 20, 20, 10, 5, 10, 20, 15, 10, 5, 10, 20, 10, 10, 5, 10, 30, 10, 30, 5, 20, 15, 15, 30, 10, 25, 5, 10, 10, 15, 10, 10, 5, 10, 20, 20, 5, 15, 5, 20, 30, 10, 10, 10, 5, 5, 15, 15, 15, 10, 5, 5, 10, 10, 5, 25, 20, 20, 30, 30, 10, 10, 5, 75, 5, 20, 5, 5, 20, 5, 17, 7, 10, 10, 15, 20, 10, 5, 5, 10, 15, 25, 5, 25, 10, 20, 10, 15, 15, 5, 10, 15, 5, 10, 5, 20, 20, 20, 5, 30, 10, 10, 30, 40, 10, 10, 15, 30, 10, 29, 
720273, 10
720273, 583
720273, 874
720273, 63358
720273, 22981
720273, 223033
720274, 1
720274, 
720274, 1
720274, 19407
720274, 38524
720274, 6557
720274, 1516
720274, 223422
720275, 1
720275, 
720275, 1
720275, 37520
720275, 56198
720275, 19410
720275, 4229
720275, 224506
720276, 1
720276, 
720276, 1
720276, 54494
720276, 170380
720276, 496607
720276, 102346
720276, 222255
720277, 1
720277, 
720277, 3
720277, 71224
720277, 186656
720277, 119229
720277, 32922
720277, 219748
865121, 781
865121, 310, 292, 325, 320, 380, 385, 235, 345, 370, 365, 280, 300, 290, 285, 278, 260, 365, 250, 270, 340, 352, 300, 412, 335, 325, 345, 305, 355, 400, 357, 315, 330, 270, 375, 305, 310, 435, 305, 360, 330, 315, 402, 587, 350, 325, 405, 375, 365, 315, 330, 315, 465, 495, 645, 356, 315, 375, 365, 365, 360, 305, 475, 505, 341, 405, 327, 310, 280, 298, 295, 410, 310, 700, 370, 330, 400, 426, 332, 296, 350, 560, 360, 521, 380, 325, 315, 350, 413, 305, 275, 315, 290, 275, 335, 450, 395, 450, 400, 395, 421, 345, 310, 405, 320, 336, 387, 340, 388, 535, 340, 335, 276, 270, 515, 295, 322, 360, 340, 595, 710, 486, 380, 430, 370, 361, 360, 365, 295, 310, 455, 610, 375, 375, 295, 360, 310, 515, 581, 385, 870, 480, 320, 532, 350, 525, 365, 440, 1116, 370, 300, 676, 300, 507, 360, 337, 355, 325, 430, 400, 340, 340, 520, 310, 716, 485, 286, 385, 389, 335, 350, 400, 345, 399, 358, 325, 320, 375, 820, 415, 365, 285, 366, 515, 505, 300, 280, 875, 490, 285, 355, 245, 495, 370, 300, 305, 421, 410, 380, 555, 435, 340, 476, 365, 335, 355, 415, 250, 420, 250, 350, 466, 375, 525, 295, 530, 305, 305, 500, 375, 357, 542, 365, 421, 345, 445, 300, 570, 370, 450, 390, 380, 286, 385, 335, 266, 371, 331, 318, 510, 270, 340, 360, 360, 530, 605, 315, 330, 575, 375, 336, 480, 360, 300, 400, 360, 364, 880, 485, 400, 325, 405, 322, 320, 305, 355, 321, 1381, 415, 440, 385, 385, 345, 580, 300, 351, 330, 311, 300, 2164, 491, 295, 400, 505, 403, 692, 431, 275, 385, 345, 280, 390, 345, 1266, 555, 335, 350, 356, 445, 370, 456, 336, 350, 2464, 341, 315, 351, 430, 330, 1082, 235, 325, 405, 415, 1310, 350, 293, 415, 335, 351, 696, 245, 495, 345, 380, 330, 280, 745, 360, 720, 345, 629, 1206, 395, 730, 340, 325, 1005, 540, 2295, 426, 658, 
865121, 1
865121, 351
865121, 602
865121, 396629
865121, 88399
865121, 218378
865122, 1
865122, 
865122, 1
865122, 24985
865122, 74514
865122, 1590
865122, 606
865122, 218497
952316, 822
952316, 180, 120, 185, 130, 200, 185, 175, 170, 240, 245, 195, 195, 172, 196, 170, 200, 180, 220, 213, 195, 248, 190, 215, 231, 140, 190, 202, 170, 235, 295, 175, 175, 200, 180, 145, 205, 205, 160, 250, 175, 211, 228, 140, 185, 195, 235, 230, 200, 285, 270, 210, 165, 195, 222, 195, 205, 197, 225, 145, 205, 165, 220, 430, 187, 190, 225, 200, 155, 250, 205, 220, 240, 230, 190, 295, 280, 300, 207, 185, 260, 190, 180, 150, 180, 285, 245, 250, 155, 215, 425, 180, 280, 200, 340, 595, 225, 210, 297, 180, 215, 270, 285, 165, 200, 150, 180, 220, 230, 200, 205, 180, 335, 195, 255, 180, 245, 540, 245, 175, 180, 240, 240, 315, 240, 275, 370, 226, 190, 175, 206, 180, 165, 221, 195, 145, 235, 230, 180, 200, 200, 165, 185, 260, 235, 240, 225, 198, 240, 310, 248, 375, 200, 240, 330, 335, 175, 175, 170, 196, 318, 205, 150, 180, 420, 320, 460, 205, 215, 210, 185, 205, 235, 200, 170, 210, 220, 400, 193, 380, 180, 210, 165, 250, 195, 291, 190, 220, 190, 195, 185, 185, 215, 175, 325, 150, 185, 190, 225, 550, 290, 325, 180, 205, 215, 460, 320, 195, 235, 215, 190, 195, 207, 206, 210, 205, 175, 220, 170, 340, 335, 215, 180, 380, 185, 235, 240, 205, 305, 220, 240, 352, 170, 255, 205, 200, 180, 240, 145, 190, 1077, 180, 240, 140, 225, 270, 265, 190, 280, 225, 215, 210, 305, 200, 210, 370, 205, 297, 1235, 235, 210, 225, 355, 235, 200, 380, 185, 141, 316, 205, 295, 275, 335, 465, 500, 380, 934, 185, 235, 215, 200, 200, 235, 145, 200, 185, 265, 185, 185, 235, 355, 380, 195, 235, 481, 640, 635, 175, 560, 315, 330, 375, 355, 165, 540, 155, 240, 205, 215, 215, 320, 155, 225, 1096, 180, 220, 220, 380, 260, 220, 200, 220, 320, 470, 190, 210, 225, 345, 480, 250, 185, 176, 195, 200, 205, 275, 365, 245, 230, 1520, 141, 250, 210, 265, 
952316, 1
952316, 352
952316, 653
952316, 486408
952316, 149797
952316, 219457
1011578, 871
1011578, 125, 115, 170, 130, 275, 130, 115, 120, 105, 125, 131, 155, 105, 135, 170, 175, 80, 140, 110, 190, 106, 110, 130, 200, 75, 135, 190, 135, 165, 170, 125, 95, 85, 150, 165, 105, 170, 175, 185, 120, 105, 175, 125, 235, 125, 160, 130, 130, 135, 100, 175, 140, 165, 120, 135, 181, 120, 160, 140, 120, 120, 155, 130, 120, 110, 115, 255, 150, 145, 175, 135, 135, 165, 130, 140, 115, 165, 170, 110, 86, 125, 165, 115, 115, 200, 165, 280, 190, 120, 170, 280, 150, 120, 135, 110, 315, 115, 96, 185, 160, 150, 180, 95, 130, 110, 155, 120, 120, 205, 120, 195, 80, 125, 215, 120, 125, 150, 185, 125, 170, 145, 147, 145, 130, 330, 135, 205, 130, 125, 210, 185, 90, 170, 175, 111, 135, 280, 110, 140, 145, 535, 130, 150, 151, 150, 245, 140, 180, 170, 105, 135, 110, 145, 175, 200, 195, 95, 160, 220, 150, 100, 145, 250, 145, 125, 185, 120, 250, 220, 80, 135, 190, 127, 245, 115, 265, 125, 145, 100, 135, 110, 140, 130, 100, 195, 100, 255, 170, 120, 106, 111, 115, 135, 125, 115, 115, 250, 185, 145, 145, 130, 145, 160, 145, 150, 210, 155, 255, 215, 260, 200, 120, 185, 150, 145, 145, 281, 145, 125, 120, 100, 221, 155, 145, 135, 131, 130, 125, 415, 145, 140, 240, 145, 155, 155, 165, 250, 161, 215, 155, 185, 130, 117, 125, 230, 165, 135, 195, 125, 125, 110, 175, 141, 325, 160, 185, 172, 185, 125, 120, 265, 195, 145, 160, 475, 110, 255, 200, 365, 150, 142, 215, 115, 250, 240, 866, 100, 145, 125, 190, 110, 130, 245, 140, 335, 325, 160, 100, 275, 255, 175, 140, 335, 135, 200, 162, 100, 355, 160, 275, 125, 185, 150, 110, 106, 200, 151, 465, 155, 181, 190, 815, 160, 195, 145, 135, 170, 740, 140, 115, 105, 120, 230, 175, 166, 110, 180, 210, 150, 230, 290, 145, 245, 130, 115, 240, 145, 195, 95, 135, 125, 281, 455, 179, 
1011578, 2
1011578, 368
1011578, 700
1011578, 83665
1011578, 16097
1011578, 219470
1011579, 1
1011579, 
1011579, 1
1011579, 31758
1011579, 32088
1011579, 143803
1011579, 37681
1011579, 218451
1011580, 1
1011580, 
1011580, 4
1011580, 149799
1011580, 269522
1011580, 95991
1011580, 39203
1011580, 221251
1011581, 1
1011581, 
1011581, 3
1011581, 104135
1011581, 133526
1011581, 135426
1011581, 35715
1011581, 219918
1013745, 63
1013745, 5, 5, 5, 5, 5, 5, 5, 5, 5, 5, 5, 5, 5, 10, 5, 5, 5, 5, 5, 5, 5, 5, 5, 5, 5, 5, 15, 5, 10, 5, 5, 5, 5, 5, 5, 5, 5, 10, 5, 5, 5, 10, 5, 5, 15, 5, 5, 10, 20, 10, 5, 10, 5, 10, 5, 5, 5, 10, 15, 5, 10, 5, 5, 5, 5, 5, 15, 5, 5, 5, 5, 10, 10, 5, 15, 5, 5, 15, 5, 5, 5, 15, 10, 20, 5, 5, 5, 15, 10, 5, 10, 5, 10, 5, 10, 10, 5, 5, 5, 5, 15, 5, 15, 5, 5, 5, 5, 5, 5, 15, 5, 5, 5, 5, 10, 5, 10, 5, 5, 15, 15, 5, 5, 15, 10, 5, 10, 10, 5, 15, 20, 15, 15, 5, 30, 5, 20, 10, 5, 5, 20, 10, 10, 5, 5, 10, 5, 5, 5, 5, 15, 5, 5, 5, 5, 5, 10, 10, 20, 5, 31, 10, 5, 15, 5, 5, 10, 5, 15, 5, 20, 5, 5, 5, 55, 5, 5, 10, 15, 10, 20, 5, 15, 15, 10, 15, 20, 10, 5, 5, 10, 85, 10, 15, 10, 20, 15, 10, 10, 15, 10, 5, 5, 5, 5, 10, 15, 10, 20, 10, 10, 25, 5, 70, 15, 10, 20, 10, 15, 10, 15, 
1013745, 1
1013745, 1641
1013745, 3065
1013745, 1923
1013745, 379
1013745, 220011
1210714, 420
1210714, 413, 393, 390, 413, 420, 671, 375, 395, 450, 456, 642, 475, 408, 370, 440, 370, 383, 445, 330, 480, 425, 396, 370, 340, 505, 538, 431, 400, 395, 425, 410, 391, 510, 480, 475, 520, 400, 415, 475, 445, 425, 400, 490, 380, 410, 376, 430, 530, 460, 411, 440, 410, 477, 330, 383, 385, 490, 445, 420, 660, 535, 410, 400, 661, 400, 445, 370, 585, 290, 435, 395, 362, 450, 473, 480, 405, 865, 615, 830, 405, 370, 495, 650, 425, 390, 456, 590, 490, 480, 450, 480, 436, 410, 450, 645, 976, 385, 449, 550, 340, 505, 435, 415, 380, 400, 1316, 1355, 500, 415, 456, 405, 865, 690, 515, 420, 440, 480, 395, 445, 416, 455, 365, 455, 430, 670, 440, 355, 485, 565, 437, 435, 390, 297, 475, 395, 410, 365, 425, 810, 695, 385, 430, 615, 600, 1145, 536, 1075, 451, 485, 400, 917, 372, 545, 415, 467, 465, 405, 430, 635, 410, 896, 591, 335, 475, 1061, 395, 850, 477, 380, 500, 470, 395, 710, 415, 420, 445, 1447, 465, 440, 465, 485, 485, 550, 370, 445, 405, 480, 636, 330, 325, 405, 395, 480, 455, 385, 725, 480, 496, 1155, 375, 475, 420, 605, 496, 550, 462, 500, 1040, 432, 440, 396, 400, 465, 465, 356, 395, 445, 1355, 370, 365, 475, 340, 410, 725, 413, 495, 510, 505, 642, 431, 385, 380, 500, 475, 435, 505, 430, 480, 450, 510, 395, 480, 415, 485, 840, 460, 330, 540, 415, 860, 1100, 820, 415, 353, 815, 875, 705, 396, 415, 726, 495, 415, 650, 455, 718, 680, 391, 781, 430, 785, 375, 841, 336, 475, 375, 1010, 430, 885, 525, 456, 1040, 960, 705, 425, 1500, 435, 440, 475, 470, 536, 1115, 490, 2828, 510, 735, 425, 385, 395, 750, 415, 3115, 535, 455, 612, 755, 700, 700, 426, 1390, 446, 365, 420, 815, 495, 2446, 400, 1225, 398, 405, 371, 460, 455, 717, 510, 505, 350, 455, 1928, 355, 700, 410, 460, 465, 3889, 1065, 610, 1851, 686, 405, 490, 1263, 504, 1245, 437, 405, 445, 470, 372, 634, 
1210714, 3
1210714, 350
1210714, 647
1210714, 695799
1210714, 160458
1210714, 220587
1246943, 116
1246943, 70, 32, 60, 65, 80, 65, 70, 50, 55, 60, 58, 60, 50, 120, 110, 85, 50, 80, 80, 65, 60, 25, 40, 90, 90, 100, 70, 75, 105, 95, 110, 60, 60, 55, 65, 100, 55, 80, 80, 85, 50, 65, 75, 105, 55, 60, 70, 125, 60, 95, 90, 70, 125, 105, 110, 60, 125, 50, 145, 75, 60, 110, 160, 80, 230, 80, 60, 40, 55, 95, 115, 55, 45, 75, 60, 100, 95, 50, 90, 60, 92, 95, 55, 85, 70, 105, 115, 95, 80, 80, 95, 215, 55, 60, 95, 115, 100, 60, 100, 100, 90, 60, 75, 90, 95, 45, 65, 80, 68, 135, 65, 80, 75, 55, 60, 110, 65, 75, 80, 110, 100, 105, 76, 105, 170, 80, 40, 95, 95, 70, 90, 95, 60, 100, 125, 95, 85, 70, 115, 65, 71, 115, 60, 95, 70, 60, 90, 135, 170, 90, 131, 85, 160, 105, 90, 90, 115, 40, 65, 95, 100, 100, 30, 85, 235, 75, 50, 125, 70, 60, 145, 110, 165, 55, 55, 90, 116, 50, 100, 70, 85, 200, 110, 115, 160, 75, 95, 65, 305, 50, 160, 150, 65, 130, 55, 70, 210, 140, 90, 75, 125, 135, 170, 45, 100, 90, 65, 75, 135, 140, 65, 80, 115, 105, 160, 95, 120, 95, 125, 160, 85, 90, 75, 75, 95, 110, 90, 75, 80, 70, 70, 75, 115, 105, 75, 351, 140, 75, 180, 100, 100, 80, 120, 100, 150, 70, 120, 45, 100, 65, 45, 70, 265, 60, 80, 120, 260, 125, 106, 105, 110, 215, 75, 65, 60, 60, 80, 115, 210, 95, 90, 300, 135, 80, 80, 285, 95, 50, 95, 70, 75, 100, 85, 220, 230, 100, 70, 95, 95, 90, 525, 95, 85, 495, 85, 135, 185, 230, 75, 80, 230, 130, 125, 170, 85, 120, 85, 100, 120, 90, 90, 35, 80, 95, 110, 100, 50, 125, 95, 60, 65, 190, 145, 155, 80, 55, 85, 60, 115, 165, 571, 110, 265, 80, 80, 70, 100, 100, 95, 267, 220, 50, 120, 65, 70, 175, 90, 115, 195, 234, 
1246943, 1
1246943, 368
1246943, 668
1246943, 418798
1246943, 111080
1246943, 221159
1320545, 157
1320545, 140, 155, 140, 100, 140, 135, 115, 156, 115, 155, 165, 95, 80, 125, 90, 170, 185, 205, 175, 160, 190, 125, 155, 155, 165, 165, 155, 155, 150, 165, 160, 161, 165, 185, 140, 140, 240, 130, 110, 140, 140, 150, 145, 150, 155, 145, 200, 205, 150, 225, 150, 120, 155, 175, 185, 200, 115, 190, 110, 120, 170, 180, 154, 165, 135, 175, 150, 190, 155, 115, 180, 155, 130, 150, 155, 165, 215, 185, 340, 110, 235, 275, 170, 280, 135, 260, 161, 220, 175, 175, 175, 85, 150, 165, 145, 110, 165, 190, 135, 205, 190, 180, 135, 190, 165, 270, 160, 125, 215, 175, 265, 140, 145, 175, 135, 150, 135, 223, 170, 165, 135, 150, 175, 180, 150, 160, 265, 610, 175, 165, 155, 205, 200, 275, 220, 200, 185, 135, 145, 235, 215, 125, 165, 190, 185, 210, 105, 160, 175, 400, 190, 185, 140, 185, 180, 115, 220, 190, 225, 200, 148, 145, 135, 170, 183, 250, 310, 175, 175, 190, 160, 250, 165, 155, 171, 125, 155, 185, 195, 145, 390, 355, 435, 235, 150, 125, 310, 195, 180, 230, 235, 190, 142, 330, 220, 125, 150, 180, 130, 150, 170, 155, 155, 160, 205, 230, 220, 155, 115, 320, 135, 160, 390, 125, 170, 155, 175, 136, 265, 170, 295, 160, 190, 150, 155, 165, 270, 150, 170, 525, 310, 165, 150, 370, 155, 330, 210, 310, 135, 185, 160, 165, 155, 430, 181, 165, 535, 220, 190, 220, 160, 150, 180, 135, 155, 190, 125, 400, 170, 220, 330, 429, 280, 160, 450, 255, 285, 140, 280, 498, 243, 155, 190, 216, 155, 175, 130, 310, 160, 175, 145, 130, 265, 430, 180, 225, 180, 145, 145, 135, 135, 190, 180, 340, 170, 315, 625, 145, 175, 195, 200, 185, 180, 195, 135, 105, 155, 165, 190, 305, 250, 330, 940, 430, 285, 145, 888, 155, 210, 145, 365, 1152, 295, 175, 165, 305, 410, 447, 174, 155, 205, 520, 160, 180, 210, 195, 230, 322, 330, 200, 150, 200, 235, 331, 195, 170, 505, 625, 365, 730, 509, 
1320545, 1
1320545, 358
1320545, 673
1320545, 631756
1320545, 194362
1320545, 224076
1777604, 2209
1777604, 922, 955, 945, 965, 1015, 975, 890, 955, 835, 961, 825, 980, 1480, 1057, 1071, 915, 1120, 945, 955, 1092, 1060, 2150, 979, 910, 1055, 1005, 885, 1031, 1010, 841, 940, 933, 872, 1110, 1030, 1050, 945, 915, 1010, 870, 1005, 976, 1245, 1105, 1200, 900, 988, 1045, 922, 1065, 960, 1075, 1410, 930, 930, 995, 1546, 1050, 1057, 855, 945, 1017, 962, 945, 1005, 980, 910, 1025, 945, 961, 965, 980, 1100, 938, 977, 1180, 1375, 1200, 805, 1000, 1535, 923, 912, 896, 1031, 1086, 1525, 896, 1145, 955, 975, 915, 1040, 1085, 1855, 1315, 975, 1001, 1045, 1748, 1080, 1590, 825, 985, 995, 1135, 1041, 1000, 925, 1170, 1020, 955, 885, 1405, 970, 1090, 1085, 2030, 1392, 1030, 2686, 1045, 1000, 990, 1955, 1055, 4122, 1010, 1745, 955, 1275, 942, 1206, 970, 945, 1115, 2240, 1207, 865, 990, 1175, 1705, 920, 878, 977, 891, 974, 892, 1605, 1125, 851, 1020, 1050, 900, 1595, 930, 953, 1161, 905, 1075, 3357, 1100, 1515, 1086, 1435, 875, 945, 896, 890, 1460, 1600, 886, 1510, 980, 1231, 1250, 895, 1280, 980, 1055, 1685, 840, 1894, 2895, 1125, 895, 990, 1031, 950, 995, 1062, 1840, 1010, 1015, 971, 1575, 982, 995, 910, 890, 2490, 991, 990, 960, 3009, 1040, 920, 956, 965, 985, 1040, 1916, 2360, 1000, 2950, 1763, 1125, 2587, 965, 1042, 1050, 980, 985, 910, 920, 3646, 1225, 1010, 936, 1220, 1621, 855, 950, 5170, 940, 915, 965, 980, 1600, 1040, 1025, 1555, 850, 1500, 995, 1070, 2278, 1020, 940, 975, 1075, 893, 1700, 1080, 935, 1050, 1431, 1023, 1045, 2522, 850, 1120, 1005, 835, 960, 1935, 1068, 950, 2165, 875, 1995, 962, 1030, 2490, 2281, 2940, 1017, 3330, 3481, 999, 1046, 880, 1815, 1010, 963, 2275, 1691, 3645, 1030, 1170, 845, 955, 1130, 3185, 1055, 2765, 1085, 1985, 3315, 1060, 960, 1215, 1995, 1110, 1326, 1095, 1160, 1061, 1110, 1645, 940, 2315, 830, 951, 960, 855, 971, 1120, 850, 1015, 930, 2130, 3513, 901, 931, 2535, 1165, 976, 2120, 1005, 2070, 905, 875, 1535, 3065, 1270, 960, 2746, 1185, 1190, 1300, 1070, 1125, 1075, 2000, 1005, 1707, 8052, 2755, 973, 1047, 2048, 
1777604, 1
1777604, 340
1777604, 718
1777604, 667583
1777604, 161186
1777604, 227048
2228024, 2318
2228024, 1615, 980, 921, 835, 855, 875, 945, 781, 800, 1025, 925, 910, 881, 890, 995, 905, 970, 1095, 785, 965, 900, 830, 795, 885, 910, 1025, 850, 885, 1230, 840, 770, 881, 896, 1021, 970, 1320, 1050, 920, 975, 912, 890, 910, 765, 820, 1080, 915, 920, 1195, 1115, 1095, 967, 780, 771, 790, 890, 1060, 970, 775, 905, 1030, 1035, 960, 840, 1501, 895, 785, 1921, 950, 890, 910, 1130, 1362, 935, 900, 980, 955, 2065, 920, 1095, 1705, 905, 941, 1300, 815, 1390, 1015, 926, 905, 775, 920, 1045, 975, 1000, 965, 945, 830, 970, 902, 1105, 760, 1350, 960, 3002, 825, 815, 865, 1880, 840, 995, 830, 1035, 1705, 1845, 2225, 735, 1587, 965, 980, 915, 2505, 930, 943, 865, 915, 961, 1581, 785, 1010, 805, 1620, 1552, 906, 950, 2885, 1006, 1326, 992, 1370, 900, 955, 805, 1052, 1315, 2190, 925, 1155, 835, 936, 1000, 1090, 990, 1087, 955, 1176, 921, 950, 858, 1245, 1080, 1130, 960, 950, 2845, 985, 895, 920, 870, 860, 2575, 900, 1535, 1508, 975, 1025, 984, 4045, 4891, 960, 946, 805, 1065, 1000, 970, 1670, 1025, 1580, 815, 1150, 980, 969, 825, 922, 835, 970, 965, 1007, 1695, 845, 3075, 1205, 1995, 1290, 1215, 1650, 937, 1762, 940, 890, 785, 3580, 1105, 907, 2300, 1000, 915, 951, 855, 901, 1026, 811, 1030, 1610, 940, 845, 2085, 910, 1242, 1720, 882, 945, 2260, 949, 845, 800, 850, 1047, 925, 1090, 917, 913, 855, 850, 1290, 1015, 1280, 980, 900, 1020, 1385, 970, 2165, 3716, 970, 940, 1890, 1855, 1070, 900, 2785, 835, 805, 2270, 795, 2255, 2940, 835, 970, 1569, 932, 960, 2682, 1045, 2460, 950, 2691, 2150, 3510, 2586, 877, 745, 1065, 3186, 1410, 1360, 1013, 1705, 2200, 915, 2190, 2262, 841, 995, 1547, 990, 885, 805, 1040, 994, 856, 940, 1140, 970, 790, 3097, 1046, 807, 866, 2412, 3870, 835, 860, 750, 907, 1081, 910, 1550, 3853, 1945, 945, 2305, 1655, 1290, 1440, 931, 990, 2190, 2710, 1075, 1585, 990, 875, 3100, 900, 980, 8527, 988, 2920, 1050, 931, 975, 995, 910, 1015, 923, 915, 980, 3391, 1615, 1442, 950, 957, 1691, 3363, 
2228024, 6
2228024, 350
2228024, 738
2228024, 256709
2228024, 102359
2228024, 225894
2228079, 5
2228079, 5, 5, 5, 5, 5, 5, 5, 5, 5, 5, 
2228079, 1
2228079, 20231
2228079, 199714
2228079, 17835
2228079, 3847
2228079, 226280
2993907, 4520
2993907, 1885, 2470, 1736, 1595, 1505, 1420, 1695, 1380, 1345, 1670, 1390, 1400, 1375, 1593, 1430, 1476, 1947, 1315, 1690, 2295, 1531, 2629, 1680, 1110, 1313, 1475, 1445, 1473, 1550, 1488, 1475, 1405, 1340, 1450, 1750, 1610, 1455, 1672, 1440, 1610, 1350, 1940, 1991, 1356, 1700, 1640, 1780, 1310, 1565, 1605, 2865, 1590, 1600, 1465, 1240, 1490, 1390, 1670, 1407, 1436, 1655, 1780, 1183, 1440, 3150, 1400, 1515, 1345, 1635, 1375, 1345, 1360, 2005, 1435, 2480, 1445, 1371, 1235, 1325, 2435, 1420, 1800, 1415, 1595, 1655, 1600, 1505, 1460, 1560, 1510, 2780, 1920, 1552, 1550, 2755, 1445, 1502, 2100, 1465, 1795, 1412, 1445, 3610, 1545, 1925, 1410, 1405, 1390, 1315, 1740, 1445, 1530, 1718, 1465, 3151, 1540, 1410, 1505, 1376, 1580, 3583, 1530, 1630, 1125, 1695, 3035, 1417, 1600, 1420, 1545, 1457, 2005, 2945, 1665, 1495, 1570, 5380, 1640, 1421, 1915, 2400, 2620, 1515, 1470, 1555, 3820, 1370, 3850, 2515, 1895, 1535, 1520, 2070, 2715, 1700, 1471, 1385, 1975, 1670, 1333, 1610, 1506, 1615, 1309, 2515, 1555, 1310, 2825, 1520, 1320, 4725, 1295, 1535, 1540, 1985, 1601, 1386, 1384, 1525, 2685, 1348, 1410, 1917, 1635, 2020, 2020, 1985, 4348, 1530, 6715, 4071, 2915, 1432, 1627, 1570, 1505, 3665, 1711, 3875, 1435, 5895, 1465, 1615, 1622, 1336, 1590, 2916, 1410, 1456, 1461, 2028, 3905, 1410, 1280, 1643, 1725, 1705, 1630, 1440, 1542, 2465, 1495, 2745, 1372, 1555, 1550, 1560, 2839, 1510, 1636, 1480, 1591, 3025, 1370, 1550, 3098, 3470, 3495, 1436, 1540, 3685, 3905, 1788, 675, 1570, 1660, 1406, 1651, 4631, 2935, 1750, 1905, 1442, 1405, 1686, 1640, 5310, 7195, 1507, 1460, 2616, 1606, 1665, 3305, 7050, 4625, 1585, 1620, 4240, 1470, 1470, 1508, 3845, 3225, 1415, 1510, 1885, 5500, 2870, 4946, 1320, 1725, 1490, 5190, 2080, 1536, 1350, 1389, 6850, 1602, 3715, 5547, 1540, 3785, 1517, 2394, 3605, 1550, 4839, 4213, 1440, 1667, 1751, 2100, 1440, 1355, 1765, 1688, 5185, 1920, 12263, 1482, 1415, 1355, 1820, 1671, 3280, 1740, 1450, 1455, 1785, 4610, 4343, 4205, 1780, 1377, 2885, 5030, 1520, 1386, 2051, 1665, 1595, 1515, 1545, 6455, 1495, 3495, 2795, 5800, 1441, 4305, 1410, 5470, 3810, 2770, 1435, 2825, 3481, 3625, 1632, 1415, 1555, 1563, 11687, 
2993907, 1
2993907, 339
2993907, 776
2993907, 693775
2993907, 205079
2993907, 225173
3201350, 2757
3201350, 380, 305, 370, 356, 335, 405, 365, 435, 345, 425, 335, 365, 450, 405, 380, 720, 370, 325, 420, 387, 450, 330, 440, 420, 395, 410, 630, 360, 375, 475, 336, 360, 335, 425, 330, 410, 415, 395, 355, 425, 335, 345, 355, 430, 410, 325, 430, 360, 375, 616, 445, 360, 460, 415, 415, 445, 1195, 430, 310, 320, 335, 560, 390, 520, 415, 460, 295, 370, 350, 535, 360, 395, 455, 475, 285, 395, 390, 390, 605, 385, 370, 495, 336, 940, 1035, 340, 420, 445, 390, 410, 360, 840, 515, 295, 415, 1295, 340, 460, 535, 505, 545, 430, 420, 1325, 491, 570, 410, 385, 395, 455, 265, 405, 380, 425, 460, 651, 370, 385, 375, 360, 400, 690, 425, 450, 385, 705, 445, 650, 430, 398, 345, 340, 370, 350, 390, 385, 725, 795, 550, 407, 360, 300, 395, 420, 515, 430, 385, 380, 415, 1430, 350, 535, 720, 425, 406, 375, 435, 380, 340, 330, 460, 455, 435, 630, 515, 285, 365, 305, 580, 505, 950, 335, 470, 325, 1010, 455, 495, 305, 485, 435, 1240, 405, 430, 325, 360, 475, 380, 535, 430, 980, 435, 630, 2065, 785, 305, 395, 495, 520, 395, 430, 495, 780, 450, 810, 380, 455, 450, 360, 315, 375, 340, 1420, 485, 980, 385, 1150, 1010, 525, 575, 375, 1455, 445, 375, 390, 380, 845, 420, 350, 395, 495, 410, 1355, 466, 405, 405, 526, 1160, 335, 545, 965, 360, 900, 510, 650, 360, 645, 895, 300, 350, 365, 795, 1020, 325, 405, 1390, 500, 390, 425, 385, 340, 1405, 1790, 335, 770, 346, 1240, 390, 335, 845, 930, 330, 485, 1930, 740, 400, 1176, 520, 1390, 325, 245, 2175, 355, 480, 642, 490, 385, 1630, 380, 601, 385, 1175, 385, 1855, 1690, 425, 400, 845, 1085, 365, 2765, 725, 310, 675, 425, 1100, 1027, 815, 310, 1030, 410, 420, 880, 710, 415, 355, 1050, 440, 385, 465, 750, 545, 425, 988, 1490, 1620, 460, 810, 735, 500, 500, 1162, 605, 610, 350, 1605, 510, 665, 845, 430, 1250, 2912, 300, 1340, 555, 300, 370, 965, 410, 285, 1495, 375, 360, 485, 410, 460, 766, 
3201350, 1
3201350, 347
3201350, 781
3201350, 338021
3201350, 117116
3201350, 225405
3834494, 4101
3834494, 1080, 1090, 1285, 1184, 1180, 1355, 1120, 1050, 1160, 1040, 1410, 1165, 1080, 1060, 1101, 2195, 935, 1195, 975, 995, 860, 1255, 1165, 1090, 1245, 1115, 1190, 1470, 1435, 1205, 1155, 2062, 605, 1110, 885, 1157, 1685, 1935, 1355, 1367, 1335, 1195, 1120, 1685, 1210, 1575, 1245, 1070, 1450, 1115, 1255, 1035, 1315, 1420, 1170, 1140, 1360, 3905, 1110, 1094, 2760, 1815, 1380, 1670, 1125, 1041, 1120, 2422, 1055, 1030, 1240, 1260, 1230, 1106, 1185, 1105, 1110, 1205, 1085, 1055, 1235, 1043, 1272, 1270, 1025, 1355, 1350, 1220, 1035, 1480, 1235, 1130, 1380, 1115, 1245, 2335, 1330, 1160, 1150, 1090, 1430, 1500, 1175, 1120, 1071, 1155, 820, 1020, 2445, 3215, 845, 1040, 1670, 1105, 1395, 1190, 1230, 1048, 1172, 1185, 1185, 1166, 967, 615, 1335, 1080, 1895, 1373, 1145, 1140, 2510, 1235, 1090, 995, 1275, 5675, 1250, 1235, 1125, 1110, 1015, 1205, 1015, 1181, 1375, 1225, 2160, 1145, 2570, 1425, 2565, 1057, 1280, 1245, 1520, 2715, 1340, 1190, 1175, 1306, 1225, 1240, 1070, 1275, 1195, 1195, 1155, 985, 1020, 2965, 1190, 1675, 1200, 1315, 1035, 1230, 2305, 1095, 4008, 2755, 2120, 1245, 1370, 1560, 1400, 1155, 1205, 1110, 1275, 1171, 1215, 1095, 1115, 1035, 1140, 1215, 2520, 2520, 1447, 1085, 1015, 2726, 2480, 1195, 2065, 1140, 1160, 1455, 2485, 1130, 5195, 1195, 1620, 1130, 940, 1231, 3860, 3560, 1930, 1030, 1205, 1165, 1115, 1220, 1250, 1305, 1270, 1015, 1128, 1300, 1158, 1181, 1205, 1200, 1305, 1500, 1191, 1245, 3050, 1565, 1005, 3347, 1010, 960, 2515, 4200, 2800, 3012, 3560, 1075, 4961, 3355, 990, 5010, 1285, 3280, 3070, 2225, 1092, 2655, 3367, 4840, 4000, 2796, 1312, 1030, 1219, 3090, 6080, 1115, 975, 1071, 1475, 2485, 1220, 1185, 1820, 3260, 2171, 1130, 2510, 1095, 1550, 1036, 6425, 1195, 4390, 6735, 1271, 3385, 2025, 3566, 1155, 4715, 2170, 4952, 1135, 2620, 1210, 1520, 1225, 2062, 1290, 3660, 1420, 1590, 4135, 2600, 1185, 1440, 1415, 4976, 1595, 1370, 1350, 1305, 1245, 1314, 9299, 2575, 4110, 1680, 1385, 1535, 1320, 3765, 5845, 2045, 2125, 1055, 1136, 1330, 2350, 4695, 1160, 1368, 1545, 1030, 1280, 3790, 1145, 1205, 1108, 1082, 2000, 4055, 1256, 1250, 1160, 2035, 4240, 1625, 4832, 2502, 6310, 2193, 8291, 
3834494, 1
3834494, 340
3834494, 805
3834494, 571988
3834494, 168665
3834494, 225915
4018073, 899
4018073, 330, 365, 320, 235, 220, 310, 330, 320, 225, 340, 385, 335, 360, 355, 302, 290, 370, 300, 335, 355, 250, 290, 285, 395, 350, 360, 321, 355, 310, 395, 340, 610, 365, 440, 295, 305, 435, 485, 360, 495, 300, 270, 295, 280, 285, 310, 305, 390, 360, 290, 325, 425, 350, 275, 335, 340, 360, 275, 885, 285, 385, 365, 305, 170, 420, 380, 325, 325, 260, 305, 390, 1023, 325, 350, 370, 282, 375, 355, 305, 430, 675, 310, 295, 353, 355, 370, 430, 365, 315, 430, 260, 290, 320, 360, 250, 305, 480, 315, 765, 365, 245, 205, 690, 300, 370, 285, 385, 420, 325, 370, 285, 290, 350, 350, 630, 351, 390, 295, 305, 325, 435, 280, 380, 300, 390, 360, 375, 815, 385, 485, 1245, 390, 310, 365, 390, 350, 1305, 405, 260, 415, 1315, 485, 295, 855, 695, 335, 375, 280, 300, 310, 720, 335, 290, 355, 365, 795, 335, 400, 980, 325, 470, 325, 320, 485, 360, 325, 436, 315, 545, 275, 395, 375, 330, 450, 280, 290, 510, 265, 360, 360, 465, 340, 355, 600, 405, 970, 450, 960, 360, 335, 230, 435, 305, 390, 725, 380, 420, 340, 390, 330, 750, 1265, 325, 260, 330, 340, 355, 400, 440, 620, 280, 310, 540, 720, 305, 1040, 195, 305, 250, 365, 725, 260, 360, 410, 735, 355, 1085, 695, 850, 630, 296, 240, 340, 590, 295, 405, 640, 330, 1870, 335, 335, 1100, 1171, 1285, 1205, 340, 435, 540, 615, 280, 405, 1250, 1705, 330, 655, 345, 370, 440, 220, 2615, 395, 205, 345, 415, 585, 1445, 450, 1155, 1840, 645, 280, 940, 310, 390, 1211, 786, 380, 325, 700, 320, 315, 1540, 330, 345, 480, 800, 310, 315, 735, 345, 235, 335, 745, 335, 1360, 340, 355, 365, 300, 395, 589, 650, 935, 300, 400, 295, 240, 382, 1380, 595, 330, 605, 1275, 1555, 445, 1265, 765, 1060, 345, 1555, 330, 1055, 300, 375, 300, 770, 925, 1045, 875, 392, 2680, 280, 305, 310, 440, 325, 1065, 580, 345, 315, 655, 1055, 315, 355, 1200, 560, 285, 485, 1346, 510, 1580, 435, 310, 1290, 1310, 365, 478, 2861, 
4018073, 1
4018073, 353
4018073, 801
4018073, 763947
4018073, 212345
4018073, 226259
4461210, 2172
4461210, 270, 700, 790, 765, 850, 780, 955, 1080, 730, 600, 755, 795, 665, 795, 930, 730, 700, 705, 860, 910, 760, 710, 725, 845, 880, 715, 680, 865, 745, 725, 925, 755, 825, 700, 780, 1180, 1035, 700, 760, 805, 775, 970, 845, 730, 825, 635, 770, 750, 395, 941, 730, 755, 820, 1615, 640, 770, 645, 875, 1235, 791, 1150, 900, 750, 765, 670, 675, 745, 1015, 860, 720, 830, 1725, 800, 705, 855, 715, 835, 885, 815, 860, 920, 690, 780, 931, 925, 825, 760, 1110, 765, 827, 820, 1080, 915, 1362, 700, 1590, 966, 950, 595, 837, 820, 760, 2560, 870, 880, 730, 840, 2496, 985, 720, 740, 741, 655, 870, 764, 675, 755, 830, 1075, 751, 720, 865, 2380, 740, 805, 1380, 890, 1770, 735, 2655, 1755, 1545, 750, 775, 885, 845, 705, 2746, 675, 1080, 816, 685, 705, 775, 1930, 1415, 885, 647, 765, 425, 675, 680, 800, 805, 795, 730, 880, 690, 755, 768, 695, 3480, 805, 770, 885, 1170, 1675, 790, 1450, 705, 1015, 801, 885, 1540, 880, 1050, 955, 775, 725, 2185, 2820, 3130, 1100, 1025, 1548, 950, 680, 2670, 680, 821, 766, 660, 1620, 1660, 795, 700, 1000, 710, 2210, 720, 1855, 775, 690, 2095, 720, 3409, 1680, 836, 860, 705, 725, 730, 785, 2073, 2705, 750, 730, 3085, 780, 940, 861, 890, 778, 692, 1220, 3170, 1790, 730, 1005, 3380, 755, 1793, 815, 3240, 2735, 1590, 810, 830, 1590, 759, 660, 900, 2822, 1240, 865, 3335, 785, 775, 805, 745, 620, 856, 1060, 745, 800, 755, 2950, 760, 1870, 1640, 860, 845, 1760, 3085, 540, 800, 665, 3920, 1040, 745, 925, 2855, 3285, 805, 1700, 795, 1355, 715, 905, 875, 945, 785, 855, 1525, 1900, 880, 840, 895, 860, 910, 890, 705, 755, 870, 2385, 2570, 885, 680, 1700, 636, 4185, 845, 980, 1070, 690, 1395, 4195, 800, 935, 775, 2545, 1010, 840, 4980, 955, 800, 985, 640, 2860, 2440, 1090, 950, 985, 1035, 6685, 855, 1195, 3035, 2380, 2210, 1140, 4720, 805, 805, 2720, 3211, 755, 1043, 1105, 4635, 1490, 1165, 706, 630, 830, 2415, 2240, 705, 875, 3675, 5995, 1010, 2955, 1695, 3520, 853, 669, 775, 7223, 
4461210, 1
4461210, 345
4461210, 823
4461210, 1007688
4461210, 362647
4461210, 224808
4534327, 1519
4534327, 90, 35, 135, 75, 160, 105, 105, 100, 100, 115, 40, 155, 155, 125, 60, 80, 135, 100, 100, 120, 100, 115, 165, 155, 100, 100, 100, 145, 130, 85, 100, 125, 160, 110, 140, 85, 145, 110, 105, 130, 90, 195, 120, 125, 105, 135, 160, 250, 130, 95, 100, 100, 470, 120, 110, 105, 95, 120, 125, 75, 180, 110, 90, 195, 145, 110, 125, 115, 100, 125, 105, 150, 75, 175, 140, 140, 170, 105, 165, 120, 190, 170, 130, 110, 135, 205, 220, 155, 95, 160, 50, 140, 180, 120, 65, 90, 135, 110, 130, 110, 105, 110, 175, 130, 160, 135, 170, 175, 120, 260, 485, 140, 140, 120, 110, 140, 145, 105, 105, 140, 165, 120, 85, 190, 115, 570, 100, 115, 80, 380, 140, 140, 140, 279, 230, 140, 460, 90, 160, 95, 95, 185, 145, 95, 190, 125, 130, 155, 80, 115, 195, 155, 110, 115, 135, 190, 190, 160, 160, 140, 130, 196, 140, 415, 255, 155, 80, 355, 115, 265, 115, 160, 130, 145, 110, 115, 595, 155, 120, 140, 115, 125, 140, 175, 110, 436, 140, 150, 135, 270, 165, 120, 315, 245, 110, 85, 190, 270, 260, 110, 265, 105, 280, 125, 445, 170, 140, 160, 130, 140, 145, 170, 150, 155, 410, 210, 105, 55, 170, 140, 145, 120, 150, 325, 395, 85, 130, 130, 120, 265, 105, 215, 120, 135, 115, 165, 340, 460, 145, 125, 270, 155, 195, 125, 505, 140, 130, 220, 130, 320, 180, 145, 160, 190, 205, 325, 130, 250, 530, 295, 120, 100, 145, 125, 135, 145, 190, 146, 190, 100, 705, 455, 265, 235, 115, 80, 425, 355, 445, 125, 135, 125, 620, 145, 175, 130, 255, 665, 310, 150, 475, 695, 120, 455, 415, 1090, 120, 170, 140, 570, 120, 120, 225, 340, 340, 1265, 1045, 320, 130, 135, 114, 405, 165, 140, 505, 645, 520, 145, 115, 290, 140, 95, 460, 295, 160, 600, 135, 120, 115, 110, 90, 496, 105, 120, 660, 345, 230, 115, 750, 255, 575, 155, 345, 80, 215, 295, 115, 100, 145, 665, 220, 515, 262, 295, 305, 135, 115, 105, 135, 674, 
4534327, 3
4534327, 480
4534327, 969
4534327, 530960
4534327, 139377
4534327, 224161
4544474, 349
4544474, 10, 5, 5, 15, 5, 5, 5, 5, 5, 5, 10, 10, 5, 5, 5, 5, 10, 5, 10, 10, 10, 10, 15, 5, 5, 5, 15, 35, 10, 15, 5, 20, 10, 10, 10, 5, 15, 10, 15, 25, 15, 10, 10, 15, 35, 10, 30, 15, 5, 10, 15, 25, 30, 10, 15, 25, 15, 10, 15, 25, 25, 10, 10, 10, 20, 5, 10, 5, 35, 15, 15, 20, 20, 20, 5, 10, 25, 5, 10, 20, 20, 20, 20, 15, 20, 25, 25, 20, 20, 30, 5, 5, 10, 10, 15, 50, 25, 40, 35, 10, 10, 10, 30, 10, 10, 20, 25, 20, 20, 15, 50, 35, 25, 30, 30, 15, 30, 15, 25, 35, 35, 15, 65, 10, 30, 30, 5, 5, 30, 25, 30, 15, 25, 5, 30, 20, 40, 25, 10, 25, 85, 55, 35, 5, 10, 5, 40, 30, 30, 45, 30, 20, 10, 50, 30, 10, 20, 10, 15, 10, 15, 20, 5, 40, 20, 25, 15, 15, 25, 25, 30, 15, 30, 20, 25, 30, 15, 10, 10, 20, 15, 30, 15, 60, 20, 30, 25, 40, 25, 40, 40, 60, 20, 25, 30, 35, 50, 130, 10, 65, 15, 50, 20, 30, 15, 20, 55, 15, 35, 35, 35, 35, 85, 15, 60, 20, 45, 10, 110, 50, 55, 15, 20, 20, 25, 45, 25, 65, 75, 85, 20, 35, 35, 20, 25, 15, 50, 5, 30, 20, 55, 25, 50, 15, 35, 40, 25, 30, 15, 35, 35, 50, 30, 15, 20, 25, 15, 20, 30, 15, 15, 30, 15, 20, 20, 90, 80, 30, 40, 15, 10, 80, 65, 55, 25, 15, 25, 20, 110, 25, 25, 20, 25, 50, 40, 15, 30, 25, 105, 25, 35, 15, 60, 5, 85, 60, 20, 25, 35, 133, 60, 15, 25, 100, 60, 60, 30, 35, 15, 30, 20, 25, 35, 20, 25, 15, 15, 20, 20, 30, 15, 20, 65, 20, 15, 25, 20, 50, 20, 75, 20, 15, 45, 20, 45, 185, 50, 55, 20, 30, 95, 50, 125, 25, 10, 40, 20, 30, 30, 65, 15, 70, 20, 
4544474, 1
4544474, 725
4544474, 1146
4544474, 110395
4544474, 36433
4544474, 223718
4559902, 62
4559902, 5, 20, 5, 10, 20, 5, 10, 20, 15, 30, 5, 15, 5, 20, 25, 20, 30, 5, 20, 15, 15, 15, 20, 15, 20, 15, 30, 15, 10, 25, 60, 10, 20, 30, 15, 5, 25, 20, 20, 30, 30, 30, 15, 35, 25, 10, 15, 25, 20, 20, 35, 25, 35, 30, 20, 35, 15, 25, 20, 20, 10, 25, 15, 10, 25, 25, 25, 45, 10, 20, 20, 10, 10, 60, 16, 35, 15, 30, 20, 30, 20, 15, 15, 25, 45, 50, 25, 15, 20, 20, 25, 20, 20, 25, 45, 20, 25, 25, 65, 25, 20, 35, 30, 15, 25, 20, 20, 25, 35, 20, 25, 25, 25, 25, 40, 40, 10, 45, 50, 10, 5, 45, 25, 25, 40, 40, 35, 60, 15, 50, 30, 65, 25, 30, 30, 20, 65, 35, 30, 35, 50, 25, 20, 25, 10, 20, 75, 40, 25, 50, 15, 25, 25, 40, 80, 15, 40, 50, 25, 45, 25, 20, 30, 10, 50, 50, 75, 45, 30, 25, 70, 90, 25, 20, 35, 30, 115, 35, 35, 45, 20, 45, 30, 20, 20, 40, 130, 25, 30, 45, 35, 15, 30, 30, 105, 35, 15, 125, 25, 20, 60, 35, 50, 25, 25, 30, 25, 25, 30, 45, 20, 30, 50, 100, 25, 16, 30, 30, 140, 40, 30, 30, 30, 110, 40, 45, 85, 45, 45, 75, 70, 35, 75, 35, 85, 30, 30, 95, 25, 10, 30, 100, 40, 55, 40, 80, 25, 25, 25, 30, 45, 20, 75, 20, 25, 30, 135, 90, 115, 15, 40, 45, 295, 10, 30, 25, 115, 15, 40, 25, 40, 90, 40, 35, 25, 45, 25, 25, 90, 30, 130, 10, 140, 70, 45, 90, 60, 35, 25, 80, 25, 15, 45, 25, 175, 30, 30, 60, 40, 40, 85, 55, 55, 130, 60, 30, 10, 50, 45, 35, 145, 120, 15, 50, 45, 40, 120, 35, 40, 70, 35, 20, 80, 35, 40, 50, 50, 40, 5, 40, 35, 120, 90, 35, 70, 70, 45, 25, 35, 25, 380, 20, 150, 185, 45, 290, 30, 30, 50, 20, 30, 35, 190, 35, 491, 105, 35, 30, 58, 
4559902, 5
4559902, 723
4559902, 1242
4559902, 592726
4559902, 123011
4559902, 224456
4898139, 5001
4898139, 445, 495, 555, 535, 635, 632, 580, 680, 270, 555, 540, 715, 650, 510, 610, 565, 585, 620, 502, 620, 690, 863, 645, 540, 550, 515, 665, 515, 740, 540, 590, 670, 515, 620, 551, 610, 575, 645, 705, 605, 540, 615, 630, 560, 525, 550, 530, 630, 730, 515, 545, 580, 500, 575, 425, 680, 185, 565, 675, 630, 675, 550, 566, 545, 660, 550, 540, 560, 590, 635, 540, 550, 620, 745, 515, 715, 345, 640, 715, 610, 600, 640, 635, 465, 625, 1505, 575, 507, 560, 695, 685, 605, 696, 696, 620, 485, 575, 610, 760, 905, 530, 845, 720, 755, 570, 590, 600, 790, 630, 670, 640, 1790, 590, 485, 555, 1495, 585, 685, 690, 640, 630, 685, 585, 630, 555, 470, 775, 665, 580, 670, 670, 655, 1240, 545, 965, 580, 740, 610, 965, 735, 750, 545, 990, 770, 550, 1455, 575, 515, 915, 595, 535, 2120, 595, 1125, 570, 865, 980, 490, 475, 604, 630, 545, 645, 560, 735, 740, 1322, 1955, 635, 665, 780, 645, 860, 580, 1350, 1645, 825, 520, 595, 515, 560, 640, 530, 475, 595, 600, 580, 635, 630, 655, 1590, 665, 525, 865, 2012, 645, 640, 545, 630, 1330, 675, 565, 735, 780, 649, 910, 615, 515, 780, 565, 605, 570, 665, 930, 585, 725, 511, 615, 665, 1855, 1750, 1100, 770, 640, 1730, 645, 630, 1220, 1490, 710, 1575, 905, 515, 410, 655, 745, 2490, 662, 1300, 1565, 830, 530, 580, 1285, 570, 430, 2571, 565, 1460, 2180, 555, 800, 1350, 620, 570, 855, 610, 665, 505, 605, 705, 553, 955, 735, 675, 1315, 2275, 1350, 795, 838, 1445, 625, 1980, 655, 585, 1345, 620, 580, 695, 580, 495, 2385, 710, 590, 1532, 605, 1940, 660, 3650, 1242, 800, 530, 570, 1550, 2445, 610, 2265, 565, 875, 1835, 955, 1395, 2700, 645, 596, 580, 2110, 550, 1270, 525, 2530, 5725, 445, 2770, 1833, 2410, 1210, 1925, 630, 610, 530, 1540, 730, 805, 1390, 850, 2997, 655, 1470, 587, 780, 1990, 685, 2161, 575, 2000, 680, 1785, 1020, 765, 515, 615, 1890, 645, 520, 3076, 1465, 1505, 1530, 1180, 4688, 2215, 720, 2255, 620, 525, 615, 1170, 566, 4632, 635, 4522, 5344, 
4898139, 2
4898139, 383
4898139, 827
4898139, 102919
4898139, 33835
4898139, 225765
5763150, 13495
5763150, 855, 1295, 1600, 1730, 1515, 1505, 1495, 2005, 1750, 1540, 1455, 1760, 1461, 1751, 1635, 1670, 1471, 1400, 850, 675, 1555, 1640, 1705, 1701, 1860, 1645, 1450, 2170, 1420, 2455, 1490, 1340, 1380, 1315, 1630, 1255, 1970, 1610, 2310, 1470, 1665, 1935, 1577, 1600, 1440, 1675, 2855, 1455, 1507, 1885, 1570, 1535, 1615, 1805, 1736, 1430, 1490, 1425, 1360, 1545, 1565, 2080, 3315, 1355, 1435, 1475, 1445, 1606, 1696, 1577, 1640, 1730, 2045, 1620, 1440, 1905, 1080, 1395, 1475, 2332, 1485, 1575, 1800, 4070, 1650, 1666, 1575, 1320, 2215, 1600, 1480, 1810, 3480, 4055, 1480, 5780, 2200, 1337, 1625, 1245, 1520, 3355, 1470, 1616, 1985, 1560, 1400, 1955, 2080, 1740, 1700, 1685, 2160, 1670, 1940, 1550, 1485, 1480, 1535, 1585, 1785, 1435, 1555, 1860, 1620, 1470, 1685, 1670, 1591, 3080, 1875, 1597, 4162, 1795, 1645, 1480, 1690, 5285, 1565, 1595, 1680, 2015, 1595, 1505, 1615, 1460, 1540, 1890, 6215, 1700, 3195, 1366, 1638, 1490, 4660, 1565, 1620, 1765, 1772, 1565, 1665, 5545, 1586, 1451, 1395, 2095, 1500, 2440, 2945, 1450, 2060, 1385, 1145, 1575, 3745, 1500, 1635, 1430, 1520, 3290, 1935, 1450, 1515, 6490, 1085, 1655, 1845, 2165, 1715, 1495, 2211, 2440, 1895, 1485, 1910, 4050, 4300, 1536, 1365, 1885, 4864, 1260, 1290, 6697, 1585, 1455, 1740, 1575, 1525, 3700, 1520, 1450, 1530, 1520, 1464, 1550, 1485, 1625, 1585, 4715, 5185, 1280, 1455, 1755, 1680, 1540, 1445, 1545, 1545, 1850, 4760, 1395, 1725, 5410, 1597, 5205, 1900, 1600, 1670, 1580, 1655, 1525, 4365, 1437, 4620, 1473, 4495, 3480, 2440, 1550, 6827, 3275, 1790, 1395, 1620, 1510, 3515, 6486, 2320, 1736, 3055, 1375, 3120, 12480, 4646, 1550, 2235, 3612, 2135, 1405, 1520, 1665, 2285, 2430, 1605, 1563, 4145, 3780, 3865, 3505, 2450, 1700, 1680, 3540, 5673, 3990, 1520, 1520, 3970, 1305, 3900, 10185, 1475, 1950, 5700, 6690, 5485, 3915, 7626, 2400, 1660, 1395, 1296, 3130, 1570, 2177, 1360, 5820, 1520, 7336, 1550, 3051, 1370, 1935, 1800, 3515, 1375, 5145, 1485, 1426, 1805, 3556, 1845, 1470, 1535, 1606, 1425, 3055, 1490, 1910, 4695, 1720, 1815, 1700, 1900, 5495, 1530, 1615, 1715, 1640, 6330, 1610, 1490, 3660, 4940, 9921, 13785, 1581, 1510, 9197, 1425, 1220, 2170, 1740, 3815, 1270, 1445, 3625, 1790, 10426, 1481, 2465, 6125, 1537, 
5763150, 2
5763150, 363
5763150, 841
5763150, 222400
5763150, 74797
5763150, 225945
5763151, 1
5763151, 
5763151, 1
5763151, 434024
5763151, 4337642
5763151, 3281
5763151, 547
5763151, 225975
5764368, 65
5764368, 5, 5, 5, 5, 5, 5, 5, 5, 5, 5, 5, 10, 5, 5, 5, 5, 5, 5, 5, 5, 5, 5, 5, 5, 5, 10, 5, 5, 5, 10, 5, 5, 5, 10, 5, 5, 5, 10, 5, 5, 5, 5, 5, 5, 10, 10, 5, 5, 5, 5, 10, 5, 5, 5, 5, 5, 10, 5, 5, 10, 5, 20, 10, 5, 5, 5, 5, 10, 5, 10, 5, 10, 5, 5, 5, 5, 5, 15, 10, 5, 5, 5, 5, 5, 5, 5, 5, 10, 5, 5, 5, 5, 10, 5, 5, 10, 5, 5, 5, 10, 62, 5, 10, 15, 5, 5, 5, 10, 5, 5, 5, 5, 5, 10, 10, 15, 10, 35, 15, 15, 10, 10, 10, 15, 5, 10, 5, 30, 5, 10, 10, 10, 10, 5, 5, 15, 5, 5, 5, 5, 5, 5, 5, 5, 10, 10, 10, 5, 5, 15, 5, 10, 5, 
5764368, 1
5764368, 10017
5764368, 20599
5764368, 108514
5764368, 31370
5764368, 225227
5773169, 441
5773169, 5, 5, 5, 5, 10, 5, 5, 10, 5, 10, 10, 15, 10, 15, 10, 10, 10, 5, 10, 10, 5, 10, 15, 5, 15, 10, 10, 10, 15, 5, 20, 10, 10, 5, 20, 15, 5, 5, 5, 5, 10, 10, 10, 20, 20, 10, 10, 10, 10, 10, 10, 5, 5, 10, 5, 10, 5, 10, 5, 45, 15, 15, 10, 10, 10, 10, 10, 10, 15, 15, 20, 10, 5, 15, 20, 10, 10, 20, 10, 20, 15, 15, 20, 25, 10, 15, 20, 30, 10, 10, 10, 15, 10, 15, 10, 30, 5, 10, 35, 20, 20, 15, 5, 10, 15, 10, 20, 10, 5, 45, 25, 20, 25, 5, 15, 50, 10, 15, 5, 25, 5, 15, 25, 25, 15, 10, 30, 10, 10, 20, 15, 15, 20, 20, 70, 15, 20, 20, 10, 25, 30, 5, 15, 5, 10, 20, 25, 20, 10, 20, 10, 15, 20, 20, 5, 15, 10, 5, 5, 15, 25, 20, 20, 25, 15, 25, 25, 15, 5, 5, 20, 25, 35, 25, 15, 30, 20, 35, 10, 20, 10, 15, 25, 30, 30, 10, 5, 15, 25, 20, 25, 25, 20, 10, 15, 30, 15, 10, 25, 10, 15, 10, 20, 25, 60, 15, 6, 35, 35, 15, 5, 30, 30, 10, 20, 5, 20, 15, 15, 30, 40, 10, 10, 15, 20, 20, 10, 5, 10, 15, 15, 45, 5, 55, 20, 25, 15, 70, 25, 95, 35, 15, 60, 15, 10, 35, 20, 30, 15, 10, 115, 5, 50, 15, 15, 60, 30, 10, 55, 25, 20, 65, 10, 15, 45, 10, 25, 40, 10, 40, 15, 5, 20, 20, 20, 15, 65, 50, 20, 15, 55, 25, 15, 15, 10, 20, 40, 10, 25, 15, 30, 35, 20, 30, 55, 105, 20, 25, 10, 20, 30, 20, 40, 10, 120, 20, 15, 10, 20, 20, 40, 70, 35, 5, 15, 70, 5, 40, 20, 40, 15, 35, 65, 10, 35, 25, 20, 35, 20, 125, 50, 10, 115, 85, 40, 50, 80, 25, 35, 10, 30, 25, 15, 45, 20, 25, 35, 50, 50, 20, 10, 55, 374, 55, 345, 5, 
5773169, 9
5773169, 5383
5773169, 7129
5773169, 25580
5773169, 4809
5773169, 225538
5773170, 1
5773170, 
5773170, 1
5773170, 428847
5773170, 7260748
5773170, 31731
5773170, 8136
5773170, 224754
5774716, 76
5774716, 5, 5, 5, 5, 5, 5, 5, 5, 5, 5, 5, 5, 5, 10, 5, 5, 5, 5, 10, 10, 5, 5, 5, 5, 5, 5, 10, 5, 5, 5, 5, 5, 5, 15, 15, 5, 5, 5, 5, 5, 5, 5, 5, 5, 5, 10, 5, 5, 10, 5, 5, 5, 5, 20, 10, 10, 5, 10, 5, 5, 5, 5, 5, 5, 10, 5, 5, 10, 5, 5, 5, 10, 5, 5, 15, 5, 5, 5, 5, 5, 5, 5, 5, 5, 5, 5, 5, 5, 5, 10, 5, 5, 5, 15, 20, 5, 5, 5, 5, 5, 5, 30, 5, 5, 10, 5, 20, 5, 10, 5, 10, 5, 5, 15, 5, 5, 10, 10, 15, 10, 5, 10, 20, 5, 5, 15, 20, 10, 15, 5, 10, 10, 5, 20, 20, 5, 10, 5, 5, 5, 5, 10, 10, 5, 5, 5, 10, 5, 10, 60, 5, 5, 10, 20, 5, 5, 5, 5, 10, 80, 5, 15, 5, 10, 10, 5, 115, 
5774716, 4
5774716, 21516
5774716, 38277
5774716, 10051
5774716, 1838
5774716, 224862
5774717, 1
5774717, 
5774717, 5
5774717, 417220
5774717, 433557
5774717, 16520
5774717, 6758
5774717, 225230
5774718, 1
5774718, 
5774718, 1
5774718, 773069
5774718, 2669594
5774718, 9505
5774718, 2209
5774718, 225350
5774719, 1
5774719, 
5774719, 1
5774719, 1085649
5774719, 5719313
5774719, 34956
5774719, 9940
5774719, 224669
5774720, 1
5774720, 
5774720, 1
5774720, 1361263
5774720, 5730891
5774720, 22652
5774720, 5157
5774720, 224948
5777840, 195
5777840, 5, 5, 5, 5, 5, 5, 10, 5, 5, 5, 5, 5, 5, 5, 5, 5, 5, 5, 5, 5, 5, 5, 10, 5, 5, 5, 5, 5, 5, 10, 10, 5, 5, 5, 5, 5, 15, 5, 5, 5, 5, 5, 5, 10, 5, 5, 5, 5, 5, 5, 10, 10, 5, 5, 5, 5, 10, 10, 10, 5, 10, 5, 5, 5, 5, 5, 10, 5, 5, 5, 10, 10, 5, 5, 30, 10, 5, 5, 10, 5, 5, 5, 5, 15, 5, 10, 5, 10, 10, 5, 5, 15, 10, 10, 5, 5, 10, 5, 10, 5, 10, 5, 5, 5, 5, 5, 10, 10, 5, 10, 10, 15, 10, 5, 5, 5, 10, 5, 5, 10, 15, 15, 5, 5, 10, 5, 5, 10, 5, 10, 5, 5, 5, 20, 10, 15, 5, 15, 5, 10, 5, 5, 5, 5, 15, 10, 10, 5, 15, 10, 5, 10, 5, 10, 5, 5, 15, 10, 10, 15, 15, 5, 10, 10, 10, 20, 20, 5, 20, 5, 5, 15, 5, 5, 10, 5, 10, 10, 10, 15, 25, 25, 5, 10, 5, 15, 10, 5, 5, 20, 10, 5, 15, 10, 10, 20, 20, 5, 20, 10, 10, 20, 5, 20, 5, 20, 5, 10, 25, 5, 10, 5, 5, 25, 165, 5, 10, 10, 25, 90, 5, 15, 10, 20, 20, 15, 10, 130, 130, 127, 10, 75, 15, 147, 5, 81, 
5777840, 1
5777840, 11745
5777840, 29685
5777840, 17356
5777840, 2777
5777840, 225115
5777841, 1
5777841, 
5777841, 1
5777841, 352011
5777841, 368930
5777841, 19680
5777841, 1970
5777841, 225221
5780724, 81
5780724, 5, 5, 5, 5, 5, 5, 5, 5, 5, 5, 5, 5, 5, 10, 5, 5, 5, 5, 5, 5, 5, 5, 5, 5, 10, 5, 5, 5, 10, 5, 5, 5, 5, 10, 5, 5, 5, 5, 10, 5, 5, 5, 10, 5, 10, 10, 5, 5, 5, 5, 10, 10, 5, 10, 5, 10, 5, 5, 5, 5, 5, 5, 10, 5, 5, 5, 5, 5, 15, 5, 5, 10, 5, 15, 10, 5, 5, 10, 5, 10, 15, 10, 5, 5, 5, 10, 5, 10, 10, 10, 5, 5, 5, 5, 5, 5, 5, 10, 5, 5, 5, 5, 5, 5, 5, 10, 5, 10, 10, 5, 5, 20, 5, 10, 5, 5, 5, 5, 5, 10, 5, 10, 5, 10, 5, 5, 5, 10, 5, 10, 10, 5, 20, 5, 5, 15, 10, 5, 5, 10, 15, 10, 5, 5, 20, 10, 5, 15, 10, 10, 20, 45, 10, 10, 5, 20, 25, 5, 10, 5, 15, 100, 20, 15, 5, 5, 15, 15, 5, 5, 5, 10, 5, 5, 5, 5, 55, 5, 45, 110, 115, 10, 40, 10, 5, 55, 10, 30, 20, 20, 20, 10, 20, 110, 20, 35, 20, 141, 97, 10, 99, 105, 110, 5, 10, 15, 5, 
5780724, 1
5780724, 10637
5780724, 24920
5780724, 23010
5780724, 5202
5780724, 224306
5780725, 1
5780725, 
5780725, 1
5780725, 330101
5780725, 5783726
5780725, 6717
5780725, 2098
5780725, 224418
5780726, 1
5780726, 
5780726, 1
5780726, 622082
5780726, 5818774
5780726, 32015
5780726, 6776
5780726, 224783
5813329, 1114
5813329, 10, 10, 15, 30, 5, 20, 35, 50, 20, 35, 10, 20, 20, 35, 45, 15, 25, 30, 55, 25, 25, 15, 25, 45, 30, 55, 20, 30, 10, 30, 25, 95, 35, 60, 10, 30, 15, 10, 10, 30, 45, 45, 55, 25, 20, 40, 5, 25, 70, 55, 25, 30, 10, 5, 40, 60, 30, 30, 65, 40, 45, 40, 15, 40, 35, 35, 20, 30, 25, 30, 45, 50, 70, 15, 50, 30, 30, 30, 25, 25, 35, 50, 25, 30, 35, 30, 55, 30, 15, 25, 35, 40, 20, 25, 45, 30, 65, 60, 30, 60, 45, 15, 35, 30, 50, 40, 35, 35, 55, 40, 35, 50, 25, 30, 45, 20, 45, 55, 35, 60, 35, 25, 35, 35, 65, 25, 40, 30, 35, 45, 65, 35, 50, 20, 35, 40, 35, 30, 30, 40, 85, 20, 45, 45, 15, 20, 50, 60, 50, 20, 40, 40, 40, 40, 30, 60, 35, 40, 60, 20, 35, 65, 50, 45, 65, 35, 50, 55, 45, 100, 25, 110, 130, 25, 30, 50, 40, 120, 85, 45, 40, 45, 50, 45, 110, 50, 40, 65, 45, 25, 40, 60, 30, 35, 30, 45, 35, 30, 50, 35, 35, 50, 25, 50, 40, 45, 150, 100, 65, 55, 55, 35, 45, 50, 30, 55, 20, 20, 25, 20, 20, 40, 30, 140, 40, 55, 50, 30, 75, 65, 25, 45, 55, 70, 20, 165, 30, 25, 35, 50, 40, 115, 25, 250, 35, 30, 40, 35, 60, 100, 60, 20, 35, 25, 115, 25, 330, 40, 155, 20, 45, 50, 35, 55, 25, 50, 140, 45, 60, 30, 130, 75, 100, 100, 35, 80, 100, 30, 50, 60, 45, 30, 40, 110, 70, 40, 80, 35, 70, 40, 35, 30, 30, 45, 150, 30, 30, 45, 35, 95, 10, 95, 50, 25, 40, 999, 345, 55, 80, 35, 25, 30, 85, 50, 50, 40, 40, 55, 40, 45, 25, 20, 45, 655, 25, 1007, 45, 75, 40, 55, 115, 20, 80, 50, 50, 55, 215, 35, 725, 45, 105, 35, 55, 55, 50, 50, 1073, 115, 150, 155, 100, 40, 45, 60, 40, 1081, 135, 50, 45, 35, 35, 545, 1259, 35, 95, 1192, 70, 110, 40, 1368, 837, 35, 40, 50, 1199, 145, 890, 25, 784, 
5813329, 1
5813329, 2228
5813329, 7653
5813329, 22511
5813329, 6548
5813329, 224105
5824385, 440
5824385, 5, 5, 10, 5, 10, 10, 5, 5, 10, 5, 5, 5, 5, 5, 5, 5, 5, 10, 5, 5, 5, 5, 10, 10, 20, 10, 10, 5, 15, 25, 5, 5, 10, 5, 10, 15, 10, 5, 10, 5, 5, 5, 10, 10, 5, 5, 5, 5, 15, 5, 10, 25, 10, 10, 15, 5, 5, 10, 10, 15, 10, 20, 15, 5, 15, 10, 15, 30, 10, 20, 10, 10, 5, 20, 10, 15, 15, 15, 30, 25, 10, 15, 20, 5, 35, 10, 10, 20, 5, 10, 15, 10, 5, 5, 20, 10, 15, 5, 15, 70, 20, 5, 10, 15, 10, 15, 5, 10, 20, 30, 15, 30, 10, 5, 30, 15, 35, 10, 15, 30, 5, 10, 5, 25, 10, 15, 20, 15, 10, 25, 10, 10, 25, 20, 20, 10, 10, 10, 10, 10, 5, 5, 20, 10, 15, 20, 25, 15, 10, 5, 20, 15, 20, 15, 5, 25, 15, 105, 15, 10, 15, 15, 20, 20, 25, 15, 35, 30, 20, 10, 5, 30, 25, 30, 10, 25, 15, 15, 15, 10, 15, 15, 20, 35, 25, 20, 30, 30, 15, 20, 15, 10, 15, 25, 25, 15, 20, 5, 40, 10, 30, 20, 25, 25, 15, 25, 25, 30, 20, 10, 55, 15, 15, 30, 5, 20, 10, 20, 10, 25, 35, 15, 35, 20, 20, 15, 10, 15, 15, 15, 30, 30, 20, 20, 5, 10, 5, 5, 5, 15, 40, 10, 20, 20, 10, 15, 25, 70, 5, 20, 25, 40, 20, 5, 20, 25, 10, 15, 20, 15, 15, 20, 65, 35, 20, 20, 230, 20, 35, 90, 25, 10, 20, 40, 255, 10, 25, 20, 40, 20, 35, 45, 320, 25, 10, 35, 405, 15, 15, 35, 30, 35, 15, 45, 15, 25, 35, 35, 15, 25, 20, 100, 55, 25, 15, 30, 30, 384, 25, 10, 395, 195, 20, 10, 10, 20, 60, 30, 5, 10, 20, 10, 45, 15, 10, 145, 25, 15, 325, 20, 5, 20, 370, 10, 265, 20, 40, 30, 10, 10, 337, 25, 320, 45, 270, 435, 
5824385, 2
5824385, 2418
5824385, 6812
5824385, 20999
5824385, 6621
5824385, 223324
5834300, 320
5834300, 5, 5, 5, 5, 5, 10, 5, 10, 5, 5, 5, 5, 5, 5, 5, 5, 5, 5, 10, 5, 5, 5, 5, 10, 5, 5, 5, 5, 15, 5, 5, 5, 10, 5, 5, 5, 10, 5, 5, 10, 15, 10, 10, 5, 5, 10, 10, 15, 5, 10, 10, 5, 15, 20, 5, 10, 5, 20, 5, 10, 15, 20, 10, 5, 15, 20, 10, 5, 10, 10, 15, 5, 5, 5, 10, 5, 15, 25, 20, 15, 10, 25, 20, 10, 20, 20, 10, 10, 5, 5, 15, 5, 10, 10, 20, 5, 25, 5, 5, 15, 5, 25, 25, 5, 35, 20, 15, 20, 5, 20, 15, 10, 20, 10, 15, 20, 15, 10, 5, 15, 5, 5, 5, 5, 25, 5, 20, 20, 60, 10, 15, 10, 15, 15, 20, 15, 15, 10, 15, 30, 15, 20, 10, 20, 20, 10, 20, 10, 15, 10, 10, 15, 20, 30, 20, 15, 10, 15, 25, 20, 20, 15, 10, 15, 5, 20, 40, 20, 15, 15, 35, 10, 25, 10, 20, 15, 40, 15, 20, 45, 15, 15, 15, 5, 20, 10, 20, 5, 25, 40, 15, 15, 25, 10, 45, 10, 10, 20, 25, 10, 15, 10, 50, 25, 40, 10, 15, 5, 10, 10, 10, 60, 20, 15, 25, 35, 5, 15, 20, 10, 30, 25, 10, 10, 15, 15, 15, 5, 10, 15, 30, 25, 15, 20, 10, 75, 5, 20, 15, 10, 5, 50, 10, 15, 10, 20, 5, 25, 10, 35, 20, 30, 30, 20, 15, 15, 5, 5, 30, 65, 25, 20, 35, 25, 25, 15, 20, 10, 310, 25, 30, 25, 5, 25, 15, 30, 30, 10, 10, 40, 5, 50, 25, 25, 30, 10, 10, 25, 20, 15, 10, 10, 30, 25, 25, 20, 10, 40, 10, 70, 10, 275, 15, 40, 35, 5, 15, 300, 15, 300, 15, 15, 10, 25, 50, 35, 10, 15, 5, 30, 15, 10, 20, 230, 10, 10, 300, 236, 5, 50, 300, 20, 226, 300, 100, 185, 190, 95, 135, 311, 5, 40, 225, 267, 15, 20, 
5834300, 2
5834300, 2573
5834300, 13254
5834300, 9650
5834300, 4513
5834300, 223617
5861712, 766
5861712, 10, 10, 15, 20, 30, 15, 15, 10, 40, 5, 5, 25, 20, 35, 25, 20, 35, 15, 30, 20, 25, 10, 15, 25, 15, 25, 50, 15, 15, 20, 5, 20, 45, 45, 45, 25, 15, 30, 25, 30, 40, 25, 20, 5, 40, 80, 25, 35, 40, 35, 40, 30, 20, 25, 25, 35, 20, 25, 15, 10, 30, 20, 55, 40, 30, 20, 50, 35, 40, 35, 40, 45, 30, 35, 30, 10, 45, 20, 20, 80, 35, 35, 30, 15, 50, 15, 30, 15, 20, 25, 10, 65, 30, 35, 15, 15, 40, 25, 25, 90, 70, 35, 25, 25, 35, 30, 35, 30, 20, 10, 30, 56, 35, 40, 35, 65, 20, 50, 40, 20, 25, 40, 20, 30, 50, 20, 35, 60, 35, 30, 30, 100, 15, 20, 60, 40, 30, 95, 30, 60, 25, 60, 15, 20, 10, 170, 40, 45, 40, 35, 30, 20, 15, 90, 30, 70, 25, 60, 50, 30, 30, 25, 50, 15, 40, 55, 50, 25, 50, 85, 15, 95, 40, 70, 25, 35, 45, 125, 45, 20, 35, 60, 40, 35, 55, 30, 20, 70, 20, 75, 80, 35, 40, 50, 45, 100, 10, 45, 130, 50, 35, 25, 20, 40, 15, 45, 20, 50, 55, 60, 25, 30, 45, 155, 50, 75, 75, 25, 105, 35, 45, 10, 50, 45, 30, 20, 35, 65, 75, 30, 15, 135, 45, 40, 35, 15, 55, 30, 95, 40, 25, 55, 50, 20, 35, 105, 50, 45, 20, 25, 50, 85, 95, 115, 30, 55, 30, 150, 30, 50, 105, 100, 10, 40, 50, 20, 85, 60, 50, 40, 80, 35, 15, 20, 35, 35, 20, 45, 35, 35, 35, 55, 45, 45, 15, 50, 75, 25, 50, 80, 35, 65, 30, 40, 90, 30, 30, 70, 45, 35, 45, 40, 30, 65, 25, 50, 25, 30, 45, 25, 45, 70, 75, 35, 600, 75, 35, 45, 40, 45, 40, 50, 30, 70, 840, 45, 35, 45, 40, 40, 30, 105, 370, 405, 235, 45, 886, 40, 40, 55, 40, 35, 170, 40, 30, 35, 45, 55, 100, 30, 50, 30, 145, 35, 70, 30, 435, 40, 145, 15, 95, 795, 605, 755, 20, 30, 626, 515, 35, 85, 35, 725, 285, 385, 20, 786, 800, 901, 611, 
5861712, 27
5861712, 3294
5861712, 6608
5861712, 51716
5861712, 21259
5861712, 223704
5862026, 4
5862026, 5, 5, 5, 5, 5, 5, 5, 5, 5, 5, 5, 20, 5, 5, 5, 5, 5, 5, 5, 5, 5, 5, 5, 10, 5, 5, 5, 10, 5, 10, 5, 5, 5, 10, 5, 10, 5, 5, 5, 10, 5, 10, 5, 5, 20, 5, 10, 5, 
5862026, 4
5862026, 410440
5862026, 4199482
5862026, 175
5862026, 33
5862026, 223707
5862027, 1
5862027, 
5862027, 1
5862027, 457138
5862027, 12589695
5862027, 551
5862027, 124
5862027, 223714
5868679, 381
5868679, 5, 5, 5, 5, 5, 5, 5, 10, 5, 5, 10, 5, 10, 5, 5, 5, 5, 5, 5, 15, 5, 5, 5, 5, 10, 10, 5, 10, 10, 10, 10, 10, 5, 5, 15, 5, 5, 5, 5, 25, 5, 10, 10, 10, 10, 5, 5, 5, 5, 10, 20, 5, 15, 10, 10, 15, 15, 10, 10, 5, 10, 5, 5, 5, 20, 10, 15, 5, 5, 5, 5, 10, 5, 10, 10, 5, 15, 15, 10, 5, 5, 10, 5, 10, 20, 5, 5, 5, 5, 15, 10, 15, 10, 10, 10, 5, 10, 10, 15, 15, 10, 15, 10, 15, 10, 5, 5, 25, 5, 15, 20, 15, 15, 20, 5, 5, 15, 5, 10, 10, 10, 15, 25, 5, 5, 5, 10, 15, 5, 20, 10, 10, 25, 5, 15, 15, 10, 10, 20, 15, 5, 10, 15, 15, 5, 15, 5, 5, 5, 5, 10, 10, 10, 15, 5, 5, 5, 20, 10, 20, 5, 20, 5, 5, 20, 10, 10, 10, 10, 5, 10, 5, 15, 5, 10, 10, 15, 10, 40, 10, 30, 10, 15, 10, 20, 20, 10, 15, 10, 5, 25, 5, 20, 10, 5, 20, 15, 10, 20, 10, 15, 10, 15, 10, 75, 10, 30, 10, 10, 10, 15, 5, 10, 5, 15, 5, 15, 5, 10, 20, 15, 55, 5, 80, 10, 15, 15, 30, 10, 10, 10, 15, 20, 10, 15, 15, 10, 5, 15, 125, 140, 20, 25, 15, 10, 120, 30, 15, 15, 15, 20, 25, 20, 105, 80, 20, 20, 145, 15, 10, 5, 15, 10, 120, 15, 145, 20, 10, 35, 135, 5, 15, 25, 30, 120, 20, 50, 165, 10, 329, 15, 15, 20, 20, 110, 10, 20, 20, 65, 25, 20, 326, 10, 10, 206, 10, 165, 190, 40, 
5868679, 1
5868679, 3630
5868679, 12343
5868679, 17037
5868679, 4753
5868679, 222821
5880461, 581
5880461, 5, 5, 5, 5, 5, 5, 10, 10, 5, 5, 5, 5, 5, 5, 10, 5, 15, 5, 10, 10, 15, 10, 10, 10, 10, 5, 5, 5, 15, 10, 10, 10, 15, 10, 15, 5, 10, 15, 10, 5, 5, 15, 25, 10, 15, 10, 15, 10, 5, 10, 15, 20, 15, 5, 15, 15, 25, 10, 15, 5, 10, 10, 10, 10, 15, 10, 10, 25, 15, 25, 15, 25, 20, 20, 5, 25, 10, 5, 5, 10, 15, 25, 10, 10, 30, 5, 15, 15, 15, 5, 10, 5, 10, 10, 25, 5, 5, 15, 5, 5, 10, 5, 20, 20, 5, 15, 5, 15, 15, 5, 20, 10, 15, 25, 55, 25, 10, 15, 20, 5, 15, 10, 35, 25, 10, 10, 20, 45, 10, 20, 10, 10, 15, 15, 20, 15, 25, 10, 10, 30, 25, 20, 5, 10, 25, 10, 30, 10, 5, 20, 10, 30, 15, 15, 25, 20, 15, 30, 15, 10, 15, 10, 20, 20, 10, 5, 10, 5, 10, 20, 35, 15, 50, 15, 10, 25, 15, 20, 30, 15, 15, 15, 15, 20, 5, 5, 25, 15, 20, 25, 20, 5, 10, 5, 15, 5, 35, 20, 20, 15, 40, 5, 10, 25, 15, 15, 10, 20, 30, 30, 10, 15, 25, 5, 5, 10, 20, 30, 40, 30, 35, 15, 30, 10, 10, 10, 35, 20, 10, 10, 30, 15, 25, 15, 10, 15, 15, 20, 20, 25, 5, 20, 15, 20, 15, 15, 20, 20, 25, 20, 10, 30, 25, 25, 10, 25, 15, 5, 20, 5, 5, 40, 10, 10, 15, 35, 20, 15, 10, 20, 145, 30, 25, 10, 15, 25, 15, 30, 20, 5, 10, 10, 260, 10, 45, 15, 15, 25, 50, 15, 10, 10, 25, 10, 35, 5, 15, 20, 25, 30, 80, 5, 15, 10, 232, 10, 15, 15, 35, 15, 215, 320, 145, 25, 15, 5, 10, 10, 25, 20, 20, 190, 15, 10, 10, 10, 15, 10, 45, 15, 40, 250, 10, 5, 170, 15, 20, 20, 35, 20, 210, 25, 5, 85, 25, 20, 215, 100, 140, 10, 65, 20, 25, 110, 527, 10, 50, 211, 330, 100, 15, 537, 285, 190, 694, 
5880461, 1
5880461, 2341
5880461, 6881
5880461, 12425
5880461, 6034
5880461, 223201
5893692, 721
5893692, 10, 5, 10, 5, 5, 5, 5, 5, 10, 5, 10, 10, 5, 5, 5, 15, 10, 5, 10, 5, 5, 5, 10, 5, 10, 15, 15, 15, 5, 10, 25, 5, 5, 5, 5, 15, 10, 5, 10, 15, 10, 5, 15, 15, 10, 10, 25, 5, 10, 5, 15, 5, 5, 10, 20, 5, 10, 15, 20, 15, 5, 5, 5, 15, 25, 15, 10, 15, 5, 5, 5, 20, 10, 10, 15, 5, 20, 15, 15, 15, 5, 20, 15, 10, 15, 10, 15, 25, 10, 10, 20, 10, 10, 20, 20, 5, 10, 10, 15, 5, 10, 10, 10, 25, 10, 20, 10, 10, 5, 20, 10, 10, 20, 5, 20, 10, 20, 30, 10, 5, 5, 15, 15, 10, 20, 20, 15, 25, 10, 10, 10, 15, 15, 10, 15, 10, 25, 15, 15, 10, 15, 10, 20, 10, 10, 15, 10, 45, 25, 25, 25, 40, 20, 10, 20, 25, 10, 25, 10, 5, 25, 20, 20, 10, 25, 25, 15, 25, 10, 16, 15, 10, 10, 15, 10, 25, 25, 10, 20, 10, 10, 15, 35, 10, 25, 10, 15, 5, 15, 20, 15, 15, 10, 40, 35, 15, 25, 45, 25, 30, 10, 15, 10, 40, 10, 25, 20, 20, 25, 10, 20, 20, 30, 30, 20, 50, 50, 10, 15, 15, 15, 40, 20, 15, 35, 20, 10, 35, 10, 10, 10, 15, 25, 25, 5, 30, 20, 20, 5, 15, 35, 20, 25, 10, 5, 70, 15, 20, 40, 20, 20, 5, 30, 20, 10, 20, 30, 45, 20, 30, 25, 30, 30, 20, 5, 40, 25, 20, 5, 35, 20, 15, 25, 15, 15, 15, 20, 35, 45, 65, 40, 20, 15, 10, 295, 210, 95, 10, 75, 30, 15, 15, 25, 155, 50, 25, 185, 10, 15, 15, 25, 45, 70, 30, 20, 10, 30, 20, 5, 10, 5, 15, 225, 30, 20, 20, 20, 15, 25, 10, 65, 140, 10, 35, 20, 20, 230, 30, 15, 15, 526, 45, 165, 245, 25, 20, 60, 260, 45, 170, 15, 15, 20, 15, 20, 25, 355, 55, 10, 15, 35, 20, 545, 40, 475, 60, 340, 300, 740, 220, 30, 130, 15, 25, 10, 30, 278, 
5893692, 1
5893692, 2117
5893692, 5443
5893692, 44385
5893692, 9426
5893692, 222595
5986094, 1554
5986094, 35, 55, 15, 55, 25, 45, 30, 55, 115, 45, 75, 110, 95, 55, 35, 55, 90, 115, 45, 95, 50, 100, 85, 125, 130, 70, 90, 85, 50, 155, 40, 155, 130, 80, 80, 105, 115, 150, 165, 140, 135, 110, 110, 115, 75, 75, 70, 60, 90, 205, 80, 100, 95, 85, 70, 90, 140, 50, 105, 65, 125, 120, 95, 125, 55, 110, 75, 110, 160, 45, 105, 100, 90, 65, 130, 135, 175, 100, 125, 95, 160, 85, 90, 130, 120, 115, 135, 110, 125, 130, 275, 130, 130, 155, 155, 105, 70, 120, 85, 125, 100, 145, 110, 120, 115, 55, 95, 135, 65, 95, 90, 65, 95, 85, 125, 115, 120, 120, 125, 40, 175, 120, 85, 85, 65, 165, 110, 360, 225, 110, 85, 85, 100, 75, 160, 105, 65, 85, 120, 185, 90, 105, 160, 220, 110, 140, 70, 180, 150, 95, 160, 100, 120, 100, 165, 110, 85, 75, 85, 75, 60, 115, 75, 35, 165, 110, 145, 135, 105, 125, 115, 110, 120, 110, 125, 95, 145, 40, 125, 120, 140, 70, 55, 300, 130, 115, 110, 65, 85, 120, 100, 110, 100, 95, 225, 145, 85, 90, 250, 70, 250, 146, 80, 85, 230, 70, 95, 285, 95, 80, 75, 100, 45, 130, 135, 65, 85, 95, 145, 117, 100, 110, 200, 100, 100, 70, 95, 110, 300, 145, 105, 120, 275, 100, 90, 185, 140, 115, 105, 80, 105, 160, 115, 105, 95, 60, 155, 130, 100, 570, 160, 85, 155, 95, 90, 130, 90, 105, 120, 315, 150, 95, 165, 90, 165, 120, 60, 95, 240, 100, 240, 145, 120, 65, 115, 110, 60, 100, 105, 110, 145, 110, 685, 540, 730, 125, 120, 75, 130, 235, 140, 120, 560, 115, 110, 100, 105, 95, 70, 105, 1100, 145, 95, 120, 270, 90, 110, 75, 135, 80, 115, 85, 190, 125, 95, 70, 100, 45, 90, 120, 140, 140, 260, 115, 1080, 195, 235, 140, 160, 60, 60, 160, 3727, 140, 120, 110, 115, 45, 770, 2175, 385, 1375, 135, 1346, 125, 55, 150, 135, 80, 2627, 100, 115, 335, 130, 75, 130, 4425, 135, 530, 2065, 820, 1577, 90, 105, 90, 150, 170, 120, 110, 105, 1320, 165, 615, 140, 1880, 4296, 95, 285, 1376, 1330, 1738, 120, 145, 3852, 165, 4107, 115, 1684, 
5986094, 1
5986094, 885
5986094, 1980
5986094, 23680
5986094, 10833
5986094, 222481
5991462, 81
5991462, 5, 5, 5, 5, 5, 5, 5, 5, 10, 5, 5, 5, 5, 5, 5, 10, 5, 5, 5, 5, 5, 5, 5, 5, 5, 5, 5, 5, 10, 5, 5, 10, 5, 10, 10, 5, 10, 5, 5, 10, 15, 10, 5, 5, 10, 10, 5, 5, 10, 5, 10, 10, 5, 5, 5, 5, 5, 10, 5, 10, 5, 5, 5, 5, 10, 10, 10, 5, 10, 10, 20, 5, 5, 15, 5, 5, 10, 10, 15, 5, 10, 15, 5, 5, 10, 5, 15, 5, 10, 5, 5, 5, 5, 10, 5, 10, 5, 5, 5, 10, 10, 5, 10, 5, 5, 15, 10, 10, 15, 5, 10, 5, 5, 5, 5, 10, 5, 20, 10, 10, 5, 5, 5, 5, 5, 10, 20, 10, 5, 10, 25, 5, 15, 5, 10, 10, 10, 10, 15, 5, 15, 19, 10, 5, 15, 10, 10, 15, 15, 5, 5, 10, 25, 5, 5, 5, 5, 5, 15, 10, 5, 10, 10, 10, 10, 5, 10, 10, 10, 15, 5, 30, 5, 5, 15, 15, 5, 5, 5, 5, 25, 5, 10, 5, 5, 10, 50, 10, 5, 25, 5, 5, 25, 5, 20, 10, 15, 15, 10, 15, 5, 5, 15, 10, 15, 5, 30, 5, 10, 10, 5, 20, 15, 10, 10, 10, 35, 5, 10, 5, 15, 40, 105, 5, 25, 10, 10, 5, 10, 20, 20, 45, 75, 5, 10, 5, 30, 10, 75, 15, 5, 10, 25, 5, 15, 95, 15, 90, 145, 5, 15, 10, 15, 70, 15, 15, 195, 20, 25, 10, 5, 10, 230, 5, 280, 15, 5, 15, 30, 15, 75, 5, 230, 90, 165, 15, 110, 25, 30, 10, 80, 65, 105, 65, 15, 273, 
5991462, 1
5991462, 1638
5991462, 2715
5991462, 49046
5991462, 14525
5991462, 222109
5994951, 166
5994951, 5, 5, 5, 5, 5, 5, 5, 5, 5, 5, 5, 5, 5, 5, 5, 5, 5, 5, 5, 5, 5, 5, 5, 10, 5, 5, 5, 10, 5, 5, 5, 5, 5, 10, 10, 5, 5, 10, 5, 10, 5, 10, 5, 15, 5, 5, 5, 5, 5, 5, 5, 15, 5, 5, 10, 5, 5, 5, 5, 5, 5, 5, 10, 5, 5, 5, 10, 10, 5, 10, 10, 5, 10, 15, 5, 5, 10, 10, 5, 5, 10, 15, 5, 25, 10, 5, 5, 5, 5, 10, 25, 5, 5, 10, 5, 15, 5, 15, 5, 5, 15, 10, 5, 5, 5, 15, 5, 5, 5, 10, 10, 10, 5, 5, 5, 10, 5, 10, 5, 15, 25, 10, 5, 10, 15, 5, 5, 5, 20, 5, 10, 5, 10, 40, 20, 5, 5, 5, 5, 10, 15, 10, 5, 45, 15, 10, 25, 5, 10, 10, 5, 5, 10, 10, 5, 5, 15, 30, 10, 40, 25, 10, 15, 15, 65, 15, 25, 5, 55, 10, 20, 5, 10, 5, 15, 15, 130, 5, 35, 5, 10, 60, 15, 70, 100, 35, 5, 5, 10, 175, 35, 10, 125, 35, 5, 45, 10, 10, 25, 5, 5, 15, 30, 75, 10, 5, 170, 5, 10, 10, 10, 10, 5, 75, 5, 65, 5, 10, 5, 5, 153, 
5994951, 1
5994951, 2805
5994951, 3850
5994951, 14128
5994951, 4720
5994951, 221226
5994952, 1
5994952, 
5994952, 1
5994952, 357336
5994952, 12771989
5994952, 69601
5994952, 20157
5994952, 221125
5999675, 193
5999675, 5, 5, 5, 5, 5, 5, 5, 5, 5, 5, 5, 5, 5, 5, 10, 5, 5, 5, 5, 5, 10, 10, 5, 5, 5, 5, 5, 5, 5, 5, 5, 10, 5, 5, 5, 5, 10, 5, 15, 5, 5, 10, 5, 5, 5, 5, 5, 5, 5, 5, 10, 5, 5, 5, 20, 10, 5, 5, 10, 10, 10, 5, 10, 5, 15, 15, 5, 15, 5, 10, 5, 10, 15, 10, 5, 15, 20, 10, 5, 15, 10, 30, 5, 5, 10, 10, 10, 10, 5, 10, 20, 5, 5, 5, 10, 5, 10, 5, 10, 15, 15, 5, 20, 5, 5, 15, 10, 10, 10, 5, 5, 5, 5, 10, 10, 10, 5, 5, 5, 5, 5, 10, 10, 5, 25, 5, 5, 10, 5, 5, 10, 10, 15, 5, 5, 10, 5, 25, 10, 15, 10, 20, 20, 5, 25, 30, 5, 20, 30, 5, 10, 40, 35, 30, 5, 10, 5, 15, 10, 15, 5, 5, 5, 5, 5, 5, 15, 15, 5, 5, 5, 10, 5, 10, 10, 10, 15, 15, 5, 40, 5, 5, 5, 25, 55, 5, 10, 15, 10, 10, 15, 10, 10, 15, 55, 25, 5, 5, 5, 10, 25, 30, 5, 10, 20, 5, 10, 20, 20, 10, 10, 5, 15, 15, 40, 90, 5, 15, 5, 15, 10, 175, 5, 15, 15, 15, 205, 20, 190, 15, 70, 70, 5, 20, 110, 10, 15, 30, 20, 55, 195, 65, 230, 5, 10, 255, 130, 15, 5, 15, 190, 
5999675, 1
5999675, 3864
5999675, 5927
5999675, 76576
5999675, 16795
5999675, 220878
5999676, 1
5999676, 
5999676, 2
5999676, 350347
5999676, 352295
5999676, 87161
5999676, 14282
5999676, 220481
5999985, 14
5999985, 5, 5, 5, 5, 5, 5, 5, 5, 5, 5, 5, 5, 5, 5, 15, 5, 10, 5, 5, 5, 5, 5, 15, 5, 5, 5, 10, 5, 15, 5, 5, 5, 5, 5, 5, 5, 5, 10, 5, 5, 5, 15, 10, 5, 5, 10, 
5999985, 3
5999985, 88970
5999985, 823715
5999985, 4960
5999985, 1236
5999985, 220546
6008120, 217
6008120, 5, 5, 5, 5, 5, 5, 5, 5, 5, 5, 5, 5, 5, 5, 5, 10, 10, 5, 10, 5, 5, 5, 5, 5, 10, 10, 5, 5, 5, 5, 5, 10, 5, 5, 10, 5, 5, 10, 10, 5, 5, 5, 5, 5, 10, 5, 5, 10, 15, 10, 5, 5, 5, 10, 5, 10, 10, 5, 5, 10, 10, 5, 5, 10, 15, 5, 5, 15, 5, 5, 5, 10, 10, 5, 15, 10, 10, 5, 20, 10, 10, 5, 10, 15, 5, 10, 15, 10, 5, 25, 10, 5, 5, 5, 5, 5, 5, 10, 5, 10, 10, 25, 20, 10, 5, 10, 5, 5, 5, 5, 10, 10, 10, 5, 5, 10, 10, 15, 15, 20, 15, 10, 15, 5, 10, 10, 5, 15, 5, 5, 10, 5, 10, 15, 10, 20, 5, 10, 15, 15, 5, 10, 15, 5, 5, 15, 10, 5, 5, 10, 20, 5, 10, 5, 5, 15, 15, 20, 10, 5, 35, 10, 5, 5, 15, 5, 15, 10, 10, 40, 25, 30, 10, 5, 10, 25, 5, 10, 10, 10, 16, 25, 5, 5, 35, 10, 80, 15, 10, 70, 15, 15, 15, 5, 5, 10, 15, 10, 20, 15, 15, 5, 15, 10, 10, 10, 15, 15, 10, 15, 30, 10, 5, 5, 20, 5, 5, 10, 15, 5, 5, 15, 35, 15, 20, 5, 85, 15, 15, 40, 5, 35, 20, 5, 15, 15, 75, 10, 25, 5, 20, 15, 15, 35, 20, 15, 35, 20, 5, 85, 15, 10, 25, 20, 20, 20, 10, 15, 20, 10, 35, 65, 25, 10, 25, 15, 10, 25, 10, 15, 110, 30, 75, 30, 40, 10, 335, 35, 45, 40, 15, 10, 10, 65, 15, 25, 25, 420, 60, 105, 85, 10, 280, 5, 25, 5, 130, 15, 30, 290, 15, 40, 115, 20, 10, 40, 337, 15, 5, 20, 60, 15, 5, 215, 265, 20, 205, 15, 140, 10, 5, 260, 310, 
6008120, 2
6008120, 4374
6008120, 6328
6008120, 19257
6008120, 3929
6008120, 219671
6008535, 16
6008535, 5, 5, 5, 5, 5, 5, 5, 5, 5, 5, 5, 5, 5, 5, 5, 5, 10, 5, 5, 5, 5, 5, 5, 5, 10, 5, 10, 5, 5, 5, 10, 5, 5, 5, 10, 10, 5, 5, 10, 5, 5, 10, 5, 5, 10, 10, 25, 5, 15, 10, 5, 5, 30, 10, 14, 
6008535, 13
6008535, 39284
6008535, 43634
6008535, 35111
6008535, 11574
6008535, 219151
6008536, 1
6008536, 
6008536, 1
6008536, 387215
6008536, 392552
6008536, 31165
6008536, 10661
6008536, 218589
6011724, 225
6011724, 5, 5, 5, 5, 5, 5, 5, 5, 5, 5, 5, 5, 5, 5, 5, 5, 5, 5, 5, 10, 5, 5, 5, 5, 5, 5, 5, 5, 5, 5, 5, 10, 5, 5, 5, 5, 5, 5, 10, 5, 5, 5, 5, 5, 5, 10, 5, 5, 5, 5, 5, 10, 5, 10, 5, 5, 5, 5, 10, 5, 5, 10, 5, 5, 5, 15, 5, 5, 5, 15, 10, 5, 5, 10, 5, 10, 5, 5, 30, 5, 5, 5, 15, 5, 15, 5, 5, 5, 5, 5, 5, 10, 5, 20, 5, 5, 5, 15, 5, 5, 5, 15, 5, 5, 10, 5, 10, 5, 5, 10, 20, 5, 15, 20, 15, 5, 15, 10, 10, 5, 20, 5, 5, 5, 5, 10, 5, 15, 10, 5, 10, 30, 10, 10, 5, 5, 15, 5, 5, 10, 5, 10, 5, 10, 5, 15, 10, 5, 5, 5, 110, 5, 15, 5, 5, 50, 25, 10, 10, 10, 5, 35, 25, 5, 10, 5, 5, 10, 5, 5, 20, 10, 5, 146, 170, 5, 15, 5, 25, 10, 41, 25, 70, 130, 15, 25, 60, 5, 20, 10, 20, 10, 5, 160, 35, 5, 65, 85, 65, 10, 145, 81, 
6011724, 4
6011724, 8883
6011724, 24823
6011724, 29623
6011724, 9075
6011724, 219058
6011725, 1
6011725, 
6011725, 1
6011725, 343961
6011725, 360779
6011725, 42705
6011725, 10541
6011725, 218493
6011726, 1
6011726, 
6011726, 1
6011726, 649724
6011726, 665569
6011726, 51478
6011726, 23317
6011726, 217489
6025822, 361
6025822, 5, 5, 5, 5, 10, 10, 5, 5, 5, 5, 5, 5, 10, 10, 10, 5, 5, 5, 10, 10, 5, 15, 15, 5, 5, 5, 5, 10, 10, 15, 5, 10, 5, 10, 10, 5, 5, 5, 5, 10, 5, 10, 5, 20, 5, 5, 10, 5, 15, 5, 5, 15, 10, 20, 15, 5, 25, 15, 5, 15, 15, 5, 10, 15, 20, 20, 15, 10, 10, 20, 5, 15, 10, 5, 15, 10, 5, 10, 5, 10, 20, 20, 5, 5, 10, 15, 30, 5, 10, 5, 25, 10, 10, 10, 5, 35, 35, 5, 15, 5, 30, 5, 15, 15, 10, 10, 15, 10, 30, 10, 20, 20, 5, 20, 20, 10, 10, 10, 10, 5, 15, 10, 5, 10, 25, 20, 5, 15, 30, 20, 15, 15, 10, 10, 10, 15, 15, 5, 15, 10, 15, 5, 15, 5, 30, 15, 20, 5, 20, 10, 25, 15, 5, 15, 30, 25, 25, 25, 25, 10, 15, 15, 25, 10, 55, 10, 10, 15, 60, 15, 20, 20, 25, 25, 15, 5, 10, 15, 20, 25, 20, 30, 25, 35, 5, 15, 30, 10, 25, 10, 25, 10, 25, 20, 5, 10, 35, 10, 15, 20, 20, 10, 20, 10, 30, 20, 5, 10, 10, 10, 20, 15, 15, 20, 10, 40, 10, 10, 15, 15, 50, 15, 10, 20, 25, 10, 70, 20, 10, 25, 20, 20, 80, 30, 35, 25, 20, 10, 15, 10, 10, 15, 10, 70, 15, 25, 15, 15, 30, 15, 40, 20, 20, 5, 25, 30, 35, 25, 20, 25, 100, 30, 15, 5, 20, 10, 100, 40, 70, 20, 15, 100, 25, 287, 15, 55, 35, 15, 10, 5, 45, 10, 25, 20, 10, 30, 50, 20, 55, 20, 15, 15, 55, 15, 5, 35, 10, 15, 10, 30, 20, 95, 25, 5, 140, 25, 15, 15, 35, 10, 30, 10, 90, 10, 20, 15, 80, 25, 141, 497, 20, 25, 100, 15, 20, 65, 20, 70, 35, 165, 25, 5, 20, 290, 20, 120, 25, 15, 25, 185, 15, 75, 15, 10, 396, 15, 25, 5, 390, 332, 30, 20, 15, 15, 555, 20, 20, 25, 20, 579, 270, 460, 25, 105, 315, 550, 5, 618, 5, 770, 
6025822, 1
6025822, 3666
6025822, 15649
6025822, 47772
6025822, 15596
6025822, 216197
6083357, 2326
6083357, 15, 40, 25, 25, 35, 15, 30, 15, 30, 20, 45, 25, 50, 15, 50, 50, 50, 55, 20, 60, 30, 35, 45, 55, 40, 30, 35, 45, 50, 75, 35, 40, 70, 35, 60, 60, 65, 50, 35, 45, 65, 65, 20, 55, 60, 45, 15, 40, 20, 75, 35, 65, 45, 15, 55, 55, 45, 65, 75, 75, 35, 70, 45, 65, 60, 80, 45, 35, 50, 30, 60, 45, 70, 35, 15, 35, 35, 25, 45, 65, 35, 90, 35, 55, 65, 30, 55, 65, 60, 75, 66, 50, 110, 165, 50, 30, 50, 70, 50, 45, 70, 60, 70, 35, 55, 55, 85, 35, 25, 30, 35, 45, 70, 70, 35, 45, 65, 30, 65, 35, 45, 85, 70, 50, 30, 65, 65, 75, 80, 75, 30, 10, 90, 55, 60, 75, 100, 90, 45, 60, 30, 35, 70, 35, 65, 55, 90, 80, 90, 25, 55, 130, 65, 35, 75, 80, 40, 65, 55, 65, 60, 50, 70, 50, 45, 60, 45, 60, 55, 60, 60, 70, 45, 135, 100, 55, 10, 145, 75, 100, 55, 85, 95, 55, 40, 75, 25, 80, 45, 60, 60, 65, 35, 45, 45, 60, 15, 60, 55, 580, 45, 65, 90, 255, 225, 50, 85, 75, 80, 315, 45, 115, 50, 60, 70, 65, 221, 45, 50, 105, 40, 40, 55, 60, 50, 280, 40, 75, 85, 105, 20, 100, 50, 60, 60, 80, 30, 50, 75, 85, 55, 45, 60, 55, 85, 55, 70, 75, 75, 65, 75, 95, 35, 50, 30, 55, 120, 50, 305, 75, 65, 35, 85, 30, 85, 120, 30, 60, 100, 70, 455, 45, 75, 100, 60, 75, 125, 75, 75, 55, 215, 45, 65, 35, 160, 210, 40, 50, 60, 65, 150, 70, 60, 50, 175, 75, 100, 60, 50, 50, 105, 80, 60, 65, 35, 65, 95, 50, 75, 20, 50, 430, 60, 90, 100, 95, 35, 60, 60, 305, 75, 70, 45, 35, 45, 85, 530, 55, 40, 70, 95, 90, 40, 45, 1035, 70, 125, 35, 140, 180, 230, 60, 100, 65, 215, 345, 360, 330, 90, 30, 210, 70, 80, 55, 45, 35, 55, 80, 40, 60, 400, 70, 40, 70, 65, 110, 160, 130, 676, 1465, 305, 80, 610, 1345, 1610, 20, 45, 2431, 45, 50, 1956, 40, 65, 65, 1351, 450, 975, 50, 2235, 55, 165, 15, 75, 1350, 70, 2370, 1916, 1171, 1191, 290, 50, 2210, 
6083357, 17
6083357, 2475
6083357, 5103
6083357, 38779
6083357, 11017
6083357, 214918
6128753, 2427
6128753, 20, 25, 25, 70, 25, 10, 35, 30, 25, 30, 20, 35, 40, 40, 60, 65, 45, 65, 25, 45, 25, 65, 25, 50, 20, 165, 40, 20, 35, 40, 30, 30, 45, 25, 45, 75, 50, 26, 25, 45, 80, 15, 50, 15, 40, 40, 55, 10, 45, 35, 25, 30, 55, 40, 60, 70, 40, 35, 45, 50, 65, 35, 35, 25, 50, 30, 60, 45, 60, 75, 55, 30, 55, 45, 20, 30, 75, 70, 40, 60, 70, 30, 60, 65, 35, 15, 30, 60, 50, 20, 105, 45, 105, 55, 55, 75, 60, 45, 75, 55, 40, 65, 65, 80, 65, 50, 55, 40, 35, 75, 75, 10, 80, 55, 40, 55, 45, 20, 35, 50, 45, 90, 65, 60, 35, 45, 70, 50, 70, 45, 30, 35, 65, 40, 25, 80, 30, 35, 75, 70, 60, 45, 65, 145, 70, 50, 60, 70, 75, 35, 60, 70, 45, 35, 45, 50, 55, 55, 60, 80, 70, 50, 85, 65, 45, 75, 55, 35, 50, 70, 50, 65, 35, 70, 45, 80, 65, 15, 115, 40, 80, 70, 40, 95, 50, 80, 110, 80, 35, 40, 50, 65, 70, 50, 80, 55, 60, 190, 75, 70, 105, 35, 60, 35, 155, 40, 65, 65, 55, 60, 60, 80, 50, 280, 65, 60, 80, 45, 70, 45, 40, 55, 105, 35, 50, 75, 60, 25, 45, 55, 45, 20, 70, 50, 25, 75, 115, 65, 75, 40, 10, 45, 40, 145, 65, 75, 70, 50, 50, 65, 85, 60, 40, 15, 355, 30, 35, 65, 30, 250, 140, 325, 370, 65, 20, 100, 100, 85, 75, 45, 45, 70, 185, 150, 15, 98, 45, 65, 60, 40, 50, 255, 55, 40, 75, 50, 30, 135, 45, 70, 55, 40, 20, 360, 40, 70, 70, 30, 75, 165, 80, 45, 45, 75, 65, 295, 80, 40, 140, 65, 90, 70, 50, 120, 35, 65, 35, 75, 60, 90, 60, 60, 85, 195, 80, 185, 55, 90, 250, 35, 315, 45, 105, 120, 40, 80, 35, 50, 75, 485, 75, 105, 25, 50, 65, 1040, 285, 60, 115, 420, 650, 45, 250, 85, 45, 210, 150, 30, 135, 616, 85, 30, 390, 35, 40, 530, 90, 55, 70, 295, 1696, 40, 30, 310, 1805, 40, 60, 1080, 60, 140, 40, 45, 35, 576, 60, 510, 1250, 35, 125, 65, 65, 1720, 75, 310, 80, 55, 565, 265, 135, 415, 1720, 60, 847, 
6128753, 3
6128753, 1293
6128753, 5656
6128753, 78220
6128753, 23316
6128753, 214194
6171925, 2254
6171925, 15, 15, 10, 15, 10, 10, 35, 20, 15, 30, 10, 60, 55, 30, 10, 20, 35, 40, 30, 25, 25, 15, 50, 15, 25, 35, 40, 60, 55, 45, 50, 45, 15, 35, 20, 20, 60, 30, 45, 20, 25, 45, 45, 25, 70, 40, 65, 25, 45, 25, 50, 10, 57, 65, 15, 60, 35, 25, 20, 80, 70, 55, 30, 75, 70, 45, 40, 35, 15, 45, 15, 35, 40, 35, 50, 55, 40, 30, 30, 45, 50, 20, 30, 35, 45, 65, 60, 30, 30, 25, 60, 75, 95, 60, 65, 35, 20, 70, 45, 65, 75, 65, 40, 55, 30, 55, 55, 60, 50, 35, 50, 40, 50, 35, 45, 45, 25, 35, 25, 25, 90, 60, 50, 75, 65, 25, 85, 50, 65, 35, 25, 55, 40, 30, 65, 40, 55, 35, 110, 30, 160, 50, 35, 30, 65, 60, 65, 50, 40, 50, 40, 30, 65, 45, 55, 70, 45, 35, 50, 65, 75, 80, 60, 40, 60, 50, 35, 50, 35, 80, 30, 65, 70, 110, 75, 75, 80, 50, 60, 75, 100, 35, 80, 85, 25, 40, 70, 40, 40, 70, 45, 35, 70, 45, 35, 145, 45, 50, 60, 55, 180, 90, 75, 55, 50, 60, 50, 60, 55, 55, 65, 35, 35, 65, 60, 30, 65, 55, 65, 75, 40, 40, 120, 60, 55, 40, 60, 45, 45, 120, 140, 100, 40, 25, 55, 120, 50, 50, 50, 70, 45, 25, 50, 55, 65, 35, 55, 15, 350, 50, 65, 75, 330, 45, 65, 60, 60, 65, 50, 25, 35, 90, 35, 55, 25, 60, 80, 255, 60, 180, 50, 80, 50, 60, 10, 65, 50, 20, 65, 44, 90, 70, 160, 40, 60, 60, 40, 45, 45, 135, 170, 160, 45, 65, 270, 55, 50, 325, 40, 35, 50, 35, 160, 45, 105, 40, 115, 90, 505, 210, 80, 45, 646, 40, 35, 300, 75, 35, 285, 95, 45, 15, 95, 10, 65, 60, 65, 70, 35, 90, 130, 75, 60, 170, 305, 60, 80, 100, 60, 40, 60, 65, 375, 125, 525, 75, 80, 380, 35, 310, 80, 35, 45, 65, 140, 75, 65, 120, 40, 75, 35, 150, 35, 130, 175, 85, 100, 1522, 55, 400, 40, 40, 70, 70, 140, 85, 130, 1546, 275, 1686, 50, 695, 1015, 35, 55, 75, 55, 40, 145, 245, 755, 70, 260, 75, 445, 425, 1570, 60, 75, 1030, 40, 2076, 245, 336, 
6171925, 15
6171925, 3005
6171925, 6069
6171925, 39884
6171925, 4863
6171925, 213611
6181822, 632
6181822, 5, 5, 5, 10, 5, 5, 5, 5, 5, 5, 15, 10, 5, 10, 5, 15, 5, 5, 5, 10, 5, 5, 5, 10, 10, 5, 5, 5, 5, 5, 5, 5, 5, 5, 5, 15, 5, 15, 10, 5, 15, 10, 20, 10, 10, 15, 10, 5, 5, 5, 5, 10, 5, 15, 5, 15, 5, 5, 15, 5, 10, 5, 20, 15, 15, 5, 10, 10, 40, 5, 10, 10, 15, 20, 10, 20, 15, 10, 5, 15, 15, 5, 15, 10, 15, 20, 10, 10, 10, 25, 20, 15, 10, 10, 5, 5, 5, 30, 15, 5, 5, 10, 10, 30, 15, 10, 25, 5, 30, 5, 10, 5, 20, 10, 15, 15, 20, 5, 5, 20, 5, 15, 15, 15, 10, 30, 10, 5, 15, 25, 5, 20, 15, 5, 20, 5, 10, 20, 30, 20, 30, 20, 20, 5, 10, 10, 10, 35, 15, 40, 15, 10, 30, 15, 40, 25, 15, 10, 20, 15, 5, 10, 20, 15, 5, 25, 30, 40, 25, 15, 20, 15, 35, 20, 5, 15, 5, 20, 25, 5, 30, 15, 15, 5, 20, 15, 20, 5, 20, 25, 10, 5, 20, 10, 20, 40, 10, 15, 10, 5, 25, 10, 10, 5, 5, 15, 10, 15, 10, 25, 15, 10, 15, 25, 20, 20, 25, 35, 25, 15, 20, 30, 5, 10, 5, 10, 5, 15, 15, 20, 20, 15, 5, 20, 5, 15, 15, 30, 20, 10, 35, 15, 10, 15, 20, 15, 45, 20, 30, 5, 25, 20, 20, 5, 15, 20, 20, 15, 10, 10, 5, 30, 40, 5, 15, 10, 20, 25, 25, 35, 10, 30, 25, 60, 10, 30, 10, 5, 60, 10, 80, 50, 10, 20, 5, 20, 10, 20, 15, 20, 20, 70, 100, 15, 40, 20, 20, 20, 20, 35, 40, 5, 65, 60, 20, 10, 5, 10, 10, 10, 30, 10, 20, 90, 20, 25, 10, 30, 15, 25, 100, 10, 200, 20, 65, 20, 30, 10, 15, 15, 10, 20, 10, 25, 25, 130, 25, 15, 130, 70, 75, 20, 30, 10, 30, 90, 20, 70, 40, 5, 35, 525, 25, 25, 240, 85, 80, 10, 25, 15, 30, 20, 160, 115, 25, 10, 30, 200, 35, 75, 20, 60, 420, 115, 25, 15, 15, 55, 220, 20, 15, 
6181822, 2
6181822, 1977
6181822, 6321
6181822, 6792
6181822, 1605
6181822, 213735
6196635, 781
6196635, 5, 5, 10, 10, 5, 10, 5, 5, 5, 5, 15, 10, 15, 10, 5, 10, 10, 5, 15, 5, 10, 5, 15, 10, 10, 5, 20, 10, 15, 10, 5, 15, 5, 5, 15, 5, 5, 5, 5, 30, 10, 30, 5, 30, 15, 10, 10, 20, 20, 10, 30, 10, 20, 30, 10, 15, 15, 10, 5, 25, 30, 20, 5, 15, 20, 10, 35, 20, 40, 20, 20, 20, 30, 15, 10, 20, 5, 5, 15, 20, 20, 15, 5, 25, 16, 15, 15, 10, 15, 20, 5, 15, 15, 5, 10, 20, 10, 5, 30, 15, 25, 15, 10, 60, 5, 25, 35, 25, 20, 25, 20, 15, 15, 25, 20, 15, 20, 25, 25, 20, 15, 20, 45, 30, 25, 5, 25, 15, 25, 10, 15, 5, 50, 10, 5, 15, 10, 30, 20, 65, 40, 35, 10, 35, 15, 20, 10, 10, 25, 15, 15, 5, 5, 10, 25, 30, 20, 15, 10, 10, 25, 45, 20, 25, 20, 30, 20, 10, 10, 5, 25, 50, 40, 15, 20, 15, 10, 15, 20, 25, 20, 35, 25, 15, 20, 20, 15, 20, 15, 30, 30, 10, 120, 25, 15, 25, 35, 30, 10, 25, 40, 30, 15, 20, 30, 15, 5, 15, 15, 25, 15, 20, 10, 20, 15, 20, 50, 15, 55, 40, 15, 5, 5, 25, 25, 15, 35, 10, 30, 5, 25, 25, 85, 25, 40, 35, 25, 45, 20, 20, 35, 30, 15, 95, 25, 20, 35, 20, 20, 130, 10, 5, 25, 50, 60, 30, 20, 25, 20, 55, 25, 35, 25, 15, 10, 15, 30, 50, 55, 30, 20, 20, 15, 55, 15, 20, 20, 15, 145, 55, 40, 50, 15, 20, 90, 15, 20, 25, 25, 25, 30, 15, 55, 55, 25, 95, 10, 30, 185, 25, 35, 15, 25, 20, 20, 35, 10, 30, 25, 25, 30, 35, 20, 30, 60, 20, 20, 30, 25, 55, 36, 15, 25, 30, 245, 65, 85, 25, 15, 35, 40, 220, 30, 25, 105, 20, 35, 70, 50, 25, 25, 10, 10, 45, 15, 170, 15, 30, 35, 50, 30, 5, 30, 20, 45, 50, 30, 90, 15, 15, 30, 30, 30, 206, 20, 10, 330, 25, 785, 30, 30, 20, 75, 50, 25, 20, 95, 20, 115, 385, 5, 40, 195, 95, 695, 30, 40, 90, 30, 670, 15, 235, 60, 15, 169, 
6196635, 3
6196635, 1958
6196635, 5907
6196635, 17465
6196635, 6198
6196635, 213086
6199873, 188
6199873, 5, 5, 5, 5, 5, 5, 5, 5, 5, 5, 5, 5, 5, 5, 15, 5, 5, 5, 5, 5, 5, 5, 5, 5, 5, 5, 5, 10, 10, 5, 5, 5, 5, 5, 5, 5, 5, 5, 5, 5, 5, 5, 5, 5, 5, 5, 5, 5, 5, 15, 10, 5, 5, 5, 5, 5, 5, 5, 5, 5, 5, 5, 5, 5, 5, 5, 5, 5, 5, 5, 5, 5, 5, 10, 5, 5, 5, 5, 5, 5, 5, 5, 10, 5, 5, 5, 5, 5, 5, 5, 10, 10, 10, 5, 5, 5, 10, 5, 5, 5, 15, 5, 5, 10, 20, 5, 10, 10, 10, 5, 5, 5, 5, 15, 5, 20, 5, 5, 5, 15, 5, 10, 5, 15, 5, 5, 5, 10, 25, 15, 5, 5, 10, 5, 10, 10, 15, 10, 10, 5, 10, 15, 10, 10, 10, 5, 15, 5, 10, 5, 5, 15, 5, 5, 5, 5, 10, 5, 45, 10, 35, 5, 10, 5, 10, 20, 5, 15, 10, 5, 20, 5, 10, 10, 5, 45, 50, 5, 25, 10, 10, 40, 5, 25, 10, 10, 15, 5, 10, 10, 5, 5, 5, 5, 5, 15, 10, 35, 15, 5, 5, 5, 5, 35, 5, 10, 50, 25, 10, 10, 5, 5, 35, 120, 15, 10, 5, 5, 20, 25, 15, 10, 75, 90, 5, 15, 5, 20, 10, 60, 10, 15, 180, 20, 5, 35, 10, 45, 195, 130, 5, 5, 
6199873, 1
6199873, 3163
6199873, 7098
6199873, 4807
6199873, 1021
6199873, 213150
6199874, 1
6199874, 
6199874, 3
6199874, 408011
6199874, 414964
6199874, 3380
6199874, 1254
6199874, 213209
6199875, 1
6199875, 
6199875, 13
6199875, 5448037
6199875, 16726319
6199875, 3452
6199875, 988
6199875, 212250
6203066, 176
6203066, 5, 5, 5, 5, 5, 5, 5, 5, 5, 5, 5, 5, 5, 5, 5, 5, 5, 5, 10, 5, 5, 5, 10, 5, 5, 5, 5, 10, 5, 5, 5, 10, 5, 5, 5, 5, 10, 5, 5, 10, 10, 5, 5, 10, 5, 5, 5, 10, 5, 5, 5, 5, 20, 5, 5, 5, 5, 10, 10, 5, 5, 5, 10, 10, 5, 10, 5, 5, 5, 10, 5, 15, 5, 10, 10, 5, 5, 5, 5, 5, 5, 5, 5, 10, 10, 5, 5, 5, 5, 5, 5, 10, 10, 5, 5, 5, 5, 5, 5, 5, 15, 10, 5, 5, 5, 5, 10, 20, 15, 5, 10, 10, 5, 15, 5, 10, 10, 15, 5, 5, 5, 5, 5, 10, 10, 10, 30, 10, 20, 5, 5, 5, 10, 20, 5, 5, 5, 5, 10, 15, 5, 10, 30, 5, 15, 10, 10, 10, 5, 10, 5, 15, 5, 15, 10, 5, 10, 5, 5, 15, 25, 15, 10, 5, 15, 5, 10, 10, 20, 5, 5, 5, 15, 15, 5, 20, 15, 10, 55, 5, 10, 10, 70, 20, 5, 20, 15, 5, 10, 125, 10, 15, 20, 30, 10, 15, 40, 30, 5, 10, 5, 65, 5, 10, 120, 20, 40, 20, 30, 45, 10, 175, 20, 150, 15, 181, 15, 134, 
6203066, 1
6203066, 7522
6203066, 47953
6203066, 8316
6203066, 1687
6203066, 212345
6210535, 347
6210535, 5, 5, 5, 5, 5, 5, 5, 5, 5, 5, 5, 5, 5, 5, 5, 5, 5, 5, 10, 5, 10, 10, 5, 5, 10, 5, 10, 5, 10, 5, 15, 5, 5, 20, 5, 15, 5, 10, 5, 10, 10, 20, 10, 15, 10, 10, 5, 10, 5, 5, 5, 20, 10, 5, 5, 5, 10, 10, 5, 5, 5, 5, 10, 10, 25, 15, 10, 20, 10, 5, 5, 5, 10, 5, 5, 15, 10, 10, 5, 15, 5, 15, 15, 5, 10, 5, 5, 5, 5, 5, 5, 20, 10, 15, 10, 5, 15, 5, 5, 15, 15, 10, 5, 10, 5, 15, 5, 15, 15, 15, 5, 5, 10, 15, 6, 5, 10, 10, 5, 5, 10, 10, 10, 15, 15, 5, 5, 15, 5, 20, 20, 15, 10, 10, 10, 10, 10, 15, 5, 5, 5, 5, 10, 10, 15, 10, 10, 10, 15, 5, 10, 10, 5, 20, 15, 10, 5, 5, 5, 5, 5, 10, 5, 15, 10, 20, 15, 20, 20, 5, 10, 5, 5, 20, 10, 25, 20, 10, 20, 5, 10, 10, 10, 20, 15, 10, 10, 15, 40, 10, 15, 5, 20, 10, 5, 25, 15, 5, 10, 20, 10, 20, 10, 15, 30, 20, 5, 5, 10, 50, 15, 5, 15, 45, 95, 25, 15, 5, 10, 25, 10, 20, 5, 10, 5, 15, 15, 5, 5, 10, 15, 10, 10, 20, 10, 10, 30, 15, 5, 20, 5, 10, 15, 10, 10, 15, 25, 20, 10, 20, 10, 15, 10, 10, 5, 50, 10, 45, 5, 10, 5, 20, 10, 20, 5, 25, 15, 70, 20, 15, 20, 10, 20, 20, 5, 110, 10, 10, 40, 5, 5, 10, 5, 10, 65, 20, 30, 60, 5, 5, 50, 315, 35, 10, 30, 15, 20, 10, 35, 55, 15, 10, 301, 315, 35, 20, 35, 10, 5, 15, 15, 30, 10, 80, 45, 15, 30, 65, 15, 303, 15, 375, 25, 196, 40, 40, 15, 15, 325, 25, 60, 431, 
6210535, 1
6210535, 3731
6210535, 34043
6210535, 30392
6210535, 3988
6210535, 211570
6210536, 1
6210536, 
6210536, 3
6210536, 1083158
6210536, 15147157
6210536, 3185
6210536, 1343
6210536, 211633
6211750, 79
6211750, 5, 5, 5, 5, 5, 5, 5, 5, 5, 5, 5, 5, 10, 5, 5, 5, 5, 5, 5, 5, 10, 5, 5, 5, 5, 5, 10, 5, 5, 5, 5, 10, 5, 10, 5, 5, 5, 5, 5, 5, 5, 20, 10, 5, 5, 5, 5, 5, 5, 5, 10, 15, 5, 5, 5, 5, 5, 5, 5, 5, 5, 5, 5, 10, 5, 5, 5, 5, 5, 10, 5, 5, 5, 10, 10, 5, 10, 20, 5, 5, 5, 55, 5, 5, 10, 5, 5, 15, 10, 40, 50, 5, 35, 5, 5, 5, 10, 5, 35, 15, 5, 10, 10, 80, 10, 5, 10, 40, 10, 5, 55, 70, 
6211750, 1
6211750, 14482
6211750, 54294
6211750, 2850
6211750, 1236
6211750, 211697
6239522, 1132
6239522, 20, 5, 15, 10, 5, 10, 5, 5, 10, 20, 10, 15, 10, 40, 5, 10, 25, 10, 25, 10, 30, 15, 15, 10, 10, 15, 10, 10, 20, 20, 20, 15, 10, 15, 10, 20, 5, 45, 10, 25, 5, 25, 25, 25, 40, 30, 20, 25, 20, 15, 15, 10, 25, 30, 5, 15, 15, 20, 15, 15, 35, 15, 30, 15, 25, 15, 45, 30, 15, 25, 15, 15, 35, 15, 35, 20, 15, 25, 30, 85, 30, 70, 15, 30, 15, 25, 20, 25, 25, 25, 25, 40, 25, 25, 10, 40, 35, 25, 25, 25, 30, 40, 30, 25, 15, 30, 45, 25, 35, 40, 10, 30, 25, 10, 5, 20, 25, 30, 15, 25, 25, 25, 25, 10, 15, 30, 30, 20, 35, 45, 20, 25, 45, 55, 30, 55, 25, 20, 40, 55, 25, 35, 20, 45, 10, 60, 60, 30, 20, 35, 40, 30, 20, 15, 40, 20, 50, 30, 30, 30, 45, 25, 15, 30, 20, 40, 40, 25, 35, 45, 10, 40, 30, 20, 55, 15, 10, 45, 20, 30, 20, 25, 40, 25, 30, 70, 40, 45, 30, 30, 35, 40, 45, 10, 30, 15, 35, 15, 10, 35, 20, 10, 55, 45, 60, 20, 135, 55, 55, 35, 85, 25, 30, 35, 20, 40, 85, 45, 40, 35, 45, 55, 20, 20, 30, 10, 35, 15, 30, 60, 10, 45, 40, 50, 25, 60, 30, 20, 50, 120, 35, 45, 30, 30, 30, 25, 35, 15, 35, 115, 100, 15, 15, 20, 10, 40, 25, 20, 45, 50, 25, 25, 20, 50, 15, 35, 60, 40, 45, 25, 45, 40, 20, 85, 35, 35, 30, 20, 30, 30, 25, 55, 20, 80, 55, 140, 45, 200, 40, 45, 40, 65, 45, 25, 20, 25, 30, 45, 15, 55, 75, 20, 65, 95, 15, 40, 20, 65, 15, 35, 15, 20, 45, 25, 25, 135, 70, 80, 45, 25, 30, 45, 65, 25, 50, 30, 85, 40, 30, 15, 80, 35, 140, 115, 45, 60, 25, 35, 20, 25, 55, 55, 35, 10, 75, 30, 45, 45, 25, 35, 65, 35, 20, 45, 20, 40, 55, 130, 60, 30, 55, 65, 35, 130, 250, 15, 60, 150, 140, 25, 55, 1192, 25, 50, 180, 30, 35, 1000, 15, 30, 335, 75, 225, 680, 1135, 45, 486, 20, 210, 40, 15, 15, 1497, 30, 145, 480, 45, 1102, 10, 25, 1081, 20, 35, 10, 950, 1000, 1252, 
6239522, 2
6239522, 2218
6239522, 6604
6239522, 18405
6239522, 4304
6239522, 210057
6239523, 1
6239523, 
6239523, 1
6239523, 332018
6239523, 335422
6239523, 25559
6239523, 6212
6239523, 209372
6239524, 1
6239524, 
6239524, 1
6239524, 629779
6239524, 14673700
6239524, 8720
6239524, 3385
6239524, 208563
6245037, 291
6245037, 5, 5, 10, 5, 5, 5, 5, 5, 5, 5, 5, 5, 10, 5, 5, 5, 5, 5, 5, 5, 10, 5, 5, 5, 10, 5, 5, 5, 5, 5, 10, 5, 5, 5, 5, 10, 5, 5, 15, 5, 5, 5, 15, 5, 5, 5, 5, 5, 5, 5, 5, 10, 5, 10, 10, 20, 10, 5, 10, 5, 5, 5, 5, 10, 15, 10, 5, 20, 5, 5, 5, 10, 5, 5, 5, 5, 5, 5, 10, 5, 10, 10, 5, 5, 10, 5, 15, 5, 5, 15, 5, 10, 5, 10, 5, 15, 5, 5, 10, 10, 10, 10, 5, 5, 5, 15, 5, 5, 10, 5, 5, 5, 10, 5, 10, 10, 15, 5, 10, 10, 5, 5, 5, 5, 5, 5, 5, 20, 15, 5, 10, 15, 20, 15, 10, 25, 5, 15, 5, 5, 5, 5, 5, 5, 15, 5, 10, 15, 10, 15, 15, 10, 5, 5, 5, 30, 5, 15, 10, 10, 20, 15, 10, 10, 10, 20, 5, 10, 10, 5, 5, 20, 5, 10, 10, 60, 5, 15, 20, 15, 10, 10, 5, 5, 10, 5, 5, 10, 15, 35, 15, 5, 5, 5, 10, 15, 20, 35, 20, 10, 5, 5, 5, 10, 25, 15, 10, 10, 10, 10, 15, 10, 15, 5, 50, 15, 5, 15, 5, 10, 10, 10, 15, 15, 5, 5, 10, 10, 5, 10, 15, 5, 5, 75, 60, 40, 5, 10, 10, 10, 10, 10, 15, 10, 25, 10, 25, 30, 15, 195, 5, 25, 15, 5, 5, 225, 155, 10, 220, 10, 5, 205, 10, 239, 220, 25, 161, 170, 15, 5, 285, 10, 212, 215, 10, 45, 
6245037, 2
6245037, 5644
6245037, 16303
6245037, 223630
6245037, 29990
6245037, 202505
6317924, 3040
6317924, 5, 15, 45, 65, 10, 35, 15, 45, 45, 45, 55, 45, 60, 30, 55, 65, 35, 45, 45, 50, 65, 35, 90, 35, 51, 85, 40, 60, 30, 35, 40, 35, 70, 35, 50, 85, 45, 20, 50, 15, 55, 65, 100, 60, 35, 45, 65, 55, 90, 60, 40, 50, 15, 70, 60, 70, 60, 95, 15, 75, 40, 45, 60, 30, 45, 55, 65, 55, 50, 30, 45, 65, 70, 70, 90, 60, 95, 60, 40, 90, 40, 75, 55, 40, 70, 80, 70, 70, 40, 35, 25, 50, 65, 70, 60, 30, 80, 40, 65, 50, 70, 60, 80, 55, 65, 55, 60, 60, 85, 85, 80, 60, 61, 65, 65, 95, 95, 80, 40, 75, 75, 10, 65, 50, 55, 50, 165, 50, 80, 70, 155, 105, 90, 35, 45, 55, 45, 70, 85, 105, 275, 70, 80, 70, 45, 205, 60, 85, 50, 155, 70, 90, 40, 55, 30, 55, 50, 70, 45, 60, 65, 145, 150, 25, 75, 55, 80, 45, 85, 80, 95, 35, 145, 85, 45, 60, 150, 135, 70, 95, 95, 85, 60, 90, 55, 65, 145, 170, 45, 65, 40, 45, 70, 80, 70, 150, 40, 65, 60, 60, 150, 160, 95, 85, 105, 125, 85, 50, 90, 75, 135, 80, 125, 65, 35, 115, 95, 25, 60, 60, 45, 160, 65, 145, 160, 65, 310, 80, 85, 65, 95, 105, 30, 90, 75, 55, 90, 70, 95, 90, 70, 50, 80, 55, 90, 50, 80, 75, 40, 360, 25, 55, 35, 130, 75, 50, 95, 115, 90, 90, 495, 20, 75, 140, 55, 145, 65, 60, 75, 135, 110, 90, 80, 55, 265, 50, 50, 80, 71, 45, 60, 60, 70, 110, 100, 375, 65, 75, 110, 20, 70, 65, 75, 90, 90, 80, 195, 310, 60, 95, 60, 40, 90, 75, 360, 60, 455, 95, 180, 105, 105, 100, 120, 50, 75, 100, 120, 90, 425, 80, 285, 60, 50, 365, 90, 85, 70, 95, 75, 80, 65, 395, 65, 245, 95, 80, 40, 45, 65, 90, 50, 65, 165, 20, 55, 95, 55, 85, 25, 30, 80, 95, 80, 95, 55, 85, 75, 80, 60, 165, 65, 15, 50, 140, 50, 760, 140, 45, 110, 75, 120, 2145, 85, 75, 145, 320, 165, 495, 60, 70, 1020, 35, 80, 2115, 80, 50, 2256, 970, 80, 55, 375, 60, 35, 3017, 110, 60, 70, 80, 2786, 2990, 60, 45, 2800, 55, 2178, 85, 45, 75, 60, 2896, 390, 2268, 215, 2375, 670, 2641, 1732, 210, 
6317924, 14
6317924, 2069
6317924, 3429
6317924, 63509
6317924, 17877
6317924, 197480
6322972, 228
6322972, 5, 5, 5, 5, 5, 5, 5, 5, 5, 5, 5, 5, 5, 5, 5, 5, 5, 5, 5, 5, 5, 5, 5, 10, 10, 5, 10, 5, 5, 5, 5, 5, 10, 10, 5, 5, 5, 10, 10, 10, 10, 5, 5, 5, 10, 20, 5, 10, 5, 10, 5, 5, 10, 5, 5, 5, 5, 5, 5, 5, 10, 10, 10, 5, 10, 5, 15, 5, 5, 10, 10, 5, 5, 5, 5, 5, 10, 5, 10, 5, 5, 15, 15, 5, 10, 5, 15, 5, 5, 15, 5, 10, 15, 15, 10, 5, 5, 10, 5, 5, 5, 10, 5, 10, 5, 15, 10, 10, 5, 10, 5, 10, 25, 5, 5, 15, 10, 40, 5, 5, 10, 5, 5, 10, 20, 20, 5, 10, 5, 10, 10, 10, 5, 15, 15, 10, 35, 10, 10, 5, 10, 10, 5, 5, 5, 10, 5, 15, 10, 10, 5, 5, 10, 20, 5, 30, 10, 5, 5, 15, 5, 15, 10, 5, 10, 25, 20, 10, 5, 40, 15, 10, 5, 10, 10, 5, 10, 10, 5, 15, 55, 25, 10, 10, 5, 15, 25, 10, 15, 10, 15, 5, 5, 25, 10, 10, 10, 15, 20, 15, 10, 10, 35, 220, 10, 25, 15, 15, 5, 15, 5, 65, 20, 5, 5, 5, 25, 30, 70, 10, 10, 5, 10, 10, 5, 5, 15, 15, 45, 25, 25, 10, 20, 10, 5, 5, 5, 10, 15, 195, 10, 10, 115, 10, 10, 40, 110, 95, 80, 5, 10, 35, 180, 35, 10, 5, 150, 20, 235, 270, 160, 30, 5, 230, 20, 5, 
6322972, 1
6322972, 2299
6322972, 4531
6322972, 5895
6322972, 2107
6322972, 196744
6332639, 476
6332639, 5, 5, 5, 5, 5, 5, 5, 5, 10, 10, 5, 5, 5, 5, 5, 10, 5, 5, 5, 5, 5, 5, 10, 5, 10, 5, 5, 5, 5, 10, 10, 10, 10, 5, 5, 5, 5, 10, 5, 10, 10, 5, 10, 10, 5, 10, 5, 5, 5, 10, 5, 5, 5, 5, 10, 15, 10, 5, 5, 5, 15, 10, 5, 10, 10, 10, 5, 10, 10, 5, 5, 10, 15, 10, 15, 20, 5, 5, 20, 10, 10, 5, 10, 5, 10, 10, 15, 5, 15, 10, 5, 5, 20, 10, 15, 15, 5, 10, 5, 5, 20, 10, 10, 10, 20, 5, 5, 10, 25, 10, 15, 20, 10, 20, 10, 20, 10, 5, 15, 10, 25, 20, 10, 5, 5, 10, 5, 10, 15, 15, 5, 5, 10, 15, 15, 5, 5, 5, 15, 5, 10, 5, 35, 5, 15, 5, 15, 10, 10, 10, 10, 10, 15, 5, 40, 5, 25, 15, 30, 15, 15, 15, 5, 15, 10, 10, 15, 10, 10, 20, 5, 10, 10, 5, 10, 15, 15, 10, 25, 30, 20, 10, 25, 20, 5, 15, 25, 30, 5, 5, 10, 40, 15, 10, 15, 20, 40, 20, 20, 35, 10, 20, 15, 30, 10, 10, 15, 5, 15, 5, 20, 15, 25, 25, 10, 20, 55, 35, 5, 20, 25, 25, 60, 10, 30, 20, 5, 5, 35, 5, 20, 35, 15, 5, 15, 40, 10, 20, 15, 15, 10, 10, 20, 30, 15, 65, 20, 5, 10, 45, 15, 20, 35, 25, 15, 15, 30, 25, 15, 10, 5, 50, 20, 15, 20, 10, 20, 25, 5, 5, 5, 95, 25, 15, 20, 20, 35, 5, 70, 185, 10, 15, 45, 35, 5, 15, 10, 15, 5, 5, 55, 60, 5, 5, 10, 10, 105, 40, 20, 15, 15, 25, 20, 5, 10, 15, 10, 65, 15, 20, 5, 5, 10, 15, 25, 370, 15, 230, 280, 20, 10, 20, 15, 30, 120, 220, 310, 372, 30, 280, 15, 5, 30, 10, 320, 15, 20, 315, 345, 90, 90, 440, 374, 
6332639, 16
6332639, 3143
6332639, 9820
6332639, 28064
6332639, 8468
6332639, 194643
6332640, 1
6332640, 
6332640, 1
6332640, 360737
6332640, 367308
6332640, 5561754
6332640, 1243521
6332640, 96481
6632532, 9548
6632532, 120, 110, 275, 245, 215, 180, 125, 270, 280, 125, 295, 150, 355, 190, 170, 340, 340, 145, 330, 395, 295, 245, 130, 250, 325, 155, 410, 325, 185, 326, 215, 325, 300, 370, 195, 315, 320, 280, 95, 155, 155, 269, 115, 300, 185, 320, 260, 313, 105, 290, 285, 265, 290, 265, 410, 370, 305, 292, 165, 340, 225, 370, 330, 275, 155, 300, 285, 205, 265, 260, 155, 385, 255, 295, 890, 240, 370, 250, 275, 110, 165, 305, 335, 310, 280, 255, 315, 400, 255, 285, 295, 250, 300, 270, 330, 305, 245, 255, 330, 160, 290, 285, 250, 295, 205, 355, 320, 360, 310, 190, 580, 360, 335, 485, 410, 115, 330, 230, 210, 360, 220, 650, 305, 310, 250, 350, 375, 615, 250, 180, 150, 305, 190, 350, 345, 175, 315, 300, 300, 335, 345, 585, 305, 340, 215, 315, 335, 365, 330, 400, 300, 661, 355, 365, 340, 280, 325, 305, 375, 190, 245, 345, 305, 250, 255, 180, 280, 375, 270, 350, 390, 275, 335, 160, 285, 220, 135, 205, 360, 252, 351, 160, 230, 580, 386, 350, 335, 340, 105, 265, 310, 465, 320, 335, 330, 210, 275, 635, 375, 390, 315, 355, 325, 1161, 240, 365, 290, 345, 240, 335, 185, 295, 330, 365, 330, 340, 315, 350, 250, 760, 645, 405, 315, 330, 367, 670, 510, 265, 225, 2376, 681, 710, 361, 295, 185, 290, 760, 175, 365, 490, 480, 840, 320, 275, 1005, 305, 920, 292, 175, 320, 325, 955, 325, 280, 325, 960, 320, 235, 305, 265, 250, 325, 325, 330, 370, 285, 295, 295, 295, 290, 325, 225, 345, 320, 485, 1660, 765, 200, 620, 280, 300, 450, 290, 255, 525, 270, 225, 310, 305, 280, 290, 285, 355, 305, 340, 585, 450, 375, 265, 320, 320, 380, 300, 295, 1425, 300, 240, 250, 255, 335, 390, 90, 770, 360, 165, 340, 230, 610, 740, 735, 155, 3836, 1390, 270, 325, 295, 330, 1135, 265, 290, 390, 360, 500, 315, 330, 200, 275, 325, 525, 355, 390, 305, 1710, 345, 340, 295, 640, 555, 305, 680, 1080, 7697, 580, 325, 368, 780, 310, 270, 395, 2615, 800, 355, 705, 355, 2650, 375, 330, 745, 340, 325, 255, 395, 285, 1205, 340, 260, 1445, 275, 265, 105, 220, 1570, 2906, 200, 295, 1085, 295, 2115, 9612, 295, 2980, 11150, 885, 745, 335, 370, 390, 9976, 2530, 11721, 14052, 9365, 315, 2645, 10793, 360, 4049, 310, 3527, 320, 1552, 310, 555, 315, 2316, 360, 9661, 1950, 355, 350, 1855, 12455, 
6632532, 1
6632532, 565
6632532, 1709
6632532, 886050
6632532, 330304
6632532, 87533
7287240, 30187
7287240, 545, 475, 340, 265, 300, 445, 660, 400, 765, 655, 605, 580, 305, 625, 405, 290, 665, 725, 440, 265, 255, 365, 590, 600, 555, 330, 650, 545, 710, 660, 700, 515, 620, 355, 625, 615, 735, 525, 570, 715, 595, 830, 630, 495, 635, 625, 675, 655, 425, 580, 530, 685, 610, 415, 891, 725, 605, 595, 590, 280, 865, 270, 652, 1335, 600, 305, 395, 645, 660, 685, 800, 610, 515, 1285, 390, 705, 420, 1470, 1550, 545, 570, 750, 590, 835, 645, 305, 740, 675, 570, 705, 915, 675, 690, 585, 735, 575, 805, 555, 650, 400, 1530, 370, 230, 530, 395, 710, 535, 805, 750, 640, 705, 625, 615, 765, 535, 775, 700, 715, 670, 805, 550, 605, 610, 665, 1810, 665, 740, 770, 650, 702, 675, 715, 840, 655, 395, 535, 610, 705, 675, 520, 1025, 720, 760, 775, 865, 1230, 725, 650, 470, 850, 485, 720, 675, 690, 680, 690, 705, 420, 780, 685, 615, 695, 545, 715, 1400, 480, 850, 715, 750, 760, 315, 660, 700, 605, 615, 450, 660, 555, 515, 665, 625, 365, 570, 630, 785, 700, 580, 675, 455, 735, 640, 600, 675, 641, 810, 725, 1175, 720, 305, 845, 735, 625, 630, 670, 655, 645, 625, 605, 710, 1320, 605, 1120, 710, 1455, 1440, 5697, 280, 660, 550, 260, 715, 535, 445, 235, 640, 440, 630, 700, 630, 600, 665, 1220, 735, 775, 1265, 755, 1302, 326, 1345, 460, 490, 1411, 620, 650, 2300, 580, 695, 1470, 705, 835, 610, 635, 965, 685, 625, 685, 1295, 690, 785, 635, 1820, 3096, 655, 555, 360, 695, 630, 680, 535, 785, 460, 939, 360, 590, 660, 785, 645, 390, 845, 585, 815, 705, 655, 805, 5340, 6500, 710, 1880, 440, 600, 690, 605, 685, 1715, 640, 680, 1770, 610, 625, 600, 655, 1565, 1065, 880, 500, 765, 685, 490, 710, 580, 6989, 650, 1835, 670, 1070, 435, 355, 710, 680, 726, 845, 795, 1044, 4615, 360, 620, 1685, 4433, 1625, 3980, 3010, 1426, 840, 6180, 635, 640, 675, 665, 3465, 785, 650, 620, 510, 740, 352, 1180, 265, 670, 575, 1875, 1720, 710, 2745, 1080, 406, 750, 690, 600, 1170, 1600, 712, 1495, 690, 725, 475, 690, 370, 670, 335, 4462, 705, 2025, 735, 1650, 825, 730, 995, 425, 5230, 2700, 630, 1260, 3210, 5058, 710, 690, 615, 3730, 655, 600, 715, 19226, 410, 735, 2030, 23077, 1060, 28983, 8092, 845, 660, 1255, 900, 3525, 695, 20871, 755, 22745, 26340, 1220, 19227, 25740, 675, 1410, 19350, 680, 14184, 20388, 820, 675, 3071, 5017, 1825, 
7287240, 1
7287240, 399
7287240, 1454
7287240, 3202771
7287240, 826680
7287240, 72416
7287241, 1
7287241, 
7287241, 1
7287241, 397187
7287241, 398159
7287241, 971698
7287241, 247718
7287241, 69350
7761238, 886
7761238, 155, 175, 280, 185, 265, 405, 300, 250, 435, 371, 425, 160, 665, 180, 345, 210, 240, 440, 435, 200, 410, 120, 465, 360, 555, 335, 390, 385, 195, 355, 400, 240, 250, 510, 545, 285, 560, 245, 245, 325, 355, 400, 450, 480, 390, 470, 470, 495, 445, 525, 625, 275, 485, 465, 445, 385, 485, 320, 650, 560, 600, 440, 375, 490, 390, 530, 460, 460, 500, 265, 590, 545, 500, 346, 345, 450, 470, 480, 645, 485, 420, 410, 300, 805, 535, 420, 960, 430, 465, 445, 475, 910, 390, 1200, 430, 540, 485, 495, 660, 725, 595, 270, 215, 405, 625, 525, 1150, 440, 375, 390, 620, 525, 555, 385, 510, 480, 230, 385, 290, 1105, 420, 425, 475, 420, 425, 480, 715, 485, 555, 247, 265, 205, 435, 525, 285, 260, 495, 525, 665, 440, 420, 450, 455, 460, 450, 505, 445, 485, 390, 1040, 925, 380, 465, 555, 510, 765, 490, 440, 390, 415, 1185, 360, 160, 524, 440, 455, 495, 440, 500, 520, 425, 480, 465, 710, 490, 520, 655, 555, 220, 825, 560, 415, 450, 2590, 380, 495, 510, 575, 725, 495, 480, 440, 415, 300, 510, 650, 440, 490, 1505, 531, 480, 455, 425, 365, 520, 630, 430, 475, 405, 430, 475, 385, 490, 470, 395, 1070, 376, 985, 1135, 265, 555, 500, 1095, 275, 766, 465, 155, 410, 295, 520, 490, 515, 475, 315, 550, 490, 230, 820, 271, 480, 565, 475, 696, 565, 400, 415, 465, 530, 440, 1946, 295, 1555, 530, 540, 1360, 610, 340, 975, 530, 1090, 480, 835, 1890, 890, 485, 325, 465, 585, 530, 470, 1315, 470, 250, 525, 430, 791, 935, 2250, 440, 510, 480, 290, 2035, 405, 445, 425, 780, 465, 655, 515, 1315, 325, 440, 1350, 985, 530, 850, 430, 485, 465, 920, 370, 500, 435, 750, 430, 470, 390, 600, 550, 475, 585, 965, 420, 2915, 1775, 1210, 485, 275, 610, 460, 555, 415, 545, 480, 2620, 405, 375, 14126, 420, 665, 245, 505, 485, 1030, 4167, 305, 505, 495, 560, 495, 5135, 560, 655, 490, 500, 568, 465, 410, 455, 14841, 430, 590, 440, 1075, 260, 625, 375, 4768, 415, 3577, 410, 471, 525, 2225, 480, 465, 445, 430, 580, 13206, 660, 870, 1140, 505, 1950, 375, 415, 8506, 4390, 305, 385, 2750, 485, 11853, 3375, 2925, 690, 380, 495, 490, 475, 480, 585, 3050, 1005, 445, 18040, 21107, 12590, 490, 340, 380, 410, 775, 18009, 1190, 535, 440, 445, 3675, 580, 3686, 12317, 3350, 15439, 600, 18683, 475, 470, 920, 20721, 560, 845, 7026, 
7761238, 1
7761238, 380
7761238, 1038
7761238, 1574046
7761238, 321898
7761238, 65868
7761239, 1
7761239, 
7761239, 2
7761239, 850600
7761239, 3827003
7761239, 6351
7761239, 943
7761239, 65819
7761480, 26
7761480, 5, 5, 5, 5, 5, 5, 5, 5, 5, 5, 5, 5, 5, 5, 10, 5, 15, 5, 10, 5, 5, 20, 5, 5, 5, 5, 5, 5, 5, 10, 15, 5, 5, 
7761480, 1
7761480, 30514
7761480, 178927
7761480, 1776
7761480, 310
7761480, 65822
7761481, 1
7761481, 
7761481, 2
7761481, 831591
7761481, 3783416
7761481, 351
7761481, 127
7761481, 65823
7764950, 130
7764950, 5, 5, 5, 5, 5, 5, 5, 10, 5, 5, 5, 5, 5, 5, 5, 5, 5, 5, 5, 5, 5, 5, 5, 5, 10, 5, 5, 15, 5, 5, 5, 5, 5, 5, 10, 5, 5, 10, 5, 5, 5, 5, 10, 5, 10, 5, 5, 5, 10, 5, 5, 10, 10, 5, 20, 5, 5, 5, 5, 5, 5, 10, 5, 5, 5, 5, 5, 5, 10, 5, 5, 5, 5, 10, 5, 10, 5, 15, 5, 5, 5, 5, 20, 15, 10, 10, 5, 5, 10, 5, 5, 5, 15, 5, 5, 5, 5, 5, 5, 5, 10, 5, 5, 10, 10, 5, 10, 5, 5, 5, 25, 5, 5, 10, 5, 15, 5, 10, 5, 15, 5, 15, 10, 5, 5, 15, 5, 15, 10, 5, 10, 5, 5, 5, 15, 10, 5, 5, 5, 5, 15, 10, 5, 15, 5, 25, 5, 10, 15, 130, 40, 5, 15, 60, 15, 10, 15, 5, 10, 20, 25, 15, 5, 5, 5, 10, 10, 5, 5, 10, 10, 35, 5, 15, 10, 5, 5, 30, 5, 5, 15, 10, 120, 5, 5, 10, 75, 5, 15, 5, 10, 5, 10, 10, 5, 108, 15, 60, 70, 5, 75, 30, 10, 55, 45, 30, 10, 5, 5, 5, 45, 10, 95, 5, 15, 5, 70, 5, 10, 30, 15, 181, 120, 10, 5, 115, 135, 5, 
7764950, 1
7764950, 7760
7764950, 16726
7764950, 2562
7764950, 794
7764950, 65833
7764951, 1
7764951, 
7764951, 1
7764951, 410304
7764951, 418895
7764951, 4133
7764951, 716
7764951, 65839
7766195, 64
7766195, 5, 5, 5, 5, 5, 5, 5, 5, 5, 5, 5, 5, 10, 5, 5, 5, 5, 5, 10, 5, 10, 5, 5, 5, 5, 5, 5, 5, 5, 5, 10, 5, 10, 5, 5, 5, 15, 5, 5, 5, 5, 10, 5, 5, 5, 5, 15, 5, 5, 5, 5, 5, 5, 5, 5, 5, 5, 5, 5, 5, 5, 5, 5, 10, 5, 5, 5, 25, 5, 5, 15, 5, 35, 5, 5, 5, 5, 10, 10, 5, 10, 5, 20, 5, 5, 10, 5, 5, 5, 5, 5, 5, 35, 5, 5, 30, 40, 45, 5, 85, 10, 25, 40, 5, 5, 5, 5, 5, 5, 20, 25, 10, 10, 25, 35, 5, 47, 5, 33, 
7766195, 1
7766195, 19058
7766195, 26971
7766195, 10663
7766195, 2735
7766195, 65807
7766556, 16
7766556, 5, 5, 5, 5, 5, 5, 5, 10, 5, 5, 5, 5, 5, 5, 5, 5, 10, 5, 5, 5, 5, 5, 5, 5, 10, 5, 5, 5, 5, 5, 10, 5, 5, 5, 5, 5, 5, 5, 15, 15, 5, 15, 10, 5, 5, 5, 5, 5, 20, 5, 25, 
7766556, 1
7766556, 36893
7766556, 47644
7766556, 1410
7766556, 470
7766556, 65756
7766557, 1
7766557, 
7766557, 2
7766557, 422354
7766557, 433855
7766557, 13711
7766557, 1996
7766557, 65773
7766558, 1
7766558, 
7766558, 1
7766558, 768090
7766558, 779168
7766558, 78391
7766558, 13408
7766558, 65663
7766559, 1
7766559, 
7766559, 1
7766559, 1094314
7766559, 1104968
7766559, 31749
7766559, 7406
7766559, 65559
7766560, 1
7766560, 
7766560, 1
7766560, 1392570
7766560, 1402836
7766560, 203897
7766560, 33507
7766560, 65180
7766561, 1
7766561, 
7766561, 1
7766561, 1709494
7766561, 3380513
7766561, 135086
7766561, 30692
7766561, 64893
7775135, 198
7775135, 5, 5, 5, 5, 5, 5, 10, 5, 5, 10, 5, 5, 5, 5, 5, 5, 5, 5, 5, 5, 5, 10, 5, 10, 5, 10, 10, 5, 15, 5, 5, 10, 5, 5, 5, 10, 5, 5, 5, 5, 5, 5, 5, 10, 15, 5, 5, 5, 5, 5, 15, 5, 5, 20, 5, 5, 5, 5, 10, 5, 10, 5, 10, 10, 15, 5, 5, 10, 5, 5, 5, 10, 5, 10, 5, 10, 10, 5, 15, 10, 10, 15, 5, 5, 25, 5, 10, 10, 5, 5, 15, 10, 10, 5, 10, 5, 10, 5, 5, 10, 10, 5, 15, 15, 10, 10, 5, 10, 5, 10, 5, 10, 15, 10, 15, 5, 30, 5, 25, 15, 5, 5, 15, 5, 10, 15, 10, 5, 20, 10, 5, 15, 20, 20, 5, 15, 25, 5, 10, 30, 5, 20, 20, 5, 10, 15, 10, 15, 10, 5, 20, 5, 15, 20, 10, 20, 5, 10, 10, 5, 10, 10, 15, 25, 10, 10, 10, 15, 10, 10, 10, 50, 10, 45, 15, 30, 15, 10, 15, 5, 5, 10, 20, 15, 20, 15, 25, 5, 20, 5, 15, 25, 15, 20, 10, 10, 15, 5, 5, 15, 10, 10, 15, 35, 5, 15, 10, 15, 45, 5, 10, 60, 30, 10, 10, 15, 30, 5, 10, 5, 10, 15, 15, 10, 20, 5, 5, 30, 25, 10, 5, 60, 5, 30, 15, 20, 10, 5, 40, 20, 20, 20, 5, 10, 20, 15, 25, 35, 15, 75, 20, 25, 10, 60, 60, 5, 35, 20, 20, 5, 10, 10, 10, 75, 5, 10, 5, 10, 120, 20, 5, 5, 55, 20, 180, 252, 285, 15, 15, 90, 10, 20, 10, 15, 247, 40, 45, 5, 292, 10, 10, 210, 264, 15, 5, 15, 30, 195, 223, 270, 30, 30, 10, 246, 10, 20, 30, 95, 135, 215, 10, 15, 187, 10, 10, 265, 235, 245, 10, 175, 
7775135, 1
7775135, 9968
7775135, 21037
7775135, 172961
7775135, 35632
7775135, 64446
7775136, 1
7775136, 
7775136, 1
7775136, 366701
7775136, 377334
7775136, 29796
7775136, 6430
7775136, 64446
8469850, 9114
8469850, 375, 500, 390, 580, 655, 630, 305, 620, 582, 335, 295, 515, 660, 600, 590, 625, 635, 585, 570, 495, 585, 290, 760, 650, 340, 575, 365, 320, 650, 425, 395, 755, 565, 550, 560, 620, 670, 605, 675, 615, 635, 675, 655, 590, 220, 540, 365, 595, 495, 230, 700, 375, 595, 680, 210, 625, 605, 705, 410, 355, 215, 585, 640, 700, 530, 515, 230, 765, 645, 445, 865, 410, 620, 590, 295, 585, 590, 705, 599, 335, 765, 605, 565, 615, 660, 745, 710, 740, 735, 355, 585, 970, 475, 620, 755, 410, 680, 470, 695, 270, 445, 685, 705, 260, 500, 620, 485, 635, 600, 655, 485, 770, 635, 480, 1615, 610, 465, 685, 695, 235, 345, 430, 871, 575, 490, 540, 520, 715, 695, 405, 580, 690, 625, 674, 455, 700, 442, 695, 695, 1425, 515, 485, 1280, 995, 640, 500, 920, 615, 625, 630, 590, 1450, 645, 1250, 650, 1370, 610, 645, 726, 465, 670, 3740, 625, 610, 590, 680, 630, 545, 620, 747, 850, 835, 570, 966, 806, 580, 600, 420, 900, 660, 855, 1465, 1305, 1085, 730, 560, 400, 645, 1230, 275, 1005, 710, 415, 529, 580, 555, 570, 825, 655, 340, 1330, 680, 615, 415, 265, 960, 635, 580, 680, 565, 705, 725, 3775, 565, 725, 455, 2520, 610, 3435, 560, 1285, 1325, 515, 630, 770, 2330, 695, 510, 695, 625, 665, 650, 515, 720, 1110, 1687, 675, 905, 320, 1065, 680, 750, 530, 1195, 685, 590, 625, 650, 650, 1000, 1015, 650, 595, 3000, 735, 710, 625, 310, 590, 555, 575, 696, 1395, 615, 1445, 550, 250, 805, 555, 535, 710, 555, 2645, 588, 2455, 581, 385, 565, 515, 765, 435, 825, 765, 585, 660, 1720, 1135, 770, 880, 510, 2695, 4170, 700, 665, 686, 790, 670, 1510, 955, 390, 585, 700, 2710, 665, 675, 550, 650, 750, 950, 625, 6481, 515, 605, 520, 550, 840, 630, 410, 735, 1501, 1790, 1120, 1170, 770, 605, 1765, 3971, 1286, 715, 526, 660, 525, 745, 560, 775, 705, 855, 850, 2255, 555, 755, 720, 2940, 2880, 560, 815, 730, 275, 1025, 525, 645, 775, 564, 535, 620, 550, 855, 625, 405, 610, 1575, 465, 1750, 370, 540, 860, 680, 620, 1885, 5465, 500, 540, 1035, 630, 1436, 1890, 4875, 595, 605, 1991, 12392, 3920, 605, 1105, 487, 1350, 640, 615, 1560, 23235, 6226, 24500, 2410, 680, 3461, 680, 700, 3195, 17792, 735, 1160, 625, 15200, 3585, 640, 747, 660, 715, 570, 1210, 17017, 455, 13780, 265, 13547, 7987, 770, 17939, 19214, 562, 785, 19377, 15970, 485, 840, 2520, 5225, 802, 625, 4450, 3600, 17082, 8003, 9252, 19517, 575, 15030, 13977, 14300, 473, 
8469850, 1
8469850, 453
8469850, 1313
8469850, 4613996
8469850, 956276
8469850, 60662
9070750, 16308
9070750, 310, 330, 230, 175, 545, 485, 680, 375, 270, 485, 530, 511, 570, 440, 685, 525, 490, 470, 310, 515, 520, 190, 605, 145, 798, 530, 480, 635, 190, 715, 315, 790, 410, 580, 620, 625, 540, 515, 610, 710, 645, 540, 550, 535, 575, 275, 540, 625, 420, 765, 560, 460, 515, 580, 440, 660, 585, 655, 565, 420, 536, 1150, 675, 365, 575, 475, 340, 575, 506, 680, 370, 490, 580, 665, 475, 605, 635, 515, 530, 590, 430, 531, 575, 795, 665, 635, 735, 495, 635, 685, 545, 570, 310, 400, 580, 255, 545, 470, 540, 500, 585, 605, 375, 585, 710, 530, 595, 645, 660, 665, 1420, 565, 615, 555, 515, 380, 590, 535, 690, 760, 520, 580, 575, 715, 540, 650, 525, 565, 615, 540, 550, 610, 410, 380, 510, 605, 530, 500, 565, 1111, 630, 310, 520, 505, 310, 530, 445, 580, 300, 540, 435, 280, 415, 1345, 460, 1005, 1025, 625, 490, 475, 540, 520, 1085, 1760, 390, 640, 545, 680, 565, 450, 610, 465, 505, 460, 490, 480, 760, 620, 605, 545, 445, 540, 420, 495, 335, 395, 700, 515, 1205, 241, 680, 540, 640, 2401, 520, 850, 595, 590, 550, 545, 650, 695, 580, 2260, 1510, 1075, 510, 545, 565, 585, 600, 540, 785, 465, 1285, 515, 650, 1155, 595, 785, 440, 470, 315, 440, 500, 555, 1025, 415, 630, 395, 590, 1490, 595, 875, 385, 480, 560, 640, 601, 515, 515, 605, 870, 540, 660, 750, 505, 795, 545, 640, 525, 755, 695, 605, 285, 570, 815, 545, 1140, 746, 505, 235, 645, 2286, 1490, 610, 525, 585, 375, 640, 405, 315, 735, 470, 610, 705, 580, 780, 650, 790, 532, 465, 745, 605, 690, 741, 535, 465, 500, 740, 3275, 875, 710, 790, 580, 675, 775, 1460, 465, 600, 895, 2320, 775, 1040, 1425, 1360, 295, 655, 310, 540, 1540, 1635, 320, 605, 775, 3255, 2725, 5065, 1080, 1135, 475, 2895, 755, 310, 625, 1790, 770, 880, 530, 660, 450, 540, 505, 510, 3016, 630, 405, 1055, 1175, 770, 2325, 510, 405, 565, 295, 435, 830, 505, 15896, 7250, 1560, 3465, 805, 585, 640, 515, 515, 505, 570, 1225, 2886, 565, 2100, 315, 960, 16658, 1640, 3370, 470, 745, 566, 665, 2141, 695, 2449, 745, 5015, 5081, 710, 12495, 1360, 465, 695, 490, 635, 600, 13071, 645, 540, 935, 820, 480, 990, 805, 475, 8362, 14698, 2680, 4867, 13956, 1115, 3955, 4310, 840, 15976, 3515, 5380, 720, 1570, 3570, 555, 575, 780, 455, 3630, 460, 1035, 4210, 8505, 4288, 13255, 9063, 625, 775, 670, 700, 1815, 2541, 370, 10486, 10133, 715, 5571, 680, 10760, 5916, 915, 1260, 355, 21209, 22156, 
9070750, 1
9070750, 401
9070750, 1330
9070750, 817973
9070750, 155721
9070750, 60483
11297592, 5228
11297592, 1280, 1314, 790, 2125, 1995, 1525, 1985, 1075, 1151, 740, 1675, 1995, 1760, 2140, 1910, 1355, 1495, 2670, 2525, 1940, 1741, 1895, 1490, 2090, 2430, 2800, 2235, 2715, 2235, 1780, 1785, 2080, 2580, 2655, 2090, 2240, 985, 1915, 1755, 1530, 2513, 1645, 1930, 2120, 1210, 2560, 2285, 850, 2225, 1175, 1825, 2155, 1820, 2770, 1855, 1255, 975, 2320, 2460, 2150, 2005, 5375, 880, 2205, 2325, 1210, 1615, 2085, 2260, 1097, 2300, 2250, 1755, 2625, 1805, 2140, 2250, 2155, 2475, 1650, 980, 2805, 2500, 1990, 2011, 3471, 1910, 1535, 1960, 985, 3625, 2110, 1455, 2635, 2815, 2635, 2485, 1215, 1930, 2095, 1830, 1235, 965, 1455, 2038, 2230, 2155, 1705, 3235, 3545, 1400, 2880, 2100, 2490, 2230, 1551, 2080, 1310, 2955, 5845, 2225, 1730, 1870, 1655, 1775, 2065, 1505, 2195, 2145, 4335, 2205, 2120, 1495, 2261, 2220, 2495, 1920, 2320, 1146, 2075, 2165, 2350, 2210, 2215, 3797, 2465, 2091, 3230, 2225, 1815, 2477, 1905, 2160, 2315, 2365, 1865, 2080, 2125, 2390, 2025, 1530, 1985, 2830, 2940, 1220, 4515, 2470, 2035, 2205, 2015, 2158, 3255, 4210, 2065, 2225, 1980, 2270, 1465, 2840, 2095, 4520, 5505, 1375, 2650, 2640, 2455, 3180, 4615, 2030, 2345, 2585, 2295, 2730, 2170, 5155, 1655, 3665, 2555, 2070, 5705, 1965, 2601, 2072, 4835, 2110, 2750, 7050, 2535, 2485, 1675, 2820, 1920, 2795, 1545, 2575, 1090, 1970, 4037, 2125, 2235, 2210, 2645, 2305, 5470, 2905, 4046, 2925, 3240, 2896, 2755, 2025, 8257, 2615, 2095, 2600, 2175, 4320, 1765, 1745, 2490, 1625, 2380, 2030, 1880, 1895, 2010, 2734, 4605, 1755, 3271, 3300, 2225, 4060, 1735, 5795, 1950, 2000, 2550, 1730, 2145, 3065, 10390, 2135, 2241, 2470, 2545, 11380, 1960, 4100, 20146, 2400, 8096, 1675, 2810, 15792, 1645, 6885, 8445, 2010, 4405, 2950, 2322, 2250, 2195, 3890, 2190, 1245, 2380, 1885, 2020, 2175, 2255, 1995, 1425, 2660, 2810, 2505, 1640, 2400, 14850, 1990, 3550, 1445, 2285, 2190, 3390, 4085, 1116, 1910, 3360, 11875, 2460, 1955, 2142, 2295, 5065, 31491, 2830, 1875, 1765, 2431, 5080, 2692, 12740, 2440, 1985, 1640, 2780, 2315, 2580, 3381, 2275, 9912, 2710, 4620, 25023, 3475, 3130, 1990, 2300, 1966, 5870, 2575, 2225, 2360, 2050, 1935, 17991, 9616, 2350, 32183, 3940, 3175, 3130, 2880, 46194, 1385, 26317, 15748, 2225, 2585, 10457, 1915, 1906, 2020, 6390, 8181, 2280, 3730, 45387, 3315, 2355, 650, 5140, 5895, 2865, 13003, 2445, 8328, 7700, 2365, 13472, 2610, 1980, 15105, 1155, 58898, 2476, 18165, 2130, 1800, 12363, 1640, 2065, 1795, 47801, 2070, 41313, 60092, 1865, 6966, 8372, 2480, 4385, 22787, 10331, 10140, 26147, 1275, 12635, 2770, 85110, 2315, 59166, 2285, 61438, 12675, 2805, 1106, 13505, 5385, 3217, 77945, 11880, 1816, 13280, 2030, 2665, 2855, 21395, 2252, 39526, 2670, 1880, 2045, 1860, 59177, 32050, 2000, 3315, 2330, 2320, 
11297592, 1
11297592, 358
11297592, 1543
11297592, 5497773
11297592, 1493687
11297592, 58195
14421033, 2288
14421033, 1490, 1685, 1365, 1195, 3005, 1875, 3170, 3215, 3625, 1870, 2420, 1820, 2625, 1625, 1300, 3617, 1645, 3625, 2985, 2345, 3085, 3055, 2765, 3460, 2530, 2525, 3555, 2310, 2523, 3215, 3825, 3335, 4839, 3935, 4042, 2610, 2210, 4035, 2975, 1610, 3490, 4910, 2371, 3220, 1460, 3575, 3200, 3635, 3020, 3025, 2060, 4045, 3175, 2775, 2960, 3255, 1625, 3235, 3330, 3395, 2810, 2405, 3440, 3385, 2880, 1075, 3020, 3425, 1770, 5750, 3845, 3460, 2830, 2715, 3525, 4515, 3525, 2735, 3245, 3991, 3495, 2940, 4365, 2475, 2660, 2795, 2860, 2895, 2515, 2710, 3240, 2495, 3605, 3236, 3105, 2525, 3295, 3520, 3385, 3560, 3915, 2746, 3140, 4790, 2930, 8111, 3050, 2935, 2580, 3455, 2579, 4830, 2265, 8185, 1715, 1335, 2790, 3665, 4065, 3370, 2480, 3005, 3470, 3315, 5790, 2591, 3110, 4605, 6170, 2752, 10465, 3160, 3420, 2880, 2140, 3295, 3420, 3095, 1990, 2280, 2170, 2655, 2025, 6675, 3465, 1775, 3540, 4760, 3590, 4153, 3609, 3875, 3200, 4275, 3570, 4463, 3261, 3157, 1990, 3360, 4375, 3090, 3135, 3420, 3035, 2280, 1800, 3476, 4385, 3475, 3606, 3265, 3090, 3905, 2820, 2730, 2832, 6415, 2405, 3260, 2770, 2800, 16990, 3370, 3090, 3275, 2690, 2802, 4725, 2205, 3210, 2620, 4230, 2510, 3495, 9755, 2775, 2810, 2725, 3215, 4610, 2610, 5816, 3720, 4285, 4170, 3845, 2670, 3996, 3160, 3460, 2960, 4230, 8175, 4121, 2455, 5467, 3898, 2765, 9270, 4175, 3440, 3450, 3205, 1870, 3136, 2725, 13442, 3115, 4280, 3275, 4985, 2835, 10690, 3395, 3225, 36737, 2955, 4400, 7425, 3780, 4265, 2690, 2905, 5551, 3040, 4165, 3130, 1865, 14682, 3670, 8685, 3145, 3435, 5180, 3240, 3880, 2888, 4150, 19022, 3740, 4230, 3690, 4805, 4505, 4510, 5100, 3315, 2280, 23352, 6035, 4135, 3250, 10935, 2670, 7770, 3645, 1587, 7985, 3140, 6195, 2845, 3195, 3300, 3230, 3810, 3290, 2655, 3405, 3615, 9290, 11765, 3015, 12015, 3475, 2760, 4170, 3975, 4035, 3410, 2835, 6885, 5866, 3840, 3406, 2745, 16312, 3890, 2640, 3640, 3028, 3305, 15772, 2405, 2900, 3350, 3235, 2915, 4000, 3360, 5825, 4225, 2970, 2045, 3830, 3320, 3487, 2690, 3810, 3340, 18892, 2337, 18446, 3770, 3255, 3300, 8680, 3705, 4055, 3670, 31946, 13700, 3470, 3540, 2350, 3290, 3005, 19176, 19540, 3005, 2950, 4045, 3126, 3130, 11601, 3370, 3490, 4875, 8201, 13181, 3045, 4440, 2895, 2983, 3260, 3680, 12126, 25715, 52295, 10400, 11725, 12018, 7373, 11495, 3630, 2560, 1050, 19070, 3595, 3198, 3745, 27235, 2460, 5956, 3700, 4756, 4010, 84262, 8250, 3275, 2730, 3541, 3265, 22110, 66999, 18828, 4465, 7850, 80170, 4335, 18725, 2825, 3005, 3732, 3945, 59801, 4816, 40138, 2945, 36395, 5005, 6877, 2610, 79000, 5980, 6675, 45162, 2825, 2082, 14897, 59196, 38248, 1960, 3505, 20850, 80091, 2955, 5380, 16871, 3165, 3055, 3870, 14576, 3060, 26557, 23844, 115774, 3040, 3640, 125552, 2855, 30784, 86441, 
14421033, 3
14421033, 364
14421033, 1548
14421033, 1620026
14421033, 371368
14421033, 57974
14468250, 1227
14468250, 5, 25, 15, 30, 5, 15, 15, 15, 30, 20, 20, 25, 65, 25, 30, 65, 30, 65, 45, 30, 30, 50, 25, 15, 20, 40, 25, 60, 30, 25, 35, 55, 30, 20, 30, 55, 40, 35, 40, 60, 20, 30, 40, 40, 70, 40, 25, 60, 35, 30, 70, 45, 50, 65, 45, 45, 45, 40, 55, 55, 30, 45, 40, 45, 75, 30, 15, 65, 60, 30, 55, 25, 55, 30, 40, 35, 125, 30, 30, 65, 65, 70, 50, 30, 105, 40, 30, 25, 60, 70, 30, 65, 105, 45, 60, 50, 70, 65, 70, 25, 55, 25, 45, 45, 50, 60, 45, 30, 20, 30, 50, 20, 35, 65, 35, 45, 65, 30, 30, 50, 30, 30, 50, 90, 50, 30, 25, 55, 110, 60, 50, 50, 45, 50, 35, 55, 25, 35, 25, 195, 40, 60, 115, 45, 105, 40, 205, 50, 50, 45, 75, 10, 65, 35, 85, 55, 20, 65, 70, 25, 85, 40, 60, 55, 50, 75, 115, 45, 95, 50, 45, 70, 45, 65, 70, 110, 60, 40, 45, 55, 145, 75, 40, 25, 25, 45, 40, 75, 150, 45, 45, 45, 55, 30, 40, 75, 10, 40, 65, 35, 65, 30, 40, 55, 40, 60, 20, 70, 50, 38, 50, 70, 20, 50, 40, 50, 70, 50, 60, 65, 35, 45, 45, 85, 56, 30, 55, 60, 55, 75, 100, 50, 40, 60, 45, 75, 70, 45, 55, 130, 65, 60, 65, 65, 70, 35, 50, 175, 90, 130, 60, 30, 70, 35, 45, 65, 45, 155, 265, 115, 45, 60, 100, 60, 75, 50, 25, 65, 65, 55, 50, 105, 45, 45, 35, 75, 70, 35, 60, 125, 35, 50, 75, 125, 40, 50, 70, 70, 60, 50, 55, 50, 40, 40, 50, 100, 150, 55, 40, 45, 35, 75, 145, 40, 50, 140, 45, 115, 225, 35, 60, 65, 75, 60, 50, 270, 270, 20, 50, 15, 35, 80, 55, 120, 330, 40, 35, 125, 80, 50, 55, 60, 45, 55, 60, 70, 80, 40, 60, 45, 60, 45, 70, 90, 45, 195, 55, 390, 45, 85, 30, 30, 380, 650, 1105, 75, 55, 70, 45, 355, 40, 30, 20, 45, 30, 70, 40, 70, 120, 310, 560, 30, 45, 40, 80, 90, 120, 40, 120, 165, 30, 105, 100, 210, 940, 35, 130, 60, 70, 85, 95, 45, 55, 60, 115, 70, 245, 315, 645, 75, 55, 35, 65, 540, 865, 235, 370, 55, 1225, 1227, 755, 185, 60, 295, 75, 435, 250, 75, 120, 45, 275, 1900, 255, 50, 25, 1155, 180, 275, 55, 905, 125, 25, 445, 85, 245, 190, 50, 1680, 335, 55, 45, 350, 1165, 159, 
14468250, 1
14468250, 561
14468250, 1693
14468250, 813919
14468250, 389462
14468250, 57974
14468251, 1
14468251, 
14468251, 5
14468251, 935987
14468251, 936905
14468251, 2926451
14468251, 818976
14468251, 57043
14468252, 1
14468252, 
14468252, 1
14468252, 1760357
14468252, 4396119
14468252, 9441
14468252, 2345
14468252, 57028
14468253, 1
14468253, 
14468253, 2
14468253, 2778487
14468253, 10826168
14468253, 72758
14468253, 17138
14468253, 57003
15917576, 1050
15917576, 1220, 875, 1520, 1340, 805, 1620, 790, 1250, 1430, 1565, 1565, 2020, 1590, 1475, 1520, 1680, 1800, 1150, 1750, 1340, 1070, 1295, 1365, 1095, 1575, 1400, 1440, 1075, 1610, 1140, 1535, 1260, 1905, 800, 1390, 1745, 740, 1380, 1820, 1345, 840, 1195, 1255, 1455, 1385, 1680, 3995, 1305, 1355, 770, 1588, 1686, 1535, 1400, 1570, 1755, 1740, 710, 1610, 1300, 1195, 1720, 1690, 1600, 1045, 1331, 2045, 690, 880, 1415, 1515, 1480, 1465, 1545, 775, 1966, 1680, 1530, 1100, 1270, 1325, 1980, 1480, 1655, 4645, 1045, 1460, 725, 1535, 1655, 4090, 1430, 1520, 1635, 1761, 1230, 750, 1690, 1570, 1450, 2155, 1705, 1180, 1795, 1350, 1480, 2061, 1555, 1415, 1255, 991, 1490, 1440, 1555, 1485, 1435, 1225, 1522, 1380, 1075, 1825, 1455, 1390, 1600, 1315, 1010, 2585, 1695, 1235, 4160, 1245, 1530, 1740, 1370, 1840, 1425, 1640, 1665, 580, 1400, 3615, 1785, 1235, 1370, 2005, 1240, 1345, 1390, 1465, 950, 1285, 1320, 1730, 1575, 1280, 1515, 1460, 1220, 2140, 1436, 1130, 1765, 1395, 1370, 1555, 1685, 1425, 1430, 1185, 1610, 1415, 995, 1740, 675, 1401, 1760, 1807, 1390, 1130, 790, 1965, 1860, 1310, 2105, 2015, 1550, 1875, 1865, 1515, 1405, 1500, 1560, 1580, 1545, 6800, 1350, 1250, 1240, 1535, 1635, 1865, 1395, 3400, 900, 1500, 3991, 1580, 1790, 4210, 1325, 1685, 2320, 1715, 1520, 1701, 3440, 1680, 2345, 1740, 1586, 1440, 1400, 1570, 1240, 4620, 1295, 1462, 6485, 3650, 1280, 4045, 4475, 1306, 1350, 1371, 1570, 6165, 1380, 2300, 550, 4392, 1480, 1360, 975, 1925, 9010, 1285, 1745, 1520, 1226, 1665, 3535, 1480, 1655, 870, 1660, 1495, 1485, 1950, 1760, 1465, 1445, 1775, 1410, 1455, 1020, 615, 1890, 1610, 5216, 1520, 5085, 1510, 1415, 1830, 820, 1505, 1250, 1705, 1445, 1910, 1589, 1435, 1840, 1195, 2975, 1275, 1425, 6106, 1815, 1475, 5305, 1690, 4790, 1645, 1350, 1460, 1370, 1845, 1850, 1865, 2985, 1905, 1180, 1815, 1313, 1565, 1440, 1565, 875, 1540, 1795, 1250, 4185, 1560, 8022, 3355, 1365, 29529, 1270, 1460, 1620, 1640, 1340, 1805, 1640, 1400, 1655, 1751, 1520, 1540, 1955, 1760, 1675, 1155, 1490, 1175, 1460, 1486, 12895, 1355, 1675, 1115, 1550, 1500, 1760, 8325, 1940, 9256, 5061, 9260, 9876, 1280, 21025, 11616, 1495, 1160, 1215, 21080, 1500, 2380, 1460, 11200, 1450, 1710, 1250, 1305, 2295, 10035, 1360, 1120, 9515, 4821, 1060, 1615, 1745, 1355, 3740, 1520, 1800, 1525, 1760, 2955, 13430, 2090, 1665, 12680, 5421, 16132, 1845, 1535, 1280, 1375, 1500, 14956, 28415, 18970, 1430, 1375, 5250, 1300, 1385, 1380, 1575, 1235, 1655, 12675, 8336, 8426, 1450, 1880, 1300, 1740, 18925, 3865, 30135, 7355, 3115, 1745, 58333, 1540, 9210, 12595, 51885, 1651, 26767, 2800, 901, 1415, 2195, 31235, 5845, 1100, 1475, 1570, 1881, 1270, 1630, 31863, 28250, 7740, 4740, 1540, 1250, 1470, 59938, 2270, 40106, 
15917576, 1
15917576, 389
15917576, 1434
15917576, 1316054
15917576, 255163
15917576, 56834
17945686, 55209
17945686, 1115, 2105, 1360, 2030, 890, 1090, 1715, 1585, 2105, 1555, 1943, 1570, 2452, 805, 1745, 2175, 2600, 2065, 1525, 1305, 2285, 1200, 1920, 1010, 1890, 2040, 2490, 2110, 1995, 1950, 1785, 1621, 1120, 1915, 1750, 2115, 1490, 2295, 2035, 1870, 2455, 1760, 2311, 1135, 2120, 1675, 795, 1955, 2005, 2435, 2530, 2080, 1975, 1840, 1335, 1540, 1925, 1895, 1735, 2150, 2560, 1465, 2600, 2335, 1950, 2220, 2325, 1805, 1940, 2845, 1320, 1265, 2204, 1687, 6450, 2270, 2190, 2205, 1810, 1475, 1595, 2010, 2175, 1945, 1980, 1985, 1780, 1780, 2150, 2335, 2100, 2110, 1920, 2025, 1895, 1740, 1316, 2445, 2165, 1720, 2760, 1975, 1525, 1881, 2345, 1846, 2555, 2140, 2100, 2455, 2295, 2075, 1760, 2570, 2375, 2465, 2315, 1880, 1970, 2490, 1855, 1910, 3500, 2411, 1795, 1825, 1745, 1925, 1500, 5705, 2066, 1955, 2555, 885, 1721, 2640, 2215, 2122, 2155, 2595, 1885, 2610, 2505, 2515, 2355, 2125, 1980, 2285, 1640, 2100, 1695, 2180, 2285, 2150, 2435, 3065, 2250, 1835, 2090, 2035, 1365, 1515, 2245, 2355, 2196, 6871, 1995, 2050, 1940, 2390, 1805, 1735, 2440, 11779, 2485, 2165, 2685, 2650, 1655, 2151, 2335, 2110, 1965, 2525, 6828, 2035, 2175, 2435, 2171, 2215, 2335, 2390, 1870, 1665, 2150, 2035, 1860, 2020, 2005, 2270, 2200, 1870, 1860, 1195, 4785, 2520, 2300, 2480, 2175, 1960, 2690, 2247, 1580, 1965, 2700, 2180, 1975, 2285, 4190, 1895, 6295, 1695, 1670, 2710, 1685, 2340, 2360, 2088, 1950, 2865, 5430, 1770, 2370, 1345, 2266, 2170, 2260, 1970, 1755, 2825, 2273, 2735, 2025, 2215, 1950, 3995, 9610, 2215, 1975, 1625, 2115, 2255, 1280, 2065, 5595, 2670, 2140, 2140, 2135, 1845, 2680, 1550, 5455, 2140, 2090, 2250, 2100, 2320, 1905, 1800, 2075, 2250, 1055, 2145, 1735, 1800, 5565, 2280, 2395, 1745, 1975, 2336, 3995, 2365, 1915, 7560, 2435, 1310, 2000, 2025, 2295, 2086, 1880, 1835, 2350, 6410, 2070, 6275, 1640, 11920, 2685, 1250, 1665, 1210, 2516, 1790, 7075, 2545, 2220, 2115, 2040, 2810, 2265, 2195, 2905, 2010, 2145, 2130, 17645, 1940, 2191, 2976, 5510, 2460, 2295, 1665, 6073, 1505, 2320, 2100, 1805, 6775, 2095, 2045, 18490, 2095, 2025, 1740, 1772, 6085, 2450, 1560, 8465, 8775, 1720, 2985, 1865, 2530, 1755, 1975, 9790, 2420, 2230, 20600, 1861, 2600, 1275, 5415, 7652, 2220, 2465, 1869, 2160, 1350, 2855, 1660, 2135, 11520, 2400, 2350, 2185, 1955, 2370, 13265, 2185, 13331, 2115, 2015, 2090, 1937, 2060, 1915, 13874, 3745, 1770, 9392, 5670, 2010, 5640, 5355, 27445, 37631, 4260, 7580, 1760, 2455, 3105, 81456, 13695, 18260, 2735, 2340, 2290, 2040, 2240, 1900, 1455, 26431, 71587, 40417, 1060, 2380, 2011, 1790, 16170, 7011, 1925, 5330, 2430, 2430, 19085, 2670, 16980, 1690, 20363, 8575, 42140, 4655, 39092, 4785, 27977, 1910, 15966, 13320, 1950, 28071, 1890, 13293, 6040, 13960, 11530, 13095, 3310, 81551, 42076, 10331, 1975, 42830, 40360, 
17945686, 1
17945686, 372
17945686, 1522
17945686, 3777835
17945686, 606819
17945686, 56591
19473462, 28913
19473462, 850, 910, 1105, 1320, 1525, 1555, 660, 1055, 835, 1055, 1390, 1585, 975, 1450, 1370, 625, 870, 1420, 1230, 1895, 1295, 1500, 1440, 1255, 1330, 1425, 1255, 1035, 1930, 1600, 1895, 1615, 1670, 1505, 1350, 1265, 1560, 1410, 1510, 1530, 730, 875, 1440, 1490, 1510, 1405, 3150, 1145, 935, 1435, 1610, 1320, 1320, 1245, 1440, 1140, 1690, 1160, 1200, 1410, 1930, 1445, 1795, 1565, 1350, 1225, 1315, 1495, 1610, 1120, 1395, 1190, 1390, 1655, 1516, 1570, 1535, 845, 790, 1535, 1585, 1840, 1320, 1600, 1785, 1575, 1215, 1480, 1385, 1505, 1710, 1365, 1685, 1565, 1530, 3760, 1340, 1370, 1395, 1285, 1335, 1520, 1515, 1570, 1550, 1415, 1755, 1300, 1415, 1005, 1431, 1770, 1897, 1275, 1735, 1800, 1691, 1430, 1500, 1320, 1300, 1335, 1865, 1680, 1520, 1290, 1540, 1200, 1755, 1725, 1535, 1425, 1370, 1375, 1880, 1435, 1530, 1485, 1530, 1310, 1280, 1570, 4190, 1335, 2175, 1210, 1430, 1770, 1560, 1820, 1580, 1610, 1390, 855, 1395, 1865, 1110, 1425, 1190, 1526, 2280, 1495, 1340, 1415, 1315, 1515, 610, 1460, 1700, 1510, 1655, 1565, 1470, 1510, 1580, 1555, 1971, 1635, 1250, 5025, 1300, 1570, 925, 1980, 4570, 1500, 1480, 5021, 1930, 1890, 2240, 1305, 1840, 1295, 1470, 1290, 1630, 1395, 1615, 1801, 1888, 1585, 1110, 1150, 2310, 1395, 1700, 1740, 1540, 1432, 1225, 1750, 1580, 4960, 1750, 1420, 1230, 1361, 1495, 1415, 2011, 920, 1510, 1610, 1695, 1690, 1475, 1575, 1565, 2000, 1415, 1580, 1485, 1551, 1685, 3805, 2285, 1565, 1950, 1685, 1510, 3000, 1565, 680, 1065, 1260, 1560, 1525, 1720, 2020, 1586, 1755, 1775, 1275, 1500, 1505, 1675, 1380, 2295, 950, 1245, 2145, 3275, 1225, 1605, 805, 1950, 4615, 2080, 5475, 1755, 1310, 1710, 1025, 1365, 4865, 1270, 1625, 1310, 1730, 1750, 1450, 1580, 9466, 1555, 1540, 1390, 1390, 800, 1406, 1605, 1285, 1280, 1540, 1445, 1640, 1385, 11995, 1505, 1665, 1695, 1320, 2545, 1440, 1560, 1320, 9675, 4135, 930, 1465, 14925, 2005, 2845, 1675, 1590, 1630, 6430, 6950, 5665, 1685, 1810, 1065, 12566, 2110, 1510, 6605, 1525, 2285, 2465, 2125, 1613, 1287, 965, 5440, 20100, 1745, 1710, 13712, 1910, 20530, 1415, 1525, 8115, 970, 20326, 9885, 1584, 1885, 3315, 1490, 1610, 935, 1325, 4390, 13485, 1420, 2105, 4625, 1546, 13260, 1150, 1970, 1580, 1845, 10110, 1660, 1265, 1755, 1470, 1735, 1905, 1475, 1535, 7402, 1455, 1690, 5930, 5260, 1545, 1405, 1390, 4085, 3145, 1790, 9257, 1395, 4240, 1860, 1135, 1435, 1350, 1470, 8370, 8460, 1455, 4885, 4080, 10527, 10300, 4760, 1765, 1345, 1410, 1490, 1315, 9065, 1495, 4073, 7842, 1655, 1960, 1550, 1930, 1750, 7350, 11155, 46797, 14171, 13361, 1575, 4410, 6471, 30117, 19021, 57264, 58910, 1545, 1795, 4270, 1615, 1405, 1590, 1280, 3945, 42741, 1795, 32331, 1740, 27270, 3670, 1800, 1730, 32534, 31940, 1810, 1685, 28240, 1905, 50796, 4354, 
19473462, 1
19473462, 372
19473462, 1585
19473462, 666171
19473462, 161134
19473462, 56557
20619959, 8635
20619959, 1084, 800, 1015, 995, 1000, 1130, 525, 875, 965, 1160, 775, 960, 1355, 950, 1165, 700, 1075, 1250, 1300, 1180, 1105, 1211, 1470, 847, 1380, 695, 1335, 1120, 830, 865, 1250, 940, 1385, 1145, 1175, 1190, 1110, 1100, 1075, 1150, 830, 825, 945, 1005, 765, 915, 1370, 1095, 1145, 1020, 1060, 1215, 1116, 805, 1055, 965, 1086, 835, 1035, 1340, 1150, 995, 1290, 1160, 1305, 545, 3110, 3670, 1285, 995, 1035, 1190, 1211, 835, 965, 1025, 1411, 3500, 1005, 1101, 1280, 1220, 1200, 775, 1235, 1045, 835, 1276, 960, 990, 1205, 1250, 1076, 975, 1070, 1110, 1280, 1265, 1030, 1295, 470, 1250, 575, 1190, 1180, 590, 1300, 1216, 1215, 910, 930, 1350, 720, 1360, 1275, 1065, 1105, 1095, 3205, 1520, 1280, 1080, 1080, 1327, 1095, 1225, 860, 1095, 810, 1130, 1320, 1400, 995, 1105, 1215, 1250, 1180, 1015, 1290, 1235, 1155, 1415, 1415, 1295, 990, 1041, 1200, 1380, 1100, 990, 1140, 1195, 1165, 2790, 3545, 1260, 1100, 915, 880, 3505, 1210, 1005, 1485, 1340, 750, 1130, 1310, 1100, 415, 1115, 1085, 1080, 1215, 700, 731, 885, 1200, 1440, 950, 920, 1475, 1070, 1035, 1295, 1040, 1635, 1210, 1080, 1300, 1380, 1353, 1330, 1215, 875, 1165, 1035, 1125, 990, 1130, 970, 995, 840, 820, 1170, 1205, 1320, 1530, 1635, 7590, 1115, 1185, 1295, 2510, 585, 870, 1330, 825, 880, 1280, 1185, 940, 3110, 4786, 1170, 1635, 1390, 1175, 570, 1020, 1340, 1000, 1120, 1195, 1155, 1235, 960, 935, 1395, 985, 1225, 1455, 1120, 1195, 1345, 1130, 1140, 935, 1100, 2190, 1250, 1010, 1180, 1065, 1165, 3405, 930, 1185, 2915, 1165, 1035, 1425, 1110, 1145, 1925, 760, 2360, 1320, 1170, 1195, 1315, 1260, 1435, 720, 1340, 1290, 885, 1365, 950, 1045, 1380, 585, 1340, 1295, 1360, 1690, 1360, 1035, 1040, 3635, 1410, 1090, 1565, 1295, 815, 1430, 1170, 5111, 1020, 1075, 1050, 850, 1160, 6690, 1235, 4335, 1385, 1556, 1085, 675, 1345, 810, 7360, 1410, 1030, 1650, 3775, 3320, 895, 1020, 1295, 1055, 985, 1085, 1325, 815, 860, 3736, 960, 5845, 960, 1165, 4987, 6450, 858, 2385, 1085, 1095, 1125, 1160, 1060, 1105, 1205, 5916, 3170, 3035, 1120, 935, 1325, 1066, 9775, 1240, 1150, 7985, 1480, 1040, 1080, 8612, 1135, 1435, 995, 1220, 5143, 11435, 1030, 1140, 7895, 1155, 1005, 660, 1075, 1220, 910, 1344, 40526, 3787, 1010, 1030, 1480, 730, 3535, 4235, 1635, 2725, 1185, 9405, 7890, 3240, 1155, 1345, 1160, 1340, 1220, 1065, 9600, 1085, 14697, 1560, 2180, 1080, 2225, 1115, 10727, 1365, 3325, 15125, 22701, 980, 910, 9557, 6355, 6310, 1295, 1215, 1095, 3245, 3860, 4655, 1055, 5385, 1285, 15011, 6100, 21480, 1110, 3155, 1530, 1180, 14660, 43352, 1611, 1200, 23905, 31330, 21960, 10645, 7891, 24730, 10220, 21325, 945, 1260, 1145, 36995, 3120, 33106, 1205, 1140, 21211, 970, 925, 683, 
20619959, 1
20619959, 380
20619959, 1615
20619959, 2977153
20619959, 563934
20619959, 56194
20619960, 1
20619960, 
20619960, 1
20619960, 1303092
20619960, 5212438
20619960, 508236
20619960, 160836
20619960, 56207
20619961, 1
20619961, 
20619961, 5
20619961, 7409843
20619961, 13590321
20619961, 1505531
20619961, 343665
20619961, 56292
20731985, 277
20731985, 70, 60, 50, 45, 55, 60, 90, 40, 55, 30, 65, 105, 110, 90, 105, 40, 105, 135, 75, 250, 85, 105, 95, 65, 65, 75, 90, 70, 95, 95, 115, 50, 105, 95, 45, 60, 100, 75, 100, 140, 105, 120, 120, 85, 95, 70, 20, 140, 60, 95, 105, 85, 95, 145, 40, 60, 80, 80, 85, 95, 65, 105, 65, 130, 75, 80, 125, 65, 130, 110, 135, 40, 155, 140, 85, 95, 70, 55, 140, 115, 100, 55, 95, 70, 60, 90, 130, 85, 105, 140, 120, 140, 125, 45, 120, 95, 145, 110, 80, 140, 100, 130, 110, 90, 110, 95, 200, 130, 90, 155, 75, 55, 135, 115, 140, 105, 155, 100, 125, 125, 90, 110, 130, 115, 80, 80, 75, 105, 85, 60, 85, 90, 60, 95, 130, 120, 185, 95, 180, 100, 85, 135, 275, 110, 70, 65, 140, 295, 100, 155, 160, 130, 130, 110, 145, 75, 130, 105, 75, 130, 135, 70, 120, 130, 120, 105, 80, 270, 75, 135, 115, 115, 110, 75, 81, 110, 105, 110, 130, 65, 220, 90, 90, 135, 90, 85, 110, 340, 385, 120, 120, 130, 160, 160, 130, 100, 95, 75, 55, 130, 150, 135, 115, 80, 80, 95, 120, 95, 120, 95, 75, 110, 105, 90, 150, 145, 80, 95, 85, 85, 105, 80, 120, 80, 130, 120, 30, 175, 85, 90, 105, 490, 100, 115, 95, 110, 145, 60, 100, 50, 115, 75, 110, 125, 85, 80, 80, 130, 95, 110, 265, 120, 120, 320, 430, 100, 135, 105, 115, 105, 115, 70, 265, 95, 175, 40, 115, 115, 105, 75, 140, 45, 95, 120, 245, 125, 125, 40, 90, 95, 130, 110, 105, 415, 110, 100, 90, 145, 155, 80, 105, 110, 105, 105, 50, 65, 125, 100, 140, 45, 120, 65, 115, 55, 110, 180, 135, 295, 110, 90, 120, 150, 110, 355, 85, 1250, 375, 90, 50, 75, 185, 225, 100, 2110, 991, 90, 690, 540, 450, 145, 80, 80, 690, 450, 595, 315, 135, 130, 135, 90, 105, 1890, 130, 135, 135, 180, 120, 480, 60, 2215, 110, 795, 85, 125, 285, 815, 90, 155, 95, 70, 170, 105, 85, 135, 85, 80, 115, 1950, 105, 875, 715, 590, 125, 130, 110, 140, 155, 110, 400, 130, 125, 125, 130, 690, 95, 315, 575, 290, 95, 180, 515, 815, 375, 280, 2835, 155, 115, 130, 140, 40, 140, 770, 105, 1485, 115, 100, 365, 90, 80, 105, 100, 105, 115, 80, 670, 95, 175, 130, 125, 2105, 170, 95, 2875, 1575, 215, 765, 95, 2260, 1235, 110, 100, 275, 125, 120, 1385, 3200, 920, 1450, 75, 80, 2820, 3115, 955, 775, 380, 320, 3438, 780, 135, 2970, 85, 940, 2735, 287, 
20731985, 1
20731985, 847
20731985, 2727
20731985, 2367146
20731985, 585215
20731985, 56589
21883471, 5042
21883471, 830, 1095, 700, 1270, 1235, 870, 1130, 1045, 1260, 905, 926, 965, 1175, 925, 1065, 920, 910, 525, 875, 1165, 1100, 840, 1410, 975, 1125, 1275, 965, 1305, 710, 936, 1205, 1175, 960, 940, 865, 950, 965, 955, 970, 965, 1000, 820, 1320, 1105, 1115, 965, 1230, 1225, 1090, 895, 1275, 1295, 1220, 1065, 830, 1115, 1050, 625, 1050, 1010, 1250, 1205, 1205, 1155, 1040, 635, 1435, 885, 1195, 740, 1020, 1240, 940, 995, 1125, 1310, 845, 1245, 930, 1115, 945, 1217, 1390, 1695, 650, 930, 1130, 995, 935, 1010, 1025, 1195, 970, 1325, 1300, 1150, 1190, 1300, 1165, 460, 2130, 1305, 1350, 800, 1135, 865, 945, 1075, 1345, 1115, 1155, 1190, 1135, 910, 1370, 1020, 1365, 645, 935, 905, 1020, 1235, 1190, 1035, 990, 1155, 1605, 1380, 985, 1110, 1040, 475, 645, 1120, 1220, 1260, 1040, 1065, 885, 1140, 1315, 1215, 1200, 1305, 1044, 1170, 1270, 626, 720, 920, 1650, 955, 1415, 880, 1015, 795, 980, 1020, 1155, 1105, 920, 745, 1285, 1150, 1140, 1050, 940, 850, 850, 1185, 1405, 1310, 1140, 2045, 1240, 1305, 1130, 1285, 1280, 1125, 565, 1205, 845, 1175, 1065, 1000, 1440, 1425, 1140, 1235, 1390, 760, 800, 855, 1055, 765, 1180, 1215, 1215, 1170, 1055, 1050, 6040, 910, 1290, 1210, 1270, 1010, 1280, 1165, 1185, 1020, 3285, 945, 1045, 1165, 975, 1190, 980, 1385, 1015, 1225, 980, 1225, 6610, 1260, 1450, 1085, 1065, 3170, 1365, 995, 1130, 4390, 1290, 1235, 940, 1375, 1700, 1115, 1290, 1335, 1347, 1200, 3125, 1045, 545, 855, 1165, 2690, 1050, 1255, 1170, 830, 3350, 1130, 1215, 1285, 1015, 1125, 1375, 1040, 1045, 900, 6500, 755, 1175, 1020, 3155, 910, 1045, 875, 1160, 1155, 1025, 1055, 5075, 870, 2425, 1160, 1055, 1090, 3866, 880, 810, 1165, 1265, 7125, 1425, 1235, 1110, 1115, 2630, 6531, 1015, 1350, 865, 1050, 1200, 1205, 610, 980, 940, 725, 1225, 3245, 1010, 1145, 1070, 605, 4220, 3890, 1170, 2065, 1095, 575, 880, 1491, 2880, 2850, 2290, 1325, 1035, 3305, 1405, 880, 6050, 1020, 3620, 1060, 1075, 1275, 4475, 1035, 1220, 1486, 900, 3240, 9975, 1245, 1411, 7465, 1030, 995, 950, 13560, 770, 955, 1065, 1635, 870, 1230, 910, 1130, 1090, 1300, 3845, 7916, 870, 1025, 19945, 655, 3040, 980, 1035, 1295, 21730, 1040, 7072, 1210, 3181, 940, 725, 3425, 1285, 3870, 1000, 14595, 5625, 971, 1180, 1140, 785, 4430, 1140, 640, 2980, 5711, 1055, 875, 3800, 1280, 1155, 1015, 11070, 1390, 2730, 7440, 1161, 3525, 28312, 1640, 2440, 960, 1355, 5515, 1240, 5372, 9385, 9740, 34426, 7580, 1275, 10452, 1200, 913, 1090, 14296, 1075, 1511, 21645, 1195, 31068, 3975, 1050, 960, 8230, 1292, 1111, 31072, 20007, 1730, 6810, 13185, 1315, 1080, 9715, 950, 27747, 860, 1105, 1015, 1110, 7255, 3230, 23491, 20680, 23207, 9650, 1060, 990, 1075, 30150, 17310, 21714, 
21883471, 2
21883471, 422
21883471, 1717
21883471, 2292691
21883471, 422506
21883471, 56803
21883472, 1
21883472, 
21883472, 1
21883472, 1385631
21883472, 1386835
21883472, 3191386
21883472, 596407
21883472, 57030
21883473, 1
21883473, 
21883473, 1
21883473, 2615519
21883473, 2616639
21883473, 5616185
21883473, 1308914
21883473, 57572
21982406, 162
21982406, 60, 65, 35, 70, 35, 55, 40, 20, 45, 65, 40, 90, 120, 85, 85, 50, 85, 70, 35, 50, 75, 90, 65, 80, 65, 85, 90, 100, 105, 45, 75, 75, 65, 115, 100, 120, 100, 75, 65, 75, 65, 50, 95, 85, 115, 70, 90, 55, 55, 60, 90, 105, 60, 70, 50, 110, 65, 100, 85, 70, 70, 110, 100, 75, 115, 105, 100, 115, 60, 35, 70, 70, 90, 85, 105, 45, 60, 95, 130, 55, 60, 130, 95, 100, 90, 130, 160, 110, 95, 90, 100, 85, 80, 75, 75, 72, 70, 85, 70, 85, 60, 95, 95, 85, 95, 100, 140, 80, 130, 180, 125, 65, 135, 165, 75, 125, 90, 55, 105, 55, 90, 100, 95, 85, 35, 90, 90, 80, 80, 125, 55, 80, 85, 95, 120, 80, 60, 60, 40, 95, 135, 75, 215, 65, 90, 110, 105, 85, 90, 125, 110, 75, 85, 85, 105, 110, 75, 65, 90, 75, 90, 120, 85, 70, 80, 80, 85, 95, 100, 77, 135, 50, 145, 90, 55, 90, 85, 105, 110, 120, 60, 240, 105, 110, 100, 75, 60, 120, 115, 90, 85, 275, 95, 100, 115, 90, 35, 155, 75, 100, 120, 40, 160, 80, 105, 135, 150, 95, 110, 105, 130, 60, 95, 90, 90, 55, 105, 65, 30, 125, 295, 95, 325, 70, 120, 85, 110, 65, 85, 85, 130, 85, 90, 95, 90, 145, 60, 110, 450, 90, 90, 85, 120, 110, 75, 40, 220, 110, 85, 100, 140, 125, 80, 90, 300, 100, 105, 60, 70, 270, 95, 90, 75, 610, 105, 90, 100, 65, 415, 55, 70, 155, 125, 105, 55, 240, 75, 290, 75, 95, 90, 100, 55, 147, 110, 80, 75, 85, 70, 95, 135, 125, 85, 135, 115, 90, 120, 90, 105, 60, 115, 122, 75, 70, 115, 180, 115, 85, 75, 295, 330, 60, 70, 195, 640, 115, 105, 170, 165, 145, 145, 105, 115, 545, 295, 100, 1200, 75, 95, 85, 90, 105, 235, 85, 175, 635, 95, 100, 355, 135, 85, 70, 105, 130, 145, 60, 120, 135, 285, 90, 110, 315, 295, 445, 110, 95, 720, 90, 30, 565, 410, 105, 100, 855, 85, 125, 60, 600, 90, 90, 300, 2520, 105, 280, 115, 100, 110, 190, 80, 60, 620, 90, 115, 110, 90, 180, 135, 315, 125, 485, 1165, 595, 80, 115, 100, 510, 85, 90, 630, 1790, 110, 495, 645, 100, 890, 160, 95, 100, 730, 1140, 1890, 225, 205, 390, 1540, 110, 125, 125, 100, 70, 95, 1225, 570, 1155, 75, 290, 800, 2220, 75, 2070, 540, 600, 1696, 65, 1755, 1705, 1570, 845, 1740, 100, 70, 815, 325, 305, 110, 125, 110, 1916, 105, 145, 1637, 320, 2205, 745, 2375, 2107, 1310, 152, 
21982406, 3
21982406, 879
21982406, 2046
21982406, 12230134
21982406, 4909198
21982406, 56548
22028029, 1218
22028029, 10, 20, 20, 20, 5, 15, 35, 15, 5, 20, 20, 25, 15, 20, 50, 20, 35, 40, 15, 20, 25, 35, 35, 25, 40, 60, 25, 20, 20, 30, 70, 55, 40, 30, 20, 10, 35, 45, 55, 35, 40, 45, 40, 80, 50, 20, 50, 20, 25, 10, 80, 55, 30, 25, 15, 45, 10, 35, 15, 30, 30, 45, 45, 60, 30, 25, 45, 30, 65, 35, 55, 35, 35, 20, 70, 25, 85, 40, 50, 65, 40, 35, 35, 30, 50, 40, 20, 25, 40, 25, 55, 15, 50, 40, 30, 35, 45, 60, 85, 25, 50, 15, 50, 40, 30, 45, 55, 35, 30, 10, 65, 60, 55, 40, 20, 115, 15, 30, 40, 35, 45, 35, 25, 105, 45, 45, 30, 60, 30, 55, 40, 80, 35, 50, 30, 60, 40, 50, 25, 40, 55, 15, 40, 15, 35, 35, 35, 45, 30, 45, 60, 55, 260, 45, 40, 20, 25, 35, 55, 45, 40, 40, 45, 50, 35, 40, 40, 65, 30, 30, 65, 125, 70, 30, 30, 45, 35, 65, 60, 35, 35, 30, 50, 45, 180, 50, 45, 50, 45, 65, 25, 35, 60, 40, 80, 45, 30, 35, 90, 70, 25, 50, 40, 55, 40, 60, 95, 20, 55, 60, 40, 40, 30, 55, 30, 60, 35, 55, 105, 60, 45, 40, 25, 60, 30, 50, 270, 25, 20, 35, 30, 40, 65, 50, 205, 60, 65, 55, 40, 105, 50, 70, 30, 60, 35, 20, 40, 40, 55, 130, 225, 50, 70, 75, 45, 95, 35, 40, 145, 155, 45, 220, 40, 80, 50, 50, 10, 35, 50, 175, 45, 40, 55, 50, 55, 65, 55, 40, 35, 70, 20, 60, 400, 55, 45, 385, 20, 75, 30, 45, 355, 45, 105, 155, 25, 60, 210, 40, 45, 70, 35, 470, 40, 45, 25, 25, 60, 55, 25, 50, 70, 50, 40, 45, 30, 35, 85, 45, 140, 65, 340, 55, 35, 55, 65, 70, 45, 30, 70, 45, 160, 140, 30, 60, 50, 35, 35, 510, 185, 60, 60, 538, 90, 25, 40, 55, 30, 165, 60, 40, 50, 40, 35, 120, 140, 230, 50, 25, 30, 790, 70, 280, 45, 55, 195, 20, 60, 15, 45, 210, 410, 40, 75, 40, 175, 65, 1050, 40, 35, 180, 50, 65, 35, 55, 920, 155, 45, 60, 45, 60, 65, 45, 365, 305, 35, 45, 260, 35, 80, 840, 50, 40, 35, 60, 295, 35, 50, 430, 1045, 80, 525, 40, 170, 700, 1026, 230, 135, 65, 55, 50, 130, 75, 545, 125, 35, 75, 70, 40, 855, 115, 50, 305, 45, 551, 65, 675, 80, 565, 845, 45, 50, 160, 55, 290, 45, 35, 70, 25, 55, 805, 795, 115, 25, 335, 60, 465, 815, 295, 1055, 
22028029, 1
22028029, 1086
22028029, 3680
22028029, 22201
22028029, 11367
22028029, 56545
22028030, 1
22028030, 
22028030, 1
22028030, 1394557
22028030, 1396988
22028030, 10290063
22028030, 3235073
22028030, 57586
22028031, 1
22028031, 
22028031, 1
22028031, 2622247
22028031, 2624529
22028031, 5435112
22028031, 2474800
22028031, 58019
25083178, 22687
25083178, 2500, 1150, 3010, 2405, 2415, 2800, 2665, 1540, 1845, 3480, 3380, 2100, 2300, 3090, 2970, 2705, 3045, 2425, 2840, 3352, 2890, 1800, 3100, 2175, 2790, 2625, 1815, 2800, 3010, 3335, 2340, 1705, 2842, 2830, 1806, 1775, 2455, 2915, 2800, 3390, 2645, 3190, 2345, 2940, 3215, 2950, 2195, 2745, 2430, 3620, 2450, 2705, 3225, 4360, 3040, 3530, 2860, 6615, 4380, 3120, 2800, 2510, 3045, 2215, 2477, 3095, 2180, 3177, 2675, 3025, 3360, 2350, 1615, 3100, 3177, 2635, 2870, 3295, 3442, 2805, 2905, 3140, 3265, 2690, 3115, 2855, 2895, 3045, 3160, 2420, 3530, 3130, 1725, 3325, 2657, 2995, 3560, 2775, 2910, 3180, 1730, 3555, 1190, 2295, 2740, 1805, 3415, 2540, 3095, 4220, 2783, 2930, 2957, 3570, 3205, 7200, 2143, 2905, 2590, 3150, 3935, 2565, 2910, 3445, 3105, 2660, 2960, 2665, 3320, 3290, 2640, 2870, 2415, 1965, 3236, 3285, 2925, 11460, 2740, 2866, 2565, 8110, 4205, 2710, 2775, 2945, 2660, 3470, 1990, 3075, 3178, 2699, 3190, 3855, 8771, 2718, 2720, 2385, 2859, 3015, 3205, 2805, 3125, 3870, 3215, 2945, 3340, 2945, 2095, 2657, 3565, 2850, 2605, 2910, 1780, 3085, 3240, 2714, 2770, 3085, 3830, 2720, 2285, 3305, 2630, 3220, 2700, 2785, 3145, 2660, 3270, 2800, 3030, 2370, 3125, 15782, 2150, 2960, 3500, 1650, 2725, 3330, 3370, 2365, 2689, 3195, 2915, 7755, 6670, 9281, 8320, 2905, 2320, 2410, 2775, 2165, 2425, 2420, 1975, 2000, 2470, 3620, 3075, 3005, 3580, 2815, 2715, 2885, 8400, 10085, 2680, 2515, 7910, 3605, 3030, 2880, 3085, 2640, 2220, 3697, 3165, 3035, 3260, 3190, 3365, 9125, 1695, 2670, 2565, 3075, 2170, 3225, 3195, 2960, 3580, 2880, 3405, 10560, 2930, 2490, 2880, 3890, 3595, 3235, 15070, 3260, 2870, 14650, 3585, 3145, 22987, 3300, 3320, 10545, 8535, 3180, 2884, 2810, 2357, 17743, 3240, 6185, 3145, 17785, 1675, 5505, 3285, 2890, 3510, 3185, 2835, 2770, 2520, 3490, 2520, 2870, 3640, 2675, 2950, 40139, 2895, 2721, 2890, 3920, 2930, 2380, 2705, 3001, 3550, 24760, 2425, 3115, 7215, 11916, 2305, 2630, 2815, 2830, 3225, 3030, 15453, 2680, 3445, 3035, 2645, 8315, 16659, 9208, 2610, 3305, 2400, 3599, 2330, 17300, 12306, 9215, 3345, 5820, 3314, 11440, 4575, 12071, 2245, 3415, 2595, 3210, 34822, 19285, 3085, 2360, 3175, 3295, 2985, 2555, 2680, 2752, 3060, 2205, 2475, 2865, 2720, 2513, 9665, 2555, 19875, 2970, 3660, 3260, 2625, 3746, 19555, 8206, 2815, 3495, 20680, 3075, 3186, 3020, 2545, 14065, 31830, 15554, 29140, 53088, 51756, 14235, 7970, 3020, 2495, 2891, 57090, 2795, 2760, 3470, 3130, 3420, 2970, 8345, 48916, 2774, 2380, 1505, 13540, 36966, 3991, 14176, 5890, 2645, 63831, 18480, 1515, 9625, 20550, 2675, 7900, 54807, 70400, 2345, 2680, 50869, 63790, 63786, 19130, 8565, 37563, 46812, 2702, 3156, 2760, 25060, 4031, 2792, 3005, 2825, 28423, 50111, 3320, 52917, 3025, 39641, 3180, 9961, 3965, 2785, 2056, 25930, 2425, 2707, 3320, 18862, 2780, 3267, 3475, 25930, 25812, 53366, 2705, 18679, 2925, 2670, 44865, 8429, 
25083178, 1
25083178, 425
25083178, 1493
25083178, 16666147
25083178, 3886492
25083178, 58917
25858170, 12396
25858170, 275, 680, 590, 795, 845, 595, 515, 800, 455, 415, 670, 495, 561, 440, 705, 620, 345, 590, 760, 640, 745, 855, 535, 685, 730, 590, 970, 600, 665, 670, 770, 619, 590, 775, 995, 730, 865, 430, 654, 815, 525, 785, 940, 595, 790, 800, 640, 686, 697, 875, 870, 450, 680, 690, 720, 610, 820, 720, 745, 615, 1050, 680, 720, 715, 440, 560, 780, 670, 700, 765, 700, 536, 660, 760, 830, 800, 665, 705, 795, 660, 815, 685, 755, 595, 710, 665, 630, 490, 610, 670, 610, 785, 695, 825, 825, 620, 960, 1855, 585, 655, 775, 1020, 670, 705, 685, 470, 745, 700, 845, 735, 965, 885, 815, 605, 645, 710, 790, 640, 610, 735, 590, 680, 575, 670, 470, 660, 835, 650, 855, 675, 835, 920, 605, 636, 730, 715, 863, 750, 775, 840, 700, 870, 785, 875, 675, 905, 740, 550, 635, 800, 940, 845, 815, 655, 605, 420, 655, 485, 935, 450, 660, 710, 1810, 835, 805, 1480, 600, 610, 725, 850, 760, 740, 895, 655, 825, 575, 2235, 2675, 665, 725, 465, 570, 1955, 900, 760, 740, 780, 4280, 860, 710, 675, 760, 660, 705, 650, 495, 870, 900, 865, 835, 720, 705, 660, 2180, 710, 825, 2015, 620, 655, 3555, 675, 870, 610, 1940, 875, 785, 795, 501, 845, 710, 645, 795, 485, 860, 725, 290, 700, 3375, 4690, 755, 335, 760, 3740, 895, 705, 780, 675, 660, 675, 2500, 715, 850, 880, 730, 925, 780, 695, 745, 585, 670, 950, 545, 955, 830, 705, 4662, 795, 790, 920, 685, 805, 670, 875, 690, 915, 795, 765, 800, 730, 630, 805, 625, 1630, 2595, 750, 670, 810, 870, 4030, 715, 725, 645, 705, 990, 750, 6456, 600, 700, 780, 730, 760, 805, 580, 595, 935, 705, 750, 695, 3740, 855, 705, 790, 680, 865, 720, 4805, 620, 1445, 815, 860, 655, 725, 4010, 880, 720, 2315, 1255, 755, 1980, 800, 2820, 610, 860, 685, 2455, 4965, 795, 665, 6615, 850, 710, 1930, 745, 735, 1620, 3301, 1375, 840, 2350, 8890, 860, 745, 720, 665, 770, 1105, 2985, 890, 760, 4280, 835, 2120, 3090, 625, 800, 605, 610, 560, 665, 3455, 835, 800, 660, 725, 11360, 5425, 795, 565, 780, 548, 2085, 710, 9996, 2120, 590, 2925, 820, 580, 950, 735, 675, 2225, 2510, 810, 2440, 845, 730, 780, 775, 810, 6825, 810, 8341, 14695, 13335, 1025, 3634, 2585, 2328, 4480, 770, 4810, 640, 16100, 12905, 2130, 5536, 860, 3845, 5760, 460, 625, 765, 765, 2200, 2165, 3350, 480, 1025, 1640, 740, 13115, 575, 2075, 13795, 725, 9395, 1200, 780, 865, 580, 825, 640, 855, 870, 11910, 965, 780, 833, 940, 6535, 7630, 13187, 780, 810, 800, 560, 8290, 9560, 11690, 17900, 770, 5606, 4405, 11641, 12065, 525, 735, 16140, 15578, 5180, 7466, 790, 
25858170, 1
25858170, 438
25858170, 1472
25858170, 8534293
25858170, 3813115
25858170, 56823
25858171, 1
25858171, 
25858171, 1
25858171, 1782944
25858171, 1783913
25858171, 12231029
25858171, 3931236
25858171, 57329
27032500, 1317
27032500, 1035, 560, 930, 795, 920, 910, 805, 955, 625, 1020, 885, 1105, 930, 1165, 1000, 945, 745, 1145, 1345, 910, 1020, 1195, 1225, 840, 770, 670, 1390, 1045, 1165, 1074, 970, 1500, 1055, 1125, 1110, 910, 835, 600, 1110, 1031, 990, 1015, 1365, 1005, 1140, 1185, 940, 950, 1250, 1116, 1160, 865, 1155, 880, 560, 880, 895, 1000, 1010, 1140, 1170, 758, 1135, 950, 1120, 1125, 920, 1195, 1370, 1230, 1090, 1085, 1230, 1030, 1225, 1015, 875, 1060, 1085, 1130, 705, 1115, 915, 1075, 1030, 1405, 1195, 1165, 1485, 1055, 990, 1290, 945, 1080, 1085, 1155, 1485, 1110, 1030, 1130, 1030, 980, 1045, 710, 1085, 1295, 1045, 1215, 1050, 1155, 790, 1205, 1145, 995, 950, 1175, 1015, 1200, 1100, 1380, 1110, 895, 1140, 1250, 695, 1185, 1115, 1310, 1250, 820, 980, 1170, 1175, 910, 1190, 1550, 1740, 1010, 979, 1230, 1180, 792, 1000, 1150, 1055, 1305, 880, 1400, 1210, 1195, 1165, 975, 2060, 1040, 1175, 1200, 1175, 1065, 1135, 1065, 920, 1085, 1165, 3100, 1225, 1145, 1140, 1370, 1065, 1165, 1235, 3350, 3170, 1375, 1295, 1135, 1015, 1445, 1157, 845, 2200, 1095, 945, 835, 810, 1270, 1050, 1335, 1025, 850, 980, 1050, 1230, 1200, 1200, 1270, 1165, 765, 905, 1286, 1290, 1155, 1330, 1145, 960, 1240, 875, 1205, 1035, 1175, 1090, 1105, 835, 1065, 1180, 2690, 840, 1070, 1175, 1060, 1122, 3170, 915, 1345, 1135, 745, 1155, 895, 860, 1315, 980, 1040, 1015, 1280, 1000, 1220, 1135, 975, 886, 930, 1120, 1100, 1085, 3645, 915, 1425, 3735, 3240, 1215, 1585, 1120, 2315, 1310, 970, 915, 4615, 450, 1050, 1070, 6990, 1125, 1215, 1260, 1185, 1295, 1065, 1140, 1370, 1245, 1270, 1050, 3551, 1225, 945, 1195, 3290, 1020, 945, 1165, 1150, 640, 6830, 2440, 1190, 1175, 1055, 3080, 1180, 1105, 940, 1030, 3870, 875, 3030, 3425, 4590, 1105, 9470, 1160, 1370, 1185, 1035, 950, 1060, 11650, 945, 830, 1300, 1055, 4655, 845, 980, 1100, 7480, 3275, 610, 1580, 1075, 5636, 1385, 1270, 1275, 1190, 1110, 2225, 1050, 1020, 2910, 1175, 1210, 895, 1025, 1075, 6771, 3310, 1490, 1190, 1315, 3265, 1065, 660, 3830, 1235, 985, 1000, 1310, 7271, 840, 4450, 8275, 13191, 1140, 845, 3310, 1195, 1145, 3250, 1305, 780, 1115, 5495, 1180, 1585, 1115, 6105, 1315, 2770, 1390, 5875, 1107, 810, 3800, 995, 12800, 1265, 800, 925, 1330, 1330, 1125, 1300, 19965, 780, 11708, 23672, 1075, 1055, 980, 1100, 1110, 5234, 1280, 1025, 1270, 3035, 13746, 17465, 965, 1445, 1245, 4740, 6765, 620, 880, 20555, 1245, 910, 1105, 3875, 1120, 9640, 6920, 990, 6440, 14170, 20995, 10035, 1340, 770, 15830, 9405, 955, 28522, 960, 9070, 21051, 1100, 3705, 1135, 1460, 8886, 5420, 1080, 1150, 1320, 5816, 1275, 1220, 1100, 16015, 5700, 7868, 8470, 12061, 655, 9762, 4325, 1150, 4300, 8208, 1105, 1755, 7170, 25680, 1685, 10515, 19210, 12870, 19130, 5665, 18225, 14436, 1305, 22889, 7865, 
27032500, 1
27032500, 446
27032500, 1478
27032500, 35924389
27032500, 6646184
27032500, 58212
31542946, 62246
31542946, 3925, 3655, 3060, 3380, 4395, 3465, 4750, 4285, 4186, 4990, 2455, 3620, 4195, 4070, 4063, 3835, 8635, 4265, 1860, 6225, 3930, 5045, 4525, 3210, 3010, 3905, 4795, 3910, 3050, 4060, 4130, 3000, 3010, 3580, 2960, 4430, 2560, 3815, 4175, 4400, 2960, 2935, 3690, 3630, 3711, 3960, 4390, 5065, 5275, 3575, 2796, 3790, 3775, 3385, 6015, 4218, 3915, 4396, 3980, 3850, 4380, 4129, 3970, 3700, 4325, 4520, 4435, 5125, 4885, 3965, 3700, 3940, 3975, 3450, 3225, 4440, 4100, 2735, 4430, 3030, 3690, 4580, 4010, 3640, 3740, 4445, 3360, 3390, 3312, 4110, 3752, 4095, 4250, 4373, 4360, 4825, 4865, 3265, 5590, 2670, 13215, 3505, 4435, 4175, 4805, 5040, 14848, 15257, 3555, 2380, 3820, 4495, 4395, 4610, 4305, 3780, 2150, 6080, 5020, 4160, 3331, 4410, 4825, 3980, 4075, 4440, 8975, 4350, 3925, 21490, 3831, 3855, 4745, 4250, 4491, 21945, 3921, 4745, 13460, 4320, 2740, 4230, 4435, 4900, 3360, 4155, 4440, 4000, 4440, 3755, 5285, 3904, 3600, 4620, 4020, 3585, 3265, 4445, 4900, 3835, 3425, 4790, 3848, 4100, 5050, 4045, 5230, 3580, 4552, 4375, 4760, 4060, 2630, 4970, 4335, 5305, 3700, 4305, 4170, 4215, 3365, 4630, 2897, 4621, 4320, 4361, 4486, 5105, 4091, 3140, 3505, 4190, 3560, 4160, 4290, 4800, 4035, 4240, 4750, 3955, 3870, 4291, 5295, 4625, 3565, 28446, 3500, 2385, 12175, 3840, 3470, 4945, 4025, 7570, 4490, 3735, 13855, 4145, 4220, 3310, 3090, 5215, 32970, 3405, 3975, 3420, 4615, 3650, 4105, 4525, 4025, 10280, 4480, 4680, 4103, 4175, 4795, 4138, 63213, 2895, 3745, 3835, 3855, 4285, 14147, 9240, 4630, 4252, 3840, 19285, 4100, 16325, 12708, 10605, 3875, 3830, 4290, 4891, 2090, 22068, 4150, 3700, 4256, 3690, 30830, 3560, 3795, 4040, 3614, 12100, 4490, 5175, 4145, 4335, 12940, 4005, 4400, 22880, 24193, 4146, 4850, 4155, 3745, 3575, 4600, 4067, 4045, 5895, 14030, 4975, 4770, 4450, 3205, 4675, 18142, 12175, 5250, 4945, 10955, 4295, 5295, 4090, 3735, 4020, 13715, 4231, 4055, 4200, 28127, 5010, 3795, 5375, 4115, 3620, 27145, 4265, 21985, 4000, 12791, 4605, 47898, 4070, 4920, 3885, 4365, 4725, 22700, 4200, 5180, 3387, 4205, 5093, 4025, 3765, 36715, 4015, 3570, 4080, 26562, 4310, 4340, 72705, 62175, 4450, 4165, 5140, 4315, 5190, 24842, 4295, 3625, 4360, 4130, 4430, 17736, 15830, 11885, 4261, 4620, 32680, 4585, 4145, 4220, 4750, 4620, 4085, 71225, 4625, 4300, 4245, 4780, 42430, 3960, 4220, 3845, 28251, 3860, 13001, 3900, 4615, 3800, 13380, 3835, 15010, 31174, 50500, 4170, 9960, 4185, 3780, 4232, 3948, 3905, 3980, 2930, 80840, 25377, 5960, 4800, 33380, 3875, 13610, 39530, 13190, 4905, 13650, 3620, 4620, 4535, 3725, 100288, 37445, 2890, 4285, 3505, 17093, 4240, 4700, 4385, 46635, 18310, 4405, 57412, 4680, 12832, 17740, 4520, 46691, 4580, 18067, 71160, 5370, 4195, 5140, 77090, 4865, 4295, 24058, 19621, 4400, 4035, 40225, 12525, 81690, 4835, 77501, 5020, 4575, 49032, 68170, 3775, 4040, 113130, 32451, 4060, 34086, 57250, 5025, 30195, 90580, 4626, 53253, 38690, 38272, 4271, 4095, 
31542946, 1
31542946, 414
31542946, 1497
31542946, 18330126
31542946, 3994147
31542946, 58634
42855175, 39668
42855175, 6895, 8625, 8887, 10915, 11190, 10703, 9245, 6185, 10400, 9740, 10875, 10285, 8555, 10175, 8720, 9895, 10365, 12405, 8510, 10070, 9435, 11570, 9136, 9365, 9610, 10745, 7850, 10520, 10135, 8615, 9470, 8812, 9130, 8730, 9170, 9425, 5870, 10285, 10970, 11015, 10116, 11871, 10490, 9565, 8847, 11235, 10935, 6620, 11221, 7030, 9794, 6915, 10180, 9605, 11040, 10165, 10420, 12776, 11145, 9560, 9650, 12115, 9540, 9345, 10125, 7240, 9241, 9095, 9055, 9480, 12335, 11365, 10015, 10120, 13040, 10600, 20665, 11155, 8290, 9855, 11865, 11175, 9430, 11840, 7620, 12340, 8793, 9690, 8790, 13365, 10280, 8940, 9640, 8705, 11615, 9530, 12363, 11550, 36260, 8295, 12530, 11430, 10648, 29145, 9665, 10150, 10550, 9810, 8971, 6655, 11775, 9271, 10600, 8610, 9410, 8500, 10405, 9495, 11300, 8660, 10270, 10400, 10800, 10895, 12385, 11335, 11275, 6260, 11315, 9740, 9975, 9735, 10775, 12100, 9925, 7910, 11585, 11360, 8695, 11260, 10450, 9315, 10425, 10625, 9585, 9710, 11742, 12175, 10295, 9780, 11990, 11015, 8655, 9410, 12545, 9625, 10280, 9865, 8616, 10550, 9640, 44778, 9365, 9410, 10750, 11565, 11590, 10525, 9150, 10490, 9280, 11835, 12165, 10386, 10404, 12030, 10910, 11045, 14435, 7420, 7904, 10570, 9145, 10815, 10600, 11375, 8930, 10315, 10150, 11650, 6026, 9295, 11185, 11170, 11965, 8810, 9705, 11657, 10600, 13630, 10750, 15305, 10466, 10145, 58356, 12200, 10160, 12935, 20150, 11160, 11385, 11490, 9915, 9055, 12790, 10460, 9850, 10435, 64876, 10690, 9305, 10955, 12400, 65056, 8095, 10595, 30367, 9060, 8995, 8480, 10358, 9320, 75439, 9830, 10555, 11215, 71402, 9169, 10980, 9661, 10555, 31335, 10210, 9215, 9290, 11720, 7970, 10710, 11225, 10129, 11760, 11390, 34745, 10442, 10215, 38980, 6945, 9305, 38580, 9335, 7162, 10375, 12080, 10490, 10145, 11464, 10725, 10140, 32810, 9235, 11285, 10550, 9316, 9305, 10370, 9245, 10807, 10440, 10865, 26740, 10360, 8845, 11245, 12171, 8720, 11985, 9905, 10240, 9955, 35320, 11050, 10650, 8715, 61518, 12611, 10305, 53216, 14055, 10920, 12585, 8035, 11525, 21580, 10920, 140791, 9435, 33022, 43455, 102343, 8510, 8390, 12167, 11095, 27115, 6655, 11757, 10935, 43260, 36118, 39440, 9680, 35700, 9906, 9590, 183025, 42822, 10556, 33838, 9995, 85770, 9840, 91205, 7500, 11050, 11035, 11185, 26075, 9950, 9910, 9365, 200756, 8583, 10450, 177107, 10530, 9085, 9965, 10365, 41700, 10670, 9537, 9305, 10100, 8892, 9010, 9271, 61278, 35105, 10607, 9806, 11760, 41830, 65662, 11000, 8761, 10692, 32655, 30498, 47922, 127795, 9737, 7550, 116227, 112610, 30237, 33640, 7235, 7285, 9996, 11530, 14205, 12280, 10660, 11700, 10029, 8926, 8250, 10617, 146060, 8200, 163277, 122266, 102065, 85038, 52310, 94831, 37130, 11195, 38040, 125717, 15885, 9295, 161727, 10205, 8300, 33542, 9000, 81408, 11635, 70125, 12785, 10695, 33975, 9620, 118943, 185175, 58155, 7100, 10580, 10281, 11795, 11250, 126051, 96485, 12125, 129192, 13655, 295625, 9296, 8315, 15365, 42525, 9100, 10335, 179023, 43715, 33535, 28695, 61635, 9125, 211829, 11435, 90650, 10585, 156620, 5080, 161486, 9195, 192130, 9590, 22960, 7920, 9935, 11540, 9986, 93381, 12545, 51905, 10120, 210390, 84190, 92800, 240070, 10235, 54966, 10290, 44246, 
42855175, 1
42855175, 408
42855175, 1567
42855175, 19980648
42855175, 4982245
42855175, 55852
42855176, 1
42855176, 
42855176, 1
42855176, 3707221
42855176, 3708285
42855176, 80485556
42855176, 21476187
42855176, 56537
57413334, 14834
57413334, 9295, 12575, 13410, 11542, 13695, 12085, 8815, 11455, 12860, 13795, 13865, 11000, 13915, 9630, 12305, 12895, 12485, 12595, 9914, 14735, 12035, 12355, 11585, 9825, 14095, 12570, 11635, 13550, 11105, 13786, 12735, 12519, 12245, 13085, 11560, 10155, 10165, 12680, 12060, 12810, 13967, 10980, 12955, 14813, 13990, 11345, 11425, 11640, 12475, 11570, 14425, 15875, 15152, 15405, 12870, 10951, 10910, 14560, 12525, 11380, 17195, 13400, 13345, 13695, 11370, 15520, 13982, 17830, 11375, 13196, 11450, 13310, 13115, 15415, 12289, 13595, 14020, 14496, 11860, 33820, 9585, 15695, 9405, 11230, 10725, 16360, 10620, 15316, 8475, 15081, 13120, 11205, 39925, 12930, 9665, 12245, 15515, 11280, 11280, 14785, 13705, 12782, 11610, 13470, 14570, 12440, 15680, 13116, 12455, 11485, 13350, 12250, 12250, 10785, 11770, 9130, 14885, 14145, 12790, 13520, 12215, 14195, 13195, 14470, 13511, 11955, 13300, 15210, 13030, 12565, 11960, 14388, 10159, 10815, 14675, 11355, 11950, 12970, 13315, 11510, 11675, 11243, 11765, 15305, 13505, 12040, 8607, 11490, 14500, 13080, 9040, 11920, 12135, 12565, 13807, 14020, 13935, 13445, 12790, 48580, 11420, 14137, 13220, 23562, 11746, 13489, 10540, 53615, 13325, 11910, 11680, 12735, 9500, 14593, 11085, 18430, 14355, 14610, 12405, 15701, 12580, 10625, 13575, 13910, 13030, 19610, 11255, 14325, 15790, 12630, 12900, 12872, 11845, 11515, 15255, 13525, 13590, 14801, 13413, 10525, 11035, 13175, 13595, 14631, 14455, 12230, 20820, 14740, 11979, 12255, 15180, 12390, 11520, 12495, 12360, 12235, 13575, 10952, 11996, 14210, 59540, 15875, 13211, 11945, 13765, 15135, 12688, 11340, 13885, 21750, 14161, 13220, 11715, 50216, 9925, 12125, 13995, 13748, 50330, 53036, 17310, 15450, 14910, 14070, 13370, 14155, 12310, 57467, 13833, 12015, 11945, 15500, 79613, 12530, 13035, 53406, 15030, 16625, 42070, 60705, 47605, 9250, 61659, 16195, 13405, 13920, 10865, 15250, 11820, 15275, 66779, 73805, 11650, 12415, 14610, 10945, 14480, 47705, 19920, 57251, 14900, 13490, 12270, 13705, 13085, 12340, 28521, 8440, 12924, 12380, 14680, 12770, 14315, 13440, 12465, 14780, 14375, 13530, 16576, 11205, 9250, 134735, 15760, 13706, 52200, 14700, 15675, 13795, 38130, 13420, 9860, 11535, 11300, 63075, 12630, 15325, 41607, 11675, 15721, 35650, 50725, 50445, 11155, 12870, 28705, 133735, 11293, 12520, 12747, 14680, 13830, 13275, 11481, 51075, 53565, 15950, 37121, 80457, 13140, 72697, 36772, 206736, 13870, 12950, 12540, 13665, 116305, 12558, 12050, 16375, 15025, 13605, 90307, 83440, 12555, 12900, 11055, 14020, 15565, 155340, 11345, 41590, 11410, 310961, 179911, 170490, 10155, 13995, 120677, 12275, 10870, 10272, 13925, 13030, 46085, 7410, 15646, 36156, 39767, 124185, 14065, 12412, 14045, 14865, 13670, 87845, 12325, 13598, 45235, 173994, 14725, 105492, 14040, 12680, 136580, 13245, 11100, 14735, 15700, 11910, 142758, 36975, 93805, 13605, 12225, 13620, 235086, 12540, 14375, 12950, 205345, 13775, 77865, 184725, 12585, 150290, 144743, 236319, 14797, 11255, 13125, 12285, 27395, 214426, 10225, 152384, 14145, 52816, 15778, 92875, 161477, 107448, 104725, 117041, 10995, 13090, 56630, 158129, 93441, 49910, 12485, 15190, 62996, 150311, 14115, 358578, 14665, 51340, 253809, 49120, 13213, 11785, 171771, 12958, 12850, 60758, 189766, 258105, 50435, 211477, 168688, 11655, 92572, 12830, 20940, 11300, 186805, 98702, 45725, 
57413334, 1
57413334, 421
57413334, 1700
57413334, 43645363
57413334, 6599755
57413334, 57242
59032135, 5930
59032135, 1290, 1220, 1740, 1210, 1345, 1395, 1315, 1390, 1165, 1285, 1215, 1485, 1610, 1575, 1200, 955, 1275, 1185, 1871, 1850, 1495, 1480, 1290, 1250, 1195, 1325, 1155, 1705, 1140, 960, 1465, 1105, 1550, 1435, 1305, 1160, 1190, 1640, 1650, 1410, 1055, 1270, 1330, 1480, 1515, 1480, 1505, 1140, 1705, 1640, 1540, 1550, 1505, 1575, 1315, 1410, 1290, 1495, 1346, 1235, 1035, 1420, 1345, 1260, 1295, 1025, 1190, 1530, 1445, 1165, 1595, 1405, 1285, 1405, 1255, 1485, 1520, 1535, 2360, 1240, 1675, 1185, 1300, 1450, 1120, 1615, 1655, 1420, 1260, 1550, 1345, 1535, 1605, 1170, 1445, 1735, 1450, 1415, 1500, 1505, 1210, 3195, 1445, 1375, 1350, 1720, 1415, 1300, 1415, 1325, 1175, 1495, 1340, 1435, 1235, 1430, 1525, 1195, 1240, 1215, 1170, 1650, 1165, 870, 1395, 1410, 1520, 1547, 1620, 1755, 1310, 1515, 1187, 1965, 1500, 1360, 1290, 1650, 1255, 1240, 1820, 1345, 1335, 1845, 1245, 1800, 1430, 1225, 1345, 1525, 1155, 1400, 1575, 1480, 1700, 1370, 1240, 1420, 1355, 1160, 1585, 1290, 1585, 1420, 1270, 1275, 1465, 1030, 1545, 1565, 1755, 1435, 1545, 1475, 1285, 1310, 6130, 1280, 1715, 1460, 1640, 1595, 1285, 1010, 1760, 980, 6255, 3750, 1280, 1260, 1310, 1545, 1610, 1355, 1245, 1415, 1260, 1710, 3330, 1325, 1535, 1235, 1060, 1710, 1265, 1815, 4420, 1425, 1425, 1290, 1440, 2535, 1370, 3130, 1715, 1640, 6295, 1425, 1515, 1635, 1575, 1555, 1460, 1570, 1355, 1135, 1490, 1565, 5730, 1301, 1655, 1305, 1620, 1390, 1335, 1595, 1865, 1490, 1540, 4825, 1895, 2390, 1310, 1145, 1270, 5952, 1415, 1655, 1540, 1400, 1520, 1400, 1390, 1445, 1340, 1631, 1400, 1105, 1545, 1640, 1705, 5645, 13815, 4570, 1175, 1255, 2510, 3760, 1550, 1230, 1395, 4305, 1475, 1300, 6210, 1745, 2025, 1465, 1575, 1365, 1295, 1255, 6780, 1520, 1680, 1775, 5585, 1375, 1360, 1430, 1520, 6441, 1750, 10515, 925, 1520, 9735, 1500, 1966, 1425, 4795, 1645, 1760, 1365, 1150, 1660, 1300, 3835, 980, 2185, 8575, 9225, 4905, 1780, 1715, 1350, 1575, 1670, 1665, 13215, 1415, 1640, 5625, 1450, 1780, 5840, 1390, 1680, 870, 6390, 1645, 10455, 4220, 1655, 1435, 14505, 5550, 1520, 5880, 16650, 5400, 1535, 1530, 1340, 1455, 1395, 1275, 1425, 2420, 1115, 1290, 1725, 1625, 1400, 1450, 4005, 1340, 1225, 1205, 1310, 1550, 1730, 19645, 1490, 1835, 1475, 1580, 1305, 1160, 1275, 16655, 1235, 17320, 1460, 1420, 1305, 7050, 1595, 1235, 1650, 5010, 1605, 1475, 1365, 1705, 1570, 7175, 6310, 38196, 7321, 1550, 12015, 4240, 9535, 26366, 1320, 1545, 1390, 1155, 1185, 8296, 1635, 1400, 19955, 10700, 25401, 18320, 1275, 7365, 1545, 18780, 13110, 11450, 1265, 3735, 1365, 15810, 23000, 28205, 6677, 11210, 8070, 1505, 5980, 8630, 1330, 1520, 1380, 1750, 6230, 9295, 1600, 5550, 1510, 1315, 8410, 1700, 17549, 16495, 16120, 19705, 18455, 5770, 1500, 12837, 1480, 10805, 5415, 21745, 1530, 22670, 1735, 1465, 1230, 33720, 1355, 1275, 17485, 1795, 23075, 16706, 1290, 1345, 21175, 19765, 27880, 16905, 1285, 15154, 1306, 
59032135, 1
59032135, 447
59032135, 1699
59032135, 28020565
59032135, 9213117
59032135, 57843
59032136, 1
59032136, 
59032136, 1
59032136, 5943103
59032136, 17829634
59032136, 10528
59032136, 3210
59032136, 57842
67241951, 98819
67241951, 5120, 6560, 7385, 5925, 6816, 7645, 7550, 6465, 6485, 5110, 7736, 7190, 6475, 5790, 7565, 8545, 6531, 7915, 7730, 7310, 8050, 7720, 4655, 6795, 6845, 6280, 7550, 6640, 6980, 6710, 6825, 7875, 6955, 6105, 6816, 6370, 7480, 6490, 6430, 6800, 5996, 7550, 6500, 8770, 7335, 7385, 6795, 7370, 7810, 8780, 7731, 7200, 7560, 7850, 7005, 6775, 6565, 6505, 6530, 6850, 6115, 6060, 7325, 7201, 6810, 5905, 7252, 6195, 6480, 8830, 6770, 6875, 7470, 5870, 7045, 7775, 6215, 6945, 6255, 5940, 7510, 7975, 7145, 5350, 7930, 7485, 6230, 8360, 9925, 7075, 6755, 7435, 9405, 7330, 6045, 7130, 5995, 7265, 6725, 6315, 7820, 10705, 8000, 6900, 7520, 7490, 6925, 7175, 5935, 7525, 12395, 8530, 6355, 5890, 7135, 6715, 7190, 7205, 7330, 7445, 5935, 8190, 8310, 6450, 7205, 7165, 7230, 10505, 8970, 6980, 6870, 8265, 8495, 6830, 6150, 8120, 7620, 8125, 7180, 20197, 8255, 6210, 5825, 6815, 8605, 6655, 6450, 8670, 7915, 6255, 7185, 8345, 8300, 7090, 8215, 7725, 7907, 7275, 8025, 6620, 6725, 7925, 7690, 5923, 6935, 21501, 6090, 7650, 6895, 6795, 6047, 8175, 8015, 10095, 7630, 6076, 6116, 5923, 7135, 7415, 7010, 7600, 8216, 7540, 11620, 8095, 20845, 7300, 7220, 6040, 8453, 7541, 7475, 5685, 5641, 6470, 7440, 23586, 7085, 6499, 8483, 86350, 6785, 8025, 38605, 4495, 54317, 6965, 24105, 6760, 8290, 29230, 6425, 6545, 7450, 6735, 26842, 8485, 8015, 6620, 6745, 9370, 7705, 7180, 9035, 7660, 42965, 22600, 6070, 27556, 8255, 20160, 6640, 24822, 12135, 7715, 13280, 7875, 5831, 7430, 5670, 7705, 33687, 36975, 6225, 7770, 7491, 7865, 7500, 7995, 6685, 5200, 7635, 8862, 7850, 7730, 6915, 6410, 8595, 6995, 7510, 7885, 29630, 7988, 5725, 6250, 6470, 6570, 9165, 6800, 7490, 6710, 7850, 5735, 7830, 6904, 7645, 8116, 7065, 7455, 7240, 6140, 7795, 5845, 6560, 30025, 9270, 9490, 8185, 6670, 6510, 7615, 6768, 7965, 8670, 5935, 6165, 7315, 5955, 7460, 7485, 8340, 8721, 21858, 7540, 7320, 7590, 6495, 7950, 6520, 7090, 26675, 7491, 6655, 7085, 6440, 85860, 8110, 7420, 6315, 140620, 7684, 8825, 7505, 8090, 8220, 8750, 7375, 7096, 5920, 7112, 55825, 9425, 6610, 18020, 32746, 28920, 8780, 7775, 12980, 6085, 6695, 66697, 7035, 6395, 7160, 8165, 56861, 7515, 7090, 7190, 7015, 7580, 8020, 7210, 30723, 59856, 6535, 7410, 44165, 6957, 84187, 7030, 55460, 7075, 5950, 6096, 7295, 8520, 29645, 83201, 31545, 27232, 5370, 7720, 7780, 30970, 6600, 102454, 54960, 9030, 6720, 6885, 6430, 7575, 7060, 117335, 30650, 91539, 46525, 29745, 50265, 6870, 6220, 8265, 7420, 7565, 19580, 6010, 97665, 8070, 7105, 44685, 91714, 20105, 8170, 114865, 8520, 77285, 6650, 136570, 31906, 69256, 7510, 6095, 41617, 6235, 95091, 27656, 22060, 8500, 6890, 7325, 42283, 48660, 132476, 58430, 6880, 31410, 190622, 45501, 7670, 111235, 100796, 131445, 28850, 98755, 7383, 6685, 6710, 7970, 7505, 7240, 7065, 5090, 93045, 109035, 8189, 22910, 80246, 6260, 58525, 84140, 5510, 6936, 30350, 90185, 6940, 7330, 24980, 71555, 92215, 109215, 86950, 173891, 7885, 34310, 37765, 33480, 32695, 22135, 5815, 
67241951, 2
67241951, 438
67241951, 1763
67241951, 30721266
67241951, 11721895
67241951, 58696
67244340, 159
67244340, 5, 5, 5, 5, 5, 5, 5, 5, 5, 5, 5, 5, 5, 10, 5, 5, 5, 5, 5, 5, 5, 5, 5, 5, 5, 5, 10, 5, 10, 5, 5, 5, 5, 5, 5, 10, 5, 5, 15, 5, 10, 5, 5, 10, 5, 5, 15, 5, 10, 5, 5, 5, 5, 5, 5, 5, 5, 10, 10, 10, 5, 5, 5, 5, 10, 10, 5, 5, 5, 5, 5, 30, 5, 5, 5, 25, 5, 10, 5, 35, 5, 10, 10, 5, 5, 5, 5, 10, 5, 20, 5, 15, 5, 5, 5, 5, 10, 5, 5, 5, 10, 5, 5, 5, 5, 10, 5, 5, 5, 15, 20, 5, 10, 5, 5, 5, 15, 10, 10, 20, 10, 55, 10, 35, 35, 5, 5, 5, 10, 10, 5, 5, 5, 10, 5, 10, 10, 5, 5, 5, 10, 25, 5, 45, 15, 15, 5, 10, 5, 20, 25, 10, 10, 5, 20, 40, 30, 55, 5, 10, 10, 5, 5, 10, 30, 15, 5, 20, 25, 5, 5, 5, 5, 5, 50, 35, 30, 50, 15, 10, 20, 5, 30, 15, 5, 5, 20, 20, 5, 10, 10, 15, 30, 20, 5, 20, 30, 20, 20, 5, 25, 20, 10, 10, 25, 
67244340, 10
67244340, 320845
67244340, 386073
67244340, 446
67244340, 88
67244340, 58696
67244341, 1
67244341, 
67244341, 8
67244341, 65164035
67244341, 122267801
67244341, 724
67244341, 203
67244341, 58696
67244342, 1
67244342, 
67244342, 2
67244342, 10177165
67244342, 119986204
67244342, 11713
67244342, 2812
67244342, 58695
67247157, 9
67247157, 5, 5, 5, 5, 5, 5, 5, 5, 5, 5, 5, 5, 5, 5, 10, 5, 5, 5, 5, 5, 5, 5, 5, 10, 5, 5, 5, 5, 5, 5, 10, 5, 5, 5, 5, 5, 5, 5, 5, 5, 10, 5, 5, 5, 5, 5, 10, 5, 5, 5, 5, 5, 5, 10, 5, 5, 5, 5, 5, 5, 5, 10, 5, 5, 10, 5, 5, 5, 5, 10, 10, 5, 5, 10, 5, 5, 5, 25, 5, 5, 40, 5, 5, 10, 15, 10, 10, 5, 5, 5, 15, 10, 5, 5, 10, 5, 5, 5, 10, 5, 5, 15, 5, 5, 15, 5, 30, 5, 5, 25, 5, 30, 10, 5, 5, 25, 5, 10, 5, 10, 5, 5, 5, 35, 10, 30, 20, 20, 5, 5, 20, 5, 65, 20, 35, 30, 10, 15, 10, 5, 25, 5, 20, 30, 45, 10, 5, 40, 10, 5, 15, 10, 35, 5, 5, 10, 10, 5, 5, 10, 20, 5, 10, 5, 20, 155, 15, 35, 10, 35, 25, 10, 15, 5, 5, 45, 15, 216, 30, 25, 20, 15, 30, 10, 161, 5, 5, 15, 299, 
67247157, 7
67247157, 94683
67247157, 140693
67247157, 13001
67247157, 4351
67247157, 58694
67308284, 4597
67308284, 15, 5, 25, 15, 50, 25, 25, 20, 25, 25, 35, 40, 55, 20, 35, 20, 25, 25, 20, 25, 25, 35, 25, 25, 25, 25, 5, 40, 40, 35, 45, 20, 35, 35, 40, 55, 15, 30, 30, 40, 45, 45, 35, 85, 25, 10, 55, 60, 30, 35, 55, 15, 75, 10, 25, 30, 45, 15, 35, 40, 55, 40, 25, 30, 30, 25, 30, 25, 30, 30, 40, 50, 25, 60, 25, 35, 20, 50, 25, 40, 40, 30, 40, 25, 35, 55, 75, 15, 25, 30, 45, 30, 50, 15, 15, 40, 70, 15, 50, 25, 60, 45, 45, 15, 20, 40, 55, 45, 65, 25, 30, 25, 35, 35, 30, 45, 30, 55, 20, 30, 15, 20, 30, 25, 25, 40, 45, 65, 95, 65, 45, 35, 30, 45, 35, 25, 55, 50, 45, 35, 25, 45, 40, 65, 30, 60, 30, 50, 30, 20, 40, 60, 75, 45, 45, 45, 30, 55, 35, 30, 30, 40, 50, 25, 30, 20, 40, 50, 55, 35, 55, 30, 45, 35, 55, 35, 65, 30, 20, 50, 35, 10, 40, 30, 40, 45, 60, 55, 50, 150, 25, 25, 35, 25, 35, 40, 30, 55, 45, 40, 45, 20, 35, 70, 60, 30, 35, 40, 15, 65, 55, 30, 35, 55, 40, 45, 35, 55, 45, 30, 60, 25, 70, 35, 50, 25, 75, 35, 35, 50, 60, 25, 60, 35, 55, 50, 55, 60, 30, 25, 45, 50, 35, 50, 60, 260, 50, 65, 45, 35, 45, 40, 30, 50, 30, 60, 35, 20, 75, 50, 50, 40, 15, 20, 45, 40, 40, 40, 225, 40, 250, 60, 35, 25, 45, 65, 35, 20, 10, 30, 40, 45, 25, 75, 30, 50, 75, 250, 470, 120, 30, 20, 45, 50, 40, 65, 25, 40, 155, 35, 40, 25, 50, 45, 40, 15, 45, 55, 50, 45, 30, 30, 215, 40, 120, 30, 55, 40, 255, 65, 435, 260, 35, 260, 40, 45, 25, 25, 35, 190, 40, 50, 30, 285, 35, 290, 30, 65, 30, 50, 60, 35, 45, 45, 55, 30, 50, 160, 65, 25, 45, 30, 75, 105, 30, 250, 35, 35, 40, 230, 40, 45, 70, 85, 50, 225, 20, 30, 250, 135, 255, 45, 185, 40, 40, 90, 400, 50, 50, 75, 40, 445, 20, 55, 40, 50, 55, 65, 50, 615, 55, 280, 45, 490, 75, 70, 460, 40, 25, 45, 50, 100, 55, 40, 55, 135, 55, 235, 305, 570, 50, 305, 30, 30, 340, 20, 60, 575, 15, 510, 30, 55, 45, 60, 420, 40, 30, 465, 45, 385, 225, 490, 40, 45, 30, 40, 45, 395, 60, 65, 235, 585, 90, 50, 230, 45, 285, 395, 40, 30, 30, 610, 55, 900, 215, 25, 170, 220, 235, 215, 40, 4787, 170, 765, 4258, 820, 820, 390, 310, 595, 75, 35, 5093, 425, 355, 3062, 
67308284, 1
67308284, 5555
67308284, 17239
67308284, 251839
67308284, 50476
67308284, 58662
67308285, 1
67308285, 
67308285, 2
67308285, 13707635
67308285, 123338653
67308285, 5232
67308285, 1446
67308285, 58659
67308286, 1
67308286, 
67308286, 1
67308286, 18791594
67308286, 212952044
67308286, 8353769
67308286, 3024517
67308286, 56316
67487545, 12847
67487545, 10, 35, 75, 90, 55, 85, 30, 105, 100, 95, 100, 60, 90, 60, 50, 90, 65, 85, 85, 85, 70, 50, 95, 75, 80, 65, 105, 75, 110, 75, 80, 70, 70, 80, 85, 40, 105, 75, 75, 100, 80, 70, 70, 75, 95, 70, 65, 45, 240, 45, 115, 80, 90, 55, 130, 70, 50, 175, 105, 100, 65, 85, 160, 30, 70, 80, 80, 120, 80, 55, 110, 30, 80, 125, 100, 70, 50, 30, 65, 125, 65, 100, 95, 75, 60, 100, 60, 80, 105, 65, 80, 100, 120, 95, 95, 105, 50, 135, 95, 85, 130, 95, 105, 75, 80, 95, 70, 105, 120, 110, 110, 105, 60, 80, 140, 70, 125, 100, 75, 80, 90, 85, 55, 95, 100, 120, 90, 190, 135, 75, 135, 25, 100, 110, 115, 195, 65, 120, 75, 120, 85, 105, 110, 105, 85, 95, 100, 125, 70, 120, 85, 160, 95, 135, 110, 105, 185, 100, 140, 100, 110, 105, 95, 95, 115, 170, 80, 120, 105, 65, 55, 110, 65, 145, 85, 135, 85, 125, 105, 70, 150, 95, 90, 95, 105, 125, 110, 75, 105, 45, 125, 120, 75, 100, 115, 125, 80, 115, 95, 100, 90, 130, 60, 105, 90, 120, 90, 85, 590, 135, 105, 105, 115, 90, 140, 115, 95, 160, 105, 135, 100, 110, 80, 105, 155, 95, 95, 90, 70, 95, 70, 120, 115, 120, 135, 110, 160, 140, 140, 105, 100, 45, 80, 145, 140, 75, 105, 95, 480, 165, 90, 95, 130, 115, 90, 150, 470, 100, 100, 145, 95, 155, 85, 105, 110, 135, 930, 140, 90, 70, 105, 135, 330, 140, 160, 95, 135, 115, 95, 85, 120, 145, 75, 135, 95, 40, 925, 49, 120, 550, 85, 100, 75, 95, 80, 130, 105, 35, 120, 110, 95, 380, 150, 80, 100, 140, 165, 165, 110, 125, 105, 985, 110, 135, 100, 75, 115, 115, 85, 110, 40, 80, 61, 125, 90, 145, 75, 100, 30, 360, 540, 100, 85, 495, 375, 120, 90, 80, 115, 85, 1030, 605, 95, 500, 210, 85, 95, 105, 165, 150, 190, 685, 140, 530, 90, 75, 870, 75, 640, 90, 115, 130, 95, 105, 110, 670, 125, 90, 135, 110, 1045, 90, 1350, 185, 85, 120, 100, 1020, 120, 60, 85, 495, 1605, 80, 125, 90, 110, 110, 70, 100, 155, 125, 60, 1210, 105, 390, 70, 190, 480, 80, 120, 950, 95, 110, 80, 105, 40, 115, 165, 95, 90, 60, 1990, 85, 175, 615, 1610, 105, 135, 1590, 445, 595, 75, 455, 100, 850, 660, 90, 85, 875, 105, 125, 140, 1685, 540, 335, 125, 1445, 125, 530, 135, 485, 1955, 490, 1175, 75, 11466, 580, 525, 95, 65, 12016, 45, 1210, 660, 90, 910, 115, 11988, 150, 120, 135, 570, 355, 6406, 100, 595, 10879, 70, 1495, 2030, 160, 75, 100, 9794, 12243, 880, 90, 800, 75, 
67487545, 8
67487545, 5441
67487545, 8761
67487545, 26810965
67487545, 7348905
67487545, 51162
67525262, 2858
67525262, 5, 5, 5, 10, 10, 5, 10, 10, 5, 5, 10, 5, 15, 5, 15, 10, 20, 5, 10, 10, 5, 5, 10, 10, 10, 10, 10, 20, 10, 15, 35, 20, 15, 10, 20, 20, 10, 5, 10, 10, 10, 20, 10, 25, 10, 20, 5, 25, 15, 10, 10, 10, 5, 20, 25, 5, 20, 30, 25, 10, 15, 10, 30, 10, 25, 30, 10, 15, 15, 10, 10, 25, 10, 20, 15, 25, 5, 25, 10, 10, 15, 15, 20, 15, 10, 10, 25, 45, 15, 25, 30, 30, 15, 20, 15, 30, 10, 15, 10, 15, 20, 10, 15, 5, 15, 25, 15, 10, 15, 5, 75, 10, 20, 10, 5, 25, 15, 20, 30, 10, 15, 15, 15, 25, 10, 20, 30, 15, 10, 30, 10, 10, 15, 20, 15, 20, 5, 10, 25, 25, 25, 15, 35, 10, 10, 20, 10, 45, 15, 5, 30, 15, 30, 25, 90, 10, 10, 15, 15, 35, 20, 20, 15, 30, 20, 30, 15, 15, 10, 10, 15, 10, 15, 15, 25, 30, 5, 35, 20, 40, 30, 15, 40, 15, 40, 15, 15, 20, 15, 25, 15, 30, 25, 35, 20, 30, 20, 35, 15, 35, 25, 10, 5, 30, 5, 15, 75, 15, 15, 35, 25, 20, 10, 5, 35, 15, 25, 5, 45, 15, 40, 25, 10, 30, 25, 10, 20, 25, 35, 15, 10, 20, 10, 35, 45, 25, 20, 25, 30, 10, 15, 10, 25, 30, 35, 25, 30, 40, 10, 45, 25, 20, 40, 25, 30, 40, 45, 20, 25, 20, 35, 30, 15, 25, 5, 125, 30, 20, 15, 25, 25, 20, 40, 115, 25, 20, 20, 30, 15, 35, 20, 15, 20, 5, 40, 15, 5, 10, 10, 95, 5, 35, 25, 15, 25, 10, 20, 10, 30, 35, 15, 25, 30, 20, 40, 25, 55, 90, 140, 35, 35, 25, 30, 20, 15, 35, 20, 35, 10, 25, 30, 45, 20, 15, 95, 20, 25, 20, 10, 25, 20, 95, 15, 15, 30, 25, 20, 85, 25, 75, 145, 50, 45, 10, 25, 165, 65, 50, 25, 35, 10, 100, 40, 20, 15, 40, 20, 15, 120, 25, 25, 30, 115, 20, 25, 20, 30, 35, 180, 20, 40, 40, 95, 20, 30, 15, 155, 75, 20, 20, 35, 10, 15, 90, 90, 30, 15, 20, 5, 25, 20, 100, 15, 95, 40, 55, 75, 40, 30, 40, 30, 20, 15, 35, 35, 20, 255, 30, 20, 150, 5, 170, 110, 320, 10, 10, 30, 160, 30, 45, 15, 510, 40, 45, 1035, 260, 35, 35, 320, 30, 20, 2450, 170, 110, 165, 365, 85, 195, 45, 370, 205, 285, 15, 30, 135, 25, 250, 2626, 2556, 320, 15, 295, 80, 120, 40, 40, 2421, 320, 2016, 2390, 45, 2455, 
67525262, 1
67525262, 3973
67525262, 11710
67525262, 44212
67525262, 13130
67525262, 51154
69476801, 130195
69476801, 955, 645, 520, 535, 1345, 1155, 515, 840, 1025, 275, 950, 910, 1060, 1225, 1010, 330, 1080, 490, 1020, 830, 875, 1085, 1195, 851, 825, 1210, 680, 1001, 885, 255, 855, 1105, 905, 310, 860, 840, 390, 1040, 410, 855, 915, 1100, 1525, 845, 785, 1140, 915, 1475, 1360, 1025, 1000, 795, 710, 445, 1025, 1045, 1115, 1330, 1435, 1185, 1370, 1065, 1400, 955, 865, 830, 1265, 805, 510, 1245, 855, 910, 905, 830, 795, 1030, 1380, 1140, 875, 1430, 1010, 985, 315, 1055, 940, 810, 710, 920, 915, 1070, 800, 980, 1315, 920, 870, 825, 1035, 1080, 1200, 1075, 1350, 895, 745, 1055, 1300, 1220, 930, 1360, 985, 1620, 1365, 1070, 255, 975, 955, 1140, 710, 1270, 1175, 960, 960, 545, 850, 965, 810, 1520, 1255, 1095, 2270, 1040, 1285, 1125, 1070, 680, 860, 1600, 1245, 835, 1880, 1320, 1190, 945, 1185, 1350, 1345, 565, 871, 1375, 1150, 1090, 1140, 755, 1100, 1175, 970, 1410, 1035, 980, 880, 1105, 1230, 1165, 1570, 1070, 1005, 1005, 1380, 1375, 1095, 1085, 645, 1150, 1080, 1100, 930, 1375, 1155, 1125, 1330, 1790, 1430, 940, 930, 1150, 1040, 1850, 925, 825, 1285, 980, 4240, 1100, 1110, 1125, 1490, 1125, 1112, 1560, 910, 980, 990, 815, 1170, 1375, 1840, 1200, 1070, 805, 820, 980, 1110, 1360, 835, 1615, 650, 1075, 1390, 1145, 1160, 1460, 1185, 1190, 700, 1290, 1300, 750, 1110, 690, 1235, 1055, 1355, 1565, 1170, 1455, 790, 675, 855, 1175, 1080, 955, 825, 1105, 1335, 1285, 1145, 1265, 780, 1305, 530, 1240, 2095, 1115, 1345, 845, 1235, 1085, 280, 925, 1055, 1500, 945, 945, 950, 1200, 2095, 990, 920, 1130, 645, 1365, 1455, 980, 1165, 1500, 1290, 2475, 805, 700, 1095, 840, 965, 1085, 1050, 725, 1060, 965, 890, 895, 1500, 1070, 880, 1285, 815, 1290, 890, 1005, 1005, 1445, 1330, 1010, 1035, 1960, 1240, 1675, 1345, 1300, 6155, 1135, 1035, 1020, 910, 920, 1055, 1265, 6950, 1220, 770, 835, 1191, 1940, 1085, 1405, 770, 1100, 1700, 830, 855, 1255, 525, 1716, 960, 5490, 1055, 1070, 1260, 905, 1230, 1155, 7550, 1610, 925, 865, 965, 8135, 1160, 940, 1130, 6015, 1020, 980, 1095, 1450, 1110, 835, 1080, 1165, 330, 1255, 1435, 2430, 5525, 5460, 1325, 790, 1125, 7280, 1195, 895, 820, 1105, 920, 855, 820, 1285, 1900, 4310, 5880, 1045, 1530, 1435, 995, 5025, 885, 5325, 4390, 5680, 1455, 1520, 865, 4975, 1715, 1095, 22305, 1340, 815, 1075, 975, 895, 945, 10580, 15685, 1170, 915, 1085, 825, 15510, 505, 980, 10180, 1210, 1260, 5385, 5280, 17930, 4340, 1120, 4990, 10270, 2965, 9370, 1140, 1315, 1010, 6350, 5240, 6450, 1125, 1815, 1690, 1635, 1405, 1335, 1005, 1340, 1035, 3730, 860, 940, 891, 1020, 5653, 1035, 9905, 1666, 16315, 16295, 5935, 1330, 5610, 9160, 2290, 1445, 14250, 9885, 960, 17080, 17845, 930, 1020, 1405, 6465, 97928, 785, 14230, 1195, 1405, 109730, 6350, 9505, 1110, 38249, 940, 117545, 1400, 122842, 126818, 825, 85895, 120030, 108137, 5105, 10453, 
69476801, 1
69476801, 583
69476801, 2645
69476801, 4609187
69476801, 1080236
69476801, 50402
69476802, 1
69476802, 
69476802, 1
69476802, 5907029
69476802, 82693344
69476802, 466428
69476802, 129829
69476802, 50333
76658441, 422814
76658441, 1085, 1085, 3635, 3100, 3200, 4225, 3485, 3454, 3860, 4500, 3750, 4355, 4375, 3900, 3878, 1915, 4555, 3825, 1790, 4435, 3800, 3745, 3335, 3566, 1900, 3605, 1230, 3130, 3686, 2025, 5640, 3020, 4175, 3160, 3745, 5570, 3370, 4380, 3545, 4185, 4335, 4115, 4335, 4480, 4270, 4890, 5315, 3040, 4596, 4700, 3720, 4675, 5305, 4140, 1835, 4095, 3870, 2365, 3630, 3280, 5135, 3840, 2060, 3255, 6540, 4845, 4400, 3765, 1115, 5285, 5595, 4355, 3990, 3525, 4150, 4680, 4030, 5730, 3550, 2660, 4300, 2282, 3425, 1370, 3755, 3620, 4265, 5550, 4135, 4090, 3975, 3700, 4290, 4576, 3690, 3645, 3480, 4860, 3415, 3785, 3505, 4670, 4820, 4935, 4530, 4080, 3280, 5465, 3555, 4110, 3480, 4905, 4414, 3190, 4060, 3425, 5030, 5400, 3325, 4710, 4819, 3615, 5860, 1255, 4130, 5530, 3685, 4155, 4085, 4005, 4470, 4680, 2965, 5095, 4105, 5915, 6840, 4100, 3440, 4610, 3645, 3555, 4220, 5200, 3235, 5508, 4310, 1420, 4910, 2490, 5506, 2240, 2095, 5165, 4135, 5235, 4845, 3425, 4760, 4215, 4810, 5450, 5240, 3505, 4555, 6150, 5450, 4750, 4210, 3425, 6685, 5070, 1775, 5080, 3625, 4900, 3665, 4515, 4425, 3845, 4665, 17635, 3650, 3035, 5260, 3871, 4045, 2915, 6070, 3725, 3191, 5771, 5265, 2755, 3165, 4126, 2755, 8010, 4450, 23650, 3875, 3935, 5941, 3785, 3220, 3940, 7495, 21305, 5490, 5970, 2630, 4490, 4135, 4590, 4515, 6005, 25750, 5750, 5490, 4900, 5385, 4070, 4290, 3390, 3995, 3505, 3025, 3530, 7880, 4750, 4127, 6605, 9965, 3920, 5360, 4165, 4565, 3835, 2955, 4255, 2940, 5820, 4710, 3635, 5085, 1966, 6135, 3575, 4330, 19605, 3835, 3855, 4395, 15730, 22110, 4195, 4685, 4415, 5070, 3950, 6600, 3680, 10530, 1985, 4420, 4825, 6530, 3345, 6350, 4590, 4051, 3820, 3700, 7840, 2850, 4535, 3710, 5495, 4795, 5745, 3245, 4875, 4740, 3435, 6195, 4085, 3720, 4525, 3710, 4490, 4065, 4395, 4445, 3670, 3565, 2985, 4155, 3605, 26305, 3975, 2126, 1415, 4535, 4165, 4605, 5530, 5315, 4185, 3025, 3895, 4705, 4005, 4925, 4175, 22140, 5465, 5060, 6065, 5295, 4775, 4725, 3755, 4677, 5400, 23924, 6095, 5245, 12745, 5695, 4375, 5400, 4590, 3510, 4445, 4850, 26661, 3446, 4890, 5500, 3310, 64295, 5196, 4455, 8405, 23460, 4475, 3960, 3180, 4980, 7100, 21545, 4105, 21920, 4680, 43131, 20605, 3480, 4180, 4185, 23821, 4980, 3490, 4855, 5025, 4575, 3750, 4565, 24715, 5055, 5475, 5340, 3580, 4520, 5495, 43235, 8485, 6180, 3790, 3015, 32876, 3945, 4385, 4150, 3715, 9470, 5650, 7140, 20948, 3781, 5230, 3620, 3410, 3960, 4015, 5250, 4220, 5205, 6355, 3390, 20275, 3780, 4300, 3600, 6975, 4010, 39055, 2790, 24035, 3960, 46100, 17460, 5900, 6827, 3635, 4360, 21865, 5455, 4280, 37955, 4855, 4190, 4505, 4355, 4995, 3810, 5375, 4954, 5605, 21075, 70890, 201235, 3360, 64270, 57610, 5135, 4780, 8359, 41115, 21070, 4280, 3775, 4305, 4460, 30115, 304176, 77386, 6625, 4611, 4105, 3220, 37995, 28465, 17410, 5070, 23600, 242368, 4030, 6771, 32620, 4080, 374188, 70581, 21955, 5765, 7005, 86755, 64745, 43560, 36635, 304206, 16670, 5480, 8360, 26545, 374207, 4145, 338967, 4110, 3725, 62690, 358642, 319569, 5990, 335232, 
76658441, 1
76658441, 408
76658441, 2144
76658441, 7795015
76658441, 2434324
76658441, 48375
90090840, 449476
90090840, 3025, 3666, 4270, 6690, 7425, 8705, 4215, 8300, 6965, 2635, 10565, 9397, 7510, 8060, 9290, 6985, 9930, 9720, 8955, 8355, 6675, 7870, 8115, 6645, 8640, 8675, 12945, 10930, 8385, 8280, 9075, 8520, 7855, 7780, 8570, 5820, 7421, 11790, 8255, 7695, 7790, 7290, 9075, 6676, 9685, 8310, 8160, 6475, 9915, 7500, 12485, 8910, 9495, 7040, 8055, 7440, 8480, 7471, 10229, 8262, 8252, 10710, 10950, 12240, 9120, 9100, 11550, 10190, 8135, 8730, 9340, 11600, 8515, 6835, 8945, 9665, 10805, 12955, 6985, 9545, 13237, 7925, 9295, 10065, 2960, 2550, 10365, 8160, 10015, 7835, 9465, 7995, 9570, 9225, 10190, 4665, 9040, 10230, 8005, 11345, 8210, 11865, 9775, 8870, 8330, 9340, 11815, 10411, 8265, 7835, 6785, 7675, 7355, 9545, 8220, 11880, 4690, 10550, 7855, 14475, 11435, 9265, 10700, 10893, 11045, 9125, 9915, 8395, 5385, 5825, 8125, 9265, 10930, 8595, 12065, 4736, 9110, 8600, 8265, 11375, 9650, 19945, 10835, 7155, 4780, 8690, 18320, 4210, 9565, 9420, 8410, 8210, 7530, 7885, 7720, 10750, 9925, 8169, 7531, 9820, 16290, 9105, 8810, 7545, 9307, 8665, 8460, 17010, 7545, 9230, 10780, 2955, 9025, 11870, 6670, 8400, 10150, 3620, 9975, 7970, 7730, 8055, 11654, 11095, 10870, 9940, 2650, 7935, 8700, 8880, 11840, 7660, 8730, 8437, 11855, 6700, 9366, 6550, 9260, 9615, 7395, 8804, 7625, 12082, 16205, 12060, 13795, 9475, 9400, 7895, 10290, 10650, 9335, 7350, 8505, 9860, 6910, 7915, 9075, 9365, 13030, 9820, 11341, 8761, 8000, 9695, 9620, 4576, 9710, 7690, 8695, 7190, 8915, 13815, 11155, 9935, 8175, 8515, 9575, 10490, 12390, 8745, 7950, 9882, 2885, 8300, 8775, 9575, 9430, 8345, 10190, 10240, 5500, 9630, 11715, 9140, 47006, 8785, 10895, 10012, 12731, 8535, 5950, 12025, 7841, 7400, 13225, 10520, 8150, 10465, 9295, 22545, 10245, 9740, 48032, 9816, 18095, 15800, 4760, 8670, 45916, 8085, 12390, 13015, 10900, 10835, 12465, 6610, 95785, 9381, 11641, 16165, 7995, 7255, 11224, 12050, 12880, 7515, 8985, 7860, 8865, 10655, 48000, 10780, 7705, 5300, 8475, 39930, 9280, 44230, 10550, 10425, 12270, 8615, 12300, 8465, 11610, 84370, 38910, 6620, 74175, 58145, 7665, 12259, 10865, 11095, 8185, 12995, 9703, 11545, 10150, 8100, 11370, 8615, 8425, 14125, 12440, 8500, 9310, 9940, 29165, 43560, 6785, 10740, 9105, 47585, 62180, 59881, 7685, 8700, 12135, 7365, 17225, 56930, 10300, 10115, 9245, 12425, 10815, 96965, 7942, 10950, 8685, 82130, 14735, 12100, 8305, 6600, 11145, 7435, 129120, 48230, 7635, 64730, 7800, 10570, 17003, 7695, 11130, 10430, 11020, 8610, 10900, 55292, 8280, 10925, 11687, 103559, 11415, 20560, 9400, 11110, 8825, 11385, 46750, 39425, 9035, 58075, 60125, 7939, 9615, 142045, 10025, 7755, 13096, 8345, 16915, 23005, 4170, 8925, 15595, 11330, 7520, 11560, 196065, 5410, 54925, 10875, 51955, 7031, 12565, 7195, 11330, 6965, 13685, 49455, 47595, 11505, 48490, 9640, 14505, 7875, 9660, 8370, 8095, 96510, 8500, 8997, 9085, 145180, 88995, 9210, 37035, 9525, 7710, 8445, 13045, 12210, 8515, 47470, 49880, 9530, 52915, 158725, 52922, 7810, 6295, 14220, 164460, 53630, 9070, 10010, 90990, 575283, 8586, 579052, 346066, 676405, 143115, 453018, 78303, 11840, 539185, 12685, 11400, 210326, 9990, 150345, 89075, 34140, 285034, 10150, 506596, 458956, 526091, 
90090840, 3
90090840, 422
90090840, 2321
90090840, 2014687
90090840, 340714
90090840, 47859
90090841, 1
90090841, 
90090841, 2
90090841, 20955571
90090841, 20957217
90090841, 14552
90090841, 3742
90090841, 47859
90090842, 1
90090842, 
90090842, 3
90090842, 48387633
90090842, 48389050
90090842, 5256
90090842, 1482
90090842, 47858
90090843, 1
90090843, 
90090843, 3
90090843, 71477897
90090843, 71479127
90090843, 697
90090843, 212
90090843, 47858
90090844, 1
90090844, 
90090844, 1
90090844, 60325756
90090844, 90499047
90090844, 21573
90090844, 3760
90090844, 47856
90099271, 410
90099271, 5, 5, 5, 5, 5, 5, 5, 5, 10, 5, 5, 5, 5, 5, 5, 5, 5, 5, 5, 5, 5, 5, 5, 5, 5, 5, 5, 5, 5, 5, 10, 5, 5, 5, 5, 5, 5, 5, 5, 5, 5, 10, 10, 10, 5, 5, 10, 5, 10, 5, 10, 5, 5, 10, 5, 5, 5, 5, 5, 5, 10, 15, 10, 5, 5, 5, 5, 5, 10, 5, 15, 5, 5, 5, 10, 5, 5, 5, 5, 5, 5, 5, 10, 5, 5, 5, 15, 10, 5, 5, 5, 10, 5, 5, 5, 5, 10, 5, 5, 10, 10, 5, 5, 5, 5, 10, 5, 5, 5, 10, 15, 5, 5, 5, 5, 5, 10, 5, 10, 5, 25, 5, 10, 5, 10, 40, 5, 15, 5, 5, 5, 10, 15, 5, 15, 10, 5, 10, 10, 5, 10, 20, 10, 35, 20, 5, 10, 10, 5, 15, 5, 25, 5, 20, 5, 5, 5, 5, 5, 10, 5, 5, 20, 15, 10, 5, 5, 15, 10, 5, 15, 5, 5, 10, 5, 5, 15, 5, 5, 5, 20, 10, 10, 15, 10, 5, 5, 5, 35, 10, 5, 10, 5, 5, 20, 10, 45, 15, 5, 15, 10, 15, 15, 10, 55, 5, 95, 45, 5, 45, 20, 30, 10, 5, 15, 5, 10, 10, 30, 15, 60, 5, 5, 10, 30, 35, 10, 75, 30, 5, 95, 170, 5, 10, 15, 10, 70, 15, 5, 30, 25, 15, 5, 10, 10, 5, 60, 15, 35, 5, 5, 35, 10, 15, 15, 5, 30, 20, 30, 15, 5, 15, 5, 10, 15, 5, 40, 70, 5, 20, 50, 15, 290, 35, 245, 5, 5, 30, 15, 40, 115, 45, 25, 5, 35, 5, 35, 35, 5, 10, 20, 5, 235, 5, 55, 75, 5, 15, 60, 10, 5, 25, 215, 10, 5, 30, 235, 549, 185, 30, 378, 5, 542, 75, 5, 10, 448, 190, 215, 5, 
90099271, 1
90099271, 50290
90099271, 82158
90099271, 23208
90099271, 5644
90099271, 47853
90099563, 37
90099563, 5, 5, 5, 5, 5, 5, 5, 5, 5, 5, 5, 5, 5, 5, 5, 5, 5, 5, 5, 5, 5, 5, 5, 5, 10, 5, 5, 5, 5, 5, 10, 30, 5, 15, 5, 5, 5, 5, 10, 5, 5, 
90099563, 1
90099563, 247010
90099563, 1285631
90099563, 3173
90099563, 657
90099563, 47851
90100514, 59
90100514, 5, 5, 5, 10, 5, 5, 5, 5, 5, 5, 5, 5, 5, 10, 5, 5, 5, 5, 5, 10, 5, 10, 5, 5, 5, 5, 5, 5, 10, 5, 5, 5, 5, 5, 5, 15, 5, 5, 10, 5, 5, 5, 5, 5, 5, 5, 5, 5, 5, 20, 5, 25, 5, 10, 5, 15, 5, 10, 25, 5, 20, 5, 5, 45, 30, 5, 15, 20, 5, 41, 15, 15, 15, 5, 70, 15, 10, 40, 61, 40, 
90100514, 1
90100514, 207286
90100514, 870819
90100514, 1072
90100514, 289
90100514, 47851
90100515, 1
90100515, 
90100515, 1
90100515, 8156120
90100515, 24697985
90100515, 714
90100515, 330
90100515, 47851
90104830, 277
90104830, 5, 5, 5, 5, 5, 5, 5, 5, 5, 5, 5, 10, 5, 5, 5, 5, 5, 5, 5, 5, 10, 5, 5, 5, 5, 5, 5, 5, 5, 5, 5, 5, 5, 5, 5, 5, 5, 10, 5, 10, 5, 5, 5, 5, 15, 5, 5, 5, 5, 5, 15, 5, 5, 5, 5, 5, 5, 5, 10, 10, 10, 10, 5, 5, 5, 5, 5, 5, 10, 5, 10, 5, 5, 5, 5, 5, 5, 5, 10, 5, 10, 5, 10, 5, 20, 5, 10, 15, 5, 5, 10, 5, 5, 5, 5, 5, 5, 5, 10, 5, 10, 10, 10, 5, 20, 5, 5, 5, 5, 10, 5, 10, 5, 5, 5, 5, 20, 30, 5, 5, 5, 10, 10, 5, 10, 5, 10, 25, 15, 10, 15, 10, 10, 35, 45, 10, 5, 5, 25, 20, 5, 15, 5, 10, 5, 5, 10, 65, 10, 10, 5, 75, 10, 5, 5, 10, 70, 10, 5, 100, 10, 30, 75, 10, 10, 15, 5, 10, 10, 45, 30, 65, 35, 180, 15, 20, 35, 35, 255, 35, 191, 10, 90, 100, 10, 5, 176, 5, 25, 50, 5, 166, 15, 5, 226, 190, 5, 5, 20, 264, 20, 5, 
90104830, 1
90104830, 84204
90104830, 164826
90104830, 7237
90104830, 2774
90104830, 47851
90104831, 1
90104831, 
90104831, 1
90104831, 7827768
90104831, 7916577
90104831, 84786
90104831, 20667
90104831, 47846
90104832, 1
90104832, 
90104832, 1
90104832, 14424959
90104832, 43151845
90104832, 92593
90104832, 22933
90104832, 47840
90137728, 1141
90137728, 5, 5, 5, 5, 5, 15, 10, 5, 5, 5, 10, 5, 5, 5, 10, 5, 5, 5, 15, 5, 5, 10, 10, 15, 20, 5, 10, 10, 5, 15, 5, 15, 15, 10, 15, 10, 15, 10, 5, 5, 5, 5, 5, 10, 5, 15, 5, 10, 15, 5, 5, 35, 15, 20, 10, 20, 15, 15, 10, 30, 5, 10, 10, 15, 15, 10, 10, 10, 5, 10, 20, 15, 5, 15, 5, 10, 20, 20, 40, 10, 15, 10, 10, 25, 5, 10, 5, 5, 15, 15, 10, 10, 10, 20, 15, 15, 5, 35, 10, 10, 5, 20, 20, 15, 10, 5, 10, 30, 10, 30, 20, 35, 10, 10, 15, 5, 15, 10, 10, 5, 15, 20, 20, 10, 10, 20, 10, 20, 10, 15, 5, 15, 10, 5, 10, 10, 15, 30, 10, 5, 10, 10, 20, 15, 15, 15, 10, 15, 20, 30, 30, 20, 20, 5, 10, 10, 15, 15, 5, 10, 20, 20, 15, 10, 15, 20, 35, 15, 15, 5, 20, 5, 25, 20, 15, 5, 10, 10, 25, 30, 10, 15, 10, 15, 55, 20, 15, 15, 5, 15, 20, 20, 20, 10, 5, 20, 10, 10, 10, 15, 15, 55, 10, 40, 30, 15, 15, 10, 30, 25, 50, 15, 15, 15, 15, 10, 20, 15, 20, 15, 20, 20, 25, 80, 20, 15, 15, 20, 60, 30, 10, 5, 10, 5, 95, 15, 10, 10, 20, 15, 20, 30, 20, 25, 10, 15, 35, 15, 15, 25, 30, 65, 10, 10, 15, 10, 20, 15, 5, 10, 10, 10, 20, 10, 15, 25, 35, 25, 5, 30, 25, 20, 15, 50, 15, 20, 25, 25, 15, 95, 20, 30, 60, 15, 15, 15, 20, 20, 25, 5, 15, 20, 10, 5, 10, 20, 75, 10, 10, 15, 20, 10, 105, 25, 10, 20, 40, 10, 15, 15, 25, 85, 15, 10, 115, 25, 10, 25, 5, 170, 20, 20, 25, 10, 20, 10, 30, 35, 25, 25, 20, 150, 40, 105, 35, 15, 20, 115, 15, 25, 15, 250, 20, 85, 155, 125, 10, 20, 25, 25, 280, 15, 10, 15, 15, 20, 15, 15, 15, 10, 95, 10, 35, 20, 45, 20, 35, 25, 115, 10, 115, 35, 10, 35, 15, 10, 120, 35, 130, 25, 10, 10, 80, 15, 20, 40, 20, 30, 15, 20, 20, 75, 30, 20, 590, 15, 10, 575, 30, 10, 260, 60, 10, 10, 185, 5, 10, 10, 10, 5, 20, 45, 100, 85, 140, 110, 15, 65, 25, 15, 15, 240, 45, 20, 135, 140, 15, 20, 85, 25, 465, 10, 305, 15, 35, 295, 655, 400, 1384, 30, 400, 35, 515, 790, 20, 10, 310, 245, 120, 35, 1320, 45, 1211, 1232, 245, 80, 20, 1317, 690, 1261, 1380, 365, 20, 1307, 860, 1088, 115, 1075, 20, 15, 
90137728, 1
90137728, 24608
90137728, 51724
90137728, 250799
90137728, 72693
90137728, 47822
90191708, 2058
90191708, 5, 5, 5, 5, 5, 10, 15, 10, 10, 5, 15, 15, 15, 10, 15, 10, 10, 20, 20, 20, 5, 10, 15, 30, 10, 5, 15, 20, 10, 20, 15, 5, 10, 20, 15, 15, 5, 15, 20, 20, 10, 10, 10, 25, 20, 10, 30, 10, 10, 20, 25, 10, 5, 20, 5, 10, 5, 30, 20, 20, 10, 20, 5, 15, 15, 30, 5, 15, 15, 15, 20, 20, 10, 10, 15, 10, 10, 20, 10, 35, 10, 30, 30, 15, 20, 5, 15, 5, 15, 40, 5, 15, 5, 15, 25, 40, 20, 35, 25, 20, 25, 30, 35, 20, 35, 20, 35, 10, 25, 10, 5, 10, 25, 40, 45, 15, 10, 25, 20, 20, 30, 40, 20, 20, 10, 20, 20, 15, 25, 5, 20, 15, 5, 40, 10, 30, 20, 15, 20, 15, 25, 5, 35, 10, 10, 25, 30, 35, 20, 10, 30, 20, 25, 25, 40, 20, 10, 15, 30, 30, 35, 30, 35, 30, 25, 25, 25, 15, 45, 5, 35, 25, 10, 30, 15, 35, 30, 15, 20, 15, 15, 30, 30, 30, 45, 35, 45, 30, 30, 10, 35, 15, 20, 20, 30, 40, 20, 35, 25, 30, 50, 25, 30, 15, 25, 45, 25, 35, 25, 20, 15, 20, 5, 50, 10, 40, 30, 10, 45, 20, 30, 30, 25, 40, 25, 20, 45, 35, 5, 45, 30, 10, 15, 25, 35, 25, 35, 10, 30, 30, 25, 20, 20, 155, 40, 20, 25, 30, 15, 25, 30, 15, 15, 30, 75, 20, 40, 25, 35, 10, 35, 5, 40, 15, 30, 20, 30, 40, 15, 20, 15, 25, 40, 20, 15, 25, 80, 25, 25, 25, 40, 15, 30, 30, 55, 15, 40, 15, 155, 10, 25, 15, 20, 15, 35, 20, 25, 40, 100, 30, 20, 15, 30, 40, 20, 5, 40, 150, 15, 25, 20, 20, 20, 25, 35, 20, 50, 15, 35, 20, 60, 35, 145, 15, 20, 30, 45, 290, 30, 60, 20, 30, 45, 175, 30, 90, 25, 30, 40, 55, 30, 15, 25, 50, 30, 135, 15, 45, 55, 30, 115, 50, 40, 70, 35, 150, 20, 20, 25, 15, 30, 15, 45, 60, 20, 35, 45, 35, 30, 10, 15, 20, 35, 10, 50, 25, 15, 45, 60, 130, 125, 240, 30, 20, 20, 10, 280, 40, 35, 35, 45, 15, 20, 15, 30, 145, 20, 10, 55, 135, 25, 135, 240, 20, 50, 225, 60, 40, 40, 10, 25, 40, 45, 20, 140, 30, 60, 515, 770, 20, 175, 110, 55, 220, 110, 290, 20, 30, 155, 150, 175, 30, 30, 535, 20, 185, 480, 140, 30, 280, 230, 1195, 425, 40, 260, 40, 205, 5, 185, 30, 515, 320, 50, 1917, 520, 25, 1055, 1907, 1190, 1241, 25, 410, 195, 110, 535, 40, 150, 20, 370, 835, 1849, 1776, 1525, 1612, 40, 1510, 1923, 45, 1240, 495, 35, 770, 35, 2089, 165, 20, 35, 1020, 155, 35, 2226, 1722, 
90191708, 3
90191708, 14107
90191708, 30625
90191708, 685220
90191708, 311221
90191708, 47779
90191709, 1
90191709, 
90191709, 1
90191709, 7987355
90191709, 8002506
90191709, 26440049
90191709, 7128121
90191709, 46327
90228456, 1267
90228456, 5, 5, 5, 5, 5, 10, 15, 10, 5, 5, 5, 5, 5, 5, 5, 5, 5, 5, 5, 10, 5, 5, 10, 10, 25, 20, 5, 5, 10, 5, 5, 5, 15, 10, 10, 10, 10, 10, 5, 15, 5, 5, 5, 10, 10, 20, 30, 5, 10, 15, 15, 30, 5, 20, 5, 10, 5, 5, 10, 15, 5, 15, 20, 5, 15, 30, 10, 15, 10, 15, 5, 10, 5, 15, 5, 15, 10, 10, 20, 5, 5, 5, 15, 15, 10, 5, 10, 10, 5, 15, 15, 5, 10, 10, 5, 10, 5, 5, 15, 35, 5, 10, 10, 20, 5, 20, 10, 5, 15, 5, 15, 20, 15, 25, 20, 15, 25, 20, 10, 25, 15, 30, 10, 25, 15, 15, 20, 25, 15, 20, 25, 15, 20, 20, 10, 10, 15, 10, 50, 25, 10, 10, 20, 25, 20, 5, 25, 10, 15, 15, 25, 5, 15, 15, 5, 15, 5, 10, 5, 20, 5, 10, 45, 10, 20, 20, 15, 25, 20, 15, 10, 25, 5, 20, 15, 10, 10, 15, 25, 10, 25, 5, 15, 10, 10, 25, 5, 15, 35, 20, 15, 20, 15, 5, 20, 20, 30, 25, 15, 20, 10, 10, 20, 20, 20, 20, 15, 30, 15, 20, 15, 30, 10, 10, 20, 15, 20, 10, 10, 20, 5, 15, 20, 10, 25, 40, 10, 30, 20, 5, 40, 30, 15, 20, 10, 10, 15, 30, 15, 10, 20, 20, 35, 25, 35, 15, 5, 15, 35, 30, 20, 30, 15, 90, 15, 25, 20, 25, 5, 10, 15, 105, 35, 30, 110, 25, 10, 15, 20, 20, 15, 20, 35, 10, 35, 15, 25, 20, 30, 15, 20, 20, 15, 5, 20, 5, 15, 20, 30, 35, 10, 25, 20, 25, 5, 25, 15, 35, 35, 20, 20, 15, 30, 20, 20, 10, 30, 5, 25, 25, 35, 20, 10, 15, 10, 5, 20, 135, 20, 110, 20, 20, 20, 65, 35, 15, 5, 15, 40, 30, 30, 80, 20, 15, 20, 30, 10, 15, 30, 10, 35, 25, 10, 115, 20, 15, 135, 50, 15, 25, 25, 15, 25, 15, 15, 20, 10, 120, 110, 10, 80, 10, 30, 105, 105, 95, 100, 35, 25, 25, 40, 15, 100, 20, 40, 110, 50, 25, 105, 100, 30, 20, 30, 25, 105, 40, 20, 20, 25, 145, 115, 20, 25, 20, 25, 20, 20, 35, 25, 50, 250, 30, 5, 20, 115, 45, 20, 105, 5, 295, 110, 20, 5, 10, 10, 85, 5, 65, 135, 20, 410, 15, 15, 20, 10, 20, 25, 90, 295, 80, 160, 20, 1331, 225, 20, 30, 40, 505, 100, 25, 5, 25, 20, 270, 35, 305, 685, 775, 120, 310, 1108, 135, 315, 275, 590, 10, 555, 65, 1060, 992, 1201, 1155, 10, 1012, 640, 1392, 455, 25, 700, 210, 1352, 275, 941, 20, 325, 15, 938, 160, 430, 1844, 5, 250, 879, 
90228456, 1
90228456, 12564
90228456, 40769
90228456, 526382
90228456, 85114
90228456, 46305
90228457, 1
90228457, 
90228457, 1
90228457, 7685255
90228457, 7712946
90228457, 214184
90228457, 44298
90228457, 46298
90228458, 1
90228458, 
90228458, 1
90228458, 14238856
90228458, 21370411
90228458, 9723
90228458, 2363
90228458, 46299
90228459, 1
90228459, 
90228459, 1
90228459, 19916738
90228459, 26569538
90228459, 118878
90228459, 17585
90228459, 46296
90228460, 1
90228460, 
90228460, 1
90228460, 24961868
90228460, 31245991
90228460, 167086
90228460, 32543
90228460, 46289
90228461, 1
90228461, 
90228461, 1
90228461, 29260746
90228461, 35126183
90228461, 152822
90228461, 33600
90228461, 46282
90228462, 1
90228462, 
90228462, 1
90228462, 33266180
90228462, 38840910
90228462, 623164
90228462, 156197
90228462, 46245
90228463, 1
90228463, 
90228463, 1
90228463, 36595673
90228463, 57485108
90228463, 10651894
90228463, 3283854
90228463, 45343
90347899, 4520
90347899, 10, 5, 10, 20, 5, 30, 10, 15, 15, 5, 20, 25, 30, 35, 15, 20, 5, 45, 5, 20, 5, 30, 30, 30, 15, 10, 20, 35, 10, 30, 21, 10, 15, 45, 40, 55, 25, 30, 60, 40, 25, 40, 60, 45, 35, 30, 25, 25, 25, 20, 45, 15, 30, 45, 20, 35, 25, 35, 45, 40, 50, 50, 35, 40, 40, 35, 30, 50, 25, 40, 25, 40, 15, 40, 20, 20, 30, 35, 40, 30, 40, 45, 20, 40, 30, 15, 35, 50, 55, 25, 45, 40, 25, 15, 75, 45, 25, 70, 20, 50, 20, 40, 35, 30, 20, 35, 25, 90, 35, 30, 40, 55, 45, 30, 25, 25, 45, 40, 20, 20, 30, 50, 30, 35, 50, 50, 60, 25, 50, 30, 40, 50, 60, 15, 40, 50, 40, 10, 45, 45, 45, 40, 35, 45, 30, 45, 45, 35, 40, 20, 15, 35, 45, 25, 35, 45, 45, 50, 30, 70, 40, 45, 45, 55, 65, 50, 50, 70, 50, 30, 50, 10, 55, 35, 75, 60, 50, 50, 35, 55, 45, 70, 35, 45, 45, 60, 15, 55, 85, 55, 35, 55, 45, 60, 175, 190, 80, 30, 85, 45, 55, 70, 60, 50, 55, 40, 30, 45, 20, 30, 40, 35, 40, 40, 40, 60, 40, 35, 30, 45, 50, 35, 50, 25, 50, 30, 20, 85, 60, 50, 30, 35, 75, 35, 30, 200, 25, 55, 25, 65, 40, 45, 30, 55, 10, 50, 65, 40, 40, 40, 30, 60, 20, 40, 65, 30, 40, 80, 50, 35, 50, 45, 60, 20, 20, 15, 45, 45, 70, 55, 50, 40, 100, 40, 5, 75, 70, 70, 40, 45, 55, 45, 55, 50, 40, 30, 30, 20, 265, 90, 40, 25, 40, 30, 40, 25, 30, 50, 35, 25, 55, 40, 35, 70, 55, 90, 45, 30, 50, 25, 40, 45, 35, 65, 30, 55, 50, 40, 35, 40, 45, 75, 40, 65, 30, 50, 40, 290, 40, 25, 295, 50, 50, 40, 55, 25, 50, 40, 15, 65, 40, 30, 30, 85, 55, 280, 45, 30, 405, 55, 40, 55, 55, 80, 45, 65, 35, 60, 540, 45, 35, 40, 240, 20, 1150, 35, 70, 40, 150, 75, 35, 30, 55, 60, 265, 385, 830, 300, 35, 205, 45, 40, 280, 70, 15, 300, 80, 270, 50, 40, 40, 50, 70, 55, 635, 40, 720, 40, 45, 25, 255, 845, 295, 80, 135, 35, 80, 25, 20, 55, 20, 285, 80, 30, 35, 50, 50, 40, 95, 50, 80, 285, 2635, 35, 260, 1480, 35, 475, 535, 240, 210, 45, 25, 75, 250, 380, 535, 860, 40, 55, 655, 75, 50, 160, 60, 1125, 40, 215, 1510, 70, 30, 305, 20, 1500, 75, 75, 90, 45, 2420, 535, 30, 910, 60, 1155, 50, 340, 1060, 200, 935, 245, 55, 25, 3388, 35, 70, 20, 2435, 40, 3736, 2182, 2644, 3470, 60, 870, 30, 60, 45, 1825, 25, 3391, 2025, 2759, 30, 3010, 3761, 50, 2840, 3958, 2180, 2384, 3986, 2855, 85, 3168, 3779, 915, 3559, 350, 
90347899, 4
90347899, 12321
90347899, 35740
90347899, 28995272
90347899, 9148725
90347899, 43059
90347900, 1
90347900, 
90347900, 1
90347900, 7042502
90347900, 7064225
90347900, 119034016
90347900, 33231242
90347900, 38777
91634514, 44812
91634514, 330, 460, 230, 390, 430, 330, 225, 500, 500, 540, 365, 340, 310, 575, 385, 555, 415, 530, 595, 350, 440, 690, 395, 195, 530, 460, 560, 250, 585, 510, 420, 165, 395, 355, 1020, 230, 465, 540, 565, 675, 545, 405, 515, 475, 521, 440, 410, 530, 425, 505, 220, 530, 410, 525, 345, 400, 405, 405, 465, 570, 515, 750, 650, 205, 370, 605, 510, 550, 425, 325, 420, 445, 535, 400, 495, 300, 550, 275, 345, 715, 245, 525, 345, 340, 680, 220, 615, 540, 540, 345, 520, 410, 360, 650, 335, 395, 625, 565, 490, 515, 495, 430, 735, 460, 480, 550, 545, 440, 330, 645, 465, 620, 535, 540, 380, 530, 450, 210, 425, 415, 415, 300, 510, 445, 500, 630, 155, 420, 540, 500, 430, 565, 660, 590, 395, 490, 435, 490, 450, 475, 475, 660, 520, 495, 495, 475, 540, 550, 1225, 520, 575, 630, 540, 485, 500, 540, 565, 710, 540, 465, 500, 575, 560, 530, 490, 425, 510, 990, 460, 470, 205, 685, 660, 550, 250, 250, 585, 435, 480, 495, 495, 215, 675, 655, 500, 345, 510, 475, 230, 500, 530, 520, 515, 555, 290, 595, 525, 145, 845, 980, 470, 530, 236, 485, 635, 420, 305, 615, 485, 665, 505, 260, 445, 415, 540, 440, 440, 490, 480, 600, 610, 520, 435, 430, 525, 530, 620, 515, 480, 445, 560, 470, 640, 490, 495, 540, 590, 640, 580, 675, 475, 623, 620, 335, 1540, 510, 455, 505, 495, 670, 545, 435, 680, 435, 285, 310, 560, 475, 545, 565, 415, 555, 550, 685, 600, 455, 500, 470, 515, 495, 525, 905, 600, 525, 535, 405, 550, 340, 3160, 400, 505, 540, 495, 340, 465, 560, 520, 630, 280, 525, 495, 645, 495, 670, 560, 590, 475, 445, 1015, 560, 2900, 450, 380, 620, 3665, 515, 730, 820, 470, 590, 625, 360, 430, 505, 175, 430, 470, 595, 500, 455, 3225, 455, 460, 485, 520, 555, 3710, 480, 620, 6325, 545, 1360, 530, 465, 420, 490, 455, 465, 1040, 470, 3420, 495, 500, 1835, 620, 415, 510, 725, 200, 9290, 405, 455, 2175, 505, 560, 480, 435, 3655, 515, 3255, 605, 535, 585, 600, 1155, 575, 415, 580, 560, 545, 3160, 560, 4110, 465, 520, 490, 760, 510, 400, 475, 640, 3115, 535, 4405, 5445, 930, 520, 3940, 540, 480, 680, 635, 3150, 275, 605, 3205, 660, 3010, 635, 305, 340, 605, 555, 660, 525, 530, 495, 425, 590, 3380, 480, 385, 710, 9975, 345, 515, 3215, 17435, 5640, 535, 2385, 8685, 560, 515, 630, 2700, 510, 440, 595, 880, 455, 580, 2905, 650, 11225, 605, 485, 545, 2955, 710, 565, 450, 8980, 3290, 14055, 605, 16675, 495, 3070, 470, 6690, 455, 515, 770, 4220, 490, 440, 696, 570, 3775, 490, 9960, 450, 5885, 3235, 3340, 13015, 5360, 20116, 5980, 10125, 515, 485, 530, 3525, 39741, 555, 10125, 17816, 470, 19876, 18892, 11075, 10325, 18758, 39867, 4670, 2230, 23293, 620, 53001, 26090, 13590, 20081, 575, 40537, 43023, 470, 31655, 13207, 24251, 40272, 35237, 25149, 13930, 40570, 25432, 3290, 6500, 57877, 
91634514, 1
91634514, 1595
91634514, 5110
91634514, 313970214
91634514, 132890753
91634514, 33760
93780226, 62682
93780226, 290, 330, 440, 1045, 975, 365, 940, 715, 1005, 1025, 495, 420, 705, 535, 930, 640, 840, 490, 1115, 1070, 1020, 1021, 1070, 880, 305, 480, 970, 420, 840, 870, 410, 740, 825, 895, 1005, 365, 1265, 1065, 910, 1095, 940, 940, 965, 1085, 830, 965, 480, 870, 1025, 800, 1160, 1075, 915, 735, 825, 970, 930, 1165, 940, 1080, 960, 1015, 830, 515, 535, 1140, 480, 1050, 1210, 725, 1040, 1040, 1190, 735, 1005, 970, 990, 1025, 890, 918, 905, 1005, 985, 885, 825, 735, 1005, 890, 1060, 460, 860, 1161, 1120, 880, 955, 1020, 1005, 1240, 870, 1045, 985, 1145, 825, 1190, 955, 955, 1040, 815, 915, 1010, 1055, 890, 800, 1070, 890, 930, 975, 1026, 740, 1065, 1030, 565, 1860, 1100, 1450, 1330, 995, 590, 1125, 835, 985, 930, 1145, 995, 755, 1045, 1195, 1235, 1875, 990, 1030, 1130, 1165, 890, 885, 970, 1095, 765, 845, 1080, 865, 1010, 1075, 485, 1090, 1095, 1075, 1090, 993, 930, 765, 840, 1240, 1015, 1295, 905, 1065, 970, 1050, 1120, 1065, 1200, 875, 955, 1050, 1535, 545, 1005, 1045, 1100, 1020, 945, 605, 920, 1040, 1140, 725, 1210, 765, 1960, 430, 895, 1085, 730, 970, 735, 770, 1010, 930, 1110, 1000, 855, 1020, 1419, 1080, 875, 1015, 1010, 1000, 1080, 925, 1165, 995, 2590, 1065, 1065, 1340, 985, 1050, 935, 1030, 955, 825, 1120, 920, 1165, 875, 1260, 2930, 860, 840, 460, 1025, 950, 1120, 1150, 1060, 1115, 1255, 1020, 490, 1180, 935, 1020, 1045, 1250, 1110, 810, 1110, 5715, 1005, 865, 1275, 1260, 760, 915, 935, 645, 690, 1055, 1045, 870, 942, 935, 1105, 1290, 1040, 1025, 826, 1175, 1090, 1145, 1065, 1655, 765, 960, 1100, 905, 1010, 1190, 1175, 975, 1375, 1075, 1130, 1095, 1130, 340, 1190, 950, 955, 1080, 2050, 1220, 1065, 455, 985, 1080, 830, 910, 2050, 960, 785, 665, 4260, 820, 1095, 980, 980, 980, 5895, 1085, 930, 1130, 1165, 795, 965, 755, 970, 845, 1455, 2060, 1090, 280, 1120, 500, 995, 560, 1410, 930, 675, 925, 750, 930, 1230, 1030, 1135, 840, 1605, 1085, 1180, 590, 835, 940, 980, 1085, 1425, 1325, 930, 1015, 965, 840, 625, 855, 830, 1035, 880, 3560, 835, 1060, 1275, 1055, 1135, 6075, 1025, 1130, 2185, 875, 1115, 825, 5095, 6140, 905, 1640, 1190, 1295, 890, 995, 940, 1201, 1180, 795, 985, 6350, 5445, 1030, 5915, 9840, 5635, 4095, 865, 7460, 1170, 330, 1140, 5010, 7815, 1475, 895, 6170, 980, 5315, 900, 910, 860, 965, 620, 915, 1015, 6150, 1175, 745, 1255, 6420, 1140, 860, 945, 830, 1130, 8484, 4625, 575, 1145, 995, 29775, 6645, 920, 880, 975, 6395, 1004, 11325, 865, 10695, 705, 25850, 1200, 18135, 12005, 6190, 1065, 7020, 25945, 740, 23095, 6980, 980, 28415, 1435, 1105, 5915, 6115, 19375, 9925, 30850, 6350, 52885, 1815, 1135, 1085, 915, 990, 18150, 8190, 15905, 19472, 1380, 23441, 16485, 21340, 28271, 72728, 1140, 18995, 60671, 22860, 1170, 11495, 885, 1170, 12645, 20984, 885, 30612, 71163, 40879, 1070, 59588, 19005, 9270, 20400, 7070, 1370, 1285, 19637, 29512, 1070, 15930, 15056, 20400, 89740, 33195, 12105, 6455, 43305, 32760, 60528, 6940, 104367, 1125, 55316, 
93780226, 1
93780226, 841
93780226, 2891
93780226, 202186205
93780226, 58569637
93780226, 33697
143420092, 190394
143420092, 9595, 24490, 11360, 23520, 35500, 32615, 20080, 28690, 9745, 15060, 30711, 15920, 31425, 31800, 35705, 28090, 30495, 25581, 31595, 32410, 30775, 28450, 29670, 29320, 15360, 28600, 24711, 25485, 34655, 30170, 31418, 17115, 31940, 17052, 14272, 29202, 35125, 34255, 24665, 36787, 31345, 13785, 35900, 33375, 22090, 31775, 29950, 27287, 23523, 15772, 32656, 33715, 28985, 26190, 35710, 36173, 33925, 33510, 22250, 37435, 32800, 27705, 29100, 28430, 35305, 22520, 13824, 31140, 23878, 33535, 29890, 37760, 19381, 33831, 30890, 40120, 21505, 27380, 25803, 34655, 31737, 29768, 27710, 28865, 29707, 35522, 38355, 30773, 36790, 37595, 31255, 27120, 28075, 30745, 24875, 24360, 26061, 31615, 36350, 31815, 27060, 25560, 31765, 27845, 30615, 38740, 33535, 33635, 36480, 11580, 15655, 22520, 27305, 32095, 27975, 31115, 34680, 18140, 24635, 30065, 15475, 35855, 26235, 31335, 36495, 32020, 33245, 17570, 36200, 35725, 40960, 30770, 37165, 28815, 30575, 33995, 32480, 14240, 30660, 19746, 25130, 32150, 34265, 31705, 30370, 42900, 35737, 37764, 10380, 33545, 28885, 37308, 30460, 33025, 31730, 15073, 36035, 36951, 31600, 33040, 32290, 30351, 69330, 25465, 35005, 57415, 29140, 26435, 32101, 29085, 22706, 32290, 36275, 31990, 43610, 37725, 33330, 27160, 32845, 34665, 24150, 35030, 18075, 34530, 28895, 31785, 28982, 30145, 37430, 27860, 29530, 28785, 31500, 35895, 28980, 30020, 37835, 39195, 38080, 32175, 24615, 29590, 25850, 31340, 34870, 41075, 28015, 34415, 64580, 38660, 38130, 36230, 35152, 34965, 17020, 33111, 32000, 33995, 12765, 30230, 34585, 42595, 38565, 198371, 10010, 26310, 31485, 28890, 30695, 26295, 32166, 28485, 59790, 28065, 17435, 26772, 24290, 35820, 31030, 38960, 36050, 34057, 28170, 32750, 28985, 26815, 157941, 26200, 34335, 28015, 34750, 36465, 32690, 28880, 114665, 20361, 41540, 30550, 46395, 206650, 31540, 29697, 64110, 36970, 32415, 25280, 28650, 27590, 32175, 28670, 30380, 31610, 29410, 43500, 25640, 30255, 30645, 37015, 29110, 36956, 44435, 38915, 35815, 30860, 30326, 31605, 30717, 27180, 32643, 29003, 25425, 207275, 29850, 39400, 63990, 26715, 31140, 30120, 34000, 25980, 39565, 28065, 31490, 19085, 37990, 29425, 35280, 25502, 30650, 34940, 54390, 40715, 32800, 27960, 32332, 27815, 174871, 25545, 30441, 26575, 17535, 31520, 40640, 28820, 25820, 33570, 31420, 32620, 29445, 34573, 29530, 35051, 216840, 35055, 39350, 37125, 81925, 34730, 30202, 129070, 28555, 35668, 217795, 27220, 27180, 27880, 32623, 31575, 22855, 39026, 26585, 36936, 25715, 26935, 31925, 143790, 20660, 28915, 29555, 34760, 33982, 34320, 29375, 29740, 45965, 30340, 264260, 33145, 339930, 30600, 59890, 37340, 19135, 22812, 29825, 31580, 33735, 231805, 17345, 189635, 28390, 290408, 26110, 34715, 38295, 34175, 26795, 28870, 27805, 36320, 181407, 394297, 32609, 189925, 40710, 35390, 35800, 44030, 178375, 31885, 159738, 38280, 33460, 24975, 31225, 184380, 27895, 90610, 32600, 337276, 12245, 290585, 67406, 20180, 40590, 33087, 29670, 184716, 38611, 38315, 46590, 32100, 34164, 490936, 157460, 37705, 220304, 185126, 40385, 30660, 31610, 194305, 32355, 31725, 37255, 525180, 210898, 281946, 313562, 379320, 37115, 17341, 32810, 313187, 161440, 540012, 418432, 37535, 565290, 25485, 777410, 30435, 161881, 34055, 446119, 40365, 246784, 53290, 395606, 36810, 262796, 448237, 31315, 580142, 25685, 741277, 34130, 194100, 33136, 562130, 353672, 316563, 33590, 598632, 1213538, 255977, 34526, 515345, 34285, 371475, 27855, 361864, 152685, 677214, 33255, 392575, 580270, 32210, 820664, 210130, 325125, 323756, 1198722, 730173, 51345, 536140, 991507, 676368, 836880, 216365, 243790, 2082572, 1391683, 348477, 28280, 597970, 876728, 938442, 29210, 735493, 1060857, 27472, 
143420092, 1
143420092, 459
143420092, 2466
143420092, 315193575
143420092, 308856886
143420092, 33512
149434351, 124594
149434351, 2110, 1840, 1915, 2300, 3572, 4685, 3770, 2460, 3665, 3650, 3805, 3245, 3135, 4805, 3630, 5140, 3900, 3160, 3370, 4910, 4750, 4245, 4675, 4331, 4230, 3900, 3635, 4330, 4189, 2405, 2215, 3915, 3815, 4095, 5185, 4020, 3607, 4685, 3935, 4140, 4475, 4185, 3450, 2785, 3675, 4685, 3180, 7235, 4445, 3720, 3755, 5195, 5055, 3820, 3805, 1450, 3475, 3965, 2210, 5055, 2775, 2485, 2566, 2630, 3955, 3770, 4570, 4120, 4775, 4255, 4615, 4245, 4690, 4455, 4455, 3990, 3845, 5475, 3650, 4000, 3915, 3585, 3025, 4325, 4705, 2630, 4185, 4335, 3895, 3226, 2980, 3495, 3920, 3625, 2710, 3560, 4030, 3505, 4475, 4425, 6215, 4670, 4025, 4595, 4155, 3880, 4660, 7115, 5020, 5235, 4460, 4730, 3955, 4200, 5115, 3450, 3740, 4300, 4730, 3345, 3590, 7695, 3130, 2575, 2525, 4165, 4645, 4080, 8470, 3775, 3710, 4560, 4130, 3755, 3950, 4520, 4745, 3900, 3775, 1685, 4025, 3720, 4550, 8975, 3270, 4384, 4770, 4420, 4070, 4110, 3835, 4485, 4275, 3290, 4470, 8865, 3420, 4125, 4250, 9610, 3790, 1390, 4635, 3315, 4295, 4197, 4810, 4042, 3535, 3440, 4090, 2610, 4520, 3925, 5285, 4536, 3146, 6280, 4290, 4345, 4150, 3975, 5131, 4590, 4455, 4345, 4410, 3550, 4095, 4505, 3400, 4335, 3105, 4255, 5205, 8560, 3366, 3275, 3765, 3265, 3935, 4060, 3261, 5410, 5040, 2951, 5485, 3430, 3980, 3690, 3880, 4505, 4140, 4270, 3580, 1295, 5025, 3900, 4005, 4655, 3657, 4665, 4680, 3470, 3000, 3520, 4750, 5160, 3435, 26995, 13230, 4345, 5440, 4780, 25560, 4225, 4635, 4150, 4110, 5005, 26650, 4995, 4225, 4760, 3910, 3405, 43785, 3955, 4115, 4795, 4950, 3665, 4080, 4015, 3800, 3235, 4075, 4615, 4150, 3820, 2510, 3415, 3340, 5215, 5010, 4455, 4115, 4665, 4395, 4890, 11565, 4400, 3020, 3430, 3655, 4410, 3185, 3790, 2560, 5025, 4395, 4495, 5130, 5360, 4362, 4205, 27525, 4020, 30390, 3780, 4840, 4355, 4615, 4465, 1785, 2915, 4435, 4290, 22995, 28800, 4530, 4460, 4805, 24980, 6080, 4985, 3665, 5465, 4495, 4485, 65636, 3225, 4000, 3660, 4245, 24975, 16315, 3850, 4045, 4140, 39480, 19950, 4295, 3175, 4930, 25670, 3645, 5145, 4975, 28190, 4285, 3615, 4385, 4995, 4335, 3685, 4705, 2235, 3970, 4310, 3685, 2666, 5150, 4275, 3840, 5135, 29050, 4455, 4460, 43836, 5365, 2605, 3910, 4050, 3500, 41090, 4660, 1510, 4305, 4530, 3460, 2595, 4475, 2320, 3790, 4420, 3985, 4480, 69915, 3880, 3215, 4175, 5060, 5795, 3675, 4015, 5835, 4915, 91155, 4365, 4460, 36140, 5450, 70465, 49750, 19970, 3595, 4250, 4250, 8545, 2895, 20105, 27625, 4880, 4860, 5145, 3210, 4695, 3495, 1590, 33382, 29990, 32430, 3750, 21775, 4365, 3230, 25480, 24880, 3275, 4335, 3590, 3780, 4130, 4105, 4615, 4015, 37075, 4305, 4505, 34285, 4065, 3645, 3665, 4155, 5095, 44721, 35480, 3955, 4855, 1840, 2170, 3975, 9350, 5485, 4605, 3555, 22870, 3880, 29865, 31305, 4585, 29740, 56380, 4560, 52985, 3541, 7130, 100450, 4610, 4515, 4810, 4630, 5380, 6445, 2955, 72615, 4490, 24505, 24502, 29825, 18520, 65600, 4920, 64289, 4130, 4805, 29215, 34737, 106327, 4676, 5060, 4690, 84580, 48980, 33000, 3260, 5375, 19830, 4450, 80020, 46910, 120618, 54490, 4775, 3770, 89806, 128960, 37875, 55082, 73023, 37921, 74450, 4715, 42375, 62825, 214457, 71570, 43740, 52900, 3965, 4240, 4045, 4665, 82085, 4025, 62861, 58685, 72155, 90615, 31495, 46803, 74337, 
149434351, 1
149434351, 478
149434351, 2533
149434351, 314582545
149434351, 284080528
149434351, 37336
255633206, 463259
255633206, 39270, 64365, 62090, 64085, 69160, 50985, 70495, 80730, 68086, 64290, 84790, 79830, 61866, 69133, 79255, 69750, 47460, 29637, 95167, 74385, 69287, 67715, 65182, 71400, 75795, 71275, 71290, 62780, 76890, 62364, 101390, 91965, 85490, 62395, 70215, 42733, 66775, 32560, 69400, 58910, 47568, 71250, 57838, 87422, 70547, 80770, 84703, 69295, 51103, 67805, 77820, 65100, 83460, 59910, 73275, 82220, 59365, 69865, 75627, 56575, 66995, 85145, 62942, 81110, 74875, 80916, 86453, 62215, 66755, 65935, 84520, 55873, 77685, 81996, 56399, 90335, 60015, 69587, 85135, 70190, 82475, 65065, 79300, 71600, 70150, 68386, 72851, 68025, 84335, 90977, 62435, 87180, 76675, 84505, 85015, 85395, 91465, 47344, 71905, 66580, 79610, 80940, 68040, 74855, 96446, 79895, 90770, 69120, 69145, 68809, 60044, 80121, 69445, 86988, 82828, 89565, 70975, 71600, 91875, 73860, 93980, 61825, 61236, 88312, 45041, 63035, 86637, 56375, 78440, 75720, 81755, 70261, 73460, 73195, 52420, 94282, 61115, 85341, 45560, 84126, 80547, 35195, 81255, 47108, 88826, 73625, 69570, 87545, 80715, 62501, 62780, 66780, 30115, 67620, 63418, 83885, 68450, 68418, 61720, 71770, 71815, 77695, 71003, 71040, 86140, 65415, 65703, 93890, 67630, 60940, 78515, 79785, 80550, 74472, 82917, 81591, 77901, 55406, 161888, 74220, 78927, 63062, 66130, 146005, 88560, 59645, 82895, 54356, 61415, 72509, 79504, 59365, 74210, 79840, 37469, 69065, 70245, 69810, 115180, 75500, 81885, 88790, 69550, 70350, 73425, 77380, 63635, 84186, 65688, 30865, 76307, 97110, 114891, 65475, 77265, 92970, 80562, 62750, 78660, 75905, 71000, 72996, 70280, 73455, 81655, 72632, 72015, 88845, 68075, 56057, 79600, 50676, 62797, 76170, 82880, 73975, 63430, 70840, 88121, 75430, 83691, 84205, 84421, 81346, 71540, 75460, 71015, 77865, 76360, 75725, 66455, 51017, 70740, 78900, 86418, 95280, 64260, 72606, 88265, 80770, 68320, 73235, 85640, 79003, 75219, 76520, 61905, 72870, 74174, 76555, 124200, 70030, 85150, 76840, 52265, 79220, 59474, 79050, 79448, 70330, 178217, 70636, 86393, 75807, 95005, 81640, 189115, 63845, 72925, 68890, 63890, 88335, 71980, 73050, 69831, 75740, 36380, 91905, 74955, 88355, 67280, 92785, 96740, 113830, 600772, 82760, 60070, 63405, 41141, 85886, 71695, 61445, 73740, 76285, 72670, 68083, 101375, 575843, 137565, 74325, 72926, 74840, 88125, 85017, 108126, 89400, 95410, 73100, 72355, 172250, 75335, 59305, 63626, 58793, 67542, 79915, 63925, 72750, 75145, 75360, 63170, 77075, 71615, 52267, 819122, 79647, 79111, 68425, 133475, 526367, 52525, 85685, 66027, 84635, 72280, 652850, 74483, 81360, 856772, 523071, 68930, 71690, 735879, 74450, 52920, 77820, 60645, 253916, 141382, 82237, 79892, 67705, 67235, 79107, 86035, 87145, 80185, 335060, 603641, 74071, 92650, 620640, 68340, 495730, 71164, 47126, 1100688, 326690, 81195, 397195, 86350, 81575, 80430, 501535, 332365, 417805, 74365, 598005, 1542365, 1208087, 561804, 77250, 88479, 82140, 57351, 84960, 678067, 62500, 80740, 70180, 992713, 693680, 68899, 647304, 1690903, 76970, 658514, 153220, 81695, 88470, 541277, 72215, 87800, 712219, 77465, 94910, 625637, 1256220, 72821, 75865, 576087, 77655, 84100, 75765, 1072520, 68480, 68325, 90570, 942061, 472608, 82647, 66275, 1042780, 57990, 70580, 590590, 97111, 1075010, 479035, 90995, 1066675, 1300120, 800691, 829980, 71160, 717619, 64473, 87065, 1046847, 71355, 71958, 769253, 66223, 113445, 604160, 932509, 88990, 89296, 1025490, 1264143, 84490, 169620, 622945, 514701, 69258, 335922, 87591, 1974055, 1802887, 236235, 635656, 517153, 197735, 449850, 141222, 63420, 1313415, 1810553, 424156, 62120, 1142055, 69817, 980426, 707005, 3255830, 473845, 692781, 350046, 675333, 471260, 1521805, 583675, 1099430, 935085, 1357585, 47543, 1867052, 88750, 1070884, 1196770, 1375609, 683754, 980995, 1313972, 
255633206, 1
255633206, 472
255633206, 2615
255633206, 163882122
255633206, 157651607
255633206, 36318
